data_coleta,titulo,resumo,instituicao,nivel,area,vagas,inscricoes_inicio,inscricoes_fim,url,status,data_publicacao,fonte
2026-08-01T05:45:40.365369Z,SIGAA - Sistema Integrado de Gestão de Atividades Acadêmicas,"MESTRADO EM ARQUITETURA E URBANISMO, 50, 12/06/2026 a 18/06/2026 ; PROCESSO SELETIVO IC-PGCOMP DOUTORADO PARA ALUNO ESPECIAL 2026.2.",UFBA,Mestrado - Aluno Especial,Engenharias e Exatas,10,2026-06-30T00:00:00Z,2026-07-20T00:00:00Z,https://sigaa.ufba.br/sigaa/public/processo_seletivo/lista.jsf?aba=p-processo&nivel=S,Encerrado,2026-06-30T00:00:00Z,Google Search (UFBA)
2026-08-01T05:45:40.365369Z,Edital nº 01 - Processo Seletivo Aluno Especial Doutorado 2026.2 - DOUTORADO EM ESTATÍSTICA E CIÊNCIAS DE DADOS,Inscrições abertas para o processo seletivo da UFBA de ingresso no curso: DOUTORADO EM ESTATÍSTICA E CIÊNCIAS DE DADOS. Vagas ofertadas: 5. Período de inscrições de 15/06/2026 a 10/07/2026. Consulte o edital completo no portal oficial da instituição.,UFBA,Doutorado - Aluno Especial,Engenharias e Exatas,5,2026-06-15T12:00:00Z,2026-07-10T12:00:00Z,https://sigaa.ufba.br/sigaa/public/processo_seletivo/lista.jsf?aba=p-processo&nivel=S,Encerrado,2026-06-15T12:00:00Z,UFBA SIGAA
2026-08-01T05:45:40.365369Z,Edital nº 01 - Processo Seletivo Aluno Especial Mestrado 2026.2 - MESTRADO EM ESTATÍSTICA E CIÊNCIAS DE DADOS,Inscrições abertas para o processo seletivo da UFBA de ingresso no curso: MESTRADO EM ESTATÍSTICA E CIÊNCIAS DE DADOS. Vagas ofertadas: 13. Período de inscrições de 15/06/2026 a 10/07/2026. Consulte o edital completo no portal oficial da instituição.,UFBA,Mestrado - Aluno Especial,Engenharias e Exatas,13,2026-06-15T12:00:00Z,2026-07-10T12:00:00Z,https://sigaa.ufba.br/sigaa/public/processo_seletivo/lista.jsf?aba=p-processo&nivel=S,Encerrado,2026-06-15T12:00:00Z,UFBA SIGAA
2026-08-01T05:45:40.365369Z,EDITAL DE ALUNO ESPECIAL 2026.2 DOUTORADO - DOUTORADO EM ARQUITETURA E URBANISMO,Inscrições abertas para o processo seletivo da UFBA de ingresso no curso: DOUTORADO EM ARQUITETURA E URBANISMO. Vagas ofertadas: 50. Período de inscrições de 12/06/2026 a 18/06/2026. Consulte o edital completo no portal oficial da instituição.,UFBA,Doutorado - Aluno Especial,Engenharias e Exatas,50,2026-06-12T12:00:00Z,2026-06-18T12:00:00Z,https://sigaa.ufba.br/sigaa/public/processo_seletivo/lista.jsf?aba=p-processo&nivel=S,Encerrado,2026-06-12T12:00:00Z,UFBA SIGAA
2026-08-01T05:45:40.365369Z,EDITAL DE ALUNO ESPECIAL 2026.2 MESTRADO - MESTRADO EM ARQUITETURA E URBANISMO,Inscrições abertas para o processo seletivo da UFBA de ingresso no curso: MESTRADO EM ARQUITETURA E URBANISMO. Vagas ofertadas: 50. Período de inscrições de 12/06/2026 a 18/06/2026. Consulte o edital completo no portal oficial da instituição.,UFBA,Mestrado - Aluno Especial,Engenharias e Exatas,50,2026-06-12T12:00:00Z,2026-06-18T12:00:00Z,https://sigaa.ufba.br/sigaa/public/processo_seletivo/lista.jsf?aba=p-processo&nivel=S,Encerrado,2026-06-12T12:00:00Z,UFBA SIGAA
2026-08-01T05:45:40.365369Z,PROCESSO SELETIVO IC-PGCOMP DOUTORADO PARA ALUNO ESPECIAL 2026.2 - DOUTORADO EM CIÊNCIA DA COMPUTAÇÃO,Inscrições abertas para o processo seletivo da UFBA de ingresso no curso: DOUTORADO EM CIÊNCIA DA COMPUTAÇÃO. Vagas ofertadas: 30. Período de inscrições de 12/06/2026 a 19/06/2026. Consulte o edital completo no portal oficial da instituição.,UFBA,Doutorado - Aluno Especial,Tecnologia e Informática,30,2026-06-12T12:00:00Z,2026-06-19T12:00:00Z,https://sigaa.ufba.br/sigaa/public/processo_seletivo/lista.jsf?aba=p-processo&nivel=S,Encerrado,2026-06-12T12:00:00Z,UFBA SIGAA
2026-08-01T05:45:40.365369Z,PROCESSO SELETIVO IC-PGCOMP MESTRADO PARA ALUNO ESPECIAL 2026.2 - MESTRADO EM CIÊNCIA DA COMPUTAÇÃO,Inscrições abertas para o processo seletivo da UFBA de ingresso no curso: MESTRADO EM CIÊNCIA DA COMPUTAÇÃO. Vagas ofertadas: 70. Período de inscrições de 12/06/2026 a 19/06/2026. Consulte o edital completo no portal oficial da instituição.,UFBA,Mestrado - Aluno Especial,Tecnologia e Informática,70,2026-06-12T12:00:00Z,2026-06-19T12:00:00Z,https://sigaa.ufba.br/sigaa/public/processo_seletivo/lista.jsf?aba=p-processo&nivel=S,Encerrado,2026-06-12T12:00:00Z,UFBA SIGAA
2026-08-01T05:45:40.365369Z,EDITAL nº 02/2026 - SELEÇÃO PARA ALUNO ESPECIAL - SEMESTRE LETIVO 2026.2 - MESTRADO EM EDUCAÇÃO,Inscrições abertas para o processo seletivo da UFBA de ingresso no curso: MESTRADO EM EDUCAÇÃO. Vagas ofertadas: 102. Período de inscrições de 09/06/2026 a 12/06/2026. Consulte o edital completo no portal oficial da instituição.,UFBA,Mestrado - Aluno Especial,Educação,102,2026-06-09T12:00:00Z,2026-06-12T12:00:00Z,https://sigaa.ufba.br/sigaa/public/processo_seletivo/lista.jsf?aba=p-processo&nivel=S,Encerrado,2026-06-09T12:00:00Z,UFBA SIGAA
2026-08-01T05:45:40.365369Z,PROCESSO SELETIVO PARA INGRESSO DE ALUNO ESPECIAL DOUTORADO- PGENF 2026.2 - DOUTORADO EM ENFERMAGEM E SAÚDE,Inscrições abertas para o processo seletivo da UFBA de ingresso no curso: DOUTORADO EM ENFERMAGEM E SAÚDE. Vagas ofertadas: 30. Período de inscrições de 09/06/2026 a 15/06/2026. Consulte o edital completo no portal oficial da instituição.,UFBA,Doutorado - Aluno Especial,Saúde e Biológicas,30,2026-06-09T12:00:00Z,2026-06-15T12:00:00Z,https://sigaa.ufba.br/sigaa/public/processo_seletivo/lista.jsf?aba=p-processo&nivel=S,Encerrado,2026-06-09T12:00:00Z,UFBA SIGAA
2026-08-01T05:45:40.365369Z,PROCESSO SELETIVO PARA INGRESSO DE ALUNO ESPECIAL MESTRADO- PGENF 2026.2 - MESTRADO EM ENFERMAGEM E SAÚDE,Inscrições abertas para o processo seletivo da UFBA de ingresso no curso: MESTRADO EM ENFERMAGEM E SAÚDE. Vagas ofertadas: 60. Período de inscrições de 09/06/2026 a 15/06/2026. Consulte o edital completo no portal oficial da instituição.,UFBA,Mestrado - Aluno Especial,Saúde e Biológicas,60,2026-06-09T12:00:00Z,2026-06-15T12:00:00Z,https://sigaa.ufba.br/sigaa/public/processo_seletivo/lista.jsf?aba=p-processo&nivel=S,Encerrado,2026-06-09T12:00:00Z,UFBA SIGAA
2026-08-01T05:45:40.365369Z,SELEÇÃO DE ALUNO/A ESPECIAL DO PPGCS - 2026.2 - MESTRADO EM CIÊNCIAS SOCIAIS,Inscrições abertas para o processo seletivo da UFBA de ingresso no curso: MESTRADO EM CIÊNCIAS SOCIAIS. Vagas ofertadas: 45. Período de inscrições de 05/06/2026 a 12/06/2026. Consulte o edital completo no portal oficial da instituição.,UFBA,Mestrado - Aluno Especial,Saúde e Biológicas,45,2026-06-05T12:00:00Z,2026-06-12T12:00:00Z,https://sigaa.ufba.br/sigaa/public/processo_seletivo/lista.jsf?aba=p-processo&nivel=S,Encerrado,2026-06-05T12:00:00Z,UFBA SIGAA
2026-08-01T05:45:40.365369Z,SELEÇÃO PARA ALUNO ESPECIAL PPGCONT 2026.2 - MESTRADO EM CONTABILIDADE,Inscrições abertas para o processo seletivo da UFBA de ingresso no curso: MESTRADO EM CONTABILIDADE. Vagas ofertadas: 80. Período de inscrições de 05/06/2026 a 12/06/2026. Consulte o edital completo no portal oficial da instituição.,UFBA,Mestrado - Aluno Especial,Saúde e Biológicas,80,2026-06-05T12:00:00Z,2026-06-12T12:00:00Z,https://sigaa.ufba.br/sigaa/public/processo_seletivo/lista.jsf?aba=p-processo&nivel=S,Encerrado,2026-06-05T12:00:00Z,UFBA SIGAA
2026-08-01T05:45:40.365369Z,function dpf(f) {var adp = f.adp;if (adp != null) {for (var i = 0;i EDITAL Nº 01/2026 - SELEÇÃO ALUNO ESPECIAL – SEMESTRE LETIVO 2026.1 - ESTUDOS DE L,Inscrições abertas para o processo seletivo da UNILAB de ingresso no curso: ESTUDOS DE LINGUAGEM: CONTEXTOS LUSÓFONOS BRASIL-ÁFRICA. Vagas ofertadas: 10. Período de inscrições de 01/07/2026 a 17/07/2026. Consulte o edital completo no portal oficial da instituição.,UNILAB,Mestrado - Aluno Especial,Saúde e Biológicas,10,2026-07-01T12:00:00Z,2026-07-17T12:00:00Z,https://sigaa.unilab.edu.br/sigaa/public/processo_seletivo/lista.jsf?aba=p-processo&nivel=S,Encerrado,2026-07-01T12:00:00Z,UNILAB SIGAA
2026-08-01T05:45:40.365369Z,049/2026AE - Química Aplicada - Stricto Sensu Mestrado - Aluno Especial,Inscrições para o processo seletivo da UNEB: 049/2026AE - Química Aplicada - Stricto Sensu Mestrado - Aluno Especial. Período de inscrições de 15/06/2026 a 10/07/2026. Consulte o edital completo no portal SSPPG UNEB.,UNEB,Mestrado - Aluno Especial,Engenharias e Exatas,15,2026-06-15T12:00:00Z,2026-07-10T23:59:59Z,https://ssppg.uneb.br/inicio/editalExterno/1561?selecao=1561,Encerrado,2026-06-15T12:00:00Z,UNEB SSPPG
2026-08-01T05:45:40.365369Z,050/2026AE - Educação e Contemporaneidade - Stricto Sensu Mestrado/Doutorado - Aluno Especial,Inscrições para o processo seletivo da UNEB: 050/2026AE - Educação e Contemporaneidade - Stricto Sensu Mestrado/Doutorado - Aluno Especial. Período de inscrições de 15/06/2026 a 06/07/2026. Consulte o edital completo no portal SSPPG UNEB.,UNEB,Doutorado - Aluno Especial,Educação,15,2026-06-15T12:00:00Z,2026-07-06T23:59:59Z,https://ssppg.uneb.br/inicio/editalExterno/1559?selecao=1559,Encerrado,2026-06-15T12:00:00Z,UNEB SSPPG
2026-08-01T05:45:40.365369Z,038/2026AE - Intervenção Educativa e Social - Stricto Sensu Mestrado - Aluno Especial,Inscrições para o processo seletivo da UNEB: 038/2026AE - Intervenção Educativa e Social - Stricto Sensu Mestrado - Aluno Especial. Período de inscrições de 15/06/2026 a 06/07/2026. Consulte o edital completo no portal SSPPG UNEB.,UNEB,Mestrado - Aluno Especial,Educação,15,2026-06-15T12:00:00Z,2026-07-06T23:59:59Z,https://ssppg.uneb.br/inicio/editalExterno/1554?selecao=1554,Encerrado,2026-06-15T12:00:00Z,UNEB SSPPG
2026-08-01T05:45:40.365369Z,053/2026AEME - Crítica Cultural - Stricto Sensu Mestrado - Aluno Especial,Inscrições para o processo seletivo da UNEB: 053/2026AEME - Crítica Cultural - Stricto Sensu Mestrado - Aluno Especial. Período de inscrições de 23/06/2026 a 06/07/2026. Consulte o edital completo no portal SSPPG UNEB.,UNEB,Mestrado - Aluno Especial,Educação,15,2026-06-23T12:00:00Z,2026-07-06T23:59:59Z,https://ssppg.uneb.br/inicio/editalExterno/1565?selecao=1565,Encerrado,2026-06-23T12:00:00Z,UNEB SSPPG
2026-08-01T05:45:40.365369Z,053/2026AEDO - Crítica Cultural - Stricto Sensu Doutorado - Aluno Especial,Inscrições para o processo seletivo da UNEB: 053/2026AEDO - Crítica Cultural - Stricto Sensu Doutorado - Aluno Especial. Período de inscrições de 23/06/2026 a 06/07/2026. Consulte o edital completo no portal SSPPG UNEB.,UNEB,Doutorado - Aluno Especial,Educação,15,2026-06-23T12:00:00Z,2026-07-06T23:59:59Z,https://ssppg.uneb.br/inicio/editalExterno/1567?selecao=1567,Encerrado,2026-06-23T12:00:00Z,UNEB SSPPG
2026-08-01T05:45:40.365369Z,055/2026AE - Educação e Diversidade - Stricto Sensu Mestrado - Aluno Especial,Inscrições para o processo seletivo da UNEB: 055/2026AE - Educação e Diversidade - Stricto Sensu Mestrado - Aluno Especial. Período de inscrições de 25/06/2026 a 08/07/2026. Consulte o edital completo no portal SSPPG UNEB.,UNEB,Mestrado - Aluno Especial,Educação,15,2026-06-25T12:00:00Z,2026-07-08T23:59:59Z,https://ssppg.uneb.br/inicio/editalExterno/1560?selecao=1560,Encerrado,2026-06-25T12:00:00Z,UNEB SSPPG
2026-08-01T05:45:40.365369Z,054/2026AE - ESTUDOS TERRITORIAIS - Stricto Sensu Mestrado - Aluno Especial,Inscrições para o processo seletivo da UNEB: 054/2026AE - ESTUDOS TERRITORIAIS - Stricto Sensu Mestrado - Aluno Especial. Período de inscrições de 25/06/2026 a 06/07/2026. Consulte o edital completo no portal SSPPG UNEB.,UNEB,Mestrado - Aluno Especial,Educação,15,2026-06-25T12:00:00Z,2026-07-06T23:59:59Z,https://ssppg.uneb.br/inicio/editalExterno/1557?selecao=1557,Encerrado,2026-06-25T12:00:00Z,UNEB SSPPG
2026-08-01T05:45:40.365369Z,"056/2026AE - ENSINO, LINGUAGEM E SOCIEDADE - Stricto Sensu Mestrado - Aluno Especial","Inscrições para o processo seletivo da UNEB: 056/2026AE - ENSINO, LINGUAGEM E SOCIEDADE - Stricto Sensu Mestrado - Aluno Especial. Período de inscrições de 26/06/2026 a 09/07/2026. Consulte o edital completo no portal SSPPG UNEB.",UNEB,Mestrado - Aluno Especial,Educação,15,2026-06-26T12:00:00Z,2026-07-09T23:59:59Z,https://ssppg.uneb.br/inicio/editalExterno/1564?selecao=1564,Encerrado,2026-06-26T12:00:00Z,UNEB SSPPG
2026-08-01T05:45:40.365369Z,048/2026AE - Estudo de Linguagens - Stricto Sensu Mestrado/Doutorado - Aluno Especial,Inscrições para o processo seletivo da UNEB: 048/2026AE - Estudo de Linguagens - Stricto Sensu Mestrado/Doutorado - Aluno Especial. Período de inscrições de 29/06/2026 a 10/07/2026. Consulte o edital completo no portal SSPPG UNEB.,UNEB,Doutorado - Aluno Especial,Humanas e Sociais,15,2026-06-29T12:00:00Z,2026-07-10T23:59:59Z,https://ssppg.uneb.br/inicio/editalExterno/1563?selecao=1563,Encerrado,2026-06-29T12:00:00Z,UNEB SSPPG
2026-08-01T05:45:40.365369Z,061/2026AE - Educação e Formação Docente - Stricto Sensu Mestrado - Aluno Especial,Inscrições para o processo seletivo da UNEB: 061/2026AE - Educação e Formação Docente - Stricto Sensu Mestrado - Aluno Especial. Período de inscrições de 29/06/2026 a 10/07/2026. Consulte o edital completo no portal SSPPG UNEB.,UNEB,Mestrado - Aluno Especial,Educação,15,2026-06-29T12:00:00Z,2026-07-10T23:59:59Z,https://ssppg.uneb.br/inicio/editalExterno/1570?selecao=1570,Encerrado,2026-06-29T12:00:00Z,UNEB SSPPG
2026-08-01T05:45:40.365369Z,"058/2026AE - Estudos Africanos, Povos Indígenas e Culturas Negras - Stricto Sensu Mestrado - Aluno Especial","Inscrições para o processo seletivo da UNEB: 058/2026AE - Estudos Africanos, Povos Indígenas e Culturas Negras - Stricto Sensu Mestrado - Aluno Especial. Período de inscrições de 29/06/2026 a 10/07/2026. Consulte o edital completo no portal SSPPG UNEB.",UNEB,Mestrado - Aluno Especial,Educação,15,2026-06-29T12:00:00Z,2026-07-10T23:59:59Z,https://ssppg.uneb.br/inicio/editalExterno/1562?selecao=1562,Encerrado,2026-06-29T12:00:00Z,UNEB SSPPG
2026-08-01T05:45:40.365369Z,064/2026AE - Estudos Africanos e Representações da África - Stricto Sensu Mestrado - Aluno Especial,Inscrições para o processo seletivo da UNEB: 064/2026AE - Estudos Africanos e Representações da África - Stricto Sensu Mestrado - Aluno Especial. Período de inscrições de 03/07/2026 a 13/07/2026. Consulte o edital completo no portal SSPPG UNEB.,UNEB,Mestrado - Aluno Especial,Educação,15,2026-07-03T12:00:00Z,2026-07-13T23:59:59Z,https://ssppg.uneb.br/inicio/editalExterno/1576?selecao=1576,Encerrado,2026-07-03T12:00:00Z,UNEB SSPPG
2026-08-01T05:45:40.365369Z,059/20262AE - Ecologia Humana e Gestão Socioambiental - Stricto Sensu Mestrado/Doutorado - Aluno Especial,Inscrições para o processo seletivo da UNEB: 059/20262AE - Ecologia Humana e Gestão Socioambiental - Stricto Sensu Mestrado/Doutorado - Aluno Especial. Período de inscrições de 03/07/2026 a 10/07/2026. Consulte o edital completo no portal SSPPG UNEB.,UNEB,Doutorado - Aluno Especial,Gestão e Negócios,15,2026-07-03T12:00:00Z,2026-07-10T23:59:59Z,https://ssppg.uneb.br/inicio/editalExterno/1568?selecao=1568,Encerrado,2026-07-03T12:00:00Z,UNEB SSPPG
2026-08-01T05:45:40.365369Z,044/2026AE - Programa de Pós-Graduação em Letras - Stricto Sensu Mestrado - Aluno Especial,Inscrições para o processo seletivo da UNEB: 044/2026AE - Programa de Pós-Graduação em Letras - Stricto Sensu Mestrado - Aluno Especial. Período de inscrições de 03/07/2026 a 10/07/2026. Consulte o edital completo no portal SSPPG UNEB.,UNEB,Mestrado - Aluno Especial,Humanas e Sociais,15,2026-07-03T12:00:00Z,2026-07-10T23:59:59Z,https://ssppg.uneb.br/inicio/editalExterno/1558?selecao=1558,Encerrado,2026-07-03T12:00:00Z,UNEB SSPPG
2026-08-01T05:45:40.365369Z,063/2026AE - Ciências Farmacêuticas - Stricto Sensu Mestrado - Aluno Especial,Inscrições para o processo seletivo da UNEB: 063/2026AE - Ciências Farmacêuticas - Stricto Sensu Mestrado - Aluno Especial. Período de inscrições de 03/07/2026 a 13/07/2026. Consulte o edital completo no portal SSPPG UNEB.,UNEB,Mestrado - Aluno Especial,Educação,15,2026-07-03T12:00:00Z,2026-07-13T23:59:59Z,https://ssppg.uneb.br/inicio/editalExterno/1569?selecao=1569,Encerrado,2026-07-03T12:00:00Z,UNEB SSPPG
2026-08-02T05:46:37.263749Z,SIGAA - Sistema Integrado de Gestão de Atividades Acadêmicas,"MESTRADO EM ARQUITETURA E URBANISMO, 50, 12/06/2026 a 18/06/2026 ; PROCESSO SELETIVO IC-PGCOMP DOUTORADO PARA ALUNO ESPECIAL 2026.2.",UFBA,Mestrado - Aluno Especial,Engenharias e Exatas,10,2026-06-30T00:00:00Z,2026-07-20T00:00:00Z,https://sigaa.ufba.br/sigaa/public/processo_seletivo/lista.jsf?aba=p-processo&nivel=S,Encerrado,2026-06-30T00:00:00Z,Google Search (UFBA)
2026-08-02T05:46:37.263749Z,Edital nº 01 - Processo Seletivo Aluno Especial Doutorado 2026.2 - DOUTORADO EM ESTATÍSTICA E CIÊNCIAS DE DADOS,Inscrições abertas para o processo seletivo da UFBA de ingresso no curso: DOUTORADO EM ESTATÍSTICA E CIÊNCIAS DE DADOS. Vagas ofertadas: 5. Período de inscrições de 15/06/2026 a 10/07/2026. Consulte o edital completo no portal oficial da instituição.,UFBA,Doutorado - Aluno Especial,Engenharias e Exatas,5,2026-06-15T12:00:00Z,2026-07-10T12:00:00Z,https://sigaa.ufba.br/sigaa/public/processo_seletivo/lista.jsf?aba=p-processo&nivel=S,Encerrado,2026-06-15T12:00:00Z,UFBA SIGAA
2026-08-02T05:46:37.263749Z,Edital nº 01 - Processo Seletivo Aluno Especial Mestrado 2026.2 - MESTRADO EM ESTATÍSTICA E CIÊNCIAS DE DADOS,Inscrições abertas para o processo seletivo da UFBA de ingresso no curso: MESTRADO EM ESTATÍSTICA E CIÊNCIAS DE DADOS. Vagas ofertadas: 13. Período de inscrições de 15/06/2026 a 10/07/2026. Consulte o edital completo no portal oficial da instituição.,UFBA,Mestrado - Aluno Especial,Engenharias e Exatas,13,2026-06-15T12:00:00Z,2026-07-10T12:00:00Z,https://sigaa.ufba.br/sigaa/public/processo_seletivo/lista.jsf?aba=p-processo&nivel=S,Encerrado,2026-06-15T12:00:00Z,UFBA SIGAA
2026-08-02T05:46:37.263749Z,EDITAL DE ALUNO ESPECIAL 2026.2 DOUTORADO - DOUTORADO EM ARQUITETURA E URBANISMO,Inscrições abertas para o processo seletivo da UFBA de ingresso no curso: DOUTORADO EM ARQUITETURA E URBANISMO. Vagas ofertadas: 50. Período de inscrições de 12/06/2026 a 18/06/2026. Consulte o edital completo no portal oficial da instituição.,UFBA,Doutorado - Aluno Especial,Engenharias e Exatas,50,2026-06-12T12:00:00Z,2026-06-18T12:00:00Z,https://sigaa.ufba.br/sigaa/public/processo_seletivo/lista.jsf?aba=p-processo&nivel=S,Encerrado,2026-06-12T12:00:00Z,UFBA SIGAA
2026-08-02T05:46:37.263749Z,EDITAL DE ALUNO ESPECIAL 2026.2 MESTRADO - MESTRADO EM ARQUITETURA E URBANISMO,Inscrições abertas para o processo seletivo da UFBA de ingresso no curso: MESTRADO EM ARQUITETURA E URBANISMO. Vagas ofertadas: 50. Período de inscrições de 12/06/2026 a 18/06/2026. Consulte o edital completo no portal oficial da instituição.,UFBA,Mestrado - Aluno Especial,Engenharias e Exatas,50,2026-06-12T12:00:00Z,2026-06-18T12:00:00Z,https://sigaa.ufba.br/sigaa/public/processo_seletivo/lista.jsf?aba=p-processo&nivel=S,Encerrado,2026-06-12T12:00:00Z,UFBA SIGAA
2026-08-02T05:46:37.263749Z,PROCESSO SELETIVO IC-PGCOMP DOUTORADO PARA ALUNO ESPECIAL 2026.2 - DOUTORADO EM CIÊNCIA DA COMPUTAÇÃO,Inscrições abertas para o processo seletivo da UFBA de ingresso no curso: DOUTORADO EM CIÊNCIA DA COMPUTAÇÃO. Vagas ofertadas: 30. Período de inscrições de 12/06/2026 a 19/06/2026. Consulte o edital completo no portal oficial da instituição.,UFBA,Doutorado - Aluno Especial,Tecnologia e Informática,30,2026-06-12T12:00:00Z,2026-06-19T12:00:00Z,https://sigaa.ufba.br/sigaa/public/processo_seletivo/lista.jsf?aba=p-processo&nivel=S,Encerrado,2026-06-12T12:00:00Z,UFBA SIGAA
2026-08-02T05:46:37.263749Z,PROCESSO SELETIVO IC-PGCOMP MESTRADO PARA ALUNO ESPECIAL 2026.2 - MESTRADO EM CIÊNCIA DA COMPUTAÇÃO,Inscrições abertas para o processo seletivo da UFBA de ingresso no curso: MESTRADO EM CIÊNCIA DA COMPUTAÇÃO. Vagas ofertadas: 70. Período de inscrições de 12/06/2026 a 19/06/2026. Consulte o edital completo no portal oficial da instituição.,UFBA,Mestrado - Aluno Especial,Tecnologia e Informática,70,2026-06-12T12:00:00Z,2026-06-19T12:00:00Z,https://sigaa.ufba.br/sigaa/public/processo_seletivo/lista.jsf?aba=p-processo&nivel=S,Encerrado,2026-06-12T12:00:00Z,UFBA SIGAA
2026-08-02T05:46:37.263749Z,EDITAL nº 02/2026 - SELEÇÃO PARA ALUNO ESPECIAL - SEMESTRE LETIVO 2026.2 - MESTRADO EM EDUCAÇÃO,Inscrições abertas para o processo seletivo da UFBA de ingresso no curso: MESTRADO EM EDUCAÇÃO. Vagas ofertadas: 102. Período de inscrições de 09/06/2026 a 12/06/2026. Consulte o edital completo no portal oficial da instituição.,UFBA,Mestrado - Aluno Especial,Educação,102,2026-06-09T12:00:00Z,2026-06-12T12:00:00Z,https://sigaa.ufba.br/sigaa/public/processo_seletivo/lista.jsf?aba=p-processo&nivel=S,Encerrado,2026-06-09T12:00:00Z,UFBA SIGAA
2026-08-02T05:46:37.263749Z,PROCESSO SELETIVO PARA INGRESSO DE ALUNO ESPECIAL DOUTORADO- PGENF 2026.2 - DOUTORADO EM ENFERMAGEM E SAÚDE,Inscrições abertas para o processo seletivo da UFBA de ingresso no curso: DOUTORADO EM ENFERMAGEM E SAÚDE. Vagas ofertadas: 30. Período de inscrições de 09/06/2026 a 15/06/2026. Consulte o edital completo no portal oficial da instituição.,UFBA,Doutorado - Aluno Especial,Saúde e Biológicas,30,2026-06-09T12:00:00Z,2026-06-15T12:00:00Z,https://sigaa.ufba.br/sigaa/public/processo_seletivo/lista.jsf?aba=p-processo&nivel=S,Encerrado,2026-06-09T12:00:00Z,UFBA SIGAA
2026-08-02T05:46:37.263749Z,PROCESSO SELETIVO PARA INGRESSO DE ALUNO ESPECIAL MESTRADO- PGENF 2026.2 - MESTRADO EM ENFERMAGEM E SAÚDE,Inscrições abertas para o processo seletivo da UFBA de ingresso no curso: MESTRADO EM ENFERMAGEM E SAÚDE. Vagas ofertadas: 60. Período de inscrições de 09/06/2026 a 15/06/2026. Consulte o edital completo no portal oficial da instituição.,UFBA,Mestrado - Aluno Especial,Saúde e Biológicas,60,2026-06-09T12:00:00Z,2026-06-15T12:00:00Z,https://sigaa.ufba.br/sigaa/public/processo_seletivo/lista.jsf?aba=p-processo&nivel=S,Encerrado,2026-06-09T12:00:00Z,UFBA SIGAA
2026-08-02T05:46:37.263749Z,SELEÇÃO DE ALUNO/A ESPECIAL DO PPGCS - 2026.2 - MESTRADO EM CIÊNCIAS SOCIAIS,Inscrições abertas para o processo seletivo da UFBA de ingresso no curso: MESTRADO EM CIÊNCIAS SOCIAIS. Vagas ofertadas: 45. Período de inscrições de 05/06/2026 a 12/06/2026. Consulte o edital completo no portal oficial da instituição.,UFBA,Mestrado - Aluno Especial,Saúde e Biológicas,45,2026-06-05T12:00:00Z,2026-06-12T12:00:00Z,https://sigaa.ufba.br/sigaa/public/processo_seletivo/lista.jsf?aba=p-processo&nivel=S,Encerrado,2026-06-05T12:00:00Z,UFBA SIGAA
2026-08-02T05:46:37.263749Z,SELEÇÃO PARA ALUNO ESPECIAL PPGCONT 2026.2 - MESTRADO EM CONTABILIDADE,Inscrições abertas para o processo seletivo da UFBA de ingresso no curso: MESTRADO EM CONTABILIDADE. Vagas ofertadas: 80. Período de inscrições de 05/06/2026 a 12/06/2026. Consulte o edital completo no portal oficial da instituição.,UFBA,Mestrado - Aluno Especial,Saúde e Biológicas,80,2026-06-05T12:00:00Z,2026-06-12T12:00:00Z,https://sigaa.ufba.br/sigaa/public/processo_seletivo/lista.jsf?aba=p-processo&nivel=S,Encerrado,2026-06-05T12:00:00Z,UFBA SIGAA
2026-08-02T05:46:37.263749Z,function dpf(f) {var adp = f.adp;if (adp != null) {for (var i = 0;i EDITAL Nº 01/2026 - SELEÇÃO ALUNO ESPECIAL – SEMESTRE LETIVO 2026.1 - ESTUDOS DE L,Inscrições abertas para o processo seletivo da UNILAB de ingresso no curso: ESTUDOS DE LINGUAGEM: CONTEXTOS LUSÓFONOS BRASIL-ÁFRICA. Vagas ofertadas: 10. Período de inscrições de 01/07/2026 a 17/07/2026. Consulte o edital completo no portal oficial da instituição.,UNILAB,Mestrado - Aluno Especial,Saúde e Biológicas,10,2026-07-01T12:00:00Z,2026-07-17T12:00:00Z,https://sigaa.unilab.edu.br/sigaa/public/processo_seletivo/lista.jsf?aba=p-processo&nivel=S,Encerrado,2026-07-01T12:00:00Z,UNILAB SIGAA
2026-08-02T05:46:37.263749Z,049/2026AE - Química Aplicada - Stricto Sensu Mestrado - Aluno Especial,Inscrições para o processo seletivo da UNEB: 049/2026AE - Química Aplicada - Stricto Sensu Mestrado - Aluno Especial. Período de inscrições de 15/06/2026 a 10/07/2026. Consulte o edital completo no portal SSPPG UNEB.,UNEB,Mestrado - Aluno Especial,Engenharias e Exatas,15,2026-06-15T12:00:00Z,2026-07-10T23:59:59Z,https://ssppg.uneb.br/inicio/editalExterno/1561?selecao=1561,Encerrado,2026-06-15T12:00:00Z,UNEB SSPPG
2026-08-02T05:46:37.263749Z,050/2026AE - Educação e Contemporaneidade - Stricto Sensu Mestrado/Doutorado - Aluno Especial,Inscrições para o processo seletivo da UNEB: 050/2026AE - Educação e Contemporaneidade - Stricto Sensu Mestrado/Doutorado - Aluno Especial. Período de inscrições de 15/06/2026 a 06/07/2026. Consulte o edital completo no portal SSPPG UNEB.,UNEB,Doutorado - Aluno Especial,Educação,15,2026-06-15T12:00:00Z,2026-07-06T23:59:59Z,https://ssppg.uneb.br/inicio/editalExterno/1559?selecao=1559,Encerrado,2026-06-15T12:00:00Z,UNEB SSPPG
2026-08-02T05:46:37.263749Z,038/2026AE - Intervenção Educativa e Social - Stricto Sensu Mestrado - Aluno Especial,Inscrições para o processo seletivo da UNEB: 038/2026AE - Intervenção Educativa e Social - Stricto Sensu Mestrado - Aluno Especial. Período de inscrições de 15/06/2026 a 06/07/2026. Consulte o edital completo no portal SSPPG UNEB.,UNEB,Mestrado - Aluno Especial,Educação,15,2026-06-15T12:00:00Z,2026-07-06T23:59:59Z,https://ssppg.uneb.br/inicio/editalExterno/1554?selecao=1554,Encerrado,2026-06-15T12:00:00Z,UNEB SSPPG
2026-08-02T05:46:37.263749Z,053/2026AEME - Crítica Cultural - Stricto Sensu Mestrado - Aluno Especial,Inscrições para o processo seletivo da UNEB: 053/2026AEME - Crítica Cultural - Stricto Sensu Mestrado - Aluno Especial. Período de inscrições de 23/06/2026 a 06/07/2026. Consulte o edital completo no portal SSPPG UNEB.,UNEB,Mestrado - Aluno Especial,Educação,15,2026-06-23T12:00:00Z,2026-07-06T23:59:59Z,https://ssppg.uneb.br/inicio/editalExterno/1565?selecao=1565,Encerrado,2026-06-23T12:00:00Z,UNEB SSPPG
2026-08-02T05:46:37.263749Z,053/2026AEDO - Crítica Cultural - Stricto Sensu Doutorado - Aluno Especial,Inscrições para o processo seletivo da UNEB: 053/2026AEDO - Crítica Cultural - Stricto Sensu Doutorado - Aluno Especial. Período de inscrições de 23/06/2026 a 06/07/2026. Consulte o edital completo no portal SSPPG UNEB.,UNEB,Doutorado - Aluno Especial,Educação,15,2026-06-23T12:00:00Z,2026-07-06T23:59:59Z,https://ssppg.uneb.br/inicio/editalExterno/1567?selecao=1567,Encerrado,2026-06-23T12:00:00Z,UNEB SSPPG
2026-08-02T05:46:37.263749Z,055/2026AE - Educação e Diversidade - Stricto Sensu Mestrado - Aluno Especial,Inscrições para o processo seletivo da UNEB: 055/2026AE - Educação e Diversidade - Stricto Sensu Mestrado - Aluno Especial. Período de inscrições de 25/06/2026 a 08/07/2026. Consulte o edital completo no portal SSPPG UNEB.,UNEB,Mestrado - Aluno Especial,Educação,15,2026-06-25T12:00:00Z,2026-07-08T23:59:59Z,https://ssppg.uneb.br/inicio/editalExterno/1560?selecao=1560,Encerrado,2026-06-25T12:00:00Z,UNEB SSPPG
2026-08-02T05:46:37.263749Z,054/2026AE - ESTUDOS TERRITORIAIS - Stricto Sensu Mestrado - Aluno Especial,Inscrições para o processo seletivo da UNEB: 054/2026AE - ESTUDOS TERRITORIAIS - Stricto Sensu Mestrado - Aluno Especial. Período de inscrições de 25/06/2026 a 06/07/2026. Consulte o edital completo no portal SSPPG UNEB.,UNEB,Mestrado - Aluno Especial,Educação,15,2026-06-25T12:00:00Z,2026-07-06T23:59:59Z,https://ssppg.uneb.br/inicio/editalExterno/1557?selecao=1557,Encerrado,2026-06-25T12:00:00Z,UNEB SSPPG
2026-08-02T05:46:37.263749Z,"056/2026AE - ENSINO, LINGUAGEM E SOCIEDADE - Stricto Sensu Mestrado - Aluno Especial","Inscrições para o processo seletivo da UNEB: 056/2026AE - ENSINO, LINGUAGEM E SOCIEDADE - Stricto Sensu Mestrado - Aluno Especial. Período de inscrições de 26/06/2026 a 09/07/2026. Consulte o edital completo no portal SSPPG UNEB.",UNEB,Mestrado - Aluno Especial,Educação,15,2026-06-26T12:00:00Z,2026-07-09T23:59:59Z,https://ssppg.uneb.br/inicio/editalExterno/1564?selecao=1564,Encerrado,2026-06-26T12:00:00Z,UNEB SSPPG
2026-08-02T05:46:37.263749Z,048/2026AE - Estudo de Linguagens - Stricto Sensu Mestrado/Doutorado - Aluno Especial,Inscrições para o processo seletivo da UNEB: 048/2026AE - Estudo de Linguagens - Stricto Sensu Mestrado/Doutorado - Aluno Especial. Período de inscrições de 29/06/2026 a 10/07/2026. Consulte o edital completo no portal SSPPG UNEB.,UNEB,Doutorado - Aluno Especial,Humanas e Sociais,15,2026-06-29T12:00:00Z,2026-07-10T23:59:59Z,https://ssppg.uneb.br/inicio/editalExterno/1563?selecao=1563,Encerrado,2026-06-29T12:00:00Z,UNEB SSPPG
2026-08-02T05:46:37.263749Z,061/2026AE - Educação e Formação Docente - Stricto Sensu Mestrado - Aluno Especial,Inscrições para o processo seletivo da UNEB: 061/2026AE - Educação e Formação Docente - Stricto Sensu Mestrado - Aluno Especial. Período de inscrições de 29/06/2026 a 10/07/2026. Consulte o edital completo no portal SSPPG UNEB.,UNEB,Mestrado - Aluno Especial,Educação,15,2026-06-29T12:00:00Z,2026-07-10T23:59:59Z,https://ssppg.uneb.br/inicio/editalExterno/1570?selecao=1570,Encerrado,2026-06-29T12:00:00Z,UNEB SSPPG
2026-08-02T05:46:37.263749Z,"058/2026AE - Estudos Africanos, Povos Indígenas e Culturas Negras - Stricto Sensu Mestrado - Aluno Especial","Inscrições para o processo seletivo da UNEB: 058/2026AE - Estudos Africanos, Povos Indígenas e Culturas Negras - Stricto Sensu Mestrado - Aluno Especial. Período de inscrições de 29/06/2026 a 10/07/2026. Consulte o edital completo no portal SSPPG UNEB.",UNEB,Mestrado - Aluno Especial,Educação,15,2026-06-29T12:00:00Z,2026-07-10T23:59:59Z,https://ssppg.uneb.br/inicio/editalExterno/1562?selecao=1562,Encerrado,2026-06-29T12:00:00Z,UNEB SSPPG
2026-08-02T05:46:37.263749Z,064/2026AE - Estudos Africanos e Representações da África - Stricto Sensu Mestrado - Aluno Especial,Inscrições para o processo seletivo da UNEB: 064/2026AE - Estudos Africanos e Representações da África - Stricto Sensu Mestrado - Aluno Especial. Período de inscrições de 03/07/2026 a 13/07/2026. Consulte o edital completo no portal SSPPG UNEB.,UNEB,Mestrado - Aluno Especial,Educação,15,2026-07-03T12:00:00Z,2026-07-13T23:59:59Z,https://ssppg.uneb.br/inicio/editalExterno/1576?selecao=1576,Encerrado,2026-07-03T12:00:00Z,UNEB SSPPG
2026-08-02T05:46:37.263749Z,059/20262AE - Ecologia Humana e Gestão Socioambiental - Stricto Sensu Mestrado/Doutorado - Aluno Especial,Inscrições para o processo seletivo da UNEB: 059/20262AE - Ecologia Humana e Gestão Socioambiental - Stricto Sensu Mestrado/Doutorado - Aluno Especial. Período de inscrições de 03/07/2026 a 10/07/2026. Consulte o edital completo no portal SSPPG UNEB.,UNEB,Doutorado - Aluno Especial,Gestão e Negócios,15,2026-07-03T12:00:00Z,2026-07-10T23:59:59Z,https://ssppg.uneb.br/inicio/editalExterno/1568?selecao=1568,Encerrado,2026-07-03T12:00:00Z,UNEB SSPPG
2026-08-02T05:46:37.263749Z,044/2026AE - Programa de Pós-Graduação em Letras - Stricto Sensu Mestrado - Aluno Especial,Inscrições para o processo seletivo da UNEB: 044/2026AE - Programa de Pós-Graduação em Letras - Stricto Sensu Mestrado - Aluno Especial. Período de inscrições de 03/07/2026 a 10/07/2026. Consulte o edital completo no portal SSPPG UNEB.,UNEB,Mestrado - Aluno Especial,Humanas e Sociais,15,2026-07-03T12:00:00Z,2026-07-10T23:59:59Z,https://ssppg.uneb.br/inicio/editalExterno/1558?selecao=1558,Encerrado,2026-07-03T12:00:00Z,UNEB SSPPG
2026-08-02T05:46:37.263749Z,063/2026AE - Ciências Farmacêuticas - Stricto Sensu Mestrado - Aluno Especial,Inscrições para o processo seletivo da UNEB: 063/2026AE - Ciências Farmacêuticas - Stricto Sensu Mestrado - Aluno Especial. Período de inscrições de 03/07/2026 a 13/07/2026. Consulte o edital completo no portal SSPPG UNEB.,UNEB,Mestrado - Aluno Especial,Educação,15,2026-07-03T12:00:00Z,2026-07-13T23:59:59Z,https://ssppg.uneb.br/inicio/editalExterno/1569?selecao=1569,Encerrado,2026-07-03T12:00:00Z,UNEB SSPPG
2026-08-03T06:09:35.488455Z,SIGAA - Sistema Integrado de Gestão de Atividades Acadêmicas,"MESTRADO EM ARQUITETURA E URBANISMO, 50, 12/06/2026 a 18/06/2026 ; PROCESSO SELETIVO IC-PGCOMP DOUTORADO PARA ALUNO ESPECIAL 2026.2.",UFBA,Mestrado - Aluno Especial,Engenharias e Exatas,10,2026-06-30T00:00:00Z,2026-07-20T00:00:00Z,https://sigaa.ufba.br/sigaa/public/processo_seletivo/lista.jsf?aba=p-processo&nivel=S,Encerrado,2026-06-30T00:00:00Z,Google Search (UFBA)
2026-08-03T06:09:35.488455Z,Edital nº 01 - Processo Seletivo Aluno Especial Doutorado 2026.2 - DOUTORADO EM ESTATÍSTICA E CIÊNCIAS DE DADOS,Inscrições abertas para o processo seletivo da UFBA de ingresso no curso: DOUTORADO EM ESTATÍSTICA E CIÊNCIAS DE DADOS. Vagas ofertadas: 5. Período de inscrições de 15/06/2026 a 10/07/2026. Consulte o edital completo no portal oficial da instituição.,UFBA,Doutorado - Aluno Especial,Engenharias e Exatas,5,2026-06-15T12:00:00Z,2026-07-10T12:00:00Z,https://sigaa.ufba.br/sigaa/public/processo_seletivo/lista.jsf?aba=p-processo&nivel=S,Encerrado,2026-06-15T12:00:00Z,UFBA SIGAA
2026-08-03T06:09:35.488455Z,Edital nº 01 - Processo Seletivo Aluno Especial Mestrado 2026.2 - MESTRADO EM ESTATÍSTICA E CIÊNCIAS DE DADOS,Inscrições abertas para o processo seletivo da UFBA de ingresso no curso: MESTRADO EM ESTATÍSTICA E CIÊNCIAS DE DADOS. Vagas ofertadas: 13. Período de inscrições de 15/06/2026 a 10/07/2026. Consulte o edital completo no portal oficial da instituição.,UFBA,Mestrado - Aluno Especial,Engenharias e Exatas,13,2026-06-15T12:00:00Z,2026-07-10T12:00:00Z,https://sigaa.ufba.br/sigaa/public/processo_seletivo/lista.jsf?aba=p-processo&nivel=S,Encerrado,2026-06-15T12:00:00Z,UFBA SIGAA
2026-08-03T06:09:35.488455Z,EDITAL DE ALUNO ESPECIAL 2026.2 DOUTORADO - DOUTORADO EM ARQUITETURA E URBANISMO,Inscrições abertas para o processo seletivo da UFBA de ingresso no curso: DOUTORADO EM ARQUITETURA E URBANISMO. Vagas ofertadas: 50. Período de inscrições de 12/06/2026 a 18/06/2026. Consulte o edital completo no portal oficial da instituição.,UFBA,Doutorado - Aluno Especial,Engenharias e Exatas,50,2026-06-12T12:00:00Z,2026-06-18T12:00:00Z,https://sigaa.ufba.br/sigaa/public/processo_seletivo/lista.jsf?aba=p-processo&nivel=S,Encerrado,2026-06-12T12:00:00Z,UFBA SIGAA
2026-08-03T06:09:35.488455Z,EDITAL DE ALUNO ESPECIAL 2026.2 MESTRADO - MESTRADO EM ARQUITETURA E URBANISMO,Inscrições abertas para o processo seletivo da UFBA de ingresso no curso: MESTRADO EM ARQUITETURA E URBANISMO. Vagas ofertadas: 50. Período de inscrições de 12/06/2026 a 18/06/2026. Consulte o edital completo no portal oficial da instituição.,UFBA,Mestrado - Aluno Especial,Engenharias e Exatas,50,2026-06-12T12:00:00Z,2026-06-18T12:00:00Z,https://sigaa.ufba.br/sigaa/public/processo_seletivo/lista.jsf?aba=p-processo&nivel=S,Encerrado,2026-06-12T12:00:00Z,UFBA SIGAA
2026-08-03T06:09:35.488455Z,PROCESSO SELETIVO IC-PGCOMP DOUTORADO PARA ALUNO ESPECIAL 2026.2 - DOUTORADO EM CIÊNCIA DA COMPUTAÇÃO,Inscrições abertas para o processo seletivo da UFBA de ingresso no curso: DOUTORADO EM CIÊNCIA DA COMPUTAÇÃO. Vagas ofertadas: 30. Período de inscrições de 12/06/2026 a 19/06/2026. Consulte o edital completo no portal oficial da instituição.,UFBA,Doutorado - Aluno Especial,Tecnologia e Informática,30,2026-06-12T12:00:00Z,2026-06-19T12:00:00Z,https://sigaa.ufba.br/sigaa/public/processo_seletivo/lista.jsf?aba=p-processo&nivel=S,Encerrado,2026-06-12T12:00:00Z,UFBA SIGAA
2026-08-03T06:09:35.488455Z,PROCESSO SELETIVO IC-PGCOMP MESTRADO PARA ALUNO ESPECIAL 2026.2 - MESTRADO EM CIÊNCIA DA COMPUTAÇÃO,Inscrições abertas para o processo seletivo da UFBA de ingresso no curso: MESTRADO EM CIÊNCIA DA COMPUTAÇÃO. Vagas ofertadas: 70. Período de inscrições de 12/06/2026 a 19/06/2026. Consulte o edital completo no portal oficial da instituição.,UFBA,Mestrado - Aluno Especial,Tecnologia e Informática,70,2026-06-12T12:00:00Z,2026-06-19T12:00:00Z,https://sigaa.ufba.br/sigaa/public/processo_seletivo/lista.jsf?aba=p-processo&nivel=S,Encerrado,2026-06-12T12:00:00Z,UFBA SIGAA
2026-08-03T06:09:35.488455Z,EDITAL nº 02/2026 - SELEÇÃO PARA ALUNO ESPECIAL - SEMESTRE LETIVO 2026.2 - MESTRADO EM EDUCAÇÃO,Inscrições abertas para o processo seletivo da UFBA de ingresso no curso: MESTRADO EM EDUCAÇÃO. Vagas ofertadas: 102. Período de inscrições de 09/06/2026 a 12/06/2026. Consulte o edital completo no portal oficial da instituição.,UFBA,Mestrado - Aluno Especial,Educação,102,2026-06-09T12:00:00Z,2026-06-12T12:00:00Z,https://sigaa.ufba.br/sigaa/public/processo_seletivo/lista.jsf?aba=p-processo&nivel=S,Encerrado,2026-06-09T12:00:00Z,UFBA SIGAA
2026-08-03T06:09:35.488455Z,PROCESSO SELETIVO PARA INGRESSO DE ALUNO ESPECIAL DOUTORADO- PGENF 2026.2 - DOUTORADO EM ENFERMAGEM E SAÚDE,Inscrições abertas para o processo seletivo da UFBA de ingresso no curso: DOUTORADO EM ENFERMAGEM E SAÚDE. Vagas ofertadas: 30. Período de inscrições de 09/06/2026 a 15/06/2026. Consulte o edital completo no portal oficial da instituição.,UFBA,Doutorado - Aluno Especial,Saúde e Biológicas,30,2026-06-09T12:00:00Z,2026-06-15T12:00:00Z,https://sigaa.ufba.br/sigaa/public/processo_seletivo/lista.jsf?aba=p-processo&nivel=S,Encerrado,2026-06-09T12:00:00Z,UFBA SIGAA
2026-08-03T06:09:35.488455Z,PROCESSO SELETIVO PARA INGRESSO DE ALUNO ESPECIAL MESTRADO- PGENF 2026.2 - MESTRADO EM ENFERMAGEM E SAÚDE,Inscrições abertas para o processo seletivo da UFBA de ingresso no curso: MESTRADO EM ENFERMAGEM E SAÚDE. Vagas ofertadas: 60. Período de inscrições de 09/06/2026 a 15/06/2026. Consulte o edital completo no portal oficial da instituição.,UFBA,Mestrado - Aluno Especial,Saúde e Biológicas,60,2026-06-09T12:00:00Z,2026-06-15T12:00:00Z,https://sigaa.ufba.br/sigaa/public/processo_seletivo/lista.jsf?aba=p-processo&nivel=S,Encerrado,2026-06-09T12:00:00Z,UFBA SIGAA
2026-08-03T06:09:35.488455Z,SELEÇÃO DE ALUNO/A ESPECIAL DO PPGCS - 2026.2 - MESTRADO EM CIÊNCIAS SOCIAIS,Inscrições abertas para o processo seletivo da UFBA de ingresso no curso: MESTRADO EM CIÊNCIAS SOCIAIS. Vagas ofertadas: 45. Período de inscrições de 05/06/2026 a 12/06/2026. Consulte o edital completo no portal oficial da instituição.,UFBA,Mestrado - Aluno Especial,Saúde e Biológicas,45,2026-06-05T12:00:00Z,2026-06-12T12:00:00Z,https://sigaa.ufba.br/sigaa/public/processo_seletivo/lista.jsf?aba=p-processo&nivel=S,Encerrado,2026-06-05T12:00:00Z,UFBA SIGAA
2026-08-03T06:09:35.488455Z,SELEÇÃO PARA ALUNO ESPECIAL PPGCONT 2026.2 - MESTRADO EM CONTABILIDADE,Inscrições abertas para o processo seletivo da UFBA de ingresso no curso: MESTRADO EM CONTABILIDADE. Vagas ofertadas: 80. Período de inscrições de 05/06/2026 a 12/06/2026. Consulte o edital completo no portal oficial da instituição.,UFBA,Mestrado - Aluno Especial,Saúde e Biológicas,80,2026-06-05T12:00:00Z,2026-06-12T12:00:00Z,https://sigaa.ufba.br/sigaa/public/processo_seletivo/lista.jsf?aba=p-processo&nivel=S,Encerrado,2026-06-05T12:00:00Z,UFBA SIGAA
2026-08-03T06:09:35.488455Z,function dpf(f) {var adp = f.adp;if (adp != null) {for (var i = 0;i EDITAL Nº 01/2026 - SELEÇÃO ALUNO ESPECIAL – SEMESTRE LETIVO 2026.1 - ESTUDOS DE L,Inscrições abertas para o processo seletivo da UNILAB de ingresso no curso: ESTUDOS DE LINGUAGEM: CONTEXTOS LUSÓFONOS BRASIL-ÁFRICA. Vagas ofertadas: 10. Período de inscrições de 01/07/2026 a 17/07/2026. Consulte o edital completo no portal oficial da instituição.,UNILAB,Mestrado - Aluno Especial,Saúde e Biológicas,10,2026-07-01T12:00:00Z,2026-07-17T12:00:00Z,https://sigaa.unilab.edu.br/sigaa/public/processo_seletivo/lista.jsf?aba=p-processo&nivel=S,Encerrado,2026-07-01T12:00:00Z,UNILAB SIGAA
2026-08-03T06:09:35.488455Z,049/2026AE - Química Aplicada - Stricto Sensu Mestrado - Aluno Especial,Inscrições para o processo seletivo da UNEB: 049/2026AE - Química Aplicada - Stricto Sensu Mestrado - Aluno Especial. Período de inscrições de 15/06/2026 a 10/07/2026. Consulte o edital completo no portal SSPPG UNEB.,UNEB,Mestrado - Aluno Especial,Engenharias e Exatas,15,2026-06-15T12:00:00Z,2026-07-10T23:59:59Z,https://ssppg.uneb.br/inicio/editalExterno/1561?selecao=1561,Encerrado,2026-06-15T12:00:00Z,UNEB SSPPG
2026-08-03T06:09:35.488455Z,050/2026AE - Educação e Contemporaneidade - Stricto Sensu Mestrado/Doutorado - Aluno Especial,Inscrições para o processo seletivo da UNEB: 050/2026AE - Educação e Contemporaneidade - Stricto Sensu Mestrado/Doutorado - Aluno Especial. Período de inscrições de 15/06/2026 a 06/07/2026. Consulte o edital completo no portal SSPPG UNEB.,UNEB,Doutorado - Aluno Especial,Educação,15,2026-06-15T12:00:00Z,2026-07-06T23:59:59Z,https://ssppg.uneb.br/inicio/editalExterno/1559?selecao=1559,Encerrado,2026-06-15T12:00:00Z,UNEB SSPPG
2026-08-03T06:09:35.488455Z,038/2026AE - Intervenção Educativa e Social - Stricto Sensu Mestrado - Aluno Especial,Inscrições para o processo seletivo da UNEB: 038/2026AE - Intervenção Educativa e Social - Stricto Sensu Mestrado - Aluno Especial. Período de inscrições de 15/06/2026 a 06/07/2026. Consulte o edital completo no portal SSPPG UNEB.,UNEB,Mestrado - Aluno Especial,Educação,15,2026-06-15T12:00:00Z,2026-07-06T23:59:59Z,https://ssppg.uneb.br/inicio/editalExterno/1554?selecao=1554,Encerrado,2026-06-15T12:00:00Z,UNEB SSPPG
2026-08-03T06:09:35.488455Z,053/2026AEME - Crítica Cultural - Stricto Sensu Mestrado - Aluno Especial,Inscrições para o processo seletivo da UNEB: 053/2026AEME - Crítica Cultural - Stricto Sensu Mestrado - Aluno Especial. Período de inscrições de 23/06/2026 a 06/07/2026. Consulte o edital completo no portal SSPPG UNEB.,UNEB,Mestrado - Aluno Especial,Educação,15,2026-06-23T12:00:00Z,2026-07-06T23:59:59Z,https://ssppg.uneb.br/inicio/editalExterno/1565?selecao=1565,Encerrado,2026-06-23T12:00:00Z,UNEB SSPPG
2026-08-03T06:09:35.488455Z,053/2026AEDO - Crítica Cultural - Stricto Sensu Doutorado - Aluno Especial,Inscrições para o processo seletivo da UNEB: 053/2026AEDO - Crítica Cultural - Stricto Sensu Doutorado - Aluno Especial. Período de inscrições de 23/06/2026 a 06/07/2026. Consulte o edital completo no portal SSPPG UNEB.,UNEB,Doutorado - Aluno Especial,Educação,15,2026-06-23T12:00:00Z,2026-07-06T23:59:59Z,https://ssppg.uneb.br/inicio/editalExterno/1567?selecao=1567,Encerrado,2026-06-23T12:00:00Z,UNEB SSPPG
2026-08-03T06:09:35.488455Z,055/2026AE - Educação e Diversidade - Stricto Sensu Mestrado - Aluno Especial,Inscrições para o processo seletivo da UNEB: 055/2026AE - Educação e Diversidade - Stricto Sensu Mestrado - Aluno Especial. Período de inscrições de 25/06/2026 a 08/07/2026. Consulte o edital completo no portal SSPPG UNEB.,UNEB,Mestrado - Aluno Especial,Educação,15,2026-06-25T12:00:00Z,2026-07-08T23:59:59Z,https://ssppg.uneb.br/inicio/editalExterno/1560?selecao=1560,Encerrado,2026-06-25T12:00:00Z,UNEB SSPPG
2026-08-03T06:09:35.488455Z,054/2026AE - ESTUDOS TERRITORIAIS - Stricto Sensu Mestrado - Aluno Especial,Inscrições para o processo seletivo da UNEB: 054/2026AE - ESTUDOS TERRITORIAIS - Stricto Sensu Mestrado - Aluno Especial. Período de inscrições de 25/06/2026 a 06/07/2026. Consulte o edital completo no portal SSPPG UNEB.,UNEB,Mestrado - Aluno Especial,Educação,15,2026-06-25T12:00:00Z,2026-07-06T23:59:59Z,https://ssppg.uneb.br/inicio/editalExterno/1557?selecao=1557,Encerrado,2026-06-25T12:00:00Z,UNEB SSPPG
2026-08-03T06:09:35.488455Z,"056/2026AE - ENSINO, LINGUAGEM E SOCIEDADE - Stricto Sensu Mestrado - Aluno Especial","Inscrições para o processo seletivo da UNEB: 056/2026AE - ENSINO, LINGUAGEM E SOCIEDADE - Stricto Sensu Mestrado - Aluno Especial. Período de inscrições de 26/06/2026 a 09/07/2026. Consulte o edital completo no portal SSPPG UNEB.",UNEB,Mestrado - Aluno Especial,Educação,15,2026-06-26T12:00:00Z,2026-07-09T23:59:59Z,https://ssppg.uneb.br/inicio/editalExterno/1564?selecao=1564,Encerrado,2026-06-26T12:00:00Z,UNEB SSPPG
2026-08-03T06:09:35.488455Z,048/2026AE - Estudo de Linguagens - Stricto Sensu Mestrado/Doutorado - Aluno Especial,Inscrições para o processo seletivo da UNEB: 048/2026AE - Estudo de Linguagens - Stricto Sensu Mestrado/Doutorado - Aluno Especial. Período de inscrições de 29/06/2026 a 10/07/2026. Consulte o edital completo no portal SSPPG UNEB.,UNEB,Doutorado - Aluno Especial,Humanas e Sociais,15,2026-06-29T12:00:00Z,2026-07-10T23:59:59Z,https://ssppg.uneb.br/inicio/editalExterno/1563?selecao=1563,Encerrado,2026-06-29T12:00:00Z,UNEB SSPPG
2026-08-03T06:09:35.488455Z,061/2026AE - Educação e Formação Docente - Stricto Sensu Mestrado - Aluno Especial,Inscrições para o processo seletivo da UNEB: 061/2026AE - Educação e Formação Docente - Stricto Sensu Mestrado - Aluno Especial. Período de inscrições de 29/06/2026 a 10/07/2026. Consulte o edital completo no portal SSPPG UNEB.,UNEB,Mestrado - Aluno Especial,Educação,15,2026-06-29T12:00:00Z,2026-07-10T23:59:59Z,https://ssppg.uneb.br/inicio/editalExterno/1570?selecao=1570,Encerrado,2026-06-29T12:00:00Z,UNEB SSPPG
2026-08-03T06:09:35.488455Z,"058/2026AE - Estudos Africanos, Povos Indígenas e Culturas Negras - Stricto Sensu Mestrado - Aluno Especial","Inscrições para o processo seletivo da UNEB: 058/2026AE - Estudos Africanos, Povos Indígenas e Culturas Negras - Stricto Sensu Mestrado - Aluno Especial. Período de inscrições de 29/06/2026 a 10/07/2026. Consulte o edital completo no portal SSPPG UNEB.",UNEB,Mestrado - Aluno Especial,Educação,15,2026-06-29T12:00:00Z,2026-07-10T23:59:59Z,https://ssppg.uneb.br/inicio/editalExterno/1562?selecao=1562,Encerrado,2026-06-29T12:00:00Z,UNEB SSPPG
2026-08-03T06:09:35.488455Z,064/2026AE - Estudos Africanos e Representações da África - Stricto Sensu Mestrado - Aluno Especial,Inscrições para o processo seletivo da UNEB: 064/2026AE - Estudos Africanos e Representações da África - Stricto Sensu Mestrado - Aluno Especial. Período de inscrições de 03/07/2026 a 13/07/2026. Consulte o edital completo no portal SSPPG UNEB.,UNEB,Mestrado - Aluno Especial,Educação,15,2026-07-03T12:00:00Z,2026-07-13T23:59:59Z,https://ssppg.uneb.br/inicio/editalExterno/1576?selecao=1576,Encerrado,2026-07-03T12:00:00Z,UNEB SSPPG
2026-08-03T06:09:35.488455Z,059/20262AE - Ecologia Humana e Gestão Socioambiental - Stricto Sensu Mestrado/Doutorado - Aluno Especial,Inscrições para o processo seletivo da UNEB: 059/20262AE - Ecologia Humana e Gestão Socioambiental - Stricto Sensu Mestrado/Doutorado - Aluno Especial. Período de inscrições de 03/07/2026 a 10/07/2026. Consulte o edital completo no portal SSPPG UNEB.,UNEB,Doutorado - Aluno Especial,Gestão e Negócios,15,2026-07-03T12:00:00Z,2026-07-10T23:59:59Z,https://ssppg.uneb.br/inicio/editalExterno/1568?selecao=1568,Encerrado,2026-07-03T12:00:00Z,UNEB SSPPG
2026-08-03T06:09:35.488455Z,044/2026AE - Programa de Pós-Graduação em Letras - Stricto Sensu Mestrado - Aluno Especial,Inscrições para o processo seletivo da UNEB: 044/2026AE - Programa de Pós-Graduação em Letras - Stricto Sensu Mestrado - Aluno Especial. Período de inscrições de 03/07/2026 a 10/07/2026. Consulte o edital completo no portal SSPPG UNEB.,UNEB,Mestrado - Aluno Especial,Humanas e Sociais,15,2026-07-03T12:00:00Z,2026-07-10T23:59:59Z,https://ssppg.uneb.br/inicio/editalExterno/1558?selecao=1558,Encerrado,2026-07-03T12:00:00Z,UNEB SSPPG
2026-08-03T06:09:35.488455Z,063/2026AE - Ciências Farmacêuticas - Stricto Sensu Mestrado - Aluno Especial,Inscrições para o processo seletivo da UNEB: 063/2026AE - Ciências Farmacêuticas - Stricto Sensu Mestrado - Aluno Especial. Período de inscrições de 03/07/2026 a 13/07/2026. Consulte o edital completo no portal SSPPG UNEB.,UNEB,Mestrado - Aluno Especial,Educação,15,2026-07-03T12:00:00Z,2026-07-13T23:59:59Z,https://ssppg.uneb.br/inicio/editalExterno/1569?selecao=1569,Encerrado,2026-07-03T12:00:00Z,UNEB SSPPG
2026-08-04T05:38:47.709678Z,SIGAA - Sistema Integrado de Gestão de Atividades Acadêmicas,"MESTRADO EM ARQUITETURA E URBANISMO, 50, 12/06/2026 a 18/06/2026 ; PROCESSO SELETIVO IC-PGCOMP DOUTORADO PARA ALUNO ESPECIAL 2026.2.",UFBA,Mestrado - Aluno Especial,Engenharias e Exatas,10,2026-06-30T00:00:00Z,2026-07-20T00:00:00Z,https://sigaa.ufba.br/sigaa/public/processo_seletivo/lista.jsf?aba=p-processo&nivel=S,Encerrado,2026-06-30T00:00:00Z,Google Search (UFBA)
2026-08-04T05:38:47.709678Z,Edital nº 01 - Processo Seletivo Aluno Especial Doutorado 2026.2 - DOUTORADO EM ESTATÍSTICA E CIÊNCIAS DE DADOS,Inscrições abertas para o processo seletivo da UFBA de ingresso no curso: DOUTORADO EM ESTATÍSTICA E CIÊNCIAS DE DADOS. Vagas ofertadas: 5. Período de inscrições de 15/06/2026 a 10/07/2026. Consulte o edital completo no portal oficial da instituição.,UFBA,Doutorado - Aluno Especial,Engenharias e Exatas,5,2026-06-15T12:00:00Z,2026-07-10T12:00:00Z,https://sigaa.ufba.br/sigaa/public/processo_seletivo/lista.jsf?aba=p-processo&nivel=S,Encerrado,2026-06-15T12:00:00Z,UFBA SIGAA
2026-08-04T05:38:47.709678Z,Edital nº 01 - Processo Seletivo Aluno Especial Mestrado 2026.2 - MESTRADO EM ESTATÍSTICA E CIÊNCIAS DE DADOS,Inscrições abertas para o processo seletivo da UFBA de ingresso no curso: MESTRADO EM ESTATÍSTICA E CIÊNCIAS DE DADOS. Vagas ofertadas: 13. Período de inscrições de 15/06/2026 a 10/07/2026. Consulte o edital completo no portal oficial da instituição.,UFBA,Mestrado - Aluno Especial,Engenharias e Exatas,13,2026-06-15T12:00:00Z,2026-07-10T12:00:00Z,https://sigaa.ufba.br/sigaa/public/processo_seletivo/lista.jsf?aba=p-processo&nivel=S,Encerrado,2026-06-15T12:00:00Z,UFBA SIGAA
2026-08-04T05:38:47.709678Z,EDITAL DE ALUNO ESPECIAL 2026.2 DOUTORADO - DOUTORADO EM ARQUITETURA E URBANISMO,Inscrições abertas para o processo seletivo da UFBA de ingresso no curso: DOUTORADO EM ARQUITETURA E URBANISMO. Vagas ofertadas: 50. Período de inscrições de 12/06/2026 a 18/06/2026. Consulte o edital completo no portal oficial da instituição.,UFBA,Doutorado - Aluno Especial,Engenharias e Exatas,50,2026-06-12T12:00:00Z,2026-06-18T12:00:00Z,https://sigaa.ufba.br/sigaa/public/processo_seletivo/lista.jsf?aba=p-processo&nivel=S,Encerrado,2026-06-12T12:00:00Z,UFBA SIGAA
2026-08-04T05:38:47.709678Z,EDITAL DE ALUNO ESPECIAL 2026.2 MESTRADO - MESTRADO EM ARQUITETURA E URBANISMO,Inscrições abertas para o processo seletivo da UFBA de ingresso no curso: MESTRADO EM ARQUITETURA E URBANISMO. Vagas ofertadas: 50. Período de inscrições de 12/06/2026 a 18/06/2026. Consulte o edital completo no portal oficial da instituição.,UFBA,Mestrado - Aluno Especial,Engenharias e Exatas,50,2026-06-12T12:00:00Z,2026-06-18T12:00:00Z,https://sigaa.ufba.br/sigaa/public/processo_seletivo/lista.jsf?aba=p-processo&nivel=S,Encerrado,2026-06-12T12:00:00Z,UFBA SIGAA
2026-08-04T05:38:47.709678Z,PROCESSO SELETIVO IC-PGCOMP DOUTORADO PARA ALUNO ESPECIAL 2026.2 - DOUTORADO EM CIÊNCIA DA COMPUTAÇÃO,Inscrições abertas para o processo seletivo da UFBA de ingresso no curso: DOUTORADO EM CIÊNCIA DA COMPUTAÇÃO. Vagas ofertadas: 30. Período de inscrições de 12/06/2026 a 19/06/2026. Consulte o edital completo no portal oficial da instituição.,UFBA,Doutorado - Aluno Especial,Tecnologia e Informática,30,2026-06-12T12:00:00Z,2026-06-19T12:00:00Z,https://sigaa.ufba.br/sigaa/public/processo_seletivo/lista.jsf?aba=p-processo&nivel=S,Encerrado,2026-06-12T12:00:00Z,UFBA SIGAA
2026-08-04T05:38:47.709678Z,PROCESSO SELETIVO IC-PGCOMP MESTRADO PARA ALUNO ESPECIAL 2026.2 - MESTRADO EM CIÊNCIA DA COMPUTAÇÃO,Inscrições abertas para o processo seletivo da UFBA de ingresso no curso: MESTRADO EM CIÊNCIA DA COMPUTAÇÃO. Vagas ofertadas: 70. Período de inscrições de 12/06/2026 a 19/06/2026. Consulte o edital completo no portal oficial da instituição.,UFBA,Mestrado - Aluno Especial,Tecnologia e Informática,70,2026-06-12T12:00:00Z,2026-06-19T12:00:00Z,https://sigaa.ufba.br/sigaa/public/processo_seletivo/lista.jsf?aba=p-processo&nivel=S,Encerrado,2026-06-12T12:00:00Z,UFBA SIGAA
2026-08-04T05:38:47.709678Z,EDITAL nº 02/2026 - SELEÇÃO PARA ALUNO ESPECIAL - SEMESTRE LETIVO 2026.2 - MESTRADO EM EDUCAÇÃO,Inscrições abertas para o processo seletivo da UFBA de ingresso no curso: MESTRADO EM EDUCAÇÃO. Vagas ofertadas: 102. Período de inscrições de 09/06/2026 a 12/06/2026. Consulte o edital completo no portal oficial da instituição.,UFBA,Mestrado - Aluno Especial,Educação,102,2026-06-09T12:00:00Z,2026-06-12T12:00:00Z,https://sigaa.ufba.br/sigaa/public/processo_seletivo/lista.jsf?aba=p-processo&nivel=S,Encerrado,2026-06-09T12:00:00Z,UFBA SIGAA
2026-08-04T05:38:47.709678Z,PROCESSO SELETIVO PARA INGRESSO DE ALUNO ESPECIAL DOUTORADO- PGENF 2026.2 - DOUTORADO EM ENFERMAGEM E SAÚDE,Inscrições abertas para o processo seletivo da UFBA de ingresso no curso: DOUTORADO EM ENFERMAGEM E SAÚDE. Vagas ofertadas: 30. Período de inscrições de 09/06/2026 a 15/06/2026. Consulte o edital completo no portal oficial da instituição.,UFBA,Doutorado - Aluno Especial,Saúde e Biológicas,30,2026-06-09T12:00:00Z,2026-06-15T12:00:00Z,https://sigaa.ufba.br/sigaa/public/processo_seletivo/lista.jsf?aba=p-processo&nivel=S,Encerrado,2026-06-09T12:00:00Z,UFBA SIGAA
2026-08-04T05:38:47.709678Z,PROCESSO SELETIVO PARA INGRESSO DE ALUNO ESPECIAL MESTRADO- PGENF 2026.2 - MESTRADO EM ENFERMAGEM E SAÚDE,Inscrições abertas para o processo seletivo da UFBA de ingresso no curso: MESTRADO EM ENFERMAGEM E SAÚDE. Vagas ofertadas: 60. Período de inscrições de 09/06/2026 a 15/06/2026. Consulte o edital completo no portal oficial da instituição.,UFBA,Mestrado - Aluno Especial,Saúde e Biológicas,60,2026-06-09T12:00:00Z,2026-06-15T12:00:00Z,https://sigaa.ufba.br/sigaa/public/processo_seletivo/lista.jsf?aba=p-processo&nivel=S,Encerrado,2026-06-09T12:00:00Z,UFBA SIGAA
2026-08-04T05:38:47.709678Z,SELEÇÃO DE ALUNO/A ESPECIAL DO PPGCS - 2026.2 - MESTRADO EM CIÊNCIAS SOCIAIS,Inscrições abertas para o processo seletivo da UFBA de ingresso no curso: MESTRADO EM CIÊNCIAS SOCIAIS. Vagas ofertadas: 45. Período de inscrições de 05/06/2026 a 12/06/2026. Consulte o edital completo no portal oficial da instituição.,UFBA,Mestrado - Aluno Especial,Saúde e Biológicas,45,2026-06-05T12:00:00Z,2026-06-12T12:00:00Z,https://sigaa.ufba.br/sigaa/public/processo_seletivo/lista.jsf?aba=p-processo&nivel=S,Encerrado,2026-06-05T12:00:00Z,UFBA SIGAA
2026-08-04T05:38:47.709678Z,SELEÇÃO PARA ALUNO ESPECIAL PPGCONT 2026.2 - MESTRADO EM CONTABILIDADE,Inscrições abertas para o processo seletivo da UFBA de ingresso no curso: MESTRADO EM CONTABILIDADE. Vagas ofertadas: 80. Período de inscrições de 05/06/2026 a 12/06/2026. Consulte o edital completo no portal oficial da instituição.,UFBA,Mestrado - Aluno Especial,Saúde e Biológicas,80,2026-06-05T12:00:00Z,2026-06-12T12:00:00Z,https://sigaa.ufba.br/sigaa/public/processo_seletivo/lista.jsf?aba=p-processo&nivel=S,Encerrado,2026-06-05T12:00:00Z,UFBA SIGAA
2026-08-04T05:38:47.709678Z,function dpf(f) {var adp = f.adp;if (adp != null) {for (var i = 0;i EDITAL Nº 01/2026 - SELEÇÃO ALUNO ESPECIAL – SEMESTRE LETIVO 2026.1 - ESTUDOS DE L,Inscrições abertas para o processo seletivo da UNILAB de ingresso no curso: ESTUDOS DE LINGUAGEM: CONTEXTOS LUSÓFONOS BRASIL-ÁFRICA. Vagas ofertadas: 10. Período de inscrições de 01/07/2026 a 17/07/2026. Consulte o edital completo no portal oficial da instituição.,UNILAB,Mestrado - Aluno Especial,Saúde e Biológicas,10,2026-07-01T12:00:00Z,2026-07-17T12:00:00Z,https://sigaa.unilab.edu.br/sigaa/public/processo_seletivo/lista.jsf?aba=p-processo&nivel=S,Encerrado,2026-07-01T12:00:00Z,UNILAB SIGAA
2026-08-04T05:38:47.709678Z,049/2026AE - Química Aplicada - Stricto Sensu Mestrado - Aluno Especial,Inscrições para o processo seletivo da UNEB: 049/2026AE - Química Aplicada - Stricto Sensu Mestrado - Aluno Especial. Período de inscrições de 15/06/2026 a 10/07/2026. Consulte o edital completo no portal SSPPG UNEB.,UNEB,Mestrado - Aluno Especial,Engenharias e Exatas,15,2026-06-15T12:00:00Z,2026-07-10T23:59:59Z,https://ssppg.uneb.br/inicio/editalExterno/1561?selecao=1561,Encerrado,2026-06-15T12:00:00Z,UNEB SSPPG
2026-08-04T05:38:47.709678Z,050/2026AE - Educação e Contemporaneidade - Stricto Sensu Mestrado/Doutorado - Aluno Especial,Inscrições para o processo seletivo da UNEB: 050/2026AE - Educação e Contemporaneidade - Stricto Sensu Mestrado/Doutorado - Aluno Especial. Período de inscrições de 15/06/2026 a 06/07/2026. Consulte o edital completo no portal SSPPG UNEB.,UNEB,Doutorado - Aluno Especial,Educação,15,2026-06-15T12:00:00Z,2026-07-06T23:59:59Z,https://ssppg.uneb.br/inicio/editalExterno/1559?selecao=1559,Encerrado,2026-06-15T12:00:00Z,UNEB SSPPG
2026-08-04T05:38:47.709678Z,038/2026AE - Intervenção Educativa e Social - Stricto Sensu Mestrado - Aluno Especial,Inscrições para o processo seletivo da UNEB: 038/2026AE - Intervenção Educativa e Social - Stricto Sensu Mestrado - Aluno Especial. Período de inscrições de 15/06/2026 a 06/07/2026. Consulte o edital completo no portal SSPPG UNEB.,UNEB,Mestrado - Aluno Especial,Educação,15,2026-06-15T12:00:00Z,2026-07-06T23:59:59Z,https://ssppg.uneb.br/inicio/editalExterno/1554?selecao=1554,Encerrado,2026-06-15T12:00:00Z,UNEB SSPPG
2026-08-04T05:38:47.709678Z,053/2026AEME - Crítica Cultural - Stricto Sensu Mestrado - Aluno Especial,Inscrições para o processo seletivo da UNEB: 053/2026AEME - Crítica Cultural - Stricto Sensu Mestrado - Aluno Especial. Período de inscrições de 23/06/2026 a 06/07/2026. Consulte o edital completo no portal SSPPG UNEB.,UNEB,Mestrado - Aluno Especial,Educação,15,2026-06-23T12:00:00Z,2026-07-06T23:59:59Z,https://ssppg.uneb.br/inicio/editalExterno/1565?selecao=1565,Encerrado,2026-06-23T12:00:00Z,UNEB SSPPG
2026-08-04T05:38:47.709678Z,053/2026AEDO - Crítica Cultural - Stricto Sensu Doutorado - Aluno Especial,Inscrições para o processo seletivo da UNEB: 053/2026AEDO - Crítica Cultural - Stricto Sensu Doutorado - Aluno Especial. Período de inscrições de 23/06/2026 a 06/07/2026. Consulte o edital completo no portal SSPPG UNEB.,UNEB,Doutorado - Aluno Especial,Educação,15,2026-06-23T12:00:00Z,2026-07-06T23:59:59Z,https://ssppg.uneb.br/inicio/editalExterno/1567?selecao=1567,Encerrado,2026-06-23T12:00:00Z,UNEB SSPPG
2026-08-04T05:38:47.709678Z,055/2026AE - Educação e Diversidade - Stricto Sensu Mestrado - Aluno Especial,Inscrições para o processo seletivo da UNEB: 055/2026AE - Educação e Diversidade - Stricto Sensu Mestrado - Aluno Especial. Período de inscrições de 25/06/2026 a 08/07/2026. Consulte o edital completo no portal SSPPG UNEB.,UNEB,Mestrado - Aluno Especial,Educação,15,2026-06-25T12:00:00Z,2026-07-08T23:59:59Z,https://ssppg.uneb.br/inicio/editalExterno/1560?selecao=1560,Encerrado,2026-06-25T12:00:00Z,UNEB SSPPG
2026-08-04T05:38:47.709678Z,054/2026AE - ESTUDOS TERRITORIAIS - Stricto Sensu Mestrado - Aluno Especial,Inscrições para o processo seletivo da UNEB: 054/2026AE - ESTUDOS TERRITORIAIS - Stricto Sensu Mestrado - Aluno Especial. Período de inscrições de 25/06/2026 a 06/07/2026. Consulte o edital completo no portal SSPPG UNEB.,UNEB,Mestrado - Aluno Especial,Educação,15,2026-06-25T12:00:00Z,2026-07-06T23:59:59Z,https://ssppg.uneb.br/inicio/editalExterno/1557?selecao=1557,Encerrado,2026-06-25T12:00:00Z,UNEB SSPPG
2026-08-04T05:38:47.709678Z,"056/2026AE - ENSINO, LINGUAGEM E SOCIEDADE - Stricto Sensu Mestrado - Aluno Especial","Inscrições para o processo seletivo da UNEB: 056/2026AE - ENSINO, LINGUAGEM E SOCIEDADE - Stricto Sensu Mestrado - Aluno Especial. Período de inscrições de 26/06/2026 a 09/07/2026. Consulte o edital completo no portal SSPPG UNEB.",UNEB,Mestrado - Aluno Especial,Educação,15,2026-06-26T12:00:00Z,2026-07-09T23:59:59Z,https://ssppg.uneb.br/inicio/editalExterno/1564?selecao=1564,Encerrado,2026-06-26T12:00:00Z,UNEB SSPPG
2026-08-04T05:38:47.709678Z,048/2026AE - Estudo de Linguagens - Stricto Sensu Mestrado/Doutorado - Aluno Especial,Inscrições para o processo seletivo da UNEB: 048/2026AE - Estudo de Linguagens - Stricto Sensu Mestrado/Doutorado - Aluno Especial. Período de inscrições de 29/06/2026 a 10/07/2026. Consulte o edital completo no portal SSPPG UNEB.,UNEB,Doutorado - Aluno Especial,Humanas e Sociais,15,2026-06-29T12:00:00Z,2026-07-10T23:59:59Z,https://ssppg.uneb.br/inicio/editalExterno/1563?selecao=1563,Encerrado,2026-06-29T12:00:00Z,UNEB SSPPG
2026-08-04T05:38:47.709678Z,061/2026AE - Educação e Formação Docente - Stricto Sensu Mestrado - Aluno Especial,Inscrições para o processo seletivo da UNEB: 061/2026AE - Educação e Formação Docente - Stricto Sensu Mestrado - Aluno Especial. Período de inscrições de 29/06/2026 a 10/07/2026. Consulte o edital completo no portal SSPPG UNEB.,UNEB,Mestrado - Aluno Especial,Educação,15,2026-06-29T12:00:00Z,2026-07-10T23:59:59Z,https://ssppg.uneb.br/inicio/editalExterno/1570?selecao=1570,Encerrado,2026-06-29T12:00:00Z,UNEB SSPPG
2026-08-04T05:38:47.709678Z,"058/2026AE - Estudos Africanos, Povos Indígenas e Culturas Negras - Stricto Sensu Mestrado - Aluno Especial","Inscrições para o processo seletivo da UNEB: 058/2026AE - Estudos Africanos, Povos Indígenas e Culturas Negras - Stricto Sensu Mestrado - Aluno Especial. Período de inscrições de 29/06/2026 a 10/07/2026. Consulte o edital completo no portal SSPPG UNEB.",UNEB,Mestrado - Aluno Especial,Educação,15,2026-06-29T12:00:00Z,2026-07-10T23:59:59Z,https://ssppg.uneb.br/inicio/editalExterno/1562?selecao=1562,Encerrado,2026-06-29T12:00:00Z,UNEB SSPPG
2026-08-04T05:38:47.709678Z,064/2026AE - Estudos Africanos e Representações da África - Stricto Sensu Mestrado - Aluno Especial,Inscrições para o processo seletivo da UNEB: 064/2026AE - Estudos Africanos e Representações da África - Stricto Sensu Mestrado - Aluno Especial. Período de inscrições de 03/07/2026 a 13/07/2026. Consulte o edital completo no portal SSPPG UNEB.,UNEB,Mestrado - Aluno Especial,Educação,15,2026-07-03T12:00:00Z,2026-07-13T23:59:59Z,https://ssppg.uneb.br/inicio/editalExterno/1576?selecao=1576,Encerrado,2026-07-03T12:00:00Z,UNEB SSPPG
2026-08-04T05:38:47.709678Z,059/20262AE - Ecologia Humana e Gestão Socioambiental - Stricto Sensu Mestrado/Doutorado - Aluno Especial,Inscrições para o processo seletivo da UNEB: 059/20262AE - Ecologia Humana e Gestão Socioambiental - Stricto Sensu Mestrado/Doutorado - Aluno Especial. Período de inscrições de 03/07/2026 a 10/07/2026. Consulte o edital completo no portal SSPPG UNEB.,UNEB,Doutorado - Aluno Especial,Gestão e Negócios,15,2026-07-03T12:00:00Z,2026-07-10T23:59:59Z,https://ssppg.uneb.br/inicio/editalExterno/1568?selecao=1568,Encerrado,2026-07-03T12:00:00Z,UNEB SSPPG
2026-08-04T05:38:47.709678Z,044/2026AE - Programa de Pós-Graduação em Letras - Stricto Sensu Mestrado - Aluno Especial,Inscrições para o processo seletivo da UNEB: 044/2026AE - Programa de Pós-Graduação em Letras - Stricto Sensu Mestrado - Aluno Especial. Período de inscrições de 03/07/2026 a 10/07/2026. Consulte o edital completo no portal SSPPG UNEB.,UNEB,Mestrado - Aluno Especial,Humanas e Sociais,15,2026-07-03T12:00:00Z,2026-07-10T23:59:59Z,https://ssppg.uneb.br/inicio/editalExterno/1558?selecao=1558,Encerrado,2026-07-03T12:00:00Z,UNEB SSPPG
2026-08-04T05:38:47.709678Z,063/2026AE - Ciências Farmacêuticas - Stricto Sensu Mestrado - Aluno Especial,Inscrições para o processo seletivo da UNEB: 063/2026AE - Ciências Farmacêuticas - Stricto Sensu Mestrado - Aluno Especial. Período de inscrições de 03/07/2026 a 13/07/2026. Consulte o edital completo no portal SSPPG UNEB.,UNEB,Mestrado - Aluno Especial,Educação,15,2026-07-03T12:00:00Z,2026-07-13T23:59:59Z,https://ssppg.uneb.br/inicio/editalExterno/1569?selecao=1569,Encerrado,2026-07-03T12:00:00Z,UNEB SSPPG
2026-08-05T05:36:39.138484Z,SIGAA - Sistema Integrado de Gestão de Atividades Acadêmicas,"MESTRADO EM ARQUITETURA E URBANISMO, 50, 12/06/2026 a 18/06/2026 ; PROCESSO SELETIVO IC-PGCOMP DOUTORADO PARA ALUNO ESPECIAL 2026.2.",UFBA,Mestrado - Aluno Especial,Engenharias e Exatas,10,2026-06-30T00:00:00Z,2026-07-20T00:00:00Z,https://sigaa.ufba.br/sigaa/public/processo_seletivo/lista.jsf?aba=p-processo&nivel=S,Encerrado,2026-06-30T00:00:00Z,Google Search (UFBA)
2026-08-05T05:36:39.138484Z,Edital nº 01 - Processo Seletivo Aluno Especial Doutorado 2026.2 - DOUTORADO EM ESTATÍSTICA E CIÊNCIAS DE DADOS,Inscrições abertas para o processo seletivo da UFBA de ingresso no curso: DOUTORADO EM ESTATÍSTICA E CIÊNCIAS DE DADOS. Vagas ofertadas: 5. Período de inscrições de 15/06/2026 a 10/07/2026. Consulte o edital completo no portal oficial da instituição.,UFBA,Doutorado - Aluno Especial,Engenharias e Exatas,5,2026-06-15T12:00:00Z,2026-07-10T12:00:00Z,https://sigaa.ufba.br/sigaa/public/processo_seletivo/lista.jsf?aba=p-processo&nivel=S,Encerrado,2026-06-15T12:00:00Z,UFBA SIGAA
2026-08-05T05:36:39.138484Z,Edital nº 01 - Processo Seletivo Aluno Especial Mestrado 2026.2 - MESTRADO EM ESTATÍSTICA E CIÊNCIAS DE DADOS,Inscrições abertas para o processo seletivo da UFBA de ingresso no curso: MESTRADO EM ESTATÍSTICA E CIÊNCIAS DE DADOS. Vagas ofertadas: 13. Período de inscrições de 15/06/2026 a 10/07/2026. Consulte o edital completo no portal oficial da instituição.,UFBA,Mestrado - Aluno Especial,Engenharias e Exatas,13,2026-06-15T12:00:00Z,2026-07-10T12:00:00Z,https://sigaa.ufba.br/sigaa/public/processo_seletivo/lista.jsf?aba=p-processo&nivel=S,Encerrado,2026-06-15T12:00:00Z,UFBA SIGAA
2026-08-05T05:36:39.138484Z,EDITAL DE ALUNO ESPECIAL 2026.2 DOUTORADO - DOUTORADO EM ARQUITETURA E URBANISMO,Inscrições abertas para o processo seletivo da UFBA de ingresso no curso: DOUTORADO EM ARQUITETURA E URBANISMO. Vagas ofertadas: 50. Período de inscrições de 12/06/2026 a 18/06/2026. Consulte o edital completo no portal oficial da instituição.,UFBA,Doutorado - Aluno Especial,Engenharias e Exatas,50,2026-06-12T12:00:00Z,2026-06-18T12:00:00Z,https://sigaa.ufba.br/sigaa/public/processo_seletivo/lista.jsf?aba=p-processo&nivel=S,Encerrado,2026-06-12T12:00:00Z,UFBA SIGAA
2026-08-05T05:36:39.138484Z,EDITAL DE ALUNO ESPECIAL 2026.2 MESTRADO - MESTRADO EM ARQUITETURA E URBANISMO,Inscrições abertas para o processo seletivo da UFBA de ingresso no curso: MESTRADO EM ARQUITETURA E URBANISMO. Vagas ofertadas: 50. Período de inscrições de 12/06/2026 a 18/06/2026. Consulte o edital completo no portal oficial da instituição.,UFBA,Mestrado - Aluno Especial,Engenharias e Exatas,50,2026-06-12T12:00:00Z,2026-06-18T12:00:00Z,https://sigaa.ufba.br/sigaa/public/processo_seletivo/lista.jsf?aba=p-processo&nivel=S,Encerrado,2026-06-12T12:00:00Z,UFBA SIGAA
2026-08-05T05:36:39.138484Z,PROCESSO SELETIVO IC-PGCOMP DOUTORADO PARA ALUNO ESPECIAL 2026.2 - DOUTORADO EM CIÊNCIA DA COMPUTAÇÃO,Inscrições abertas para o processo seletivo da UFBA de ingresso no curso: DOUTORADO EM CIÊNCIA DA COMPUTAÇÃO. Vagas ofertadas: 30. Período de inscrições de 12/06/2026 a 19/06/2026. Consulte o edital completo no portal oficial da instituição.,UFBA,Doutorado - Aluno Especial,Tecnologia e Informática,30,2026-06-12T12:00:00Z,2026-06-19T12:00:00Z,https://sigaa.ufba.br/sigaa/public/processo_seletivo/lista.jsf?aba=p-processo&nivel=S,Encerrado,2026-06-12T12:00:00Z,UFBA SIGAA
2026-08-05T05:36:39.138484Z,PROCESSO SELETIVO IC-PGCOMP MESTRADO PARA ALUNO ESPECIAL 2026.2 - MESTRADO EM CIÊNCIA DA COMPUTAÇÃO,Inscrições abertas para o processo seletivo da UFBA de ingresso no curso: MESTRADO EM CIÊNCIA DA COMPUTAÇÃO. Vagas ofertadas: 70. Período de inscrições de 12/06/2026 a 19/06/2026. Consulte o edital completo no portal oficial da instituição.,UFBA,Mestrado - Aluno Especial,Tecnologia e Informática,70,2026-06-12T12:00:00Z,2026-06-19T12:00:00Z,https://sigaa.ufba.br/sigaa/public/processo_seletivo/lista.jsf?aba=p-processo&nivel=S,Encerrado,2026-06-12T12:00:00Z,UFBA SIGAA
2026-08-05T05:36:39.138484Z,EDITAL nº 02/2026 - SELEÇÃO PARA ALUNO ESPECIAL - SEMESTRE LETIVO 2026.2 - MESTRADO EM EDUCAÇÃO,Inscrições abertas para o processo seletivo da UFBA de ingresso no curso: MESTRADO EM EDUCAÇÃO. Vagas ofertadas: 102. Período de inscrições de 09/06/2026 a 12/06/2026. Consulte o edital completo no portal oficial da instituição.,UFBA,Mestrado - Aluno Especial,Educação,102,2026-06-09T12:00:00Z,2026-06-12T12:00:00Z,https://sigaa.ufba.br/sigaa/public/processo_seletivo/lista.jsf?aba=p-processo&nivel=S,Encerrado,2026-06-09T12:00:00Z,UFBA SIGAA
2026-08-05T05:36:39.138484Z,PROCESSO SELETIVO PARA INGRESSO DE ALUNO ESPECIAL DOUTORADO- PGENF 2026.2 - DOUTORADO EM ENFERMAGEM E SAÚDE,Inscrições abertas para o processo seletivo da UFBA de ingresso no curso: DOUTORADO EM ENFERMAGEM E SAÚDE. Vagas ofertadas: 30. Período de inscrições de 09/06/2026 a 15/06/2026. Consulte o edital completo no portal oficial da instituição.,UFBA,Doutorado - Aluno Especial,Saúde e Biológicas,30,2026-06-09T12:00:00Z,2026-06-15T12:00:00Z,https://sigaa.ufba.br/sigaa/public/processo_seletivo/lista.jsf?aba=p-processo&nivel=S,Encerrado,2026-06-09T12:00:00Z,UFBA SIGAA
2026-08-05T05:36:39.138484Z,PROCESSO SELETIVO PARA INGRESSO DE ALUNO ESPECIAL MESTRADO- PGENF 2026.2 - MESTRADO EM ENFERMAGEM E SAÚDE,Inscrições abertas para o processo seletivo da UFBA de ingresso no curso: MESTRADO EM ENFERMAGEM E SAÚDE. Vagas ofertadas: 60. Período de inscrições de 09/06/2026 a 15/06/2026. Consulte o edital completo no portal oficial da instituição.,UFBA,Mestrado - Aluno Especial,Saúde e Biológicas,60,2026-06-09T12:00:00Z,2026-06-15T12:00:00Z,https://sigaa.ufba.br/sigaa/public/processo_seletivo/lista.jsf?aba=p-processo&nivel=S,Encerrado,2026-06-09T12:00:00Z,UFBA SIGAA
2026-08-05T05:36:39.138484Z,SELEÇÃO DE ALUNO/A ESPECIAL DO PPGCS - 2026.2 - MESTRADO EM CIÊNCIAS SOCIAIS,Inscrições abertas para o processo seletivo da UFBA de ingresso no curso: MESTRADO EM CIÊNCIAS SOCIAIS. Vagas ofertadas: 45. Período de inscrições de 05/06/2026 a 12/06/2026. Consulte o edital completo no portal oficial da instituição.,UFBA,Mestrado - Aluno Especial,Saúde e Biológicas,45,2026-06-05T12:00:00Z,2026-06-12T12:00:00Z,https://sigaa.ufba.br/sigaa/public/processo_seletivo/lista.jsf?aba=p-processo&nivel=S,Encerrado,2026-06-05T12:00:00Z,UFBA SIGAA
2026-08-05T05:36:39.138484Z,SELEÇÃO PARA ALUNO ESPECIAL PPGCONT 2026.2 - MESTRADO EM CONTABILIDADE,Inscrições abertas para o processo seletivo da UFBA de ingresso no curso: MESTRADO EM CONTABILIDADE. Vagas ofertadas: 80. Período de inscrições de 05/06/2026 a 12/06/2026. Consulte o edital completo no portal oficial da instituição.,UFBA,Mestrado - Aluno Especial,Saúde e Biológicas,80,2026-06-05T12:00:00Z,2026-06-12T12:00:00Z,https://sigaa.ufba.br/sigaa/public/processo_seletivo/lista.jsf?aba=p-processo&nivel=S,Encerrado,2026-06-05T12:00:00Z,UFBA SIGAA
2026-08-05T05:36:39.138484Z,function dpf(f) {var adp = f.adp;if (adp != null) {for (var i = 0;i EDITAL Nº 01/2026 - SELEÇÃO ALUNO ESPECIAL – SEMESTRE LETIVO 2026.1 - ESTUDOS DE L,Inscrições abertas para o processo seletivo da UNILAB de ingresso no curso: ESTUDOS DE LINGUAGEM: CONTEXTOS LUSÓFONOS BRASIL-ÁFRICA. Vagas ofertadas: 10. Período de inscrições de 01/07/2026 a 17/07/2026. Consulte o edital completo no portal oficial da instituição.,UNILAB,Mestrado - Aluno Especial,Saúde e Biológicas,10,2026-07-01T12:00:00Z,2026-07-17T12:00:00Z,https://sigaa.unilab.edu.br/sigaa/public/processo_seletivo/lista.jsf?aba=p-processo&nivel=S,Encerrado,2026-07-01T12:00:00Z,UNILAB SIGAA
2026-08-05T05:36:39.138484Z,049/2026AE - Química Aplicada - Stricto Sensu Mestrado - Aluno Especial,Inscrições para o processo seletivo da UNEB: 049/2026AE - Química Aplicada - Stricto Sensu Mestrado - Aluno Especial. Período de inscrições de 15/06/2026 a 10/07/2026. Consulte o edital completo no portal SSPPG UNEB.,UNEB,Mestrado - Aluno Especial,Engenharias e Exatas,15,2026-06-15T12:00:00Z,2026-07-10T23:59:59Z,https://ssppg.uneb.br/inicio/editalExterno/1561?selecao=1561,Encerrado,2026-06-15T12:00:00Z,UNEB SSPPG
2026-08-05T05:36:39.138484Z,050/2026AE - Educação e Contemporaneidade - Stricto Sensu Mestrado/Doutorado - Aluno Especial,Inscrições para o processo seletivo da UNEB: 050/2026AE - Educação e Contemporaneidade - Stricto Sensu Mestrado/Doutorado - Aluno Especial. Período de inscrições de 15/06/2026 a 06/07/2026. Consulte o edital completo no portal SSPPG UNEB.,UNEB,Doutorado - Aluno Especial,Educação,15,2026-06-15T12:00:00Z,2026-07-06T23:59:59Z,https://ssppg.uneb.br/inicio/editalExterno/1559?selecao=1559,Encerrado,2026-06-15T12:00:00Z,UNEB SSPPG
2026-08-05T05:36:39.138484Z,038/2026AE - Intervenção Educativa e Social - Stricto Sensu Mestrado - Aluno Especial,Inscrições para o processo seletivo da UNEB: 038/2026AE - Intervenção Educativa e Social - Stricto Sensu Mestrado - Aluno Especial. Período de inscrições de 15/06/2026 a 06/07/2026. Consulte o edital completo no portal SSPPG UNEB.,UNEB,Mestrado - Aluno Especial,Educação,15,2026-06-15T12:00:00Z,2026-07-06T23:59:59Z,https://ssppg.uneb.br/inicio/editalExterno/1554?selecao=1554,Encerrado,2026-06-15T12:00:00Z,UNEB SSPPG
2026-08-05T05:36:39.138484Z,053/2026AEME - Crítica Cultural - Stricto Sensu Mestrado - Aluno Especial,Inscrições para o processo seletivo da UNEB: 053/2026AEME - Crítica Cultural - Stricto Sensu Mestrado - Aluno Especial. Período de inscrições de 23/06/2026 a 06/07/2026. Consulte o edital completo no portal SSPPG UNEB.,UNEB,Mestrado - Aluno Especial,Educação,15,2026-06-23T12:00:00Z,2026-07-06T23:59:59Z,https://ssppg.uneb.br/inicio/editalExterno/1565?selecao=1565,Encerrado,2026-06-23T12:00:00Z,UNEB SSPPG
2026-08-05T05:36:39.138484Z,053/2026AEDO - Crítica Cultural - Stricto Sensu Doutorado - Aluno Especial,Inscrições para o processo seletivo da UNEB: 053/2026AEDO - Crítica Cultural - Stricto Sensu Doutorado - Aluno Especial. Período de inscrições de 23/06/2026 a 06/07/2026. Consulte o edital completo no portal SSPPG UNEB.,UNEB,Doutorado - Aluno Especial,Educação,15,2026-06-23T12:00:00Z,2026-07-06T23:59:59Z,https://ssppg.uneb.br/inicio/editalExterno/1567?selecao=1567,Encerrado,2026-06-23T12:00:00Z,UNEB SSPPG
2026-08-05T05:36:39.138484Z,055/2026AE - Educação e Diversidade - Stricto Sensu Mestrado - Aluno Especial,Inscrições para o processo seletivo da UNEB: 055/2026AE - Educação e Diversidade - Stricto Sensu Mestrado - Aluno Especial. Período de inscrições de 25/06/2026 a 08/07/2026. Consulte o edital completo no portal SSPPG UNEB.,UNEB,Mestrado - Aluno Especial,Educação,15,2026-06-25T12:00:00Z,2026-07-08T23:59:59Z,https://ssppg.uneb.br/inicio/editalExterno/1560?selecao=1560,Encerrado,2026-06-25T12:00:00Z,UNEB SSPPG
2026-08-05T05:36:39.138484Z,054/2026AE - ESTUDOS TERRITORIAIS - Stricto Sensu Mestrado - Aluno Especial,Inscrições para o processo seletivo da UNEB: 054/2026AE - ESTUDOS TERRITORIAIS - Stricto Sensu Mestrado - Aluno Especial. Período de inscrições de 25/06/2026 a 06/07/2026. Consulte o edital completo no portal SSPPG UNEB.,UNEB,Mestrado - Aluno Especial,Educação,15,2026-06-25T12:00:00Z,2026-07-06T23:59:59Z,https://ssppg.uneb.br/inicio/editalExterno/1557?selecao=1557,Encerrado,2026-06-25T12:00:00Z,UNEB SSPPG
2026-08-05T05:36:39.138484Z,"056/2026AE - ENSINO, LINGUAGEM E SOCIEDADE - Stricto Sensu Mestrado - Aluno Especial","Inscrições para o processo seletivo da UNEB: 056/2026AE - ENSINO, LINGUAGEM E SOCIEDADE - Stricto Sensu Mestrado - Aluno Especial. Período de inscrições de 26/06/2026 a 09/07/2026. Consulte o edital completo no portal SSPPG UNEB.",UNEB,Mestrado - Aluno Especial,Educação,15,2026-06-26T12:00:00Z,2026-07-09T23:59:59Z,https://ssppg.uneb.br/inicio/editalExterno/1564?selecao=1564,Encerrado,2026-06-26T12:00:00Z,UNEB SSPPG
2026-08-05T05:36:39.138484Z,048/2026AE - Estudo de Linguagens - Stricto Sensu Mestrado/Doutorado - Aluno Especial,Inscrições para o processo seletivo da UNEB: 048/2026AE - Estudo de Linguagens - Stricto Sensu Mestrado/Doutorado - Aluno Especial. Período de inscrições de 29/06/2026 a 10/07/2026. Consulte o edital completo no portal SSPPG UNEB.,UNEB,Doutorado - Aluno Especial,Humanas e Sociais,15,2026-06-29T12:00:00Z,2026-07-10T23:59:59Z,https://ssppg.uneb.br/inicio/editalExterno/1563?selecao=1563,Encerrado,2026-06-29T12:00:00Z,UNEB SSPPG
2026-08-05T05:36:39.138484Z,061/2026AE - Educação e Formação Docente - Stricto Sensu Mestrado - Aluno Especial,Inscrições para o processo seletivo da UNEB: 061/2026AE - Educação e Formação Docente - Stricto Sensu Mestrado - Aluno Especial. Período de inscrições de 29/06/2026 a 10/07/2026. Consulte o edital completo no portal SSPPG UNEB.,UNEB,Mestrado - Aluno Especial,Educação,15,2026-06-29T12:00:00Z,2026-07-10T23:59:59Z,https://ssppg.uneb.br/inicio/editalExterno/1570?selecao=1570,Encerrado,2026-06-29T12:00:00Z,UNEB SSPPG
2026-08-05T05:36:39.138484Z,"058/2026AE - Estudos Africanos, Povos Indígenas e Culturas Negras - Stricto Sensu Mestrado - Aluno Especial","Inscrições para o processo seletivo da UNEB: 058/2026AE - Estudos Africanos, Povos Indígenas e Culturas Negras - Stricto Sensu Mestrado - Aluno Especial. Período de inscrições de 29/06/2026 a 10/07/2026. Consulte o edital completo no portal SSPPG UNEB.",UNEB,Mestrado - Aluno Especial,Educação,15,2026-06-29T12:00:00Z,2026-07-10T23:59:59Z,https://ssppg.uneb.br/inicio/editalExterno/1562?selecao=1562,Encerrado,2026-06-29T12:00:00Z,UNEB SSPPG
2026-08-05T05:36:39.138484Z,064/2026AE - Estudos Africanos e Representações da África - Stricto Sensu Mestrado - Aluno Especial,Inscrições para o processo seletivo da UNEB: 064/2026AE - Estudos Africanos e Representações da África - Stricto Sensu Mestrado - Aluno Especial. Período de inscrições de 03/07/2026 a 13/07/2026. Consulte o edital completo no portal SSPPG UNEB.,UNEB,Mestrado - Aluno Especial,Educação,15,2026-07-03T12:00:00Z,2026-07-13T23:59:59Z,https://ssppg.uneb.br/inicio/editalExterno/1576?selecao=1576,Encerrado,2026-07-03T12:00:00Z,UNEB SSPPG
2026-08-05T05:36:39.138484Z,059/20262AE - Ecologia Humana e Gestão Socioambiental - Stricto Sensu Mestrado/Doutorado - Aluno Especial,Inscrições para o processo seletivo da UNEB: 059/20262AE - Ecologia Humana e Gestão Socioambiental - Stricto Sensu Mestrado/Doutorado - Aluno Especial. Período de inscrições de 03/07/2026 a 10/07/2026. Consulte o edital completo no portal SSPPG UNEB.,UNEB,Doutorado - Aluno Especial,Gestão e Negócios,15,2026-07-03T12:00:00Z,2026-07-10T23:59:59Z,https://ssppg.uneb.br/inicio/editalExterno/1568?selecao=1568,Encerrado,2026-07-03T12:00:00Z,UNEB SSPPG
2026-08-05T05:36:39.138484Z,044/2026AE - Programa de Pós-Graduação em Letras - Stricto Sensu Mestrado - Aluno Especial,Inscrições para o processo seletivo da UNEB: 044/2026AE - Programa de Pós-Graduação em Letras - Stricto Sensu Mestrado - Aluno Especial. Período de inscrições de 03/07/2026 a 10/07/2026. Consulte o edital completo no portal SSPPG UNEB.,UNEB,Mestrado - Aluno Especial,Humanas e Sociais,15,2026-07-03T12:00:00Z,2026-07-10T23:59:59Z,https://ssppg.uneb.br/inicio/editalExterno/1558?selecao=1558,Encerrado,2026-07-03T12:00:00Z,UNEB SSPPG
2026-08-05T05:36:39.138484Z,063/2026AE - Ciências Farmacêuticas - Stricto Sensu Mestrado - Aluno Especial,Inscrições para o processo seletivo da UNEB: 063/2026AE - Ciências Farmacêuticas - Stricto Sensu Mestrado - Aluno Especial. Período de inscrições de 03/07/2026 a 13/07/2026. Consulte o edital completo no portal SSPPG UNEB.,UNEB,Mestrado - Aluno Especial,Educação,15,2026-07-03T12:00:00Z,2026-07-13T23:59:59Z,https://ssppg.uneb.br/inicio/editalExterno/1569?selecao=1569,Encerrado,2026-07-03T12:00:00Z,UNEB SSPPG
2026-08-06T05:38:54.046835Z,SIGAA - Sistema Integrado de Gestão de Atividades Acadêmicas,"MESTRADO EM ARQUITETURA E URBANISMO, 50, 12/06/2026 a 18/06/2026 ; PROCESSO SELETIVO IC-PGCOMP DOUTORADO PARA ALUNO ESPECIAL 2026.2.",UFBA,Mestrado - Aluno Especial,Engenharias e Exatas,10,2026-06-30T00:00:00Z,2026-07-20T00:00:00Z,https://sigaa.ufba.br/sigaa/public/processo_seletivo/lista.jsf?aba=p-processo&nivel=S,Encerrado,2026-06-30T00:00:00Z,Google Search (UFBA)
2026-08-06T05:38:54.046835Z,Edital nº 01 - Processo Seletivo Aluno Especial Doutorado 2026.2 - DOUTORADO EM ESTATÍSTICA E CIÊNCIAS DE DADOS,Inscrições abertas para o processo seletivo da UFBA de ingresso no curso: DOUTORADO EM ESTATÍSTICA E CIÊNCIAS DE DADOS. Vagas ofertadas: 5. Período de inscrições de 15/06/2026 a 10/07/2026. Consulte o edital completo no portal oficial da instituição.,UFBA,Doutorado - Aluno Especial,Engenharias e Exatas,5,2026-06-15T12:00:00Z,2026-07-10T12:00:00Z,https://sigaa.ufba.br/sigaa/public/processo_seletivo/lista.jsf?aba=p-processo&nivel=S,Encerrado,2026-06-15T12:00:00Z,UFBA SIGAA
2026-08-06T05:38:54.046835Z,Edital nº 01 - Processo Seletivo Aluno Especial Mestrado 2026.2 - MESTRADO EM ESTATÍSTICA E CIÊNCIAS DE DADOS,Inscrições abertas para o processo seletivo da UFBA de ingresso no curso: MESTRADO EM ESTATÍSTICA E CIÊNCIAS DE DADOS. Vagas ofertadas: 13. Período de inscrições de 15/06/2026 a 10/07/2026. Consulte o edital completo no portal oficial da instituição.,UFBA,Mestrado - Aluno Especial,Engenharias e Exatas,13,2026-06-15T12:00:00Z,2026-07-10T12:00:00Z,https://sigaa.ufba.br/sigaa/public/processo_seletivo/lista.jsf?aba=p-processo&nivel=S,Encerrado,2026-06-15T12:00:00Z,UFBA SIGAA
2026-08-06T05:38:54.046835Z,EDITAL DE ALUNO ESPECIAL 2026.2 DOUTORADO - DOUTORADO EM ARQUITETURA E URBANISMO,Inscrições abertas para o processo seletivo da UFBA de ingresso no curso: DOUTORADO EM ARQUITETURA E URBANISMO. Vagas ofertadas: 50. Período de inscrições de 12/06/2026 a 18/06/2026. Consulte o edital completo no portal oficial da instituição.,UFBA,Doutorado - Aluno Especial,Engenharias e Exatas,50,2026-06-12T12:00:00Z,2026-06-18T12:00:00Z,https://sigaa.ufba.br/sigaa/public/processo_seletivo/lista.jsf?aba=p-processo&nivel=S,Encerrado,2026-06-12T12:00:00Z,UFBA SIGAA
2026-08-06T05:38:54.046835Z,EDITAL DE ALUNO ESPECIAL 2026.2 MESTRADO - MESTRADO EM ARQUITETURA E URBANISMO,Inscrições abertas para o processo seletivo da UFBA de ingresso no curso: MESTRADO EM ARQUITETURA E URBANISMO. Vagas ofertadas: 50. Período de inscrições de 12/06/2026 a 18/06/2026. Consulte o edital completo no portal oficial da instituição.,UFBA,Mestrado - Aluno Especial,Engenharias e Exatas,50,2026-06-12T12:00:00Z,2026-06-18T12:00:00Z,https://sigaa.ufba.br/sigaa/public/processo_seletivo/lista.jsf?aba=p-processo&nivel=S,Encerrado,2026-06-12T12:00:00Z,UFBA SIGAA
2026-08-06T05:38:54.046835Z,PROCESSO SELETIVO IC-PGCOMP DOUTORADO PARA ALUNO ESPECIAL 2026.2 - DOUTORADO EM CIÊNCIA DA COMPUTAÇÃO,Inscrições abertas para o processo seletivo da UFBA de ingresso no curso: DOUTORADO EM CIÊNCIA DA COMPUTAÇÃO. Vagas ofertadas: 30. Período de inscrições de 12/06/2026 a 19/06/2026. Consulte o edital completo no portal oficial da instituição.,UFBA,Doutorado - Aluno Especial,Tecnologia e Informática,30,2026-06-12T12:00:00Z,2026-06-19T12:00:00Z,https://sigaa.ufba.br/sigaa/public/processo_seletivo/lista.jsf?aba=p-processo&nivel=S,Encerrado,2026-06-12T12:00:00Z,UFBA SIGAA
2026-08-06T05:38:54.046835Z,PROCESSO SELETIVO IC-PGCOMP MESTRADO PARA ALUNO ESPECIAL 2026.2 - MESTRADO EM CIÊNCIA DA COMPUTAÇÃO,Inscrições abertas para o processo seletivo da UFBA de ingresso no curso: MESTRADO EM CIÊNCIA DA COMPUTAÇÃO. Vagas ofertadas: 70. Período de inscrições de 12/06/2026 a 19/06/2026. Consulte o edital completo no portal oficial da instituição.,UFBA,Mestrado - Aluno Especial,Tecnologia e Informática,70,2026-06-12T12:00:00Z,2026-06-19T12:00:00Z,https://sigaa.ufba.br/sigaa/public/processo_seletivo/lista.jsf?aba=p-processo&nivel=S,Encerrado,2026-06-12T12:00:00Z,UFBA SIGAA
2026-08-06T05:38:54.046835Z,EDITAL nº 02/2026 - SELEÇÃO PARA ALUNO ESPECIAL - SEMESTRE LETIVO 2026.2 - MESTRADO EM EDUCAÇÃO,Inscrições abertas para o processo seletivo da UFBA de ingresso no curso: MESTRADO EM EDUCAÇÃO. Vagas ofertadas: 102. Período de inscrições de 09/06/2026 a 12/06/2026. Consulte o edital completo no portal oficial da instituição.,UFBA,Mestrado - Aluno Especial,Educação,102,2026-06-09T12:00:00Z,2026-06-12T12:00:00Z,https://sigaa.ufba.br/sigaa/public/processo_seletivo/lista.jsf?aba=p-processo&nivel=S,Encerrado,2026-06-09T12:00:00Z,UFBA SIGAA
2026-08-06T05:38:54.046835Z,PROCESSO SELETIVO PARA INGRESSO DE ALUNO ESPECIAL DOUTORADO- PGENF 2026.2 - DOUTORADO EM ENFERMAGEM E SAÚDE,Inscrições abertas para o processo seletivo da UFBA de ingresso no curso: DOUTORADO EM ENFERMAGEM E SAÚDE. Vagas ofertadas: 30. Período de inscrições de 09/06/2026 a 15/06/2026. Consulte o edital completo no portal oficial da instituição.,UFBA,Doutorado - Aluno Especial,Saúde e Biológicas,30,2026-06-09T12:00:00Z,2026-06-15T12:00:00Z,https://sigaa.ufba.br/sigaa/public/processo_seletivo/lista.jsf?aba=p-processo&nivel=S,Encerrado,2026-06-09T12:00:00Z,UFBA SIGAA
2026-08-06T05:38:54.046835Z,PROCESSO SELETIVO PARA INGRESSO DE ALUNO ESPECIAL MESTRADO- PGENF 2026.2 - MESTRADO EM ENFERMAGEM E SAÚDE,Inscrições abertas para o processo seletivo da UFBA de ingresso no curso: MESTRADO EM ENFERMAGEM E SAÚDE. Vagas ofertadas: 60. Período de inscrições de 09/06/2026 a 15/06/2026. Consulte o edital completo no portal oficial da instituição.,UFBA,Mestrado - Aluno Especial,Saúde e Biológicas,60,2026-06-09T12:00:00Z,2026-06-15T12:00:00Z,https://sigaa.ufba.br/sigaa/public/processo_seletivo/lista.jsf?aba=p-processo&nivel=S,Encerrado,2026-06-09T12:00:00Z,UFBA SIGAA
2026-08-06T05:38:54.046835Z,SELEÇÃO DE ALUNO/A ESPECIAL DO PPGCS - 2026.2 - MESTRADO EM CIÊNCIAS SOCIAIS,Inscrições abertas para o processo seletivo da UFBA de ingresso no curso: MESTRADO EM CIÊNCIAS SOCIAIS. Vagas ofertadas: 45. Período de inscrições de 05/06/2026 a 12/06/2026. Consulte o edital completo no portal oficial da instituição.,UFBA,Mestrado - Aluno Especial,Saúde e Biológicas,45,2026-06-05T12:00:00Z,2026-06-12T12:00:00Z,https://sigaa.ufba.br/sigaa/public/processo_seletivo/lista.jsf?aba=p-processo&nivel=S,Encerrado,2026-06-05T12:00:00Z,UFBA SIGAA
2026-08-06T05:38:54.046835Z,SELEÇÃO PARA ALUNO ESPECIAL PPGCONT 2026.2 - MESTRADO EM CONTABILIDADE,Inscrições abertas para o processo seletivo da UFBA de ingresso no curso: MESTRADO EM CONTABILIDADE. Vagas ofertadas: 80. Período de inscrições de 05/06/2026 a 12/06/2026. Consulte o edital completo no portal oficial da instituição.,UFBA,Mestrado - Aluno Especial,Saúde e Biológicas,80,2026-06-05T12:00:00Z,2026-06-12T12:00:00Z,https://sigaa.ufba.br/sigaa/public/processo_seletivo/lista.jsf?aba=p-processo&nivel=S,Encerrado,2026-06-05T12:00:00Z,UFBA SIGAA
2026-08-06T05:38:54.046835Z,function dpf(f) {var adp = f.adp;if (adp != null) {for (var i = 0;i EDITAL Nº 01/2026 - SELEÇÃO ALUNO ESPECIAL – SEMESTRE LETIVO 2026.1 - ESTUDOS DE L,Inscrições abertas para o processo seletivo da UNILAB de ingresso no curso: ESTUDOS DE LINGUAGEM: CONTEXTOS LUSÓFONOS BRASIL-ÁFRICA. Vagas ofertadas: 10. Período de inscrições de 01/07/2026 a 17/07/2026. Consulte o edital completo no portal oficial da instituição.,UNILAB,Mestrado - Aluno Especial,Saúde e Biológicas,10,2026-07-01T12:00:00Z,2026-07-17T12:00:00Z,https://sigaa.unilab.edu.br/sigaa/public/processo_seletivo/lista.jsf?aba=p-processo&nivel=S,Encerrado,2026-07-01T12:00:00Z,UNILAB SIGAA
2026-08-06T05:38:54.046835Z,049/2026AE - Química Aplicada - Stricto Sensu Mestrado - Aluno Especial,Inscrições para o processo seletivo da UNEB: 049/2026AE - Química Aplicada - Stricto Sensu Mestrado - Aluno Especial. Período de inscrições de 15/06/2026 a 10/07/2026. Consulte o edital completo no portal SSPPG UNEB.,UNEB,Mestrado - Aluno Especial,Engenharias e Exatas,15,2026-06-15T12:00:00Z,2026-07-10T23:59:59Z,https://ssppg.uneb.br/inicio/editalExterno/1561?selecao=1561,Encerrado,2026-06-15T12:00:00Z,UNEB SSPPG
2026-08-06T05:38:54.046835Z,050/2026AE - Educação e Contemporaneidade - Stricto Sensu Mestrado/Doutorado - Aluno Especial,Inscrições para o processo seletivo da UNEB: 050/2026AE - Educação e Contemporaneidade - Stricto Sensu Mestrado/Doutorado - Aluno Especial. Período de inscrições de 15/06/2026 a 06/07/2026. Consulte o edital completo no portal SSPPG UNEB.,UNEB,Doutorado - Aluno Especial,Educação,15,2026-06-15T12:00:00Z,2026-07-06T23:59:59Z,https://ssppg.uneb.br/inicio/editalExterno/1559?selecao=1559,Encerrado,2026-06-15T12:00:00Z,UNEB SSPPG
2026-08-06T05:38:54.046835Z,038/2026AE - Intervenção Educativa e Social - Stricto Sensu Mestrado - Aluno Especial,Inscrições para o processo seletivo da UNEB: 038/2026AE - Intervenção Educativa e Social - Stricto Sensu Mestrado - Aluno Especial. Período de inscrições de 15/06/2026 a 06/07/2026. Consulte o edital completo no portal SSPPG UNEB.,UNEB,Mestrado - Aluno Especial,Educação,15,2026-06-15T12:00:00Z,2026-07-06T23:59:59Z,https://ssppg.uneb.br/inicio/editalExterno/1554?selecao=1554,Encerrado,2026-06-15T12:00:00Z,UNEB SSPPG
2026-08-06T05:38:54.046835Z,053/2026AEME - Crítica Cultural - Stricto Sensu Mestrado - Aluno Especial,Inscrições para o processo seletivo da UNEB: 053/2026AEME - Crítica Cultural - Stricto Sensu Mestrado - Aluno Especial. Período de inscrições de 23/06/2026 a 06/07/2026. Consulte o edital completo no portal SSPPG UNEB.,UNEB,Mestrado - Aluno Especial,Educação,15,2026-06-23T12:00:00Z,2026-07-06T23:59:59Z,https://ssppg.uneb.br/inicio/editalExterno/1565?selecao=1565,Encerrado,2026-06-23T12:00:00Z,UNEB SSPPG
2026-08-06T05:38:54.046835Z,053/2026AEDO - Crítica Cultural - Stricto Sensu Doutorado - Aluno Especial,Inscrições para o processo seletivo da UNEB: 053/2026AEDO - Crítica Cultural - Stricto Sensu Doutorado - Aluno Especial. Período de inscrições de 23/06/2026 a 06/07/2026. Consulte o edital completo no portal SSPPG UNEB.,UNEB,Doutorado - Aluno Especial,Educação,15,2026-06-23T12:00:00Z,2026-07-06T23:59:59Z,https://ssppg.uneb.br/inicio/editalExterno/1567?selecao=1567,Encerrado,2026-06-23T12:00:00Z,UNEB SSPPG
2026-08-06T05:38:54.046835Z,055/2026AE - Educação e Diversidade - Stricto Sensu Mestrado - Aluno Especial,Inscrições para o processo seletivo da UNEB: 055/2026AE - Educação e Diversidade - Stricto Sensu Mestrado - Aluno Especial. Período de inscrições de 25/06/2026 a 08/07/2026. Consulte o edital completo no portal SSPPG UNEB.,UNEB,Mestrado - Aluno Especial,Educação,15,2026-06-25T12:00:00Z,2026-07-08T23:59:59Z,https://ssppg.uneb.br/inicio/editalExterno/1560?selecao=1560,Encerrado,2026-06-25T12:00:00Z,UNEB SSPPG
2026-08-06T05:38:54.046835Z,054/2026AE - ESTUDOS TERRITORIAIS - Stricto Sensu Mestrado - Aluno Especial,Inscrições para o processo seletivo da UNEB: 054/2026AE - ESTUDOS TERRITORIAIS - Stricto Sensu Mestrado - Aluno Especial. Período de inscrições de 25/06/2026 a 06/07/2026. Consulte o edital completo no portal SSPPG UNEB.,UNEB,Mestrado - Aluno Especial,Educação,15,2026-06-25T12:00:00Z,2026-07-06T23:59:59Z,https://ssppg.uneb.br/inicio/editalExterno/1557?selecao=1557,Encerrado,2026-06-25T12:00:00Z,UNEB SSPPG
2026-08-06T05:38:54.046835Z,"056/2026AE - ENSINO, LINGUAGEM E SOCIEDADE - Stricto Sensu Mestrado - Aluno Especial","Inscrições para o processo seletivo da UNEB: 056/2026AE - ENSINO, LINGUAGEM E SOCIEDADE - Stricto Sensu Mestrado - Aluno Especial. Período de inscrições de 26/06/2026 a 09/07/2026. Consulte o edital completo no portal SSPPG UNEB.",UNEB,Mestrado - Aluno Especial,Educação,15,2026-06-26T12:00:00Z,2026-07-09T23:59:59Z,https://ssppg.uneb.br/inicio/editalExterno/1564?selecao=1564,Encerrado,2026-06-26T12:00:00Z,UNEB SSPPG
2026-08-06T05:38:54.046835Z,048/2026AE - Estudo de Linguagens - Stricto Sensu Mestrado/Doutorado - Aluno Especial,Inscrições para o processo seletivo da UNEB: 048/2026AE - Estudo de Linguagens - Stricto Sensu Mestrado/Doutorado - Aluno Especial. Período de inscrições de 29/06/2026 a 10/07/2026. Consulte o edital completo no portal SSPPG UNEB.,UNEB,Doutorado - Aluno Especial,Humanas e Sociais,15,2026-06-29T12:00:00Z,2026-07-10T23:59:59Z,https://ssppg.uneb.br/inicio/editalExterno/1563?selecao=1563,Encerrado,2026-06-29T12:00:00Z,UNEB SSPPG
2026-08-06T05:38:54.046835Z,061/2026AE - Educação e Formação Docente - Stricto Sensu Mestrado - Aluno Especial,Inscrições para o processo seletivo da UNEB: 061/2026AE - Educação e Formação Docente - Stricto Sensu Mestrado - Aluno Especial. Período de inscrições de 29/06/2026 a 10/07/2026. Consulte o edital completo no portal SSPPG UNEB.,UNEB,Mestrado - Aluno Especial,Educação,15,2026-06-29T12:00:00Z,2026-07-10T23:59:59Z,https://ssppg.uneb.br/inicio/editalExterno/1570?selecao=1570,Encerrado,2026-06-29T12:00:00Z,UNEB SSPPG
2026-08-06T05:38:54.046835Z,"058/2026AE - Estudos Africanos, Povos Indígenas e Culturas Negras - Stricto Sensu Mestrado - Aluno Especial","Inscrições para o processo seletivo da UNEB: 058/2026AE - Estudos Africanos, Povos Indígenas e Culturas Negras - Stricto Sensu Mestrado - Aluno Especial. Período de inscrições de 29/06/2026 a 10/07/2026. Consulte o edital completo no portal SSPPG UNEB.",UNEB,Mestrado - Aluno Especial,Educação,15,2026-06-29T12:00:00Z,2026-07-10T23:59:59Z,https://ssppg.uneb.br/inicio/editalExterno/1562?selecao=1562,Encerrado,2026-06-29T12:00:00Z,UNEB SSPPG
2026-08-06T05:38:54.046835Z,064/2026AE - Estudos Africanos e Representações da África - Stricto Sensu Mestrado - Aluno Especial,Inscrições para o processo seletivo da UNEB: 064/2026AE - Estudos Africanos e Representações da África - Stricto Sensu Mestrado - Aluno Especial. Período de inscrições de 03/07/2026 a 13/07/2026. Consulte o edital completo no portal SSPPG UNEB.,UNEB,Mestrado - Aluno Especial,Educação,15,2026-07-03T12:00:00Z,2026-07-13T23:59:59Z,https://ssppg.uneb.br/inicio/editalExterno/1576?selecao=1576,Encerrado,2026-07-03T12:00:00Z,UNEB SSPPG
2026-08-06T05:38:54.046835Z,059/20262AE - Ecologia Humana e Gestão Socioambiental - Stricto Sensu Mestrado/Doutorado - Aluno Especial,Inscrições para o processo seletivo da UNEB: 059/20262AE - Ecologia Humana e Gestão Socioambiental - Stricto Sensu Mestrado/Doutorado - Aluno Especial. Período de inscrições de 03/07/2026 a 10/07/2026. Consulte o edital completo no portal SSPPG UNEB.,UNEB,Doutorado - Aluno Especial,Gestão e Negócios,15,2026-07-03T12:00:00Z,2026-07-10T23:59:59Z,https://ssppg.uneb.br/inicio/editalExterno/1568?selecao=1568,Encerrado,2026-07-03T12:00:00Z,UNEB SSPPG
2026-08-06T05:38:54.046835Z,044/2026AE - Programa de Pós-Graduação em Letras - Stricto Sensu Mestrado - Aluno Especial,Inscrições para o processo seletivo da UNEB: 044/2026AE - Programa de Pós-Graduação em Letras - Stricto Sensu Mestrado - Aluno Especial. Período de inscrições de 03/07/2026 a 10/07/2026. Consulte o edital completo no portal SSPPG UNEB.,UNEB,Mestrado - Aluno Especial,Humanas e Sociais,15,2026-07-03T12:00:00Z,2026-07-10T23:59:59Z,https://ssppg.uneb.br/inicio/editalExterno/1558?selecao=1558,Encerrado,2026-07-03T12:00:00Z,UNEB SSPPG
2026-08-06T05:38:54.046835Z,063/2026AE - Ciências Farmacêuticas - Stricto Sensu Mestrado - Aluno Especial,Inscrições para o processo seletivo da UNEB: 063/2026AE - Ciências Farmacêuticas - Stricto Sensu Mestrado - Aluno Especial. Período de inscrições de 03/07/2026 a 13/07/2026. Consulte o edital completo no portal SSPPG UNEB.,UNEB,Mestrado - Aluno Especial,Educação,15,2026-07-03T12:00:00Z,2026-07-13T23:59:59Z,https://ssppg.uneb.br/inicio/editalExterno/1569?selecao=1569,Encerrado,2026-07-03T12:00:00Z,UNEB SSPPG
2026-08-07T04:47:22.959069Z,SIGAA - Sistema Integrado de Gestão de Atividades Acadêmicas,"MESTRADO EM ARQUITETURA E URBANISMO, 50, 12/06/2026 a 18/06/2026 ; PROCESSO SELETIVO IC-PGCOMP DOUTORADO PARA ALUNO ESPECIAL 2026.2.",UFBA,Mestrado - Aluno Especial,Engenharias e Exatas,10,2026-06-30T00:00:00Z,2026-07-20T00:00:00Z,https://sigaa.ufba.br/sigaa/public/processo_seletivo/lista.jsf?aba=p-processo&nivel=S,Encerrado,2026-06-30T00:00:00Z,Google Search (UFBA)
2026-08-07T04:47:22.959069Z,Edital nº 01 - Processo Seletivo Aluno Especial Doutorado 2026.2 - DOUTORADO EM ESTATÍSTICA E CIÊNCIAS DE DADOS,Inscrições abertas para o processo seletivo da UFBA de ingresso no curso: DOUTORADO EM ESTATÍSTICA E CIÊNCIAS DE DADOS. Vagas ofertadas: 5. Período de inscrições de 15/06/2026 a 10/07/2026. Consulte o edital completo no portal oficial da instituição.,UFBA,Doutorado - Aluno Especial,Engenharias e Exatas,5,2026-06-15T12:00:00Z,2026-07-10T12:00:00Z,https://sigaa.ufba.br/sigaa/public/processo_seletivo/lista.jsf?aba=p-processo&nivel=S,Encerrado,2026-06-15T12:00:00Z,UFBA SIGAA
2026-08-07T04:47:22.959069Z,Edital nº 01 - Processo Seletivo Aluno Especial Mestrado 2026.2 - MESTRADO EM ESTATÍSTICA E CIÊNCIAS DE DADOS,Inscrições abertas para o processo seletivo da UFBA de ingresso no curso: MESTRADO EM ESTATÍSTICA E CIÊNCIAS DE DADOS. Vagas ofertadas: 13. Período de inscrições de 15/06/2026 a 10/07/2026. Consulte o edital completo no portal oficial da instituição.,UFBA,Mestrado - Aluno Especial,Engenharias e Exatas,13,2026-06-15T12:00:00Z,2026-07-10T12:00:00Z,https://sigaa.ufba.br/sigaa/public/processo_seletivo/lista.jsf?aba=p-processo&nivel=S,Encerrado,2026-06-15T12:00:00Z,UFBA SIGAA
2026-08-07T04:47:22.959069Z,EDITAL DE ALUNO ESPECIAL 2026.2 DOUTORADO - DOUTORADO EM ARQUITETURA E URBANISMO,Inscrições abertas para o processo seletivo da UFBA de ingresso no curso: DOUTORADO EM ARQUITETURA E URBANISMO. Vagas ofertadas: 50. Período de inscrições de 12/06/2026 a 18/06/2026. Consulte o edital completo no portal oficial da instituição.,UFBA,Doutorado - Aluno Especial,Engenharias e Exatas,50,2026-06-12T12:00:00Z,2026-06-18T12:00:00Z,https://sigaa.ufba.br/sigaa/public/processo_seletivo/lista.jsf?aba=p-processo&nivel=S,Encerrado,2026-06-12T12:00:00Z,UFBA SIGAA
2026-08-07T04:47:22.959069Z,EDITAL DE ALUNO ESPECIAL 2026.2 MESTRADO - MESTRADO EM ARQUITETURA E URBANISMO,Inscrições abertas para o processo seletivo da UFBA de ingresso no curso: MESTRADO EM ARQUITETURA E URBANISMO. Vagas ofertadas: 50. Período de inscrições de 12/06/2026 a 18/06/2026. Consulte o edital completo no portal oficial da instituição.,UFBA,Mestrado - Aluno Especial,Engenharias e Exatas,50,2026-06-12T12:00:00Z,2026-06-18T12:00:00Z,https://sigaa.ufba.br/sigaa/public/processo_seletivo/lista.jsf?aba=p-processo&nivel=S,Encerrado,2026-06-12T12:00:00Z,UFBA SIGAA
2026-08-07T04:47:22.959069Z,PROCESSO SELETIVO IC-PGCOMP DOUTORADO PARA ALUNO ESPECIAL 2026.2 - DOUTORADO EM CIÊNCIA DA COMPUTAÇÃO,Inscrições abertas para o processo seletivo da UFBA de ingresso no curso: DOUTORADO EM CIÊNCIA DA COMPUTAÇÃO. Vagas ofertadas: 30. Período de inscrições de 12/06/2026 a 19/06/2026. Consulte o edital completo no portal oficial da instituição.,UFBA,Doutorado - Aluno Especial,Tecnologia e Informática,30,2026-06-12T12:00:00Z,2026-06-19T12:00:00Z,https://sigaa.ufba.br/sigaa/public/processo_seletivo/lista.jsf?aba=p-processo&nivel=S,Encerrado,2026-06-12T12:00:00Z,UFBA SIGAA
2026-08-07T04:47:22.959069Z,PROCESSO SELETIVO IC-PGCOMP MESTRADO PARA ALUNO ESPECIAL 2026.2 - MESTRADO EM CIÊNCIA DA COMPUTAÇÃO,Inscrições abertas para o processo seletivo da UFBA de ingresso no curso: MESTRADO EM CIÊNCIA DA COMPUTAÇÃO. Vagas ofertadas: 70. Período de inscrições de 12/06/2026 a 19/06/2026. Consulte o edital completo no portal oficial da instituição.,UFBA,Mestrado - Aluno Especial,Tecnologia e Informática,70,2026-06-12T12:00:00Z,2026-06-19T12:00:00Z,https://sigaa.ufba.br/sigaa/public/processo_seletivo/lista.jsf?aba=p-processo&nivel=S,Encerrado,2026-06-12T12:00:00Z,UFBA SIGAA
2026-08-07T04:47:22.959069Z,EDITAL nº 02/2026 - SELEÇÃO PARA ALUNO ESPECIAL - SEMESTRE LETIVO 2026.2 - MESTRADO EM EDUCAÇÃO,Inscrições abertas para o processo seletivo da UFBA de ingresso no curso: MESTRADO EM EDUCAÇÃO. Vagas ofertadas: 102. Período de inscrições de 09/06/2026 a 12/06/2026. Consulte o edital completo no portal oficial da instituição.,UFBA,Mestrado - Aluno Especial,Educação,102,2026-06-09T12:00:00Z,2026-06-12T12:00:00Z,https://sigaa.ufba.br/sigaa/public/processo_seletivo/lista.jsf?aba=p-processo&nivel=S,Encerrado,2026-06-09T12:00:00Z,UFBA SIGAA
2026-08-07T04:47:22.959069Z,PROCESSO SELETIVO PARA INGRESSO DE ALUNO ESPECIAL DOUTORADO- PGENF 2026.2 - DOUTORADO EM ENFERMAGEM E SAÚDE,Inscrições abertas para o processo seletivo da UFBA de ingresso no curso: DOUTORADO EM ENFERMAGEM E SAÚDE. Vagas ofertadas: 30. Período de inscrições de 09/06/2026 a 15/06/2026. Consulte o edital completo no portal oficial da instituição.,UFBA,Doutorado - Aluno Especial,Saúde e Biológicas,30,2026-06-09T12:00:00Z,2026-06-15T12:00:00Z,https://sigaa.ufba.br/sigaa/public/processo_seletivo/lista.jsf?aba=p-processo&nivel=S,Encerrado,2026-06-09T12:00:00Z,UFBA SIGAA
2026-08-07T04:47:22.959069Z,PROCESSO SELETIVO PARA INGRESSO DE ALUNO ESPECIAL MESTRADO- PGENF 2026.2 - MESTRADO EM ENFERMAGEM E SAÚDE,Inscrições abertas para o processo seletivo da UFBA de ingresso no curso: MESTRADO EM ENFERMAGEM E SAÚDE. Vagas ofertadas: 60. Período de inscrições de 09/06/2026 a 15/06/2026. Consulte o edital completo no portal oficial da instituição.,UFBA,Mestrado - Aluno Especial,Saúde e Biológicas,60,2026-06-09T12:00:00Z,2026-06-15T12:00:00Z,https://sigaa.ufba.br/sigaa/public/processo_seletivo/lista.jsf?aba=p-processo&nivel=S,Encerrado,2026-06-09T12:00:00Z,UFBA SIGAA
2026-08-07T04:47:22.959069Z,SELEÇÃO DE ALUNO/A ESPECIAL DO PPGCS - 2026.2 - MESTRADO EM CIÊNCIAS SOCIAIS,Inscrições abertas para o processo seletivo da UFBA de ingresso no curso: MESTRADO EM CIÊNCIAS SOCIAIS. Vagas ofertadas: 45. Período de inscrições de 05/06/2026 a 12/06/2026. Consulte o edital completo no portal oficial da instituição.,UFBA,Mestrado - Aluno Especial,Saúde e Biológicas,45,2026-06-05T12:00:00Z,2026-06-12T12:00:00Z,https://sigaa.ufba.br/sigaa/public/processo_seletivo/lista.jsf?aba=p-processo&nivel=S,Encerrado,2026-06-05T12:00:00Z,UFBA SIGAA
2026-08-07T04:47:22.959069Z,SELEÇÃO PARA ALUNO ESPECIAL PPGCONT 2026.2 - MESTRADO EM CONTABILIDADE,Inscrições abertas para o processo seletivo da UFBA de ingresso no curso: MESTRADO EM CONTABILIDADE. Vagas ofertadas: 80. Período de inscrições de 05/06/2026 a 12/06/2026. Consulte o edital completo no portal oficial da instituição.,UFBA,Mestrado - Aluno Especial,Saúde e Biológicas,80,2026-06-05T12:00:00Z,2026-06-12T12:00:00Z,https://sigaa.ufba.br/sigaa/public/processo_seletivo/lista.jsf?aba=p-processo&nivel=S,Encerrado,2026-06-05T12:00:00Z,UFBA SIGAA
2026-08-07T04:47:22.959069Z,function dpf(f) {var adp = f.adp;if (adp != null) {for (var i = 0;i EDITAL Nº 01/2026 - SELEÇÃO ALUNO ESPECIAL – SEMESTRE LETIVO 2026.1 - ESTUDOS DE L,Inscrições abertas para o processo seletivo da UNILAB de ingresso no curso: ESTUDOS DE LINGUAGEM: CONTEXTOS LUSÓFONOS BRASIL-ÁFRICA. Vagas ofertadas: 10. Período de inscrições de 01/07/2026 a 17/07/2026. Consulte o edital completo no portal oficial da instituição.,UNILAB,Mestrado - Aluno Especial,Saúde e Biológicas,10,2026-07-01T12:00:00Z,2026-07-17T12:00:00Z,https://sigaa.unilab.edu.br/sigaa/public/processo_seletivo/lista.jsf?aba=p-processo&nivel=S,Encerrado,2026-07-01T12:00:00Z,UNILAB SIGAA
2026-08-07T04:47:22.959069Z,049/2026AE - Química Aplicada - Stricto Sensu Mestrado - Aluno Especial,Inscrições para o processo seletivo da UNEB: 049/2026AE - Química Aplicada - Stricto Sensu Mestrado - Aluno Especial. Período de inscrições de 15/06/2026 a 10/07/2026. Consulte o edital completo no portal SSPPG UNEB.,UNEB,Mestrado - Aluno Especial,Engenharias e Exatas,15,2026-06-15T12:00:00Z,2026-07-10T23:59:59Z,https://ssppg.uneb.br/inicio/editalExterno/1561?selecao=1561,Encerrado,2026-06-15T12:00:00Z,UNEB SSPPG
2026-08-07T04:47:22.959069Z,050/2026AE - Educação e Contemporaneidade - Stricto Sensu Mestrado/Doutorado - Aluno Especial,Inscrições para o processo seletivo da UNEB: 050/2026AE - Educação e Contemporaneidade - Stricto Sensu Mestrado/Doutorado - Aluno Especial. Período de inscrições de 15/06/2026 a 06/07/2026. Consulte o edital completo no portal SSPPG UNEB.,UNEB,Doutorado - Aluno Especial,Educação,15,2026-06-15T12:00:00Z,2026-07-06T23:59:59Z,https://ssppg.uneb.br/inicio/editalExterno/1559?selecao=1559,Encerrado,2026-06-15T12:00:00Z,UNEB SSPPG
2026-08-07T04:47:22.959069Z,038/2026AE - Intervenção Educativa e Social - Stricto Sensu Mestrado - Aluno Especial,Inscrições para o processo seletivo da UNEB: 038/2026AE - Intervenção Educativa e Social - Stricto Sensu Mestrado - Aluno Especial. Período de inscrições de 15/06/2026 a 06/07/2026. Consulte o edital completo no portal SSPPG UNEB.,UNEB,Mestrado - Aluno Especial,Educação,15,2026-06-15T12:00:00Z,2026-07-06T23:59:59Z,https://ssppg.uneb.br/inicio/editalExterno/1554?selecao=1554,Encerrado,2026-06-15T12:00:00Z,UNEB SSPPG
2026-08-07T04:47:22.959069Z,053/2026AEME - Crítica Cultural - Stricto Sensu Mestrado - Aluno Especial,Inscrições para o processo seletivo da UNEB: 053/2026AEME - Crítica Cultural - Stricto Sensu Mestrado - Aluno Especial. Período de inscrições de 23/06/2026 a 06/07/2026. Consulte o edital completo no portal SSPPG UNEB.,UNEB,Mestrado - Aluno Especial,Educação,15,2026-06-23T12:00:00Z,2026-07-06T23:59:59Z,https://ssppg.uneb.br/inicio/editalExterno/1565?selecao=1565,Encerrado,2026-06-23T12:00:00Z,UNEB SSPPG
2026-08-07T04:47:22.959069Z,053/2026AEDO - Crítica Cultural - Stricto Sensu Doutorado - Aluno Especial,Inscrições para o processo seletivo da UNEB: 053/2026AEDO - Crítica Cultural - Stricto Sensu Doutorado - Aluno Especial. Período de inscrições de 23/06/2026 a 06/07/2026. Consulte o edital completo no portal SSPPG UNEB.,UNEB,Doutorado - Aluno Especial,Educação,15,2026-06-23T12:00:00Z,2026-07-06T23:59:59Z,https://ssppg.uneb.br/inicio/editalExterno/1567?selecao=1567,Encerrado,2026-06-23T12:00:00Z,UNEB SSPPG
2026-08-07T04:47:22.959069Z,055/2026AE - Educação e Diversidade - Stricto Sensu Mestrado - Aluno Especial,Inscrições para o processo seletivo da UNEB: 055/2026AE - Educação e Diversidade - Stricto Sensu Mestrado - Aluno Especial. Período de inscrições de 25/06/2026 a 08/07/2026. Consulte o edital completo no portal SSPPG UNEB.,UNEB,Mestrado - Aluno Especial,Educação,15,2026-06-25T12:00:00Z,2026-07-08T23:59:59Z,https://ssppg.uneb.br/inicio/editalExterno/1560?selecao=1560,Encerrado,2026-06-25T12:00:00Z,UNEB SSPPG
2026-08-07T04:47:22.959069Z,054/2026AE - ESTUDOS TERRITORIAIS - Stricto Sensu Mestrado - Aluno Especial,Inscrições para o processo seletivo da UNEB: 054/2026AE - ESTUDOS TERRITORIAIS - Stricto Sensu Mestrado - Aluno Especial. Período de inscrições de 25/06/2026 a 06/07/2026. Consulte o edital completo no portal SSPPG UNEB.,UNEB,Mestrado - Aluno Especial,Educação,15,2026-06-25T12:00:00Z,2026-07-06T23:59:59Z,https://ssppg.uneb.br/inicio/editalExterno/1557?selecao=1557,Encerrado,2026-06-25T12:00:00Z,UNEB SSPPG
2026-08-07T04:47:22.959069Z,"056/2026AE - ENSINO, LINGUAGEM E SOCIEDADE - Stricto Sensu Mestrado - Aluno Especial","Inscrições para o processo seletivo da UNEB: 056/2026AE - ENSINO, LINGUAGEM E SOCIEDADE - Stricto Sensu Mestrado - Aluno Especial. Período de inscrições de 26/06/2026 a 09/07/2026. Consulte o edital completo no portal SSPPG UNEB.",UNEB,Mestrado - Aluno Especial,Educação,15,2026-06-26T12:00:00Z,2026-07-09T23:59:59Z,https://ssppg.uneb.br/inicio/editalExterno/1564?selecao=1564,Encerrado,2026-06-26T12:00:00Z,UNEB SSPPG
2026-08-07T04:47:22.959069Z,048/2026AE - Estudo de Linguagens - Stricto Sensu Mestrado/Doutorado - Aluno Especial,Inscrições para o processo seletivo da UNEB: 048/2026AE - Estudo de Linguagens - Stricto Sensu Mestrado/Doutorado - Aluno Especial. Período de inscrições de 29/06/2026 a 10/07/2026. Consulte o edital completo no portal SSPPG UNEB.,UNEB,Doutorado - Aluno Especial,Humanas e Sociais,15,2026-06-29T12:00:00Z,2026-07-10T23:59:59Z,https://ssppg.uneb.br/inicio/editalExterno/1563?selecao=1563,Encerrado,2026-06-29T12:00:00Z,UNEB SSPPG
2026-08-07T04:47:22.959069Z,061/2026AE - Educação e Formação Docente - Stricto Sensu Mestrado - Aluno Especial,Inscrições para o processo seletivo da UNEB: 061/2026AE - Educação e Formação Docente - Stricto Sensu Mestrado - Aluno Especial. Período de inscrições de 29/06/2026 a 10/07/2026. Consulte o edital completo no portal SSPPG UNEB.,UNEB,Mestrado - Aluno Especial,Educação,15,2026-06-29T12:00:00Z,2026-07-10T23:59:59Z,https://ssppg.uneb.br/inicio/editalExterno/1570?selecao=1570,Encerrado,2026-06-29T12:00:00Z,UNEB SSPPG
2026-08-07T04:47:22.959069Z,"058/2026AE - Estudos Africanos, Povos Indígenas e Culturas Negras - Stricto Sensu Mestrado - Aluno Especial","Inscrições para o processo seletivo da UNEB: 058/2026AE - Estudos Africanos, Povos Indígenas e Culturas Negras - Stricto Sensu Mestrado - Aluno Especial. Período de inscrições de 29/06/2026 a 10/07/2026. Consulte o edital completo no portal SSPPG UNEB.",UNEB,Mestrado - Aluno Especial,Educação,15,2026-06-29T12:00:00Z,2026-07-10T23:59:59Z,https://ssppg.uneb.br/inicio/editalExterno/1562?selecao=1562,Encerrado,2026-06-29T12:00:00Z,UNEB SSPPG
2026-08-07T04:47:22.959069Z,064/2026AE - Estudos Africanos e Representações da África - Stricto Sensu Mestrado - Aluno Especial,Inscrições para o processo seletivo da UNEB: 064/2026AE - Estudos Africanos e Representações da África - Stricto Sensu Mestrado - Aluno Especial. Período de inscrições de 03/07/2026 a 13/07/2026. Consulte o edital completo no portal SSPPG UNEB.,UNEB,Mestrado - Aluno Especial,Educação,15,2026-07-03T12:00:00Z,2026-07-13T23:59:59Z,https://ssppg.uneb.br/inicio/editalExterno/1576?selecao=1576,Encerrado,2026-07-03T12:00:00Z,UNEB SSPPG
2026-08-07T04:47:22.959069Z,059/20262AE - Ecologia Humana e Gestão Socioambiental - Stricto Sensu Mestrado/Doutorado - Aluno Especial,Inscrições para o processo seletivo da UNEB: 059/20262AE - Ecologia Humana e Gestão Socioambiental - Stricto Sensu Mestrado/Doutorado - Aluno Especial. Período de inscrições de 03/07/2026 a 10/07/2026. Consulte o edital completo no portal SSPPG UNEB.,UNEB,Doutorado - Aluno Especial,Gestão e Negócios,15,2026-07-03T12:00:00Z,2026-07-10T23:59:59Z,https://ssppg.uneb.br/inicio/editalExterno/1568?selecao=1568,Encerrado,2026-07-03T12:00:00Z,UNEB SSPPG
2026-08-07T04:47:22.959069Z,044/2026AE - Programa de Pós-Graduação em Letras - Stricto Sensu Mestrado - Aluno Especial,Inscrições para o processo seletivo da UNEB: 044/2026AE - Programa de Pós-Graduação em Letras - Stricto Sensu Mestrado - Aluno Especial. Período de inscrições de 03/07/2026 a 10/07/2026. Consulte o edital completo no portal SSPPG UNEB.,UNEB,Mestrado - Aluno Especial,Humanas e Sociais,15,2026-07-03T12:00:00Z,2026-07-10T23:59:59Z,https://ssppg.uneb.br/inicio/editalExterno/1558?selecao=1558,Encerrado,2026-07-03T12:00:00Z,UNEB SSPPG
2026-08-07T04:47:22.959069Z,063/2026AE - Ciências Farmacêuticas - Stricto Sensu Mestrado - Aluno Especial,Inscrições para o processo seletivo da UNEB: 063/2026AE - Ciências Farmacêuticas - Stricto Sensu Mestrado - Aluno Especial. Período de inscrições de 03/07/2026 a 13/07/2026. Consulte o edital completo no portal SSPPG UNEB.,UNEB,Mestrado - Aluno Especial,Educação,15,2026-07-03T12:00:00Z,2026-07-13T23:59:59Z,https://ssppg.uneb.br/inicio/editalExterno/1569?selecao=1569,Encerrado,2026-07-03T12:00:00Z,UNEB SSPPG
2026-08-08T04:04:01.228922Z,SIGAA - Sistema Integrado de Gestão de Atividades Acadêmicas,"MESTRADO EM ARQUITETURA E URBANISMO, 50, 12/06/2026 a 18/06/2026 ; PROCESSO SELETIVO IC-PGCOMP DOUTORADO PARA ALUNO ESPECIAL 2026.2.",UFBA,Mestrado - Aluno Especial,Engenharias e Exatas,10,2026-06-30T00:00:00Z,2026-07-20T00:00:00Z,https://sigaa.ufba.br/sigaa/public/processo_seletivo/lista.jsf?aba=p-processo&nivel=S,Encerrado,2026-06-30T00:00:00Z,Google Search (UFBA)
2026-08-08T04:04:01.228922Z,Edital nº 01 - Processo Seletivo Aluno Especial Doutorado 2026.2 - DOUTORADO EM ESTATÍSTICA E CIÊNCIAS DE DADOS,Inscrições abertas para o processo seletivo da UFBA de ingresso no curso: DOUTORADO EM ESTATÍSTICA E CIÊNCIAS DE DADOS. Vagas ofertadas: 5. Período de inscrições de 15/06/2026 a 10/07/2026. Consulte o edital completo no portal oficial da instituição.,UFBA,Doutorado - Aluno Especial,Engenharias e Exatas,5,2026-06-15T12:00:00Z,2026-07-10T12:00:00Z,https://sigaa.ufba.br/sigaa/public/processo_seletivo/lista.jsf?aba=p-processo&nivel=S,Encerrado,2026-06-15T12:00:00Z,UFBA SIGAA
2026-08-08T04:04:01.228922Z,Edital nº 01 - Processo Seletivo Aluno Especial Mestrado 2026.2 - MESTRADO EM ESTATÍSTICA E CIÊNCIAS DE DADOS,Inscrições abertas para o processo seletivo da UFBA de ingresso no curso: MESTRADO EM ESTATÍSTICA E CIÊNCIAS DE DADOS. Vagas ofertadas: 13. Período de inscrições de 15/06/2026 a 10/07/2026. Consulte o edital completo no portal oficial da instituição.,UFBA,Mestrado - Aluno Especial,Engenharias e Exatas,13,2026-06-15T12:00:00Z,2026-07-10T12:00:00Z,https://sigaa.ufba.br/sigaa/public/processo_seletivo/lista.jsf?aba=p-processo&nivel=S,Encerrado,2026-06-15T12:00:00Z,UFBA SIGAA
2026-08-08T04:04:01.228922Z,EDITAL DE ALUNO ESPECIAL 2026.2 DOUTORADO - DOUTORADO EM ARQUITETURA E URBANISMO,Inscrições abertas para o processo seletivo da UFBA de ingresso no curso: DOUTORADO EM ARQUITETURA E URBANISMO. Vagas ofertadas: 50. Período de inscrições de 12/06/2026 a 18/06/2026. Consulte o edital completo no portal oficial da instituição.,UFBA,Doutorado - Aluno Especial,Engenharias e Exatas,50,2026-06-12T12:00:00Z,2026-06-18T12:00:00Z,https://sigaa.ufba.br/sigaa/public/processo_seletivo/lista.jsf?aba=p-processo&nivel=S,Encerrado,2026-06-12T12:00:00Z,UFBA SIGAA
2026-08-08T04:04:01.228922Z,EDITAL DE ALUNO ESPECIAL 2026.2 MESTRADO - MESTRADO EM ARQUITETURA E URBANISMO,Inscrições abertas para o processo seletivo da UFBA de ingresso no curso: MESTRADO EM ARQUITETURA E URBANISMO. Vagas ofertadas: 50. Período de inscrições de 12/06/2026 a 18/06/2026. Consulte o edital completo no portal oficial da instituição.,UFBA,Mestrado - Aluno Especial,Engenharias e Exatas,50,2026-06-12T12:00:00Z,2026-06-18T12:00:00Z,https://sigaa.ufba.br/sigaa/public/processo_seletivo/lista.jsf?aba=p-processo&nivel=S,Encerrado,2026-06-12T12:00:00Z,UFBA SIGAA
2026-08-08T04:04:01.228922Z,PROCESSO SELETIVO IC-PGCOMP DOUTORADO PARA ALUNO ESPECIAL 2026.2 - DOUTORADO EM CIÊNCIA DA COMPUTAÇÃO,Inscrições abertas para o processo seletivo da UFBA de ingresso no curso: DOUTORADO EM CIÊNCIA DA COMPUTAÇÃO. Vagas ofertadas: 30. Período de inscrições de 12/06/2026 a 19/06/2026. Consulte o edital completo no portal oficial da instituição.,UFBA,Doutorado - Aluno Especial,Tecnologia e Informática,30,2026-06-12T12:00:00Z,2026-06-19T12:00:00Z,https://sigaa.ufba.br/sigaa/public/processo_seletivo/lista.jsf?aba=p-processo&nivel=S,Encerrado,2026-06-12T12:00:00Z,UFBA SIGAA
2026-08-08T04:04:01.228922Z,PROCESSO SELETIVO IC-PGCOMP MESTRADO PARA ALUNO ESPECIAL 2026.2 - MESTRADO EM CIÊNCIA DA COMPUTAÇÃO,Inscrições abertas para o processo seletivo da UFBA de ingresso no curso: MESTRADO EM CIÊNCIA DA COMPUTAÇÃO. Vagas ofertadas: 70. Período de inscrições de 12/06/2026 a 19/06/2026. Consulte o edital completo no portal oficial da instituição.,UFBA,Mestrado - Aluno Especial,Tecnologia e Informática,70,2026-06-12T12:00:00Z,2026-06-19T12:00:00Z,https://sigaa.ufba.br/sigaa/public/processo_seletivo/lista.jsf?aba=p-processo&nivel=S,Encerrado,2026-06-12T12:00:00Z,UFBA SIGAA
2026-08-08T04:04:01.228922Z,EDITAL nº 02/2026 - SELEÇÃO PARA ALUNO ESPECIAL - SEMESTRE LETIVO 2026.2 - MESTRADO EM EDUCAÇÃO,Inscrições abertas para o processo seletivo da UFBA de ingresso no curso: MESTRADO EM EDUCAÇÃO. Vagas ofertadas: 102. Período de inscrições de 09/06/2026 a 12/06/2026. Consulte o edital completo no portal oficial da instituição.,UFBA,Mestrado - Aluno Especial,Educação,102,2026-06-09T12:00:00Z,2026-06-12T12:00:00Z,https://sigaa.ufba.br/sigaa/public/processo_seletivo/lista.jsf?aba=p-processo&nivel=S,Encerrado,2026-06-09T12:00:00Z,UFBA SIGAA
2026-08-08T04:04:01.228922Z,PROCESSO SELETIVO PARA INGRESSO DE ALUNO ESPECIAL DOUTORADO- PGENF 2026.2 - DOUTORADO EM ENFERMAGEM E SAÚDE,Inscrições abertas para o processo seletivo da UFBA de ingresso no curso: DOUTORADO EM ENFERMAGEM E SAÚDE. Vagas ofertadas: 30. Período de inscrições de 09/06/2026 a 15/06/2026. Consulte o edital completo no portal oficial da instituição.,UFBA,Doutorado - Aluno Especial,Saúde e Biológicas,30,2026-06-09T12:00:00Z,2026-06-15T12:00:00Z,https://sigaa.ufba.br/sigaa/public/processo_seletivo/lista.jsf?aba=p-processo&nivel=S,Encerrado,2026-06-09T12:00:00Z,UFBA SIGAA
2026-08-08T04:04:01.228922Z,PROCESSO SELETIVO PARA INGRESSO DE ALUNO ESPECIAL MESTRADO- PGENF 2026.2 - MESTRADO EM ENFERMAGEM E SAÚDE,Inscrições abertas para o processo seletivo da UFBA de ingresso no curso: MESTRADO EM ENFERMAGEM E SAÚDE. Vagas ofertadas: 60. Período de inscrições de 09/06/2026 a 15/06/2026. Consulte o edital completo no portal oficial da instituição.,UFBA,Mestrado - Aluno Especial,Saúde e Biológicas,60,2026-06-09T12:00:00Z,2026-06-15T12:00:00Z,https://sigaa.ufba.br/sigaa/public/processo_seletivo/lista.jsf?aba=p-processo&nivel=S,Encerrado,2026-06-09T12:00:00Z,UFBA SIGAA
2026-08-08T04:04:01.228922Z,SELEÇÃO DE ALUNO/A ESPECIAL DO PPGCS - 2026.2 - MESTRADO EM CIÊNCIAS SOCIAIS,Inscrições abertas para o processo seletivo da UFBA de ingresso no curso: MESTRADO EM CIÊNCIAS SOCIAIS. Vagas ofertadas: 45. Período de inscrições de 05/06/2026 a 12/06/2026. Consulte o edital completo no portal oficial da instituição.,UFBA,Mestrado - Aluno Especial,Saúde e Biológicas,45,2026-06-05T12:00:00Z,2026-06-12T12:00:00Z,https://sigaa.ufba.br/sigaa/public/processo_seletivo/lista.jsf?aba=p-processo&nivel=S,Encerrado,2026-06-05T12:00:00Z,UFBA SIGAA
2026-08-08T04:04:01.228922Z,SELEÇÃO PARA ALUNO ESPECIAL PPGCONT 2026.2 - MESTRADO EM CONTABILIDADE,Inscrições abertas para o processo seletivo da UFBA de ingresso no curso: MESTRADO EM CONTABILIDADE. Vagas ofertadas: 80. Período de inscrições de 05/06/2026 a 12/06/2026. Consulte o edital completo no portal oficial da instituição.,UFBA,Mestrado - Aluno Especial,Saúde e Biológicas,80,2026-06-05T12:00:00Z,2026-06-12T12:00:00Z,https://sigaa.ufba.br/sigaa/public/processo_seletivo/lista.jsf?aba=p-processo&nivel=S,Encerrado,2026-06-05T12:00:00Z,UFBA SIGAA
2026-08-08T04:04:01.228922Z,function dpf(f) {var adp = f.adp;if (adp != null) {for (var i = 0;i EDITAL Nº 01/2026 - SELEÇÃO ALUNO ESPECIAL – SEMESTRE LETIVO 2026.1 - ESTUDOS DE L,Inscrições abertas para o processo seletivo da UNILAB de ingresso no curso: ESTUDOS DE LINGUAGEM: CONTEXTOS LUSÓFONOS BRASIL-ÁFRICA. Vagas ofertadas: 10. Período de inscrições de 01/07/2026 a 17/07/2026. Consulte o edital completo no portal oficial da instituição.,UNILAB,Mestrado - Aluno Especial,Saúde e Biológicas,10,2026-07-01T12:00:00Z,2026-07-17T12:00:00Z,https://sigaa.unilab.edu.br/sigaa/public/processo_seletivo/lista.jsf?aba=p-processo&nivel=S,Encerrado,2026-07-01T12:00:00Z,UNILAB SIGAA
2026-08-08T04:04:01.228922Z,049/2026AE - Química Aplicada - Stricto Sensu Mestrado - Aluno Especial,Inscrições para o processo seletivo da UNEB: 049/2026AE - Química Aplicada - Stricto Sensu Mestrado - Aluno Especial. Período de inscrições de 15/06/2026 a 10/07/2026. Consulte o edital completo no portal SSPPG UNEB.,UNEB,Mestrado - Aluno Especial,Engenharias e Exatas,15,2026-06-15T12:00:00Z,2026-07-10T23:59:59Z,https://ssppg.uneb.br/inicio/editalExterno/1561?selecao=1561,Encerrado,2026-06-15T12:00:00Z,UNEB SSPPG
2026-08-08T04:04:01.228922Z,050/2026AE - Educação e Contemporaneidade - Stricto Sensu Mestrado/Doutorado - Aluno Especial,Inscrições para o processo seletivo da UNEB: 050/2026AE - Educação e Contemporaneidade - Stricto Sensu Mestrado/Doutorado - Aluno Especial. Período de inscrições de 15/06/2026 a 06/07/2026. Consulte o edital completo no portal SSPPG UNEB.,UNEB,Doutorado - Aluno Especial,Educação,15,2026-06-15T12:00:00Z,2026-07-06T23:59:59Z,https://ssppg.uneb.br/inicio/editalExterno/1559?selecao=1559,Encerrado,2026-06-15T12:00:00Z,UNEB SSPPG
2026-08-08T04:04:01.228922Z,038/2026AE - Intervenção Educativa e Social - Stricto Sensu Mestrado - Aluno Especial,Inscrições para o processo seletivo da UNEB: 038/2026AE - Intervenção Educativa e Social - Stricto Sensu Mestrado - Aluno Especial. Período de inscrições de 15/06/2026 a 06/07/2026. Consulte o edital completo no portal SSPPG UNEB.,UNEB,Mestrado - Aluno Especial,Educação,15,2026-06-15T12:00:00Z,2026-07-06T23:59:59Z,https://ssppg.uneb.br/inicio/editalExterno/1554?selecao=1554,Encerrado,2026-06-15T12:00:00Z,UNEB SSPPG
2026-08-08T04:04:01.228922Z,053/2026AEME - Crítica Cultural - Stricto Sensu Mestrado - Aluno Especial,Inscrições para o processo seletivo da UNEB: 053/2026AEME - Crítica Cultural - Stricto Sensu Mestrado - Aluno Especial. Período de inscrições de 23/06/2026 a 06/07/2026. Consulte o edital completo no portal SSPPG UNEB.,UNEB,Mestrado - Aluno Especial,Educação,15,2026-06-23T12:00:00Z,2026-07-06T23:59:59Z,https://ssppg.uneb.br/inicio/editalExterno/1565?selecao=1565,Encerrado,2026-06-23T12:00:00Z,UNEB SSPPG
2026-08-08T04:04:01.228922Z,053/2026AEDO - Crítica Cultural - Stricto Sensu Doutorado - Aluno Especial,Inscrições para o processo seletivo da UNEB: 053/2026AEDO - Crítica Cultural - Stricto Sensu Doutorado - Aluno Especial. Período de inscrições de 23/06/2026 a 06/07/2026. Consulte o edital completo no portal SSPPG UNEB.,UNEB,Doutorado - Aluno Especial,Educação,15,2026-06-23T12:00:00Z,2026-07-06T23:59:59Z,https://ssppg.uneb.br/inicio/editalExterno/1567?selecao=1567,Encerrado,2026-06-23T12:00:00Z,UNEB SSPPG
2026-08-08T04:04:01.228922Z,055/2026AE - Educação e Diversidade - Stricto Sensu Mestrado - Aluno Especial,Inscrições para o processo seletivo da UNEB: 055/2026AE - Educação e Diversidade - Stricto Sensu Mestrado - Aluno Especial. Período de inscrições de 25/06/2026 a 08/07/2026. Consulte o edital completo no portal SSPPG UNEB.,UNEB,Mestrado - Aluno Especial,Educação,15,2026-06-25T12:00:00Z,2026-07-08T23:59:59Z,https://ssppg.uneb.br/inicio/editalExterno/1560?selecao=1560,Encerrado,2026-06-25T12:00:00Z,UNEB SSPPG
2026-08-08T04:04:01.228922Z,054/2026AE - ESTUDOS TERRITORIAIS - Stricto Sensu Mestrado - Aluno Especial,Inscrições para o processo seletivo da UNEB: 054/2026AE - ESTUDOS TERRITORIAIS - Stricto Sensu Mestrado - Aluno Especial. Período de inscrições de 25/06/2026 a 06/07/2026. Consulte o edital completo no portal SSPPG UNEB.,UNEB,Mestrado - Aluno Especial,Educação,15,2026-06-25T12:00:00Z,2026-07-06T23:59:59Z,https://ssppg.uneb.br/inicio/editalExterno/1557?selecao=1557,Encerrado,2026-06-25T12:00:00Z,UNEB SSPPG
2026-08-08T04:04:01.228922Z,"056/2026AE - ENSINO, LINGUAGEM E SOCIEDADE - Stricto Sensu Mestrado - Aluno Especial","Inscrições para o processo seletivo da UNEB: 056/2026AE - ENSINO, LINGUAGEM E SOCIEDADE - Stricto Sensu Mestrado - Aluno Especial. Período de inscrições de 26/06/2026 a 09/07/2026. Consulte o edital completo no portal SSPPG UNEB.",UNEB,Mestrado - Aluno Especial,Educação,15,2026-06-26T12:00:00Z,2026-07-09T23:59:59Z,https://ssppg.uneb.br/inicio/editalExterno/1564?selecao=1564,Encerrado,2026-06-26T12:00:00Z,UNEB SSPPG
2026-08-08T04:04:01.228922Z,048/2026AE - Estudo de Linguagens - Stricto Sensu Mestrado/Doutorado - Aluno Especial,Inscrições para o processo seletivo da UNEB: 048/2026AE - Estudo de Linguagens - Stricto Sensu Mestrado/Doutorado - Aluno Especial. Período de inscrições de 29/06/2026 a 10/07/2026. Consulte o edital completo no portal SSPPG UNEB.,UNEB,Doutorado - Aluno Especial,Humanas e Sociais,15,2026-06-29T12:00:00Z,2026-07-10T23:59:59Z,https://ssppg.uneb.br/inicio/editalExterno/1563?selecao=1563,Encerrado,2026-06-29T12:00:00Z,UNEB SSPPG
2026-08-08T04:04:01.228922Z,061/2026AE - Educação e Formação Docente - Stricto Sensu Mestrado - Aluno Especial,Inscrições para o processo seletivo da UNEB: 061/2026AE - Educação e Formação Docente - Stricto Sensu Mestrado - Aluno Especial. Período de inscrições de 29/06/2026 a 10/07/2026. Consulte o edital completo no portal SSPPG UNEB.,UNEB,Mestrado - Aluno Especial,Educação,15,2026-06-29T12:00:00Z,2026-07-10T23:59:59Z,https://ssppg.uneb.br/inicio/editalExterno/1570?selecao=1570,Encerrado,2026-06-29T12:00:00Z,UNEB SSPPG
2026-08-08T04:04:01.228922Z,"058/2026AE - Estudos Africanos, Povos Indígenas e Culturas Negras - Stricto Sensu Mestrado - Aluno Especial","Inscrições para o processo seletivo da UNEB: 058/2026AE - Estudos Africanos, Povos Indígenas e Culturas Negras - Stricto Sensu Mestrado - Aluno Especial. Período de inscrições de 29/06/2026 a 10/07/2026. Consulte o edital completo no portal SSPPG UNEB.",UNEB,Mestrado - Aluno Especial,Educação,15,2026-06-29T12:00:00Z,2026-07-10T23:59:59Z,https://ssppg.uneb.br/inicio/editalExterno/1562?selecao=1562,Encerrado,2026-06-29T12:00:00Z,UNEB SSPPG
2026-08-08T04:04:01.228922Z,064/2026AE - Estudos Africanos e Representações da África - Stricto Sensu Mestrado - Aluno Especial,Inscrições para o processo seletivo da UNEB: 064/2026AE - Estudos Africanos e Representações da África - Stricto Sensu Mestrado - Aluno Especial. Período de inscrições de 03/07/2026 a 13/07/2026. Consulte o edital completo no portal SSPPG UNEB.,UNEB,Mestrado - Aluno Especial,Educação,15,2026-07-03T12:00:00Z,2026-07-13T23:59:59Z,https://ssppg.uneb.br/inicio/editalExterno/1576?selecao=1576,Encerrado,2026-07-03T12:00:00Z,UNEB SSPPG
2026-08-08T04:04:01.228922Z,059/20262AE - Ecologia Humana e Gestão Socioambiental - Stricto Sensu Mestrado/Doutorado - Aluno Especial,Inscrições para o processo seletivo da UNEB: 059/20262AE - Ecologia Humana e Gestão Socioambiental - Stricto Sensu Mestrado/Doutorado - Aluno Especial. Período de inscrições de 03/07/2026 a 10/07/2026. Consulte o edital completo no portal SSPPG UNEB.,UNEB,Doutorado - Aluno Especial,Gestão e Negócios,15,2026-07-03T12:00:00Z,2026-07-10T23:59:59Z,https://ssppg.uneb.br/inicio/editalExterno/1568?selecao=1568,Encerrado,2026-07-03T12:00:00Z,UNEB SSPPG
2026-08-08T04:04:01.228922Z,044/2026AE - Programa de Pós-Graduação em Letras - Stricto Sensu Mestrado - Aluno Especial,Inscrições para o processo seletivo da UNEB: 044/2026AE - Programa de Pós-Graduação em Letras - Stricto Sensu Mestrado - Aluno Especial. Período de inscrições de 03/07/2026 a 10/07/2026. Consulte o edital completo no portal SSPPG UNEB.,UNEB,Mestrado - Aluno Especial,Humanas e Sociais,15,2026-07-03T12:00:00Z,2026-07-10T23:59:59Z,https://ssppg.uneb.br/inicio/editalExterno/1558?selecao=1558,Encerrado,2026-07-03T12:00:00Z,UNEB SSPPG
2026-08-08T04:04:01.228922Z,063/2026AE - Ciências Farmacêuticas - Stricto Sensu Mestrado - Aluno Especial,Inscrições para o processo seletivo da UNEB: 063/2026AE - Ciências Farmacêuticas - Stricto Sensu Mestrado - Aluno Especial. Período de inscrições de 03/07/2026 a 13/07/2026. Consulte o edital completo no portal SSPPG UNEB.,UNEB,Mestrado - Aluno Especial,Educação,15,2026-07-03T12:00:00Z,2026-07-13T23:59:59Z,https://ssppg.uneb.br/inicio/editalExterno/1569?selecao=1569,Encerrado,2026-07-03T12:00:00Z,UNEB SSPPG
2026-08-09T04:10:07.337256Z,SIGAA - Sistema Integrado de Gestão de Atividades Acadêmicas,"MESTRADO EM ARQUITETURA E URBANISMO, 50, 12/06/2026 a 18/06/2026 ; PROCESSO SELETIVO IC-PGCOMP DOUTORADO PARA ALUNO ESPECIAL 2026.2.",UFBA,Mestrado - Aluno Especial,Engenharias e Exatas,10,2026-06-30T00:00:00Z,2026-07-20T00:00:00Z,https://sigaa.ufba.br/sigaa/public/processo_seletivo/lista.jsf?aba=p-processo&nivel=S,Encerrado,2026-06-30T00:00:00Z,Google Search (UFBA)
2026-08-09T04:10:07.337256Z,Edital nº 01 - Processo Seletivo Aluno Especial Doutorado 2026.2 - DOUTORADO EM ESTATÍSTICA E CIÊNCIAS DE DADOS,Inscrições abertas para o processo seletivo da UFBA de ingresso no curso: DOUTORADO EM ESTATÍSTICA E CIÊNCIAS DE DADOS. Vagas ofertadas: 5. Período de inscrições de 15/06/2026 a 10/07/2026. Consulte o edital completo no portal oficial da instituição.,UFBA,Doutorado - Aluno Especial,Engenharias e Exatas,5,2026-06-15T12:00:00Z,2026-07-10T12:00:00Z,https://sigaa.ufba.br/sigaa/public/processo_seletivo/lista.jsf?aba=p-processo&nivel=S,Encerrado,2026-06-15T12:00:00Z,UFBA SIGAA
2026-08-09T04:10:07.337256Z,Edital nº 01 - Processo Seletivo Aluno Especial Mestrado 2026.2 - MESTRADO EM ESTATÍSTICA E CIÊNCIAS DE DADOS,Inscrições abertas para o processo seletivo da UFBA de ingresso no curso: MESTRADO EM ESTATÍSTICA E CIÊNCIAS DE DADOS. Vagas ofertadas: 13. Período de inscrições de 15/06/2026 a 10/07/2026. Consulte o edital completo no portal oficial da instituição.,UFBA,Mestrado - Aluno Especial,Engenharias e Exatas,13,2026-06-15T12:00:00Z,2026-07-10T12:00:00Z,https://sigaa.ufba.br/sigaa/public/processo_seletivo/lista.jsf?aba=p-processo&nivel=S,Encerrado,2026-06-15T12:00:00Z,UFBA SIGAA
2026-08-09T04:10:07.337256Z,EDITAL DE ALUNO ESPECIAL 2026.2 DOUTORADO - DOUTORADO EM ARQUITETURA E URBANISMO,Inscrições abertas para o processo seletivo da UFBA de ingresso no curso: DOUTORADO EM ARQUITETURA E URBANISMO. Vagas ofertadas: 50. Período de inscrições de 12/06/2026 a 18/06/2026. Consulte o edital completo no portal oficial da instituição.,UFBA,Doutorado - Aluno Especial,Engenharias e Exatas,50,2026-06-12T12:00:00Z,2026-06-18T12:00:00Z,https://sigaa.ufba.br/sigaa/public/processo_seletivo/lista.jsf?aba=p-processo&nivel=S,Encerrado,2026-06-12T12:00:00Z,UFBA SIGAA
2026-08-09T04:10:07.337256Z,EDITAL DE ALUNO ESPECIAL 2026.2 MESTRADO - MESTRADO EM ARQUITETURA E URBANISMO,Inscrições abertas para o processo seletivo da UFBA de ingresso no curso: MESTRADO EM ARQUITETURA E URBANISMO. Vagas ofertadas: 50. Período de inscrições de 12/06/2026 a 18/06/2026. Consulte o edital completo no portal oficial da instituição.,UFBA,Mestrado - Aluno Especial,Engenharias e Exatas,50,2026-06-12T12:00:00Z,2026-06-18T12:00:00Z,https://sigaa.ufba.br/sigaa/public/processo_seletivo/lista.jsf?aba=p-processo&nivel=S,Encerrado,2026-06-12T12:00:00Z,UFBA SIGAA
2026-08-09T04:10:07.337256Z,PROCESSO SELETIVO IC-PGCOMP DOUTORADO PARA ALUNO ESPECIAL 2026.2 - DOUTORADO EM CIÊNCIA DA COMPUTAÇÃO,Inscrições abertas para o processo seletivo da UFBA de ingresso no curso: DOUTORADO EM CIÊNCIA DA COMPUTAÇÃO. Vagas ofertadas: 30. Período de inscrições de 12/06/2026 a 19/06/2026. Consulte o edital completo no portal oficial da instituição.,UFBA,Doutorado - Aluno Especial,Tecnologia e Informática,30,2026-06-12T12:00:00Z,2026-06-19T12:00:00Z,https://sigaa.ufba.br/sigaa/public/processo_seletivo/lista.jsf?aba=p-processo&nivel=S,Encerrado,2026-06-12T12:00:00Z,UFBA SIGAA
2026-08-09T04:10:07.337256Z,PROCESSO SELETIVO IC-PGCOMP MESTRADO PARA ALUNO ESPECIAL 2026.2 - MESTRADO EM CIÊNCIA DA COMPUTAÇÃO,Inscrições abertas para o processo seletivo da UFBA de ingresso no curso: MESTRADO EM CIÊNCIA DA COMPUTAÇÃO. Vagas ofertadas: 70. Período de inscrições de 12/06/2026 a 19/06/2026. Consulte o edital completo no portal oficial da instituição.,UFBA,Mestrado - Aluno Especial,Tecnologia e Informática,70,2026-06-12T12:00:00Z,2026-06-19T12:00:00Z,https://sigaa.ufba.br/sigaa/public/processo_seletivo/lista.jsf?aba=p-processo&nivel=S,Encerrado,2026-06-12T12:00:00Z,UFBA SIGAA
2026-08-09T04:10:07.337256Z,EDITAL nº 02/2026 - SELEÇÃO PARA ALUNO ESPECIAL - SEMESTRE LETIVO 2026.2 - MESTRADO EM EDUCAÇÃO,Inscrições abertas para o processo seletivo da UFBA de ingresso no curso: MESTRADO EM EDUCAÇÃO. Vagas ofertadas: 102. Período de inscrições de 09/06/2026 a 12/06/2026. Consulte o edital completo no portal oficial da instituição.,UFBA,Mestrado - Aluno Especial,Educação,102,2026-06-09T12:00:00Z,2026-06-12T12:00:00Z,https://sigaa.ufba.br/sigaa/public/processo_seletivo/lista.jsf?aba=p-processo&nivel=S,Encerrado,2026-06-09T12:00:00Z,UFBA SIGAA
2026-08-09T04:10:07.337256Z,PROCESSO SELETIVO PARA INGRESSO DE ALUNO ESPECIAL DOUTORADO- PGENF 2026.2 - DOUTORADO EM ENFERMAGEM E SAÚDE,Inscrições abertas para o processo seletivo da UFBA de ingresso no curso: DOUTORADO EM ENFERMAGEM E SAÚDE. Vagas ofertadas: 30. Período de inscrições de 09/06/2026 a 15/06/2026. Consulte o edital completo no portal oficial da instituição.,UFBA,Doutorado - Aluno Especial,Saúde e Biológicas,30,2026-06-09T12:00:00Z,2026-06-15T12:00:00Z,https://sigaa.ufba.br/sigaa/public/processo_seletivo/lista.jsf?aba=p-processo&nivel=S,Encerrado,2026-06-09T12:00:00Z,UFBA SIGAA
2026-08-09T04:10:07.337256Z,PROCESSO SELETIVO PARA INGRESSO DE ALUNO ESPECIAL MESTRADO- PGENF 2026.2 - MESTRADO EM ENFERMAGEM E SAÚDE,Inscrições abertas para o processo seletivo da UFBA de ingresso no curso: MESTRADO EM ENFERMAGEM E SAÚDE. Vagas ofertadas: 60. Período de inscrições de 09/06/2026 a 15/06/2026. Consulte o edital completo no portal oficial da instituição.,UFBA,Mestrado - Aluno Especial,Saúde e Biológicas,60,2026-06-09T12:00:00Z,2026-06-15T12:00:00Z,https://sigaa.ufba.br/sigaa/public/processo_seletivo/lista.jsf?aba=p-processo&nivel=S,Encerrado,2026-06-09T12:00:00Z,UFBA SIGAA
2026-08-09T04:10:07.337256Z,SELEÇÃO DE ALUNO/A ESPECIAL DO PPGCS - 2026.2 - MESTRADO EM CIÊNCIAS SOCIAIS,Inscrições abertas para o processo seletivo da UFBA de ingresso no curso: MESTRADO EM CIÊNCIAS SOCIAIS. Vagas ofertadas: 45. Período de inscrições de 05/06/2026 a 12/06/2026. Consulte o edital completo no portal oficial da instituição.,UFBA,Mestrado - Aluno Especial,Saúde e Biológicas,45,2026-06-05T12:00:00Z,2026-06-12T12:00:00Z,https://sigaa.ufba.br/sigaa/public/processo_seletivo/lista.jsf?aba=p-processo&nivel=S,Encerrado,2026-06-05T12:00:00Z,UFBA SIGAA
2026-08-09T04:10:07.337256Z,SELEÇÃO PARA ALUNO ESPECIAL PPGCONT 2026.2 - MESTRADO EM CONTABILIDADE,Inscrições abertas para o processo seletivo da UFBA de ingresso no curso: MESTRADO EM CONTABILIDADE. Vagas ofertadas: 80. Período de inscrições de 05/06/2026 a 12/06/2026. Consulte o edital completo no portal oficial da instituição.,UFBA,Mestrado - Aluno Especial,Saúde e Biológicas,80,2026-06-05T12:00:00Z,2026-06-12T12:00:00Z,https://sigaa.ufba.br/sigaa/public/processo_seletivo/lista.jsf?aba=p-processo&nivel=S,Encerrado,2026-06-05T12:00:00Z,UFBA SIGAA
2026-08-09T04:10:07.337256Z,function dpf(f) {var adp = f.adp;if (adp != null) {for (var i = 0;i EDITAL Nº 01/2026 - SELEÇÃO ALUNO ESPECIAL – SEMESTRE LETIVO 2026.1 - ESTUDOS DE L,Inscrições abertas para o processo seletivo da UNILAB de ingresso no curso: ESTUDOS DE LINGUAGEM: CONTEXTOS LUSÓFONOS BRASIL-ÁFRICA. Vagas ofertadas: 10. Período de inscrições de 01/07/2026 a 17/07/2026. Consulte o edital completo no portal oficial da instituição.,UNILAB,Mestrado - Aluno Especial,Saúde e Biológicas,10,2026-07-01T12:00:00Z,2026-07-17T12:00:00Z,https://sigaa.unilab.edu.br/sigaa/public/processo_seletivo/lista.jsf?aba=p-processo&nivel=S,Encerrado,2026-07-01T12:00:00Z,UNILAB SIGAA
2026-08-09T04:10:07.337256Z,049/2026AE - Química Aplicada - Stricto Sensu Mestrado - Aluno Especial,Inscrições para o processo seletivo da UNEB: 049/2026AE - Química Aplicada - Stricto Sensu Mestrado - Aluno Especial. Período de inscrições de 15/06/2026 a 10/07/2026. Consulte o edital completo no portal SSPPG UNEB.,UNEB,Mestrado - Aluno Especial,Engenharias e Exatas,15,2026-06-15T12:00:00Z,2026-07-10T23:59:59Z,https://ssppg.uneb.br/inicio/editalExterno/1561?selecao=1561,Encerrado,2026-06-15T12:00:00Z,UNEB SSPPG
2026-08-09T04:10:07.337256Z,050/2026AE - Educação e Contemporaneidade - Stricto Sensu Mestrado/Doutorado - Aluno Especial,Inscrições para o processo seletivo da UNEB: 050/2026AE - Educação e Contemporaneidade - Stricto Sensu Mestrado/Doutorado - Aluno Especial. Período de inscrições de 15/06/2026 a 06/07/2026. Consulte o edital completo no portal SSPPG UNEB.,UNEB,Doutorado - Aluno Especial,Educação,15,2026-06-15T12:00:00Z,2026-07-06T23:59:59Z,https://ssppg.uneb.br/inicio/editalExterno/1559?selecao=1559,Encerrado,2026-06-15T12:00:00Z,UNEB SSPPG
2026-08-09T04:10:07.337256Z,038/2026AE - Intervenção Educativa e Social - Stricto Sensu Mestrado - Aluno Especial,Inscrições para o processo seletivo da UNEB: 038/2026AE - Intervenção Educativa e Social - Stricto Sensu Mestrado - Aluno Especial. Período de inscrições de 15/06/2026 a 06/07/2026. Consulte o edital completo no portal SSPPG UNEB.,UNEB,Mestrado - Aluno Especial,Educação,15,2026-06-15T12:00:00Z,2026-07-06T23:59:59Z,https://ssppg.uneb.br/inicio/editalExterno/1554?selecao=1554,Encerrado,2026-06-15T12:00:00Z,UNEB SSPPG
2026-08-09T04:10:07.337256Z,053/2026AEME - Crítica Cultural - Stricto Sensu Mestrado - Aluno Especial,Inscrições para o processo seletivo da UNEB: 053/2026AEME - Crítica Cultural - Stricto Sensu Mestrado - Aluno Especial. Período de inscrições de 23/06/2026 a 06/07/2026. Consulte o edital completo no portal SSPPG UNEB.,UNEB,Mestrado - Aluno Especial,Educação,15,2026-06-23T12:00:00Z,2026-07-06T23:59:59Z,https://ssppg.uneb.br/inicio/editalExterno/1565?selecao=1565,Encerrado,2026-06-23T12:00:00Z,UNEB SSPPG
2026-08-09T04:10:07.337256Z,053/2026AEDO - Crítica Cultural - Stricto Sensu Doutorado - Aluno Especial,Inscrições para o processo seletivo da UNEB: 053/2026AEDO - Crítica Cultural - Stricto Sensu Doutorado - Aluno Especial. Período de inscrições de 23/06/2026 a 06/07/2026. Consulte o edital completo no portal SSPPG UNEB.,UNEB,Doutorado - Aluno Especial,Educação,15,2026-06-23T12:00:00Z,2026-07-06T23:59:59Z,https://ssppg.uneb.br/inicio/editalExterno/1567?selecao=1567,Encerrado,2026-06-23T12:00:00Z,UNEB SSPPG
2026-08-09T04:10:07.337256Z,055/2026AE - Educação e Diversidade - Stricto Sensu Mestrado - Aluno Especial,Inscrições para o processo seletivo da UNEB: 055/2026AE - Educação e Diversidade - Stricto Sensu Mestrado - Aluno Especial. Período de inscrições de 25/06/2026 a 08/07/2026. Consulte o edital completo no portal SSPPG UNEB.,UNEB,Mestrado - Aluno Especial,Educação,15,2026-06-25T12:00:00Z,2026-07-08T23:59:59Z,https://ssppg.uneb.br/inicio/editalExterno/1560?selecao=1560,Encerrado,2026-06-25T12:00:00Z,UNEB SSPPG
2026-08-09T04:10:07.337256Z,054/2026AE - ESTUDOS TERRITORIAIS - Stricto Sensu Mestrado - Aluno Especial,Inscrições para o processo seletivo da UNEB: 054/2026AE - ESTUDOS TERRITORIAIS - Stricto Sensu Mestrado - Aluno Especial. Período de inscrições de 25/06/2026 a 06/07/2026. Consulte o edital completo no portal SSPPG UNEB.,UNEB,Mestrado - Aluno Especial,Educação,15,2026-06-25T12:00:00Z,2026-07-06T23:59:59Z,https://ssppg.uneb.br/inicio/editalExterno/1557?selecao=1557,Encerrado,2026-06-25T12:00:00Z,UNEB SSPPG
2026-08-09T04:10:07.337256Z,"056/2026AE - ENSINO, LINGUAGEM E SOCIEDADE - Stricto Sensu Mestrado - Aluno Especial","Inscrições para o processo seletivo da UNEB: 056/2026AE - ENSINO, LINGUAGEM E SOCIEDADE - Stricto Sensu Mestrado - Aluno Especial. Período de inscrições de 26/06/2026 a 09/07/2026. Consulte o edital completo no portal SSPPG UNEB.",UNEB,Mestrado - Aluno Especial,Educação,15,2026-06-26T12:00:00Z,2026-07-09T23:59:59Z,https://ssppg.uneb.br/inicio/editalExterno/1564?selecao=1564,Encerrado,2026-06-26T12:00:00Z,UNEB SSPPG
2026-08-09T04:10:07.337256Z,048/2026AE - Estudo de Linguagens - Stricto Sensu Mestrado/Doutorado - Aluno Especial,Inscrições para o processo seletivo da UNEB: 048/2026AE - Estudo de Linguagens - Stricto Sensu Mestrado/Doutorado - Aluno Especial. Período de inscrições de 29/06/2026 a 10/07/2026. Consulte o edital completo no portal SSPPG UNEB.,UNEB,Doutorado - Aluno Especial,Humanas e Sociais,15,2026-06-29T12:00:00Z,2026-07-10T23:59:59Z,https://ssppg.uneb.br/inicio/editalExterno/1563?selecao=1563,Encerrado,2026-06-29T12:00:00Z,UNEB SSPPG
2026-08-09T04:10:07.337256Z,061/2026AE - Educação e Formação Docente - Stricto Sensu Mestrado - Aluno Especial,Inscrições para o processo seletivo da UNEB: 061/2026AE - Educação e Formação Docente - Stricto Sensu Mestrado - Aluno Especial. Período de inscrições de 29/06/2026 a 10/07/2026. Consulte o edital completo no portal SSPPG UNEB.,UNEB,Mestrado - Aluno Especial,Educação,15,2026-06-29T12:00:00Z,2026-07-10T23:59:59Z,https://ssppg.uneb.br/inicio/editalExterno/1570?selecao=1570,Encerrado,2026-06-29T12:00:00Z,UNEB SSPPG
2026-08-09T04:10:07.337256Z,"058/2026AE - Estudos Africanos, Povos Indígenas e Culturas Negras - Stricto Sensu Mestrado - Aluno Especial","Inscrições para o processo seletivo da UNEB: 058/2026AE - Estudos Africanos, Povos Indígenas e Culturas Negras - Stricto Sensu Mestrado - Aluno Especial. Período de inscrições de 29/06/2026 a 10/07/2026. Consulte o edital completo no portal SSPPG UNEB.",UNEB,Mestrado - Aluno Especial,Educação,15,2026-06-29T12:00:00Z,2026-07-10T23:59:59Z,https://ssppg.uneb.br/inicio/editalExterno/1562?selecao=1562,Encerrado,2026-06-29T12:00:00Z,UNEB SSPPG
2026-08-09T04:10:07.337256Z,064/2026AE - Estudos Africanos e Representações da África - Stricto Sensu Mestrado - Aluno Especial,Inscrições para o processo seletivo da UNEB: 064/2026AE - Estudos Africanos e Representações da África - Stricto Sensu Mestrado - Aluno Especial. Período de inscrições de 03/07/2026 a 13/07/2026. Consulte o edital completo no portal SSPPG UNEB.,UNEB,Mestrado - Aluno Especial,Educação,15,2026-07-03T12:00:00Z,2026-07-13T23:59:59Z,https://ssppg.uneb.br/inicio/editalExterno/1576?selecao=1576,Encerrado,2026-07-03T12:00:00Z,UNEB SSPPG
2026-08-09T04:10:07.337256Z,059/20262AE - Ecologia Humana e Gestão Socioambiental - Stricto Sensu Mestrado/Doutorado - Aluno Especial,Inscrições para o processo seletivo da UNEB: 059/20262AE - Ecologia Humana e Gestão Socioambiental - Stricto Sensu Mestrado/Doutorado - Aluno Especial. Período de inscrições de 03/07/2026 a 10/07/2026. Consulte o edital completo no portal SSPPG UNEB.,UNEB,Doutorado - Aluno Especial,Gestão e Negócios,15,2026-07-03T12:00:00Z,2026-07-10T23:59:59Z,https://ssppg.uneb.br/inicio/editalExterno/1568?selecao=1568,Encerrado,2026-07-03T12:00:00Z,UNEB SSPPG
2026-08-09T04:10:07.337256Z,044/2026AE - Programa de Pós-Graduação em Letras - Stricto Sensu Mestrado - Aluno Especial,Inscrições para o processo seletivo da UNEB: 044/2026AE - Programa de Pós-Graduação em Letras - Stricto Sensu Mestrado - Aluno Especial. Período de inscrições de 03/07/2026 a 10/07/2026. Consulte o edital completo no portal SSPPG UNEB.,UNEB,Mestrado - Aluno Especial,Humanas e Sociais,15,2026-07-03T12:00:00Z,2026-07-10T23:59:59Z,https://ssppg.uneb.br/inicio/editalExterno/1558?selecao=1558,Encerrado,2026-07-03T12:00:00Z,UNEB SSPPG
2026-08-09T04:10:07.337256Z,063/2026AE - Ciências Farmacêuticas - Stricto Sensu Mestrado - Aluno Especial,Inscrições para o processo seletivo da UNEB: 063/2026AE - Ciências Farmacêuticas - Stricto Sensu Mestrado - Aluno Especial. Período de inscrições de 03/07/2026 a 13/07/2026. Consulte o edital completo no portal SSPPG UNEB.,UNEB,Mestrado - Aluno Especial,Educação,15,2026-07-03T12:00:00Z,2026-07-13T23:59:59Z,https://ssppg.uneb.br/inicio/editalExterno/1569?selecao=1569,Encerrado,2026-07-03T12:00:00Z,UNEB SSPPG
2026-08-10T04:21:59.886616Z,SIGAA - Sistema Integrado de Gestão de Atividades Acadêmicas,"MESTRADO EM ARQUITETURA E URBANISMO, 50, 12/06/2026 a 18/06/2026 ; PROCESSO SELETIVO IC-PGCOMP DOUTORADO PARA ALUNO ESPECIAL 2026.2.",UFBA,Mestrado - Aluno Especial,Engenharias e Exatas,10,2026-06-30T00:00:00Z,2026-07-20T00:00:00Z,https://sigaa.ufba.br/sigaa/public/processo_seletivo/lista.jsf?aba=p-processo&nivel=S,Encerrado,2026-06-30T00:00:00Z,Google Search (UFBA)
2026-08-10T04:21:59.886616Z,Edital nº 01 - Processo Seletivo Aluno Especial Doutorado 2026.2 - DOUTORADO EM ESTATÍSTICA E CIÊNCIAS DE DADOS,Inscrições abertas para o processo seletivo da UFBA de ingresso no curso: DOUTORADO EM ESTATÍSTICA E CIÊNCIAS DE DADOS. Vagas ofertadas: 5. Período de inscrições de 15/06/2026 a 10/07/2026. Consulte o edital completo no portal oficial da instituição.,UFBA,Doutorado - Aluno Especial,Engenharias e Exatas,5,2026-06-15T12:00:00Z,2026-07-10T12:00:00Z,https://sigaa.ufba.br/sigaa/public/processo_seletivo/lista.jsf?aba=p-processo&nivel=S,Encerrado,2026-06-15T12:00:00Z,UFBA SIGAA
2026-08-10T04:21:59.886616Z,Edital nº 01 - Processo Seletivo Aluno Especial Mestrado 2026.2 - MESTRADO EM ESTATÍSTICA E CIÊNCIAS DE DADOS,Inscrições abertas para o processo seletivo da UFBA de ingresso no curso: MESTRADO EM ESTATÍSTICA E CIÊNCIAS DE DADOS. Vagas ofertadas: 13. Período de inscrições de 15/06/2026 a 10/07/2026. Consulte o edital completo no portal oficial da instituição.,UFBA,Mestrado - Aluno Especial,Engenharias e Exatas,13,2026-06-15T12:00:00Z,2026-07-10T12:00:00Z,https://sigaa.ufba.br/sigaa/public/processo_seletivo/lista.jsf?aba=p-processo&nivel=S,Encerrado,2026-06-15T12:00:00Z,UFBA SIGAA
2026-08-10T04:21:59.886616Z,EDITAL DE ALUNO ESPECIAL 2026.2 DOUTORADO - DOUTORADO EM ARQUITETURA E URBANISMO,Inscrições abertas para o processo seletivo da UFBA de ingresso no curso: DOUTORADO EM ARQUITETURA E URBANISMO. Vagas ofertadas: 50. Período de inscrições de 12/06/2026 a 18/06/2026. Consulte o edital completo no portal oficial da instituição.,UFBA,Doutorado - Aluno Especial,Engenharias e Exatas,50,2026-06-12T12:00:00Z,2026-06-18T12:00:00Z,https://sigaa.ufba.br/sigaa/public/processo_seletivo/lista.jsf?aba=p-processo&nivel=S,Encerrado,2026-06-12T12:00:00Z,UFBA SIGAA
2026-08-10T04:21:59.886616Z,EDITAL DE ALUNO ESPECIAL 2026.2 MESTRADO - MESTRADO EM ARQUITETURA E URBANISMO,Inscrições abertas para o processo seletivo da UFBA de ingresso no curso: MESTRADO EM ARQUITETURA E URBANISMO. Vagas ofertadas: 50. Período de inscrições de 12/06/2026 a 18/06/2026. Consulte o edital completo no portal oficial da instituição.,UFBA,Mestrado - Aluno Especial,Engenharias e Exatas,50,2026-06-12T12:00:00Z,2026-06-18T12:00:00Z,https://sigaa.ufba.br/sigaa/public/processo_seletivo/lista.jsf?aba=p-processo&nivel=S,Encerrado,2026-06-12T12:00:00Z,UFBA SIGAA
2026-08-10T04:21:59.886616Z,PROCESSO SELETIVO IC-PGCOMP DOUTORADO PARA ALUNO ESPECIAL 2026.2 - DOUTORADO EM CIÊNCIA DA COMPUTAÇÃO,Inscrições abertas para o processo seletivo da UFBA de ingresso no curso: DOUTORADO EM CIÊNCIA DA COMPUTAÇÃO. Vagas ofertadas: 30. Período de inscrições de 12/06/2026 a 19/06/2026. Consulte o edital completo no portal oficial da instituição.,UFBA,Doutorado - Aluno Especial,Tecnologia e Informática,30,2026-06-12T12:00:00Z,2026-06-19T12:00:00Z,https://sigaa.ufba.br/sigaa/public/processo_seletivo/lista.jsf?aba=p-processo&nivel=S,Encerrado,2026-06-12T12:00:00Z,UFBA SIGAA
2026-08-10T04:21:59.886616Z,PROCESSO SELETIVO IC-PGCOMP MESTRADO PARA ALUNO ESPECIAL 2026.2 - MESTRADO EM CIÊNCIA DA COMPUTAÇÃO,Inscrições abertas para o processo seletivo da UFBA de ingresso no curso: MESTRADO EM CIÊNCIA DA COMPUTAÇÃO. Vagas ofertadas: 70. Período de inscrições de 12/06/2026 a 19/06/2026. Consulte o edital completo no portal oficial da instituição.,UFBA,Mestrado - Aluno Especial,Tecnologia e Informática,70,2026-06-12T12:00:00Z,2026-06-19T12:00:00Z,https://sigaa.ufba.br/sigaa/public/processo_seletivo/lista.jsf?aba=p-processo&nivel=S,Encerrado,2026-06-12T12:00:00Z,UFBA SIGAA
2026-08-10T04:21:59.886616Z,EDITAL nº 02/2026 - SELEÇÃO PARA ALUNO ESPECIAL - SEMESTRE LETIVO 2026.2 - MESTRADO EM EDUCAÇÃO,Inscrições abertas para o processo seletivo da UFBA de ingresso no curso: MESTRADO EM EDUCAÇÃO. Vagas ofertadas: 102. Período de inscrições de 09/06/2026 a 12/06/2026. Consulte o edital completo no portal oficial da instituição.,UFBA,Mestrado - Aluno Especial,Educação,102,2026-06-09T12:00:00Z,2026-06-12T12:00:00Z,https://sigaa.ufba.br/sigaa/public/processo_seletivo/lista.jsf?aba=p-processo&nivel=S,Encerrado,2026-06-09T12:00:00Z,UFBA SIGAA
2026-08-10T04:21:59.886616Z,PROCESSO SELETIVO PARA INGRESSO DE ALUNO ESPECIAL DOUTORADO- PGENF 2026.2 - DOUTORADO EM ENFERMAGEM E SAÚDE,Inscrições abertas para o processo seletivo da UFBA de ingresso no curso: DOUTORADO EM ENFERMAGEM E SAÚDE. Vagas ofertadas: 30. Período de inscrições de 09/06/2026 a 15/06/2026. Consulte o edital completo no portal oficial da instituição.,UFBA,Doutorado - Aluno Especial,Saúde e Biológicas,30,2026-06-09T12:00:00Z,2026-06-15T12:00:00Z,https://sigaa.ufba.br/sigaa/public/processo_seletivo/lista.jsf?aba=p-processo&nivel=S,Encerrado,2026-06-09T12:00:00Z,UFBA SIGAA
2026-08-10T04:21:59.886616Z,PROCESSO SELETIVO PARA INGRESSO DE ALUNO ESPECIAL MESTRADO- PGENF 2026.2 - MESTRADO EM ENFERMAGEM E SAÚDE,Inscrições abertas para o processo seletivo da UFBA de ingresso no curso: MESTRADO EM ENFERMAGEM E SAÚDE. Vagas ofertadas: 60. Período de inscrições de 09/06/2026 a 15/06/2026. Consulte o edital completo no portal oficial da instituição.,UFBA,Mestrado - Aluno Especial,Saúde e Biológicas,60,2026-06-09T12:00:00Z,2026-06-15T12:00:00Z,https://sigaa.ufba.br/sigaa/public/processo_seletivo/lista.jsf?aba=p-processo&nivel=S,Encerrado,2026-06-09T12:00:00Z,UFBA SIGAA
2026-08-10T04:21:59.886616Z,SELEÇÃO DE ALUNO/A ESPECIAL DO PPGCS - 2026.2 - MESTRADO EM CIÊNCIAS SOCIAIS,Inscrições abertas para o processo seletivo da UFBA de ingresso no curso: MESTRADO EM CIÊNCIAS SOCIAIS. Vagas ofertadas: 45. Período de inscrições de 05/06/2026 a 12/06/2026. Consulte o edital completo no portal oficial da instituição.,UFBA,Mestrado - Aluno Especial,Saúde e Biológicas,45,2026-06-05T12:00:00Z,2026-06-12T12:00:00Z,https://sigaa.ufba.br/sigaa/public/processo_seletivo/lista.jsf?aba=p-processo&nivel=S,Encerrado,2026-06-05T12:00:00Z,UFBA SIGAA
2026-08-10T04:21:59.886616Z,SELEÇÃO PARA ALUNO ESPECIAL PPGCONT 2026.2 - MESTRADO EM CONTABILIDADE,Inscrições abertas para o processo seletivo da UFBA de ingresso no curso: MESTRADO EM CONTABILIDADE. Vagas ofertadas: 80. Período de inscrições de 05/06/2026 a 12/06/2026. Consulte o edital completo no portal oficial da instituição.,UFBA,Mestrado - Aluno Especial,Saúde e Biológicas,80,2026-06-05T12:00:00Z,2026-06-12T12:00:00Z,https://sigaa.ufba.br/sigaa/public/processo_seletivo/lista.jsf?aba=p-processo&nivel=S,Encerrado,2026-06-05T12:00:00Z,UFBA SIGAA
2026-08-10T04:21:59.886616Z,function dpf(f) {var adp = f.adp;if (adp != null) {for (var i = 0;i EDITAL Nº 01/2026 - SELEÇÃO ALUNO ESPECIAL – SEMESTRE LETIVO 2026.1 - ESTUDOS DE L,Inscrições abertas para o processo seletivo da UNILAB de ingresso no curso: ESTUDOS DE LINGUAGEM: CONTEXTOS LUSÓFONOS BRASIL-ÁFRICA. Vagas ofertadas: 10. Período de inscrições de 01/07/2026 a 17/07/2026. Consulte o edital completo no portal oficial da instituição.,UNILAB,Mestrado - Aluno Especial,Saúde e Biológicas,10,2026-07-01T12:00:00Z,2026-07-17T12:00:00Z,https://sigaa.unilab.edu.br/sigaa/public/processo_seletivo/lista.jsf?aba=p-processo&nivel=S,Encerrado,2026-07-01T12:00:00Z,UNILAB SIGAA
2026-08-10T04:21:59.886616Z,049/2026AE - Química Aplicada - Stricto Sensu Mestrado - Aluno Especial,Inscrições para o processo seletivo da UNEB: 049/2026AE - Química Aplicada - Stricto Sensu Mestrado - Aluno Especial. Período de inscrições de 15/06/2026 a 10/07/2026. Consulte o edital completo no portal SSPPG UNEB.,UNEB,Mestrado - Aluno Especial,Engenharias e Exatas,15,2026-06-15T12:00:00Z,2026-07-10T23:59:59Z,https://ssppg.uneb.br/inicio/editalExterno/1561?selecao=1561,Encerrado,2026-06-15T12:00:00Z,UNEB SSPPG
2026-08-10T04:21:59.886616Z,050/2026AE - Educação e Contemporaneidade - Stricto Sensu Mestrado/Doutorado - Aluno Especial,Inscrições para o processo seletivo da UNEB: 050/2026AE - Educação e Contemporaneidade - Stricto Sensu Mestrado/Doutorado - Aluno Especial. Período de inscrições de 15/06/2026 a 06/07/2026. Consulte o edital completo no portal SSPPG UNEB.,UNEB,Doutorado - Aluno Especial,Educação,15,2026-06-15T12:00:00Z,2026-07-06T23:59:59Z,https://ssppg.uneb.br/inicio/editalExterno/1559?selecao=1559,Encerrado,2026-06-15T12:00:00Z,UNEB SSPPG
2026-08-10T04:21:59.886616Z,038/2026AE - Intervenção Educativa e Social - Stricto Sensu Mestrado - Aluno Especial,Inscrições para o processo seletivo da UNEB: 038/2026AE - Intervenção Educativa e Social - Stricto Sensu Mestrado - Aluno Especial. Período de inscrições de 15/06/2026 a 06/07/2026. Consulte o edital completo no portal SSPPG UNEB.,UNEB,Mestrado - Aluno Especial,Educação,15,2026-06-15T12:00:00Z,2026-07-06T23:59:59Z,https://ssppg.uneb.br/inicio/editalExterno/1554?selecao=1554,Encerrado,2026-06-15T12:00:00Z,UNEB SSPPG
2026-08-10T04:21:59.886616Z,053/2026AEME - Crítica Cultural - Stricto Sensu Mestrado - Aluno Especial,Inscrições para o processo seletivo da UNEB: 053/2026AEME - Crítica Cultural - Stricto Sensu Mestrado - Aluno Especial. Período de inscrições de 23/06/2026 a 06/07/2026. Consulte o edital completo no portal SSPPG UNEB.,UNEB,Mestrado - Aluno Especial,Educação,15,2026-06-23T12:00:00Z,2026-07-06T23:59:59Z,https://ssppg.uneb.br/inicio/editalExterno/1565?selecao=1565,Encerrado,2026-06-23T12:00:00Z,UNEB SSPPG
2026-08-10T04:21:59.886616Z,053/2026AEDO - Crítica Cultural - Stricto Sensu Doutorado - Aluno Especial,Inscrições para o processo seletivo da UNEB: 053/2026AEDO - Crítica Cultural - Stricto Sensu Doutorado - Aluno Especial. Período de inscrições de 23/06/2026 a 06/07/2026. Consulte o edital completo no portal SSPPG UNEB.,UNEB,Doutorado - Aluno Especial,Educação,15,2026-06-23T12:00:00Z,2026-07-06T23:59:59Z,https://ssppg.uneb.br/inicio/editalExterno/1567?selecao=1567,Encerrado,2026-06-23T12:00:00Z,UNEB SSPPG
2026-08-10T04:21:59.886616Z,055/2026AE - Educação e Diversidade - Stricto Sensu Mestrado - Aluno Especial,Inscrições para o processo seletivo da UNEB: 055/2026AE - Educação e Diversidade - Stricto Sensu Mestrado - Aluno Especial. Período de inscrições de 25/06/2026 a 08/07/2026. Consulte o edital completo no portal SSPPG UNEB.,UNEB,Mestrado - Aluno Especial,Educação,15,2026-06-25T12:00:00Z,2026-07-08T23:59:59Z,https://ssppg.uneb.br/inicio/editalExterno/1560?selecao=1560,Encerrado,2026-06-25T12:00:00Z,UNEB SSPPG
2026-08-10T04:21:59.886616Z,054/2026AE - ESTUDOS TERRITORIAIS - Stricto Sensu Mestrado - Aluno Especial,Inscrições para o processo seletivo da UNEB: 054/2026AE - ESTUDOS TERRITORIAIS - Stricto Sensu Mestrado - Aluno Especial. Período de inscrições de 25/06/2026 a 06/07/2026. Consulte o edital completo no portal SSPPG UNEB.,UNEB,Mestrado - Aluno Especial,Educação,15,2026-06-25T12:00:00Z,2026-07-06T23:59:59Z,https://ssppg.uneb.br/inicio/editalExterno/1557?selecao=1557,Encerrado,2026-06-25T12:00:00Z,UNEB SSPPG
2026-08-10T04:21:59.886616Z,"056/2026AE - ENSINO, LINGUAGEM E SOCIEDADE - Stricto Sensu Mestrado - Aluno Especial","Inscrições para o processo seletivo da UNEB: 056/2026AE - ENSINO, LINGUAGEM E SOCIEDADE - Stricto Sensu Mestrado - Aluno Especial. Período de inscrições de 26/06/2026 a 09/07/2026. Consulte o edital completo no portal SSPPG UNEB.",UNEB,Mestrado - Aluno Especial,Educação,15,2026-06-26T12:00:00Z,2026-07-09T23:59:59Z,https://ssppg.uneb.br/inicio/editalExterno/1564?selecao=1564,Encerrado,2026-06-26T12:00:00Z,UNEB SSPPG
2026-08-10T04:21:59.886616Z,048/2026AE - Estudo de Linguagens - Stricto Sensu Mestrado/Doutorado - Aluno Especial,Inscrições para o processo seletivo da UNEB: 048/2026AE - Estudo de Linguagens - Stricto Sensu Mestrado/Doutorado - Aluno Especial. Período de inscrições de 29/06/2026 a 10/07/2026. Consulte o edital completo no portal SSPPG UNEB.,UNEB,Doutorado - Aluno Especial,Humanas e Sociais,15,2026-06-29T12:00:00Z,2026-07-10T23:59:59Z,https://ssppg.uneb.br/inicio/editalExterno/1563?selecao=1563,Encerrado,2026-06-29T12:00:00Z,UNEB SSPPG
2026-08-10T04:21:59.886616Z,061/2026AE - Educação e Formação Docente - Stricto Sensu Mestrado - Aluno Especial,Inscrições para o processo seletivo da UNEB: 061/2026AE - Educação e Formação Docente - Stricto Sensu Mestrado - Aluno Especial. Período de inscrições de 29/06/2026 a 10/07/2026. Consulte o edital completo no portal SSPPG UNEB.,UNEB,Mestrado - Aluno Especial,Educação,15,2026-06-29T12:00:00Z,2026-07-10T23:59:59Z,https://ssppg.uneb.br/inicio/editalExterno/1570?selecao=1570,Encerrado,2026-06-29T12:00:00Z,UNEB SSPPG
2026-08-10T04:21:59.886616Z,"058/2026AE - Estudos Africanos, Povos Indígenas e Culturas Negras - Stricto Sensu Mestrado - Aluno Especial","Inscrições para o processo seletivo da UNEB: 058/2026AE - Estudos Africanos, Povos Indígenas e Culturas Negras - Stricto Sensu Mestrado - Aluno Especial. Período de inscrições de 29/06/2026 a 10/07/2026. Consulte o edital completo no portal SSPPG UNEB.",UNEB,Mestrado - Aluno Especial,Educação,15,2026-06-29T12:00:00Z,2026-07-10T23:59:59Z,https://ssppg.uneb.br/inicio/editalExterno/1562?selecao=1562,Encerrado,2026-06-29T12:00:00Z,UNEB SSPPG
2026-08-10T04:21:59.886616Z,064/2026AE - Estudos Africanos e Representações da África - Stricto Sensu Mestrado - Aluno Especial,Inscrições para o processo seletivo da UNEB: 064/2026AE - Estudos Africanos e Representações da África - Stricto Sensu Mestrado - Aluno Especial. Período de inscrições de 03/07/2026 a 13/07/2026. Consulte o edital completo no portal SSPPG UNEB.,UNEB,Mestrado - Aluno Especial,Educação,15,2026-07-03T12:00:00Z,2026-07-13T23:59:59Z,https://ssppg.uneb.br/inicio/editalExterno/1576?selecao=1576,Encerrado,2026-07-03T12:00:00Z,UNEB SSPPG
2026-08-10T04:21:59.886616Z,059/20262AE - Ecologia Humana e Gestão Socioambiental - Stricto Sensu Mestrado/Doutorado - Aluno Especial,Inscrições para o processo seletivo da UNEB: 059/20262AE - Ecologia Humana e Gestão Socioambiental - Stricto Sensu Mestrado/Doutorado - Aluno Especial. Período de inscrições de 03/07/2026 a 10/07/2026. Consulte o edital completo no portal SSPPG UNEB.,UNEB,Doutorado - Aluno Especial,Gestão e Negócios,15,2026-07-03T12:00:00Z,2026-07-10T23:59:59Z,https://ssppg.uneb.br/inicio/editalExterno/1568?selecao=1568,Encerrado,2026-07-03T12:00:00Z,UNEB SSPPG
2026-08-10T04:21:59.886616Z,044/2026AE - Programa de Pós-Graduação em Letras - Stricto Sensu Mestrado - Aluno Especial,Inscrições para o processo seletivo da UNEB: 044/2026AE - Programa de Pós-Graduação em Letras - Stricto Sensu Mestrado - Aluno Especial. Período de inscrições de 03/07/2026 a 10/07/2026. Consulte o edital completo no portal SSPPG UNEB.,UNEB,Mestrado - Aluno Especial,Humanas e Sociais,15,2026-07-03T12:00:00Z,2026-07-10T23:59:59Z,https://ssppg.uneb.br/inicio/editalExterno/1558?selecao=1558,Encerrado,2026-07-03T12:00:00Z,UNEB SSPPG
2026-08-10T04:21:59.886616Z,063/2026AE - Ciências Farmacêuticas - Stricto Sensu Mestrado - Aluno Especial,Inscrições para o processo seletivo da UNEB: 063/2026AE - Ciências Farmacêuticas - Stricto Sensu Mestrado - Aluno Especial. Período de inscrições de 03/07/2026 a 13/07/2026. Consulte o edital completo no portal SSPPG UNEB.,UNEB,Mestrado - Aluno Especial,Educação,15,2026-07-03T12:00:00Z,2026-07-13T23:59:59Z,https://ssppg.uneb.br/inicio/editalExterno/1569?selecao=1569,Encerrado,2026-07-03T12:00:00Z,UNEB SSPPG
2026-08-11T04:11:02.105381Z,SIGAA - Sistema Integrado de Gestão de Atividades Acadêmicas,"MESTRADO EM ARQUITETURA E URBANISMO, 50, 12/06/2026 a 18/06/2026 ; PROCESSO SELETIVO IC-PGCOMP DOUTORADO PARA ALUNO ESPECIAL 2026.2.",UFBA,Mestrado - Aluno Especial,Engenharias e Exatas,10,2026-06-30T00:00:00Z,2026-07-20T00:00:00Z,https://sigaa.ufba.br/sigaa/public/processo_seletivo/lista.jsf?aba=p-processo&nivel=S,Encerrado,2026-06-30T00:00:00Z,Google Search (UFBA)
2026-08-11T04:11:02.105381Z,Edital nº 01 - Processo Seletivo Aluno Especial Doutorado 2026.2 - DOUTORADO EM ESTATÍSTICA E CIÊNCIAS DE DADOS,Inscrições abertas para o processo seletivo da UFBA de ingresso no curso: DOUTORADO EM ESTATÍSTICA E CIÊNCIAS DE DADOS. Vagas ofertadas: 5. Período de inscrições de 15/06/2026 a 10/07/2026. Consulte o edital completo no portal oficial da instituição.,UFBA,Doutorado - Aluno Especial,Engenharias e Exatas,5,2026-06-15T12:00:00Z,2026-07-10T12:00:00Z,https://sigaa.ufba.br/sigaa/public/processo_seletivo/lista.jsf?aba=p-processo&nivel=S,Encerrado,2026-06-15T12:00:00Z,UFBA SIGAA
2026-08-11T04:11:02.105381Z,Edital nº 01 - Processo Seletivo Aluno Especial Mestrado 2026.2 - MESTRADO EM ESTATÍSTICA E CIÊNCIAS DE DADOS,Inscrições abertas para o processo seletivo da UFBA de ingresso no curso: MESTRADO EM ESTATÍSTICA E CIÊNCIAS DE DADOS. Vagas ofertadas: 13. Período de inscrições de 15/06/2026 a 10/07/2026. Consulte o edital completo no portal oficial da instituição.,UFBA,Mestrado - Aluno Especial,Engenharias e Exatas,13,2026-06-15T12:00:00Z,2026-07-10T12:00:00Z,https://sigaa.ufba.br/sigaa/public/processo_seletivo/lista.jsf?aba=p-processo&nivel=S,Encerrado,2026-06-15T12:00:00Z,UFBA SIGAA
2026-08-11T04:11:02.105381Z,EDITAL DE ALUNO ESPECIAL 2026.2 DOUTORADO - DOUTORADO EM ARQUITETURA E URBANISMO,Inscrições abertas para o processo seletivo da UFBA de ingresso no curso: DOUTORADO EM ARQUITETURA E URBANISMO. Vagas ofertadas: 50. Período de inscrições de 12/06/2026 a 18/06/2026. Consulte o edital completo no portal oficial da instituição.,UFBA,Doutorado - Aluno Especial,Engenharias e Exatas,50,2026-06-12T12:00:00Z,2026-06-18T12:00:00Z,https://sigaa.ufba.br/sigaa/public/processo_seletivo/lista.jsf?aba=p-processo&nivel=S,Encerrado,2026-06-12T12:00:00Z,UFBA SIGAA
2026-08-11T04:11:02.105381Z,EDITAL DE ALUNO ESPECIAL 2026.2 MESTRADO - MESTRADO EM ARQUITETURA E URBANISMO,Inscrições abertas para o processo seletivo da UFBA de ingresso no curso: MESTRADO EM ARQUITETURA E URBANISMO. Vagas ofertadas: 50. Período de inscrições de 12/06/2026 a 18/06/2026. Consulte o edital completo no portal oficial da instituição.,UFBA,Mestrado - Aluno Especial,Engenharias e Exatas,50,2026-06-12T12:00:00Z,2026-06-18T12:00:00Z,https://sigaa.ufba.br/sigaa/public/processo_seletivo/lista.jsf?aba=p-processo&nivel=S,Encerrado,2026-06-12T12:00:00Z,UFBA SIGAA
2026-08-11T04:11:02.105381Z,PROCESSO SELETIVO IC-PGCOMP DOUTORADO PARA ALUNO ESPECIAL 2026.2 - DOUTORADO EM CIÊNCIA DA COMPUTAÇÃO,Inscrições abertas para o processo seletivo da UFBA de ingresso no curso: DOUTORADO EM CIÊNCIA DA COMPUTAÇÃO. Vagas ofertadas: 30. Período de inscrições de 12/06/2026 a 19/06/2026. Consulte o edital completo no portal oficial da instituição.,UFBA,Doutorado - Aluno Especial,Tecnologia e Informática,30,2026-06-12T12:00:00Z,2026-06-19T12:00:00Z,https://sigaa.ufba.br/sigaa/public/processo_seletivo/lista.jsf?aba=p-processo&nivel=S,Encerrado,2026-06-12T12:00:00Z,UFBA SIGAA
2026-08-11T04:11:02.105381Z,PROCESSO SELETIVO IC-PGCOMP MESTRADO PARA ALUNO ESPECIAL 2026.2 - MESTRADO EM CIÊNCIA DA COMPUTAÇÃO,Inscrições abertas para o processo seletivo da UFBA de ingresso no curso: MESTRADO EM CIÊNCIA DA COMPUTAÇÃO. Vagas ofertadas: 70. Período de inscrições de 12/06/2026 a 19/06/2026. Consulte o edital completo no portal oficial da instituição.,UFBA,Mestrado - Aluno Especial,Tecnologia e Informática,70,2026-06-12T12:00:00Z,2026-06-19T12:00:00Z,https://sigaa.ufba.br/sigaa/public/processo_seletivo/lista.jsf?aba=p-processo&nivel=S,Encerrado,2026-06-12T12:00:00Z,UFBA SIGAA
2026-08-11T04:11:02.105381Z,EDITAL nº 02/2026 - SELEÇÃO PARA ALUNO ESPECIAL - SEMESTRE LETIVO 2026.2 - MESTRADO EM EDUCAÇÃO,Inscrições abertas para o processo seletivo da UFBA de ingresso no curso: MESTRADO EM EDUCAÇÃO. Vagas ofertadas: 102. Período de inscrições de 09/06/2026 a 12/06/2026. Consulte o edital completo no portal oficial da instituição.,UFBA,Mestrado - Aluno Especial,Educação,102,2026-06-09T12:00:00Z,2026-06-12T12:00:00Z,https://sigaa.ufba.br/sigaa/public/processo_seletivo/lista.jsf?aba=p-processo&nivel=S,Encerrado,2026-06-09T12:00:00Z,UFBA SIGAA
2026-08-11T04:11:02.105381Z,PROCESSO SELETIVO PARA INGRESSO DE ALUNO ESPECIAL DOUTORADO- PGENF 2026.2 - DOUTORADO EM ENFERMAGEM E SAÚDE,Inscrições abertas para o processo seletivo da UFBA de ingresso no curso: DOUTORADO EM ENFERMAGEM E SAÚDE. Vagas ofertadas: 30. Período de inscrições de 09/06/2026 a 15/06/2026. Consulte o edital completo no portal oficial da instituição.,UFBA,Doutorado - Aluno Especial,Saúde e Biológicas,30,2026-06-09T12:00:00Z,2026-06-15T12:00:00Z,https://sigaa.ufba.br/sigaa/public/processo_seletivo/lista.jsf?aba=p-processo&nivel=S,Encerrado,2026-06-09T12:00:00Z,UFBA SIGAA
2026-08-11T04:11:02.105381Z,PROCESSO SELETIVO PARA INGRESSO DE ALUNO ESPECIAL MESTRADO- PGENF 2026.2 - MESTRADO EM ENFERMAGEM E SAÚDE,Inscrições abertas para o processo seletivo da UFBA de ingresso no curso: MESTRADO EM ENFERMAGEM E SAÚDE. Vagas ofertadas: 60. Período de inscrições de 09/06/2026 a 15/06/2026. Consulte o edital completo no portal oficial da instituição.,UFBA,Mestrado - Aluno Especial,Saúde e Biológicas,60,2026-06-09T12:00:00Z,2026-06-15T12:00:00Z,https://sigaa.ufba.br/sigaa/public/processo_seletivo/lista.jsf?aba=p-processo&nivel=S,Encerrado,2026-06-09T12:00:00Z,UFBA SIGAA
2026-08-11T04:11:02.105381Z,SELEÇÃO DE ALUNO/A ESPECIAL DO PPGCS - 2026.2 - MESTRADO EM CIÊNCIAS SOCIAIS,Inscrições abertas para o processo seletivo da UFBA de ingresso no curso: MESTRADO EM CIÊNCIAS SOCIAIS. Vagas ofertadas: 45. Período de inscrições de 05/06/2026 a 12/06/2026. Consulte o edital completo no portal oficial da instituição.,UFBA,Mestrado - Aluno Especial,Saúde e Biológicas,45,2026-06-05T12:00:00Z,2026-06-12T12:00:00Z,https://sigaa.ufba.br/sigaa/public/processo_seletivo/lista.jsf?aba=p-processo&nivel=S,Encerrado,2026-06-05T12:00:00Z,UFBA SIGAA
2026-08-11T04:11:02.105381Z,SELEÇÃO PARA ALUNO ESPECIAL PPGCONT 2026.2 - MESTRADO EM CONTABILIDADE,Inscrições abertas para o processo seletivo da UFBA de ingresso no curso: MESTRADO EM CONTABILIDADE. Vagas ofertadas: 80. Período de inscrições de 05/06/2026 a 12/06/2026. Consulte o edital completo no portal oficial da instituição.,UFBA,Mestrado - Aluno Especial,Saúde e Biológicas,80,2026-06-05T12:00:00Z,2026-06-12T12:00:00Z,https://sigaa.ufba.br/sigaa/public/processo_seletivo/lista.jsf?aba=p-processo&nivel=S,Encerrado,2026-06-05T12:00:00Z,UFBA SIGAA
2026-08-11T04:11:02.105381Z,function dpf(f) {var adp = f.adp;if (adp != null) {for (var i = 0;i EDITAL Nº 01/2026 - SELEÇÃO ALUNO ESPECIAL – SEMESTRE LETIVO 2026.1 - ESTUDOS DE L,Inscrições abertas para o processo seletivo da UNILAB de ingresso no curso: ESTUDOS DE LINGUAGEM: CONTEXTOS LUSÓFONOS BRASIL-ÁFRICA. Vagas ofertadas: 10. Período de inscrições de 01/07/2026 a 17/07/2026. Consulte o edital completo no portal oficial da instituição.,UNILAB,Mestrado - Aluno Especial,Saúde e Biológicas,10,2026-07-01T12:00:00Z,2026-07-17T12:00:00Z,https://sigaa.unilab.edu.br/sigaa/public/processo_seletivo/lista.jsf?aba=p-processo&nivel=S,Encerrado,2026-07-01T12:00:00Z,UNILAB SIGAA
2026-08-11T04:11:02.105381Z,049/2026AE - Química Aplicada - Stricto Sensu Mestrado - Aluno Especial,Inscrições para o processo seletivo da UNEB: 049/2026AE - Química Aplicada - Stricto Sensu Mestrado - Aluno Especial. Período de inscrições de 15/06/2026 a 10/07/2026. Consulte o edital completo no portal SSPPG UNEB.,UNEB,Mestrado - Aluno Especial,Engenharias e Exatas,15,2026-06-15T12:00:00Z,2026-07-10T23:59:59Z,https://ssppg.uneb.br/inicio/editalExterno/1561?selecao=1561,Encerrado,2026-06-15T12:00:00Z,UNEB SSPPG
2026-08-11T04:11:02.105381Z,050/2026AE - Educação e Contemporaneidade - Stricto Sensu Mestrado/Doutorado - Aluno Especial,Inscrições para o processo seletivo da UNEB: 050/2026AE - Educação e Contemporaneidade - Stricto Sensu Mestrado/Doutorado - Aluno Especial. Período de inscrições de 15/06/2026 a 06/07/2026. Consulte o edital completo no portal SSPPG UNEB.,UNEB,Doutorado - Aluno Especial,Educação,15,2026-06-15T12:00:00Z,2026-07-06T23:59:59Z,https://ssppg.uneb.br/inicio/editalExterno/1559?selecao=1559,Encerrado,2026-06-15T12:00:00Z,UNEB SSPPG
2026-08-11T04:11:02.105381Z,038/2026AE - Intervenção Educativa e Social - Stricto Sensu Mestrado - Aluno Especial,Inscrições para o processo seletivo da UNEB: 038/2026AE - Intervenção Educativa e Social - Stricto Sensu Mestrado - Aluno Especial. Período de inscrições de 15/06/2026 a 06/07/2026. Consulte o edital completo no portal SSPPG UNEB.,UNEB,Mestrado - Aluno Especial,Educação,15,2026-06-15T12:00:00Z,2026-07-06T23:59:59Z,https://ssppg.uneb.br/inicio/editalExterno/1554?selecao=1554,Encerrado,2026-06-15T12:00:00Z,UNEB SSPPG
2026-08-11T04:11:02.105381Z,053/2026AEME - Crítica Cultural - Stricto Sensu Mestrado - Aluno Especial,Inscrições para o processo seletivo da UNEB: 053/2026AEME - Crítica Cultural - Stricto Sensu Mestrado - Aluno Especial. Período de inscrições de 23/06/2026 a 06/07/2026. Consulte o edital completo no portal SSPPG UNEB.,UNEB,Mestrado - Aluno Especial,Educação,15,2026-06-23T12:00:00Z,2026-07-06T23:59:59Z,https://ssppg.uneb.br/inicio/editalExterno/1565?selecao=1565,Encerrado,2026-06-23T12:00:00Z,UNEB SSPPG
2026-08-11T04:11:02.105381Z,053/2026AEDO - Crítica Cultural - Stricto Sensu Doutorado - Aluno Especial,Inscrições para o processo seletivo da UNEB: 053/2026AEDO - Crítica Cultural - Stricto Sensu Doutorado - Aluno Especial. Período de inscrições de 23/06/2026 a 06/07/2026. Consulte o edital completo no portal SSPPG UNEB.,UNEB,Doutorado - Aluno Especial,Educação,15,2026-06-23T12:00:00Z,2026-07-06T23:59:59Z,https://ssppg.uneb.br/inicio/editalExterno/1567?selecao=1567,Encerrado,2026-06-23T12:00:00Z,UNEB SSPPG
2026-08-11T04:11:02.105381Z,055/2026AE - Educação e Diversidade - Stricto Sensu Mestrado - Aluno Especial,Inscrições para o processo seletivo da UNEB: 055/2026AE - Educação e Diversidade - Stricto Sensu Mestrado - Aluno Especial. Período de inscrições de 25/06/2026 a 08/07/2026. Consulte o edital completo no portal SSPPG UNEB.,UNEB,Mestrado - Aluno Especial,Educação,15,2026-06-25T12:00:00Z,2026-07-08T23:59:59Z,https://ssppg.uneb.br/inicio/editalExterno/1560?selecao=1560,Encerrado,2026-06-25T12:00:00Z,UNEB SSPPG
2026-08-11T04:11:02.105381Z,054/2026AE - ESTUDOS TERRITORIAIS - Stricto Sensu Mestrado - Aluno Especial,Inscrições para o processo seletivo da UNEB: 054/2026AE - ESTUDOS TERRITORIAIS - Stricto Sensu Mestrado - Aluno Especial. Período de inscrições de 25/06/2026 a 06/07/2026. Consulte o edital completo no portal SSPPG UNEB.,UNEB,Mestrado - Aluno Especial,Educação,15,2026-06-25T12:00:00Z,2026-07-06T23:59:59Z,https://ssppg.uneb.br/inicio/editalExterno/1557?selecao=1557,Encerrado,2026-06-25T12:00:00Z,UNEB SSPPG
2026-08-11T04:11:02.105381Z,"056/2026AE - ENSINO, LINGUAGEM E SOCIEDADE - Stricto Sensu Mestrado - Aluno Especial","Inscrições para o processo seletivo da UNEB: 056/2026AE - ENSINO, LINGUAGEM E SOCIEDADE - Stricto Sensu Mestrado - Aluno Especial. Período de inscrições de 26/06/2026 a 09/07/2026. Consulte o edital completo no portal SSPPG UNEB.",UNEB,Mestrado - Aluno Especial,Educação,15,2026-06-26T12:00:00Z,2026-07-09T23:59:59Z,https://ssppg.uneb.br/inicio/editalExterno/1564?selecao=1564,Encerrado,2026-06-26T12:00:00Z,UNEB SSPPG
2026-08-11T04:11:02.105381Z,048/2026AE - Estudo de Linguagens - Stricto Sensu Mestrado/Doutorado - Aluno Especial,Inscrições para o processo seletivo da UNEB: 048/2026AE - Estudo de Linguagens - Stricto Sensu Mestrado/Doutorado - Aluno Especial. Período de inscrições de 29/06/2026 a 10/07/2026. Consulte o edital completo no portal SSPPG UNEB.,UNEB,Doutorado - Aluno Especial,Humanas e Sociais,15,2026-06-29T12:00:00Z,2026-07-10T23:59:59Z,https://ssppg.uneb.br/inicio/editalExterno/1563?selecao=1563,Encerrado,2026-06-29T12:00:00Z,UNEB SSPPG
2026-08-11T04:11:02.105381Z,061/2026AE - Educação e Formação Docente - Stricto Sensu Mestrado - Aluno Especial,Inscrições para o processo seletivo da UNEB: 061/2026AE - Educação e Formação Docente - Stricto Sensu Mestrado - Aluno Especial. Período de inscrições de 29/06/2026 a 10/07/2026. Consulte o edital completo no portal SSPPG UNEB.,UNEB,Mestrado - Aluno Especial,Educação,15,2026-06-29T12:00:00Z,2026-07-10T23:59:59Z,https://ssppg.uneb.br/inicio/editalExterno/1570?selecao=1570,Encerrado,2026-06-29T12:00:00Z,UNEB SSPPG
2026-08-11T04:11:02.105381Z,"058/2026AE - Estudos Africanos, Povos Indígenas e Culturas Negras - Stricto Sensu Mestrado - Aluno Especial","Inscrições para o processo seletivo da UNEB: 058/2026AE - Estudos Africanos, Povos Indígenas e Culturas Negras - Stricto Sensu Mestrado - Aluno Especial. Período de inscrições de 29/06/2026 a 10/07/2026. Consulte o edital completo no portal SSPPG UNEB.",UNEB,Mestrado - Aluno Especial,Educação,15,2026-06-29T12:00:00Z,2026-07-10T23:59:59Z,https://ssppg.uneb.br/inicio/editalExterno/1562?selecao=1562,Encerrado,2026-06-29T12:00:00Z,UNEB SSPPG
2026-08-11T04:11:02.105381Z,064/2026AE - Estudos Africanos e Representações da África - Stricto Sensu Mestrado - Aluno Especial,Inscrições para o processo seletivo da UNEB: 064/2026AE - Estudos Africanos e Representações da África - Stricto Sensu Mestrado - Aluno Especial. Período de inscrições de 03/07/2026 a 13/07/2026. Consulte o edital completo no portal SSPPG UNEB.,UNEB,Mestrado - Aluno Especial,Educação,15,2026-07-03T12:00:00Z,2026-07-13T23:59:59Z,https://ssppg.uneb.br/inicio/editalExterno/1576?selecao=1576,Encerrado,2026-07-03T12:00:00Z,UNEB SSPPG
2026-08-11T04:11:02.105381Z,059/20262AE - Ecologia Humana e Gestão Socioambiental - Stricto Sensu Mestrado/Doutorado - Aluno Especial,Inscrições para o processo seletivo da UNEB: 059/20262AE - Ecologia Humana e Gestão Socioambiental - Stricto Sensu Mestrado/Doutorado - Aluno Especial. Período de inscrições de 03/07/2026 a 10/07/2026. Consulte o edital completo no portal SSPPG UNEB.,UNEB,Doutorado - Aluno Especial,Gestão e Negócios,15,2026-07-03T12:00:00Z,2026-07-10T23:59:59Z,https://ssppg.uneb.br/inicio/editalExterno/1568?selecao=1568,Encerrado,2026-07-03T12:00:00Z,UNEB SSPPG
2026-08-11T04:11:02.105381Z,044/2026AE - Programa de Pós-Graduação em Letras - Stricto Sensu Mestrado - Aluno Especial,Inscrições para o processo seletivo da UNEB: 044/2026AE - Programa de Pós-Graduação em Letras - Stricto Sensu Mestrado - Aluno Especial. Período de inscrições de 03/07/2026 a 10/07/2026. Consulte o edital completo no portal SSPPG UNEB.,UNEB,Mestrado - Aluno Especial,Humanas e Sociais,15,2026-07-03T12:00:00Z,2026-07-10T23:59:59Z,https://ssppg.uneb.br/inicio/editalExterno/1558?selecao=1558,Encerrado,2026-07-03T12:00:00Z,UNEB SSPPG
2026-08-11T04:11:02.105381Z,063/2026AE - Ciências Farmacêuticas - Stricto Sensu Mestrado - Aluno Especial,Inscrições para o processo seletivo da UNEB: 063/2026AE - Ciências Farmacêuticas - Stricto Sensu Mestrado - Aluno Especial. Período de inscrições de 03/07/2026 a 13/07/2026. Consulte o edital completo no portal SSPPG UNEB.,UNEB,Mestrado - Aluno Especial,Educação,15,2026-07-03T12:00:00Z,2026-07-13T23:59:59Z,https://ssppg.uneb.br/inicio/editalExterno/1569?selecao=1569,Encerrado,2026-07-03T12:00:00Z,UNEB SSPPG
2026-08-12T04:40:57.502539Z,SIGAA - Sistema Integrado de Gestão de Atividades Acadêmicas,"MESTRADO EM ARQUITETURA E URBANISMO, 50, 12/06/2026 a 18/06/2026 ; PROCESSO SELETIVO IC-PGCOMP DOUTORADO PARA ALUNO ESPECIAL 2026.2.",UFBA,Mestrado - Aluno Especial,Engenharias e Exatas,10,2026-06-30T00:00:00Z,2026-07-20T00:00:00Z,https://sigaa.ufba.br/sigaa/public/processo_seletivo/lista.jsf?aba=p-processo&nivel=S,Encerrado,2026-06-30T00:00:00Z,Google Search (UFBA)
2026-08-12T04:40:57.502539Z,Edital nº 01 - Processo Seletivo Aluno Especial Doutorado 2026.2 - DOUTORADO EM ESTATÍSTICA E CIÊNCIAS DE DADOS,Inscrições abertas para o processo seletivo da UFBA de ingresso no curso: DOUTORADO EM ESTATÍSTICA E CIÊNCIAS DE DADOS. Vagas ofertadas: 5. Período de inscrições de 15/06/2026 a 10/07/2026. Consulte o edital completo no portal oficial da instituição.,UFBA,Doutorado - Aluno Especial,Engenharias e Exatas,5,2026-06-15T12:00:00Z,2026-07-10T12:00:00Z,https://sigaa.ufba.br/sigaa/public/processo_seletivo/lista.jsf?aba=p-processo&nivel=S,Encerrado,2026-06-15T12:00:00Z,UFBA SIGAA
2026-08-12T04:40:57.502539Z,Edital nº 01 - Processo Seletivo Aluno Especial Mestrado 2026.2 - MESTRADO EM ESTATÍSTICA E CIÊNCIAS DE DADOS,Inscrições abertas para o processo seletivo da UFBA de ingresso no curso: MESTRADO EM ESTATÍSTICA E CIÊNCIAS DE DADOS. Vagas ofertadas: 13. Período de inscrições de 15/06/2026 a 10/07/2026. Consulte o edital completo no portal oficial da instituição.,UFBA,Mestrado - Aluno Especial,Engenharias e Exatas,13,2026-06-15T12:00:00Z,2026-07-10T12:00:00Z,https://sigaa.ufba.br/sigaa/public/processo_seletivo/lista.jsf?aba=p-processo&nivel=S,Encerrado,2026-06-15T12:00:00Z,UFBA SIGAA
2026-08-12T04:40:57.502539Z,EDITAL DE ALUNO ESPECIAL 2026.2 DOUTORADO - DOUTORADO EM ARQUITETURA E URBANISMO,Inscrições abertas para o processo seletivo da UFBA de ingresso no curso: DOUTORADO EM ARQUITETURA E URBANISMO. Vagas ofertadas: 50. Período de inscrições de 12/06/2026 a 18/06/2026. Consulte o edital completo no portal oficial da instituição.,UFBA,Doutorado - Aluno Especial,Engenharias e Exatas,50,2026-06-12T12:00:00Z,2026-06-18T12:00:00Z,https://sigaa.ufba.br/sigaa/public/processo_seletivo/lista.jsf?aba=p-processo&nivel=S,Encerrado,2026-06-12T12:00:00Z,UFBA SIGAA
2026-08-12T04:40:57.502539Z,EDITAL DE ALUNO ESPECIAL 2026.2 MESTRADO - MESTRADO EM ARQUITETURA E URBANISMO,Inscrições abertas para o processo seletivo da UFBA de ingresso no curso: MESTRADO EM ARQUITETURA E URBANISMO. Vagas ofertadas: 50. Período de inscrições de 12/06/2026 a 18/06/2026. Consulte o edital completo no portal oficial da instituição.,UFBA,Mestrado - Aluno Especial,Engenharias e Exatas,50,2026-06-12T12:00:00Z,2026-06-18T12:00:00Z,https://sigaa.ufba.br/sigaa/public/processo_seletivo/lista.jsf?aba=p-processo&nivel=S,Encerrado,2026-06-12T12:00:00Z,UFBA SIGAA
2026-08-12T04:40:57.502539Z,PROCESSO SELETIVO IC-PGCOMP DOUTORADO PARA ALUNO ESPECIAL 2026.2 - DOUTORADO EM CIÊNCIA DA COMPUTAÇÃO,Inscrições abertas para o processo seletivo da UFBA de ingresso no curso: DOUTORADO EM CIÊNCIA DA COMPUTAÇÃO. Vagas ofertadas: 30. Período de inscrições de 12/06/2026 a 19/06/2026. Consulte o edital completo no portal oficial da instituição.,UFBA,Doutorado - Aluno Especial,Tecnologia e Informática,30,2026-06-12T12:00:00Z,2026-06-19T12:00:00Z,https://sigaa.ufba.br/sigaa/public/processo_seletivo/lista.jsf?aba=p-processo&nivel=S,Encerrado,2026-06-12T12:00:00Z,UFBA SIGAA
2026-08-12T04:40:57.502539Z,PROCESSO SELETIVO IC-PGCOMP MESTRADO PARA ALUNO ESPECIAL 2026.2 - MESTRADO EM CIÊNCIA DA COMPUTAÇÃO,Inscrições abertas para o processo seletivo da UFBA de ingresso no curso: MESTRADO EM CIÊNCIA DA COMPUTAÇÃO. Vagas ofertadas: 70. Período de inscrições de 12/06/2026 a 19/06/2026. Consulte o edital completo no portal oficial da instituição.,UFBA,Mestrado - Aluno Especial,Tecnologia e Informática,70,2026-06-12T12:00:00Z,2026-06-19T12:00:00Z,https://sigaa.ufba.br/sigaa/public/processo_seletivo/lista.jsf?aba=p-processo&nivel=S,Encerrado,2026-06-12T12:00:00Z,UFBA SIGAA
2026-08-12T04:40:57.502539Z,EDITAL nº 02/2026 - SELEÇÃO PARA ALUNO ESPECIAL - SEMESTRE LETIVO 2026.2 - MESTRADO EM EDUCAÇÃO,Inscrições abertas para o processo seletivo da UFBA de ingresso no curso: MESTRADO EM EDUCAÇÃO. Vagas ofertadas: 102. Período de inscrições de 09/06/2026 a 12/06/2026. Consulte o edital completo no portal oficial da instituição.,UFBA,Mestrado - Aluno Especial,Educação,102,2026-06-09T12:00:00Z,2026-06-12T12:00:00Z,https://sigaa.ufba.br/sigaa/public/processo_seletivo/lista.jsf?aba=p-processo&nivel=S,Encerrado,2026-06-09T12:00:00Z,UFBA SIGAA
2026-08-12T04:40:57.502539Z,PROCESSO SELETIVO PARA INGRESSO DE ALUNO ESPECIAL DOUTORADO- PGENF 2026.2 - DOUTORADO EM ENFERMAGEM E SAÚDE,Inscrições abertas para o processo seletivo da UFBA de ingresso no curso: DOUTORADO EM ENFERMAGEM E SAÚDE. Vagas ofertadas: 30. Período de inscrições de 09/06/2026 a 15/06/2026. Consulte o edital completo no portal oficial da instituição.,UFBA,Doutorado - Aluno Especial,Saúde e Biológicas,30,2026-06-09T12:00:00Z,2026-06-15T12:00:00Z,https://sigaa.ufba.br/sigaa/public/processo_seletivo/lista.jsf?aba=p-processo&nivel=S,Encerrado,2026-06-09T12:00:00Z,UFBA SIGAA
2026-08-12T04:40:57.502539Z,PROCESSO SELETIVO PARA INGRESSO DE ALUNO ESPECIAL MESTRADO- PGENF 2026.2 - MESTRADO EM ENFERMAGEM E SAÚDE,Inscrições abertas para o processo seletivo da UFBA de ingresso no curso: MESTRADO EM ENFERMAGEM E SAÚDE. Vagas ofertadas: 60. Período de inscrições de 09/06/2026 a 15/06/2026. Consulte o edital completo no portal oficial da instituição.,UFBA,Mestrado - Aluno Especial,Saúde e Biológicas,60,2026-06-09T12:00:00Z,2026-06-15T12:00:00Z,https://sigaa.ufba.br/sigaa/public/processo_seletivo/lista.jsf?aba=p-processo&nivel=S,Encerrado,2026-06-09T12:00:00Z,UFBA SIGAA
2026-08-12T04:40:57.502539Z,SELEÇÃO DE ALUNO/A ESPECIAL DO PPGCS - 2026.2 - MESTRADO EM CIÊNCIAS SOCIAIS,Inscrições abertas para o processo seletivo da UFBA de ingresso no curso: MESTRADO EM CIÊNCIAS SOCIAIS. Vagas ofertadas: 45. Período de inscrições de 05/06/2026 a 12/06/2026. Consulte o edital completo no portal oficial da instituição.,UFBA,Mestrado - Aluno Especial,Saúde e Biológicas,45,2026-06-05T12:00:00Z,2026-06-12T12:00:00Z,https://sigaa.ufba.br/sigaa/public/processo_seletivo/lista.jsf?aba=p-processo&nivel=S,Encerrado,2026-06-05T12:00:00Z,UFBA SIGAA
2026-08-12T04:40:57.502539Z,SELEÇÃO PARA ALUNO ESPECIAL PPGCONT 2026.2 - MESTRADO EM CONTABILIDADE,Inscrições abertas para o processo seletivo da UFBA de ingresso no curso: MESTRADO EM CONTABILIDADE. Vagas ofertadas: 80. Período de inscrições de 05/06/2026 a 12/06/2026. Consulte o edital completo no portal oficial da instituição.,UFBA,Mestrado - Aluno Especial,Saúde e Biológicas,80,2026-06-05T12:00:00Z,2026-06-12T12:00:00Z,https://sigaa.ufba.br/sigaa/public/processo_seletivo/lista.jsf?aba=p-processo&nivel=S,Encerrado,2026-06-05T12:00:00Z,UFBA SIGAA
2026-08-12T04:40:57.502539Z,function dpf(f) {var adp = f.adp;if (adp != null) {for (var i = 0;i EDITAL Nº 01/2026 - SELEÇÃO ALUNO ESPECIAL – SEMESTRE LETIVO 2026.1 - ESTUDOS DE L,Inscrições abertas para o processo seletivo da UNILAB de ingresso no curso: ESTUDOS DE LINGUAGEM: CONTEXTOS LUSÓFONOS BRASIL-ÁFRICA. Vagas ofertadas: 10. Período de inscrições de 01/07/2026 a 17/07/2026. Consulte o edital completo no portal oficial da instituição.,UNILAB,Mestrado - Aluno Especial,Saúde e Biológicas,10,2026-07-01T12:00:00Z,2026-07-17T12:00:00Z,https://sigaa.unilab.edu.br/sigaa/public/processo_seletivo/lista.jsf?aba=p-processo&nivel=S,Encerrado,2026-07-01T12:00:00Z,UNILAB SIGAA
2026-08-12T04:40:57.502539Z,049/2026AE - Química Aplicada - Stricto Sensu Mestrado - Aluno Especial,Inscrições para o processo seletivo da UNEB: 049/2026AE - Química Aplicada - Stricto Sensu Mestrado - Aluno Especial. Período de inscrições de 15/06/2026 a 10/07/2026. Consulte o edital completo no portal SSPPG UNEB.,UNEB,Mestrado - Aluno Especial,Engenharias e Exatas,15,2026-06-15T12:00:00Z,2026-07-10T23:59:59Z,https://ssppg.uneb.br/inicio/editalExterno/1561?selecao=1561,Encerrado,2026-06-15T12:00:00Z,UNEB SSPPG
2026-08-12T04:40:57.502539Z,050/2026AE - Educação e Contemporaneidade - Stricto Sensu Mestrado/Doutorado - Aluno Especial,Inscrições para o processo seletivo da UNEB: 050/2026AE - Educação e Contemporaneidade - Stricto Sensu Mestrado/Doutorado - Aluno Especial. Período de inscrições de 15/06/2026 a 06/07/2026. Consulte o edital completo no portal SSPPG UNEB.,UNEB,Doutorado - Aluno Especial,Educação,15,2026-06-15T12:00:00Z,2026-07-06T23:59:59Z,https://ssppg.uneb.br/inicio/editalExterno/1559?selecao=1559,Encerrado,2026-06-15T12:00:00Z,UNEB SSPPG
2026-08-12T04:40:57.502539Z,038/2026AE - Intervenção Educativa e Social - Stricto Sensu Mestrado - Aluno Especial,Inscrições para o processo seletivo da UNEB: 038/2026AE - Intervenção Educativa e Social - Stricto Sensu Mestrado - Aluno Especial. Período de inscrições de 15/06/2026 a 06/07/2026. Consulte o edital completo no portal SSPPG UNEB.,UNEB,Mestrado - Aluno Especial,Educação,15,2026-06-15T12:00:00Z,2026-07-06T23:59:59Z,https://ssppg.uneb.br/inicio/editalExterno/1554?selecao=1554,Encerrado,2026-06-15T12:00:00Z,UNEB SSPPG
2026-08-12T04:40:57.502539Z,053/2026AEME - Crítica Cultural - Stricto Sensu Mestrado - Aluno Especial,Inscrições para o processo seletivo da UNEB: 053/2026AEME - Crítica Cultural - Stricto Sensu Mestrado - Aluno Especial. Período de inscrições de 23/06/2026 a 06/07/2026. Consulte o edital completo no portal SSPPG UNEB.,UNEB,Mestrado - Aluno Especial,Educação,15,2026-06-23T12:00:00Z,2026-07-06T23:59:59Z,https://ssppg.uneb.br/inicio/editalExterno/1565?selecao=1565,Encerrado,2026-06-23T12:00:00Z,UNEB SSPPG
2026-08-12T04:40:57.502539Z,053/2026AEDO - Crítica Cultural - Stricto Sensu Doutorado - Aluno Especial,Inscrições para o processo seletivo da UNEB: 053/2026AEDO - Crítica Cultural - Stricto Sensu Doutorado - Aluno Especial. Período de inscrições de 23/06/2026 a 06/07/2026. Consulte o edital completo no portal SSPPG UNEB.,UNEB,Doutorado - Aluno Especial,Educação,15,2026-06-23T12:00:00Z,2026-07-06T23:59:59Z,https://ssppg.uneb.br/inicio/editalExterno/1567?selecao=1567,Encerrado,2026-06-23T12:00:00Z,UNEB SSPPG
2026-08-12T04:40:57.502539Z,055/2026AE - Educação e Diversidade - Stricto Sensu Mestrado - Aluno Especial,Inscrições para o processo seletivo da UNEB: 055/2026AE - Educação e Diversidade - Stricto Sensu Mestrado - Aluno Especial. Período de inscrições de 25/06/2026 a 08/07/2026. Consulte o edital completo no portal SSPPG UNEB.,UNEB,Mestrado - Aluno Especial,Educação,15,2026-06-25T12:00:00Z,2026-07-08T23:59:59Z,https://ssppg.uneb.br/inicio/editalExterno/1560?selecao=1560,Encerrado,2026-06-25T12:00:00Z,UNEB SSPPG
2026-08-12T04:40:57.502539Z,054/2026AE - ESTUDOS TERRITORIAIS - Stricto Sensu Mestrado - Aluno Especial,Inscrições para o processo seletivo da UNEB: 054/2026AE - ESTUDOS TERRITORIAIS - Stricto Sensu Mestrado - Aluno Especial. Período de inscrições de 25/06/2026 a 06/07/2026. Consulte o edital completo no portal SSPPG UNEB.,UNEB,Mestrado - Aluno Especial,Educação,15,2026-06-25T12:00:00Z,2026-07-06T23:59:59Z,https://ssppg.uneb.br/inicio/editalExterno/1557?selecao=1557,Encerrado,2026-06-25T12:00:00Z,UNEB SSPPG
2026-08-12T04:40:57.502539Z,"056/2026AE - ENSINO, LINGUAGEM E SOCIEDADE - Stricto Sensu Mestrado - Aluno Especial","Inscrições para o processo seletivo da UNEB: 056/2026AE - ENSINO, LINGUAGEM E SOCIEDADE - Stricto Sensu Mestrado - Aluno Especial. Período de inscrições de 26/06/2026 a 09/07/2026. Consulte o edital completo no portal SSPPG UNEB.",UNEB,Mestrado - Aluno Especial,Educação,15,2026-06-26T12:00:00Z,2026-07-09T23:59:59Z,https://ssppg.uneb.br/inicio/editalExterno/1564?selecao=1564,Encerrado,2026-06-26T12:00:00Z,UNEB SSPPG
2026-08-12T04:40:57.502539Z,048/2026AE - Estudo de Linguagens - Stricto Sensu Mestrado/Doutorado - Aluno Especial,Inscrições para o processo seletivo da UNEB: 048/2026AE - Estudo de Linguagens - Stricto Sensu Mestrado/Doutorado - Aluno Especial. Período de inscrições de 29/06/2026 a 10/07/2026. Consulte o edital completo no portal SSPPG UNEB.,UNEB,Doutorado - Aluno Especial,Humanas e Sociais,15,2026-06-29T12:00:00Z,2026-07-10T23:59:59Z,https://ssppg.uneb.br/inicio/editalExterno/1563?selecao=1563,Encerrado,2026-06-29T12:00:00Z,UNEB SSPPG
2026-08-12T04:40:57.502539Z,061/2026AE - Educação e Formação Docente - Stricto Sensu Mestrado - Aluno Especial,Inscrições para o processo seletivo da UNEB: 061/2026AE - Educação e Formação Docente - Stricto Sensu Mestrado - Aluno Especial. Período de inscrições de 29/06/2026 a 10/07/2026. Consulte o edital completo no portal SSPPG UNEB.,UNEB,Mestrado - Aluno Especial,Educação,15,2026-06-29T12:00:00Z,2026-07-10T23:59:59Z,https://ssppg.uneb.br/inicio/editalExterno/1570?selecao=1570,Encerrado,2026-06-29T12:00:00Z,UNEB SSPPG
2026-08-12T04:40:57.502539Z,"058/2026AE - Estudos Africanos, Povos Indígenas e Culturas Negras - Stricto Sensu Mestrado - Aluno Especial","Inscrições para o processo seletivo da UNEB: 058/2026AE - Estudos Africanos, Povos Indígenas e Culturas Negras - Stricto Sensu Mestrado - Aluno Especial. Período de inscrições de 29/06/2026 a 10/07/2026. Consulte o edital completo no portal SSPPG UNEB.",UNEB,Mestrado - Aluno Especial,Educação,15,2026-06-29T12:00:00Z,2026-07-10T23:59:59Z,https://ssppg.uneb.br/inicio/editalExterno/1562?selecao=1562,Encerrado,2026-06-29T12:00:00Z,UNEB SSPPG
2026-08-12T04:40:57.502539Z,064/2026AE - Estudos Africanos e Representações da África - Stricto Sensu Mestrado - Aluno Especial,Inscrições para o processo seletivo da UNEB: 064/2026AE - Estudos Africanos e Representações da África - Stricto Sensu Mestrado - Aluno Especial. Período de inscrições de 03/07/2026 a 13/07/2026. Consulte o edital completo no portal SSPPG UNEB.,UNEB,Mestrado - Aluno Especial,Educação,15,2026-07-03T12:00:00Z,2026-07-13T23:59:59Z,https://ssppg.uneb.br/inicio/editalExterno/1576?selecao=1576,Encerrado,2026-07-03T12:00:00Z,UNEB SSPPG
2026-08-12T04:40:57.502539Z,059/20262AE - Ecologia Humana e Gestão Socioambiental - Stricto Sensu Mestrado/Doutorado - Aluno Especial,Inscrições para o processo seletivo da UNEB: 059/20262AE - Ecologia Humana e Gestão Socioambiental - Stricto Sensu Mestrado/Doutorado - Aluno Especial. Período de inscrições de 03/07/2026 a 10/07/2026. Consulte o edital completo no portal SSPPG UNEB.,UNEB,Doutorado - Aluno Especial,Gestão e Negócios,15,2026-07-03T12:00:00Z,2026-07-10T23:59:59Z,https://ssppg.uneb.br/inicio/editalExterno/1568?selecao=1568,Encerrado,2026-07-03T12:00:00Z,UNEB SSPPG
2026-08-12T04:40:57.502539Z,044/2026AE - Programa de Pós-Graduação em Letras - Stricto Sensu Mestrado - Aluno Especial,Inscrições para o processo seletivo da UNEB: 044/2026AE - Programa de Pós-Graduação em Letras - Stricto Sensu Mestrado - Aluno Especial. Período de inscrições de 03/07/2026 a 10/07/2026. Consulte o edital completo no portal SSPPG UNEB.,UNEB,Mestrado - Aluno Especial,Humanas e Sociais,15,2026-07-03T12:00:00Z,2026-07-10T23:59:59Z,https://ssppg.uneb.br/inicio/editalExterno/1558?selecao=1558,Encerrado,2026-07-03T12:00:00Z,UNEB SSPPG
2026-08-12T04:40:57.502539Z,063/2026AE - Ciências Farmacêuticas - Stricto Sensu Mestrado - Aluno Especial,Inscrições para o processo seletivo da UNEB: 063/2026AE - Ciências Farmacêuticas - Stricto Sensu Mestrado - Aluno Especial. Período de inscrições de 03/07/2026 a 13/07/2026. Consulte o edital completo no portal SSPPG UNEB.,UNEB,Mestrado - Aluno Especial,Educação,15,2026-07-03T12:00:00Z,2026-07-13T23:59:59Z,https://ssppg.uneb.br/inicio/editalExterno/1569?selecao=1569,Encerrado,2026-07-03T12:00:00Z,UNEB SSPPG
2026-08-13T04:44:30.370689Z,SIGAA - Sistema Integrado de Gestão de Atividades Acadêmicas,"MESTRADO EM ARQUITETURA E URBANISMO, 50, 12/06/2026 a 18/06/2026 ; PROCESSO SELETIVO IC-PGCOMP DOUTORADO PARA ALUNO ESPECIAL 2026.2.",UFBA,Mestrado - Aluno Especial,Engenharias e Exatas,10,2026-06-30T00:00:00Z,2026-07-20T00:00:00Z,https://sigaa.ufba.br/sigaa/public/processo_seletivo/lista.jsf?aba=p-processo&nivel=S,Encerrado,2026-06-30T00:00:00Z,Google Search (UFBA)
2026-08-13T04:44:30.370689Z,Edital nº 01 - Processo Seletivo Aluno Especial Doutorado 2026.2 - DOUTORADO EM ESTATÍSTICA E CIÊNCIAS DE DADOS,Inscrições abertas para o processo seletivo da UFBA de ingresso no curso: DOUTORADO EM ESTATÍSTICA E CIÊNCIAS DE DADOS. Vagas ofertadas: 5. Período de inscrições de 15/06/2026 a 10/07/2026. Consulte o edital completo no portal oficial da instituição.,UFBA,Doutorado - Aluno Especial,Engenharias e Exatas,5,2026-06-15T12:00:00Z,2026-07-10T12:00:00Z,https://sigaa.ufba.br/sigaa/public/processo_seletivo/lista.jsf?aba=p-processo&nivel=S,Encerrado,2026-06-15T12:00:00Z,UFBA SIGAA
2026-08-13T04:44:30.370689Z,Edital nº 01 - Processo Seletivo Aluno Especial Mestrado 2026.2 - MESTRADO EM ESTATÍSTICA E CIÊNCIAS DE DADOS,Inscrições abertas para o processo seletivo da UFBA de ingresso no curso: MESTRADO EM ESTATÍSTICA E CIÊNCIAS DE DADOS. Vagas ofertadas: 13. Período de inscrições de 15/06/2026 a 10/07/2026. Consulte o edital completo no portal oficial da instituição.,UFBA,Mestrado - Aluno Especial,Engenharias e Exatas,13,2026-06-15T12:00:00Z,2026-07-10T12:00:00Z,https://sigaa.ufba.br/sigaa/public/processo_seletivo/lista.jsf?aba=p-processo&nivel=S,Encerrado,2026-06-15T12:00:00Z,UFBA SIGAA
2026-08-13T04:44:30.370689Z,EDITAL DE ALUNO ESPECIAL 2026.2 DOUTORADO - DOUTORADO EM ARQUITETURA E URBANISMO,Inscrições abertas para o processo seletivo da UFBA de ingresso no curso: DOUTORADO EM ARQUITETURA E URBANISMO. Vagas ofertadas: 50. Período de inscrições de 12/06/2026 a 18/06/2026. Consulte o edital completo no portal oficial da instituição.,UFBA,Doutorado - Aluno Especial,Engenharias e Exatas,50,2026-06-12T12:00:00Z,2026-06-18T12:00:00Z,https://sigaa.ufba.br/sigaa/public/processo_seletivo/lista.jsf?aba=p-processo&nivel=S,Encerrado,2026-06-12T12:00:00Z,UFBA SIGAA
2026-08-13T04:44:30.370689Z,EDITAL DE ALUNO ESPECIAL 2026.2 MESTRADO - MESTRADO EM ARQUITETURA E URBANISMO,Inscrições abertas para o processo seletivo da UFBA de ingresso no curso: MESTRADO EM ARQUITETURA E URBANISMO. Vagas ofertadas: 50. Período de inscrições de 12/06/2026 a 18/06/2026. Consulte o edital completo no portal oficial da instituição.,UFBA,Mestrado - Aluno Especial,Engenharias e Exatas,50,2026-06-12T12:00:00Z,2026-06-18T12:00:00Z,https://sigaa.ufba.br/sigaa/public/processo_seletivo/lista.jsf?aba=p-processo&nivel=S,Encerrado,2026-06-12T12:00:00Z,UFBA SIGAA
2026-08-13T04:44:30.370689Z,PROCESSO SELETIVO IC-PGCOMP DOUTORADO PARA ALUNO ESPECIAL 2026.2 - DOUTORADO EM CIÊNCIA DA COMPUTAÇÃO,Inscrições abertas para o processo seletivo da UFBA de ingresso no curso: DOUTORADO EM CIÊNCIA DA COMPUTAÇÃO. Vagas ofertadas: 30. Período de inscrições de 12/06/2026 a 19/06/2026. Consulte o edital completo no portal oficial da instituição.,UFBA,Doutorado - Aluno Especial,Tecnologia e Informática,30,2026-06-12T12:00:00Z,2026-06-19T12:00:00Z,https://sigaa.ufba.br/sigaa/public/processo_seletivo/lista.jsf?aba=p-processo&nivel=S,Encerrado,2026-06-12T12:00:00Z,UFBA SIGAA
2026-08-13T04:44:30.370689Z,PROCESSO SELETIVO IC-PGCOMP MESTRADO PARA ALUNO ESPECIAL 2026.2 - MESTRADO EM CIÊNCIA DA COMPUTAÇÃO,Inscrições abertas para o processo seletivo da UFBA de ingresso no curso: MESTRADO EM CIÊNCIA DA COMPUTAÇÃO. Vagas ofertadas: 70. Período de inscrições de 12/06/2026 a 19/06/2026. Consulte o edital completo no portal oficial da instituição.,UFBA,Mestrado - Aluno Especial,Tecnologia e Informática,70,2026-06-12T12:00:00Z,2026-06-19T12:00:00Z,https://sigaa.ufba.br/sigaa/public/processo_seletivo/lista.jsf?aba=p-processo&nivel=S,Encerrado,2026-06-12T12:00:00Z,UFBA SIGAA
2026-08-13T04:44:30.370689Z,EDITAL nº 02/2026 - SELEÇÃO PARA ALUNO ESPECIAL - SEMESTRE LETIVO 2026.2 - MESTRADO EM EDUCAÇÃO,Inscrições abertas para o processo seletivo da UFBA de ingresso no curso: MESTRADO EM EDUCAÇÃO. Vagas ofertadas: 102. Período de inscrições de 09/06/2026 a 12/06/2026. Consulte o edital completo no portal oficial da instituição.,UFBA,Mestrado - Aluno Especial,Educação,102,2026-06-09T12:00:00Z,2026-06-12T12:00:00Z,https://sigaa.ufba.br/sigaa/public/processo_seletivo/lista.jsf?aba=p-processo&nivel=S,Encerrado,2026-06-09T12:00:00Z,UFBA SIGAA
2026-08-13T04:44:30.370689Z,PROCESSO SELETIVO PARA INGRESSO DE ALUNO ESPECIAL DOUTORADO- PGENF 2026.2 - DOUTORADO EM ENFERMAGEM E SAÚDE,Inscrições abertas para o processo seletivo da UFBA de ingresso no curso: DOUTORADO EM ENFERMAGEM E SAÚDE. Vagas ofertadas: 30. Período de inscrições de 09/06/2026 a 15/06/2026. Consulte o edital completo no portal oficial da instituição.,UFBA,Doutorado - Aluno Especial,Saúde e Biológicas,30,2026-06-09T12:00:00Z,2026-06-15T12:00:00Z,https://sigaa.ufba.br/sigaa/public/processo_seletivo/lista.jsf?aba=p-processo&nivel=S,Encerrado,2026-06-09T12:00:00Z,UFBA SIGAA
2026-08-13T04:44:30.370689Z,PROCESSO SELETIVO PARA INGRESSO DE ALUNO ESPECIAL MESTRADO- PGENF 2026.2 - MESTRADO EM ENFERMAGEM E SAÚDE,Inscrições abertas para o processo seletivo da UFBA de ingresso no curso: MESTRADO EM ENFERMAGEM E SAÚDE. Vagas ofertadas: 60. Período de inscrições de 09/06/2026 a 15/06/2026. Consulte o edital completo no portal oficial da instituição.,UFBA,Mestrado - Aluno Especial,Saúde e Biológicas,60,2026-06-09T12:00:00Z,2026-06-15T12:00:00Z,https://sigaa.ufba.br/sigaa/public/processo_seletivo/lista.jsf?aba=p-processo&nivel=S,Encerrado,2026-06-09T12:00:00Z,UFBA SIGAA
2026-08-13T04:44:30.370689Z,SELEÇÃO DE ALUNO/A ESPECIAL DO PPGCS - 2026.2 - MESTRADO EM CIÊNCIAS SOCIAIS,Inscrições abertas para o processo seletivo da UFBA de ingresso no curso: MESTRADO EM CIÊNCIAS SOCIAIS. Vagas ofertadas: 45. Período de inscrições de 05/06/2026 a 12/06/2026. Consulte o edital completo no portal oficial da instituição.,UFBA,Mestrado - Aluno Especial,Saúde e Biológicas,45,2026-06-05T12:00:00Z,2026-06-12T12:00:00Z,https://sigaa.ufba.br/sigaa/public/processo_seletivo/lista.jsf?aba=p-processo&nivel=S,Encerrado,2026-06-05T12:00:00Z,UFBA SIGAA
2026-08-13T04:44:30.370689Z,SELEÇÃO PARA ALUNO ESPECIAL PPGCONT 2026.2 - MESTRADO EM CONTABILIDADE,Inscrições abertas para o processo seletivo da UFBA de ingresso no curso: MESTRADO EM CONTABILIDADE. Vagas ofertadas: 80. Período de inscrições de 05/06/2026 a 12/06/2026. Consulte o edital completo no portal oficial da instituição.,UFBA,Mestrado - Aluno Especial,Saúde e Biológicas,80,2026-06-05T12:00:00Z,2026-06-12T12:00:00Z,https://sigaa.ufba.br/sigaa/public/processo_seletivo/lista.jsf?aba=p-processo&nivel=S,Encerrado,2026-06-05T12:00:00Z,UFBA SIGAA
2026-08-13T04:44:30.370689Z,function dpf(f) {var adp = f.adp;if (adp != null) {for (var i = 0;i EDITAL Nº 01/2026 - SELEÇÃO ALUNO ESPECIAL – SEMESTRE LETIVO 2026.1 - ESTUDOS DE L,Inscrições abertas para o processo seletivo da UNILAB de ingresso no curso: ESTUDOS DE LINGUAGEM: CONTEXTOS LUSÓFONOS BRASIL-ÁFRICA. Vagas ofertadas: 10. Período de inscrições de 01/07/2026 a 17/07/2026. Consulte o edital completo no portal oficial da instituição.,UNILAB,Mestrado - Aluno Especial,Saúde e Biológicas,10,2026-07-01T12:00:00Z,2026-07-17T12:00:00Z,https://sigaa.unilab.edu.br/sigaa/public/processo_seletivo/lista.jsf?aba=p-processo&nivel=S,Encerrado,2026-07-01T12:00:00Z,UNILAB SIGAA
2026-08-13T04:44:30.370689Z,049/2026AE - Química Aplicada - Stricto Sensu Mestrado - Aluno Especial,Inscrições para o processo seletivo da UNEB: 049/2026AE - Química Aplicada - Stricto Sensu Mestrado - Aluno Especial. Período de inscrições de 15/06/2026 a 10/07/2026. Consulte o edital completo no portal SSPPG UNEB.,UNEB,Mestrado - Aluno Especial,Engenharias e Exatas,15,2026-06-15T12:00:00Z,2026-07-10T23:59:59Z,https://ssppg.uneb.br/inicio/editalExterno/1561?selecao=1561,Encerrado,2026-06-15T12:00:00Z,UNEB SSPPG
2026-08-13T04:44:30.370689Z,050/2026AE - Educação e Contemporaneidade - Stricto Sensu Mestrado/Doutorado - Aluno Especial,Inscrições para o processo seletivo da UNEB: 050/2026AE - Educação e Contemporaneidade - Stricto Sensu Mestrado/Doutorado - Aluno Especial. Período de inscrições de 15/06/2026 a 06/07/2026. Consulte o edital completo no portal SSPPG UNEB.,UNEB,Doutorado - Aluno Especial,Educação,15,2026-06-15T12:00:00Z,2026-07-06T23:59:59Z,https://ssppg.uneb.br/inicio/editalExterno/1559?selecao=1559,Encerrado,2026-06-15T12:00:00Z,UNEB SSPPG
2026-08-13T04:44:30.370689Z,038/2026AE - Intervenção Educativa e Social - Stricto Sensu Mestrado - Aluno Especial,Inscrições para o processo seletivo da UNEB: 038/2026AE - Intervenção Educativa e Social - Stricto Sensu Mestrado - Aluno Especial. Período de inscrições de 15/06/2026 a 06/07/2026. Consulte o edital completo no portal SSPPG UNEB.,UNEB,Mestrado - Aluno Especial,Educação,15,2026-06-15T12:00:00Z,2026-07-06T23:59:59Z,https://ssppg.uneb.br/inicio/editalExterno/1554?selecao=1554,Encerrado,2026-06-15T12:00:00Z,UNEB SSPPG
2026-08-13T04:44:30.370689Z,053/2026AEME - Crítica Cultural - Stricto Sensu Mestrado - Aluno Especial,Inscrições para o processo seletivo da UNEB: 053/2026AEME - Crítica Cultural - Stricto Sensu Mestrado - Aluno Especial. Período de inscrições de 23/06/2026 a 06/07/2026. Consulte o edital completo no portal SSPPG UNEB.,UNEB,Mestrado - Aluno Especial,Educação,15,2026-06-23T12:00:00Z,2026-07-06T23:59:59Z,https://ssppg.uneb.br/inicio/editalExterno/1565?selecao=1565,Encerrado,2026-06-23T12:00:00Z,UNEB SSPPG
2026-08-13T04:44:30.370689Z,053/2026AEDO - Crítica Cultural - Stricto Sensu Doutorado - Aluno Especial,Inscrições para o processo seletivo da UNEB: 053/2026AEDO - Crítica Cultural - Stricto Sensu Doutorado - Aluno Especial. Período de inscrições de 23/06/2026 a 06/07/2026. Consulte o edital completo no portal SSPPG UNEB.,UNEB,Doutorado - Aluno Especial,Educação,15,2026-06-23T12:00:00Z,2026-07-06T23:59:59Z,https://ssppg.uneb.br/inicio/editalExterno/1567?selecao=1567,Encerrado,2026-06-23T12:00:00Z,UNEB SSPPG
2026-08-13T04:44:30.370689Z,055/2026AE - Educação e Diversidade - Stricto Sensu Mestrado - Aluno Especial,Inscrições para o processo seletivo da UNEB: 055/2026AE - Educação e Diversidade - Stricto Sensu Mestrado - Aluno Especial. Período de inscrições de 25/06/2026 a 08/07/2026. Consulte o edital completo no portal SSPPG UNEB.,UNEB,Mestrado - Aluno Especial,Educação,15,2026-06-25T12:00:00Z,2026-07-08T23:59:59Z,https://ssppg.uneb.br/inicio/editalExterno/1560?selecao=1560,Encerrado,2026-06-25T12:00:00Z,UNEB SSPPG
2026-08-13T04:44:30.370689Z,054/2026AE - ESTUDOS TERRITORIAIS - Stricto Sensu Mestrado - Aluno Especial,Inscrições para o processo seletivo da UNEB: 054/2026AE - ESTUDOS TERRITORIAIS - Stricto Sensu Mestrado - Aluno Especial. Período de inscrições de 25/06/2026 a 06/07/2026. Consulte o edital completo no portal SSPPG UNEB.,UNEB,Mestrado - Aluno Especial,Educação,15,2026-06-25T12:00:00Z,2026-07-06T23:59:59Z,https://ssppg.uneb.br/inicio/editalExterno/1557?selecao=1557,Encerrado,2026-06-25T12:00:00Z,UNEB SSPPG
2026-08-13T04:44:30.370689Z,"056/2026AE - ENSINO, LINGUAGEM E SOCIEDADE - Stricto Sensu Mestrado - Aluno Especial","Inscrições para o processo seletivo da UNEB: 056/2026AE - ENSINO, LINGUAGEM E SOCIEDADE - Stricto Sensu Mestrado - Aluno Especial. Período de inscrições de 26/06/2026 a 09/07/2026. Consulte o edital completo no portal SSPPG UNEB.",UNEB,Mestrado - Aluno Especial,Educação,15,2026-06-26T12:00:00Z,2026-07-09T23:59:59Z,https://ssppg.uneb.br/inicio/editalExterno/1564?selecao=1564,Encerrado,2026-06-26T12:00:00Z,UNEB SSPPG
2026-08-13T04:44:30.370689Z,048/2026AE - Estudo de Linguagens - Stricto Sensu Mestrado/Doutorado - Aluno Especial,Inscrições para o processo seletivo da UNEB: 048/2026AE - Estudo de Linguagens - Stricto Sensu Mestrado/Doutorado - Aluno Especial. Período de inscrições de 29/06/2026 a 10/07/2026. Consulte o edital completo no portal SSPPG UNEB.,UNEB,Doutorado - Aluno Especial,Humanas e Sociais,15,2026-06-29T12:00:00Z,2026-07-10T23:59:59Z,https://ssppg.uneb.br/inicio/editalExterno/1563?selecao=1563,Encerrado,2026-06-29T12:00:00Z,UNEB SSPPG
2026-08-13T04:44:30.370689Z,061/2026AE - Educação e Formação Docente - Stricto Sensu Mestrado - Aluno Especial,Inscrições para o processo seletivo da UNEB: 061/2026AE - Educação e Formação Docente - Stricto Sensu Mestrado - Aluno Especial. Período de inscrições de 29/06/2026 a 10/07/2026. Consulte o edital completo no portal SSPPG UNEB.,UNEB,Mestrado - Aluno Especial,Educação,15,2026-06-29T12:00:00Z,2026-07-10T23:59:59Z,https://ssppg.uneb.br/inicio/editalExterno/1570?selecao=1570,Encerrado,2026-06-29T12:00:00Z,UNEB SSPPG
2026-08-13T04:44:30.370689Z,"058/2026AE - Estudos Africanos, Povos Indígenas e Culturas Negras - Stricto Sensu Mestrado - Aluno Especial","Inscrições para o processo seletivo da UNEB: 058/2026AE - Estudos Africanos, Povos Indígenas e Culturas Negras - Stricto Sensu Mestrado - Aluno Especial. Período de inscrições de 29/06/2026 a 10/07/2026. Consulte o edital completo no portal SSPPG UNEB.",UNEB,Mestrado - Aluno Especial,Educação,15,2026-06-29T12:00:00Z,2026-07-10T23:59:59Z,https://ssppg.uneb.br/inicio/editalExterno/1562?selecao=1562,Encerrado,2026-06-29T12:00:00Z,UNEB SSPPG
2026-08-13T04:44:30.370689Z,064/2026AE - Estudos Africanos e Representações da África - Stricto Sensu Mestrado - Aluno Especial,Inscrições para o processo seletivo da UNEB: 064/2026AE - Estudos Africanos e Representações da África - Stricto Sensu Mestrado - Aluno Especial. Período de inscrições de 03/07/2026 a 13/07/2026. Consulte o edital completo no portal SSPPG UNEB.,UNEB,Mestrado - Aluno Especial,Educação,15,2026-07-03T12:00:00Z,2026-07-13T23:59:59Z,https://ssppg.uneb.br/inicio/editalExterno/1576?selecao=1576,Encerrado,2026-07-03T12:00:00Z,UNEB SSPPG
2026-08-13T04:44:30.370689Z,059/20262AE - Ecologia Humana e Gestão Socioambiental - Stricto Sensu Mestrado/Doutorado - Aluno Especial,Inscrições para o processo seletivo da UNEB: 059/20262AE - Ecologia Humana e Gestão Socioambiental - Stricto Sensu Mestrado/Doutorado - Aluno Especial. Período de inscrições de 03/07/2026 a 10/07/2026. Consulte o edital completo no portal SSPPG UNEB.,UNEB,Doutorado - Aluno Especial,Gestão e Negócios,15,2026-07-03T12:00:00Z,2026-07-10T23:59:59Z,https://ssppg.uneb.br/inicio/editalExterno/1568?selecao=1568,Encerrado,2026-07-03T12:00:00Z,UNEB SSPPG
2026-08-13T04:44:30.370689Z,044/2026AE - Programa de Pós-Graduação em Letras - Stricto Sensu Mestrado - Aluno Especial,Inscrições para o processo seletivo da UNEB: 044/2026AE - Programa de Pós-Graduação em Letras - Stricto Sensu Mestrado - Aluno Especial. Período de inscrições de 03/07/2026 a 10/07/2026. Consulte o edital completo no portal SSPPG UNEB.,UNEB,Mestrado - Aluno Especial,Humanas e Sociais,15,2026-07-03T12:00:00Z,2026-07-10T23:59:59Z,https://ssppg.uneb.br/inicio/editalExterno/1558?selecao=1558,Encerrado,2026-07-03T12:00:00Z,UNEB SSPPG
2026-08-13T04:44:30.370689Z,063/2026AE - Ciências Farmacêuticas - Stricto Sensu Mestrado - Aluno Especial,Inscrições para o processo seletivo da UNEB: 063/2026AE - Ciências Farmacêuticas - Stricto Sensu Mestrado - Aluno Especial. Período de inscrições de 03/07/2026 a 13/07/2026. Consulte o edital completo no portal SSPPG UNEB.,UNEB,Mestrado - Aluno Especial,Educação,15,2026-07-03T12:00:00Z,2026-07-13T23:59:59Z,https://ssppg.uneb.br/inicio/editalExterno/1569?selecao=1569,Encerrado,2026-07-03T12:00:00Z,UNEB SSPPG
2026-08-14T04:41:32.407565Z,SIGAA - Sistema Integrado de Gestão de Atividades Acadêmicas,"MESTRADO EM ARQUITETURA E URBANISMO, 50, 12/06/2026 a 18/06/2026 ; PROCESSO SELETIVO IC-PGCOMP DOUTORADO PARA ALUNO ESPECIAL 2026.2.",UFBA,Mestrado - Aluno Especial,Engenharias e Exatas,10,2026-06-30T00:00:00Z,2026-07-20T00:00:00Z,https://sigaa.ufba.br/sigaa/public/processo_seletivo/lista.jsf?aba=p-processo&nivel=S,Encerrado,2026-06-30T00:00:00Z,Google Search (UFBA)
2026-08-14T04:41:32.407565Z,Edital nº 01 - Processo Seletivo Aluno Especial Doutorado 2026.2 - DOUTORADO EM ESTATÍSTICA E CIÊNCIAS DE DADOS,Inscrições abertas para o processo seletivo da UFBA de ingresso no curso: DOUTORADO EM ESTATÍSTICA E CIÊNCIAS DE DADOS. Vagas ofertadas: 5. Período de inscrições de 15/06/2026 a 10/07/2026. Consulte o edital completo no portal oficial da instituição.,UFBA,Doutorado - Aluno Especial,Engenharias e Exatas,5,2026-06-15T12:00:00Z,2026-07-10T12:00:00Z,https://sigaa.ufba.br/sigaa/public/processo_seletivo/lista.jsf?aba=p-processo&nivel=S,Encerrado,2026-06-15T12:00:00Z,UFBA SIGAA
2026-08-14T04:41:32.407565Z,Edital nº 01 - Processo Seletivo Aluno Especial Mestrado 2026.2 - MESTRADO EM ESTATÍSTICA E CIÊNCIAS DE DADOS,Inscrições abertas para o processo seletivo da UFBA de ingresso no curso: MESTRADO EM ESTATÍSTICA E CIÊNCIAS DE DADOS. Vagas ofertadas: 13. Período de inscrições de 15/06/2026 a 10/07/2026. Consulte o edital completo no portal oficial da instituição.,UFBA,Mestrado - Aluno Especial,Engenharias e Exatas,13,2026-06-15T12:00:00Z,2026-07-10T12:00:00Z,https://sigaa.ufba.br/sigaa/public/processo_seletivo/lista.jsf?aba=p-processo&nivel=S,Encerrado,2026-06-15T12:00:00Z,UFBA SIGAA
2026-08-14T04:41:32.407565Z,EDITAL DE ALUNO ESPECIAL 2026.2 DOUTORADO - DOUTORADO EM ARQUITETURA E URBANISMO,Inscrições abertas para o processo seletivo da UFBA de ingresso no curso: DOUTORADO EM ARQUITETURA E URBANISMO. Vagas ofertadas: 50. Período de inscrições de 12/06/2026 a 18/06/2026. Consulte o edital completo no portal oficial da instituição.,UFBA,Doutorado - Aluno Especial,Engenharias e Exatas,50,2026-06-12T12:00:00Z,2026-06-18T12:00:00Z,https://sigaa.ufba.br/sigaa/public/processo_seletivo/lista.jsf?aba=p-processo&nivel=S,Encerrado,2026-06-12T12:00:00Z,UFBA SIGAA
2026-08-14T04:41:32.407565Z,EDITAL DE ALUNO ESPECIAL 2026.2 MESTRADO - MESTRADO EM ARQUITETURA E URBANISMO,Inscrições abertas para o processo seletivo da UFBA de ingresso no curso: MESTRADO EM ARQUITETURA E URBANISMO. Vagas ofertadas: 50. Período de inscrições de 12/06/2026 a 18/06/2026. Consulte o edital completo no portal oficial da instituição.,UFBA,Mestrado - Aluno Especial,Engenharias e Exatas,50,2026-06-12T12:00:00Z,2026-06-18T12:00:00Z,https://sigaa.ufba.br/sigaa/public/processo_seletivo/lista.jsf?aba=p-processo&nivel=S,Encerrado,2026-06-12T12:00:00Z,UFBA SIGAA
2026-08-14T04:41:32.407565Z,PROCESSO SELETIVO IC-PGCOMP DOUTORADO PARA ALUNO ESPECIAL 2026.2 - DOUTORADO EM CIÊNCIA DA COMPUTAÇÃO,Inscrições abertas para o processo seletivo da UFBA de ingresso no curso: DOUTORADO EM CIÊNCIA DA COMPUTAÇÃO. Vagas ofertadas: 30. Período de inscrições de 12/06/2026 a 19/06/2026. Consulte o edital completo no portal oficial da instituição.,UFBA,Doutorado - Aluno Especial,Tecnologia e Informática,30,2026-06-12T12:00:00Z,2026-06-19T12:00:00Z,https://sigaa.ufba.br/sigaa/public/processo_seletivo/lista.jsf?aba=p-processo&nivel=S,Encerrado,2026-06-12T12:00:00Z,UFBA SIGAA
2026-08-14T04:41:32.407565Z,PROCESSO SELETIVO IC-PGCOMP MESTRADO PARA ALUNO ESPECIAL 2026.2 - MESTRADO EM CIÊNCIA DA COMPUTAÇÃO,Inscrições abertas para o processo seletivo da UFBA de ingresso no curso: MESTRADO EM CIÊNCIA DA COMPUTAÇÃO. Vagas ofertadas: 70. Período de inscrições de 12/06/2026 a 19/06/2026. Consulte o edital completo no portal oficial da instituição.,UFBA,Mestrado - Aluno Especial,Tecnologia e Informática,70,2026-06-12T12:00:00Z,2026-06-19T12:00:00Z,https://sigaa.ufba.br/sigaa/public/processo_seletivo/lista.jsf?aba=p-processo&nivel=S,Encerrado,2026-06-12T12:00:00Z,UFBA SIGAA
2026-08-14T04:41:32.407565Z,EDITAL nº 02/2026 - SELEÇÃO PARA ALUNO ESPECIAL - SEMESTRE LETIVO 2026.2 - MESTRADO EM EDUCAÇÃO,Inscrições abertas para o processo seletivo da UFBA de ingresso no curso: MESTRADO EM EDUCAÇÃO. Vagas ofertadas: 102. Período de inscrições de 09/06/2026 a 12/06/2026. Consulte o edital completo no portal oficial da instituição.,UFBA,Mestrado - Aluno Especial,Educação,102,2026-06-09T12:00:00Z,2026-06-12T12:00:00Z,https://sigaa.ufba.br/sigaa/public/processo_seletivo/lista.jsf?aba=p-processo&nivel=S,Encerrado,2026-06-09T12:00:00Z,UFBA SIGAA
2026-08-14T04:41:32.407565Z,PROCESSO SELETIVO PARA INGRESSO DE ALUNO ESPECIAL DOUTORADO- PGENF 2026.2 - DOUTORADO EM ENFERMAGEM E SAÚDE,Inscrições abertas para o processo seletivo da UFBA de ingresso no curso: DOUTORADO EM ENFERMAGEM E SAÚDE. Vagas ofertadas: 30. Período de inscrições de 09/06/2026 a 15/06/2026. Consulte o edital completo no portal oficial da instituição.,UFBA,Doutorado - Aluno Especial,Saúde e Biológicas,30,2026-06-09T12:00:00Z,2026-06-15T12:00:00Z,https://sigaa.ufba.br/sigaa/public/processo_seletivo/lista.jsf?aba=p-processo&nivel=S,Encerrado,2026-06-09T12:00:00Z,UFBA SIGAA
2026-08-14T04:41:32.407565Z,PROCESSO SELETIVO PARA INGRESSO DE ALUNO ESPECIAL MESTRADO- PGENF 2026.2 - MESTRADO EM ENFERMAGEM E SAÚDE,Inscrições abertas para o processo seletivo da UFBA de ingresso no curso: MESTRADO EM ENFERMAGEM E SAÚDE. Vagas ofertadas: 60. Período de inscrições de 09/06/2026 a 15/06/2026. Consulte o edital completo no portal oficial da instituição.,UFBA,Mestrado - Aluno Especial,Saúde e Biológicas,60,2026-06-09T12:00:00Z,2026-06-15T12:00:00Z,https://sigaa.ufba.br/sigaa/public/processo_seletivo/lista.jsf?aba=p-processo&nivel=S,Encerrado,2026-06-09T12:00:00Z,UFBA SIGAA
2026-08-14T04:41:32.407565Z,SELEÇÃO DE ALUNO/A ESPECIAL DO PPGCS - 2026.2 - MESTRADO EM CIÊNCIAS SOCIAIS,Inscrições abertas para o processo seletivo da UFBA de ingresso no curso: MESTRADO EM CIÊNCIAS SOCIAIS. Vagas ofertadas: 45. Período de inscrições de 05/06/2026 a 12/06/2026. Consulte o edital completo no portal oficial da instituição.,UFBA,Mestrado - Aluno Especial,Saúde e Biológicas,45,2026-06-05T12:00:00Z,2026-06-12T12:00:00Z,https://sigaa.ufba.br/sigaa/public/processo_seletivo/lista.jsf?aba=p-processo&nivel=S,Encerrado,2026-06-05T12:00:00Z,UFBA SIGAA
2026-08-14T04:41:32.407565Z,SELEÇÃO PARA ALUNO ESPECIAL PPGCONT 2026.2 - MESTRADO EM CONTABILIDADE,Inscrições abertas para o processo seletivo da UFBA de ingresso no curso: MESTRADO EM CONTABILIDADE. Vagas ofertadas: 80. Período de inscrições de 05/06/2026 a 12/06/2026. Consulte o edital completo no portal oficial da instituição.,UFBA,Mestrado - Aluno Especial,Saúde e Biológicas,80,2026-06-05T12:00:00Z,2026-06-12T12:00:00Z,https://sigaa.ufba.br/sigaa/public/processo_seletivo/lista.jsf?aba=p-processo&nivel=S,Encerrado,2026-06-05T12:00:00Z,UFBA SIGAA
2026-08-14T04:41:32.407565Z,function dpf(f) {var adp = f.adp;if (adp != null) {for (var i = 0;i EDITAL Nº 01/2026 - SELEÇÃO ALUNO ESPECIAL – SEMESTRE LETIVO 2026.1 - ESTUDOS DE L,Inscrições abertas para o processo seletivo da UNILAB de ingresso no curso: ESTUDOS DE LINGUAGEM: CONTEXTOS LUSÓFONOS BRASIL-ÁFRICA. Vagas ofertadas: 10. Período de inscrições de 01/07/2026 a 17/07/2026. Consulte o edital completo no portal oficial da instituição.,UNILAB,Mestrado - Aluno Especial,Saúde e Biológicas,10,2026-07-01T12:00:00Z,2026-07-17T12:00:00Z,https://sigaa.unilab.edu.br/sigaa/public/processo_seletivo/lista.jsf?aba=p-processo&nivel=S,Encerrado,2026-07-01T12:00:00Z,UNILAB SIGAA
2026-08-14T04:41:32.407565Z,049/2026AE - Química Aplicada - Stricto Sensu Mestrado - Aluno Especial,Inscrições para o processo seletivo da UNEB: 049/2026AE - Química Aplicada - Stricto Sensu Mestrado - Aluno Especial. Período de inscrições de 15/06/2026 a 10/07/2026. Consulte o edital completo no portal SSPPG UNEB.,UNEB,Mestrado - Aluno Especial,Engenharias e Exatas,15,2026-06-15T12:00:00Z,2026-07-10T23:59:59Z,https://ssppg.uneb.br/inicio/editalExterno/1561?selecao=1561,Encerrado,2026-06-15T12:00:00Z,UNEB SSPPG
2026-08-14T04:41:32.407565Z,050/2026AE - Educação e Contemporaneidade - Stricto Sensu Mestrado/Doutorado - Aluno Especial,Inscrições para o processo seletivo da UNEB: 050/2026AE - Educação e Contemporaneidade - Stricto Sensu Mestrado/Doutorado - Aluno Especial. Período de inscrições de 15/06/2026 a 06/07/2026. Consulte o edital completo no portal SSPPG UNEB.,UNEB,Doutorado - Aluno Especial,Educação,15,2026-06-15T12:00:00Z,2026-07-06T23:59:59Z,https://ssppg.uneb.br/inicio/editalExterno/1559?selecao=1559,Encerrado,2026-06-15T12:00:00Z,UNEB SSPPG
2026-08-14T04:41:32.407565Z,038/2026AE - Intervenção Educativa e Social - Stricto Sensu Mestrado - Aluno Especial,Inscrições para o processo seletivo da UNEB: 038/2026AE - Intervenção Educativa e Social - Stricto Sensu Mestrado - Aluno Especial. Período de inscrições de 15/06/2026 a 06/07/2026. Consulte o edital completo no portal SSPPG UNEB.,UNEB,Mestrado - Aluno Especial,Educação,15,2026-06-15T12:00:00Z,2026-07-06T23:59:59Z,https://ssppg.uneb.br/inicio/editalExterno/1554?selecao=1554,Encerrado,2026-06-15T12:00:00Z,UNEB SSPPG
2026-08-14T04:41:32.407565Z,053/2026AEME - Crítica Cultural - Stricto Sensu Mestrado - Aluno Especial,Inscrições para o processo seletivo da UNEB: 053/2026AEME - Crítica Cultural - Stricto Sensu Mestrado - Aluno Especial. Período de inscrições de 23/06/2026 a 06/07/2026. Consulte o edital completo no portal SSPPG UNEB.,UNEB,Mestrado - Aluno Especial,Educação,15,2026-06-23T12:00:00Z,2026-07-06T23:59:59Z,https://ssppg.uneb.br/inicio/editalExterno/1565?selecao=1565,Encerrado,2026-06-23T12:00:00Z,UNEB SSPPG
2026-08-14T04:41:32.407565Z,053/2026AEDO - Crítica Cultural - Stricto Sensu Doutorado - Aluno Especial,Inscrições para o processo seletivo da UNEB: 053/2026AEDO - Crítica Cultural - Stricto Sensu Doutorado - Aluno Especial. Período de inscrições de 23/06/2026 a 06/07/2026. Consulte o edital completo no portal SSPPG UNEB.,UNEB,Doutorado - Aluno Especial,Educação,15,2026-06-23T12:00:00Z,2026-07-06T23:59:59Z,https://ssppg.uneb.br/inicio/editalExterno/1567?selecao=1567,Encerrado,2026-06-23T12:00:00Z,UNEB SSPPG
2026-08-14T04:41:32.407565Z,055/2026AE - Educação e Diversidade - Stricto Sensu Mestrado - Aluno Especial,Inscrições para o processo seletivo da UNEB: 055/2026AE - Educação e Diversidade - Stricto Sensu Mestrado - Aluno Especial. Período de inscrições de 25/06/2026 a 08/07/2026. Consulte o edital completo no portal SSPPG UNEB.,UNEB,Mestrado - Aluno Especial,Educação,15,2026-06-25T12:00:00Z,2026-07-08T23:59:59Z,https://ssppg.uneb.br/inicio/editalExterno/1560?selecao=1560,Encerrado,2026-06-25T12:00:00Z,UNEB SSPPG
2026-08-14T04:41:32.407565Z,054/2026AE - ESTUDOS TERRITORIAIS - Stricto Sensu Mestrado - Aluno Especial,Inscrições para o processo seletivo da UNEB: 054/2026AE - ESTUDOS TERRITORIAIS - Stricto Sensu Mestrado - Aluno Especial. Período de inscrições de 25/06/2026 a 06/07/2026. Consulte o edital completo no portal SSPPG UNEB.,UNEB,Mestrado - Aluno Especial,Educação,15,2026-06-25T12:00:00Z,2026-07-06T23:59:59Z,https://ssppg.uneb.br/inicio/editalExterno/1557?selecao=1557,Encerrado,2026-06-25T12:00:00Z,UNEB SSPPG
2026-08-14T04:41:32.407565Z,"056/2026AE - ENSINO, LINGUAGEM E SOCIEDADE - Stricto Sensu Mestrado - Aluno Especial","Inscrições para o processo seletivo da UNEB: 056/2026AE - ENSINO, LINGUAGEM E SOCIEDADE - Stricto Sensu Mestrado - Aluno Especial. Período de inscrições de 26/06/2026 a 09/07/2026. Consulte o edital completo no portal SSPPG UNEB.",UNEB,Mestrado - Aluno Especial,Educação,15,2026-06-26T12:00:00Z,2026-07-09T23:59:59Z,https://ssppg.uneb.br/inicio/editalExterno/1564?selecao=1564,Encerrado,2026-06-26T12:00:00Z,UNEB SSPPG
2026-08-14T04:41:32.407565Z,048/2026AE - Estudo de Linguagens - Stricto Sensu Mestrado/Doutorado - Aluno Especial,Inscrições para o processo seletivo da UNEB: 048/2026AE - Estudo de Linguagens - Stricto Sensu Mestrado/Doutorado - Aluno Especial. Período de inscrições de 29/06/2026 a 10/07/2026. Consulte o edital completo no portal SSPPG UNEB.,UNEB,Doutorado - Aluno Especial,Humanas e Sociais,15,2026-06-29T12:00:00Z,2026-07-10T23:59:59Z,https://ssppg.uneb.br/inicio/editalExterno/1563?selecao=1563,Encerrado,2026-06-29T12:00:00Z,UNEB SSPPG
2026-08-14T04:41:32.407565Z,061/2026AE - Educação e Formação Docente - Stricto Sensu Mestrado - Aluno Especial,Inscrições para o processo seletivo da UNEB: 061/2026AE - Educação e Formação Docente - Stricto Sensu Mestrado - Aluno Especial. Período de inscrições de 29/06/2026 a 10/07/2026. Consulte o edital completo no portal SSPPG UNEB.,UNEB,Mestrado - Aluno Especial,Educação,15,2026-06-29T12:00:00Z,2026-07-10T23:59:59Z,https://ssppg.uneb.br/inicio/editalExterno/1570?selecao=1570,Encerrado,2026-06-29T12:00:00Z,UNEB SSPPG
2026-08-14T04:41:32.407565Z,"058/2026AE - Estudos Africanos, Povos Indígenas e Culturas Negras - Stricto Sensu Mestrado - Aluno Especial","Inscrições para o processo seletivo da UNEB: 058/2026AE - Estudos Africanos, Povos Indígenas e Culturas Negras - Stricto Sensu Mestrado - Aluno Especial. Período de inscrições de 29/06/2026 a 10/07/2026. Consulte o edital completo no portal SSPPG UNEB.",UNEB,Mestrado - Aluno Especial,Educação,15,2026-06-29T12:00:00Z,2026-07-10T23:59:59Z,https://ssppg.uneb.br/inicio/editalExterno/1562?selecao=1562,Encerrado,2026-06-29T12:00:00Z,UNEB SSPPG
2026-08-14T04:41:32.407565Z,064/2026AE - Estudos Africanos e Representações da África - Stricto Sensu Mestrado - Aluno Especial,Inscrições para o processo seletivo da UNEB: 064/2026AE - Estudos Africanos e Representações da África - Stricto Sensu Mestrado - Aluno Especial. Período de inscrições de 03/07/2026 a 13/07/2026. Consulte o edital completo no portal SSPPG UNEB.,UNEB,Mestrado - Aluno Especial,Educação,15,2026-07-03T12:00:00Z,2026-07-13T23:59:59Z,https://ssppg.uneb.br/inicio/editalExterno/1576?selecao=1576,Encerrado,2026-07-03T12:00:00Z,UNEB SSPPG
2026-08-14T04:41:32.407565Z,059/20262AE - Ecologia Humana e Gestão Socioambiental - Stricto Sensu Mestrado/Doutorado - Aluno Especial,Inscrições para o processo seletivo da UNEB: 059/20262AE - Ecologia Humana e Gestão Socioambiental - Stricto Sensu Mestrado/Doutorado - Aluno Especial. Período de inscrições de 03/07/2026 a 10/07/2026. Consulte o edital completo no portal SSPPG UNEB.,UNEB,Doutorado - Aluno Especial,Gestão e Negócios,15,2026-07-03T12:00:00Z,2026-07-10T23:59:59Z,https://ssppg.uneb.br/inicio/editalExterno/1568?selecao=1568,Encerrado,2026-07-03T12:00:00Z,UNEB SSPPG
2026-08-14T04:41:32.407565Z,044/2026AE - Programa de Pós-Graduação em Letras - Stricto Sensu Mestrado - Aluno Especial,Inscrições para o processo seletivo da UNEB: 044/2026AE - Programa de Pós-Graduação em Letras - Stricto Sensu Mestrado - Aluno Especial. Período de inscrições de 03/07/2026 a 10/07/2026. Consulte o edital completo no portal SSPPG UNEB.,UNEB,Mestrado - Aluno Especial,Humanas e Sociais,15,2026-07-03T12:00:00Z,2026-07-10T23:59:59Z,https://ssppg.uneb.br/inicio/editalExterno/1558?selecao=1558,Encerrado,2026-07-03T12:00:00Z,UNEB SSPPG
2026-08-14T04:41:32.407565Z,063/2026AE - Ciências Farmacêuticas - Stricto Sensu Mestrado - Aluno Especial,Inscrições para o processo seletivo da UNEB: 063/2026AE - Ciências Farmacêuticas - Stricto Sensu Mestrado - Aluno Especial. Período de inscrições de 03/07/2026 a 13/07/2026. Consulte o edital completo no portal SSPPG UNEB.,UNEB,Mestrado - Aluno Especial,Educação,15,2026-07-03T12:00:00Z,2026-07-13T23:59:59Z,https://ssppg.uneb.br/inicio/editalExterno/1569?selecao=1569,Encerrado,2026-07-03T12:00:00Z,UNEB SSPPG
2026-08-15T03:29:41.787787Z,SIGAA - Sistema Integrado de Gestão de Atividades Acadêmicas,"MESTRADO EM ARQUITETURA E URBANISMO, 50, 12/06/2026 a 18/06/2026 ; PROCESSO SELETIVO IC-PGCOMP DOUTORADO PARA ALUNO ESPECIAL 2026.2.",UFBA,Mestrado - Aluno Especial,Engenharias e Exatas,10,2026-06-30T00:00:00Z,2026-07-20T00:00:00Z,https://sigaa.ufba.br/sigaa/public/processo_seletivo/lista.jsf?aba=p-processo&nivel=S,Encerrado,2026-06-30T00:00:00Z,Google Search (UFBA)
2026-08-15T03:29:41.787787Z,Edital nº 01 - Processo Seletivo Aluno Especial Doutorado 2026.2 - DOUTORADO EM ESTATÍSTICA E CIÊNCIAS DE DADOS,Inscrições abertas para o processo seletivo da UFBA de ingresso no curso: DOUTORADO EM ESTATÍSTICA E CIÊNCIAS DE DADOS. Vagas ofertadas: 5. Período de inscrições de 15/06/2026 a 10/07/2026. Consulte o edital completo no portal oficial da instituição.,UFBA,Doutorado - Aluno Especial,Engenharias e Exatas,5,2026-06-15T12:00:00Z,2026-07-10T12:00:00Z,https://sigaa.ufba.br/sigaa/public/processo_seletivo/lista.jsf?aba=p-processo&nivel=S,Encerrado,2026-06-15T12:00:00Z,UFBA SIGAA
2026-08-15T03:29:41.787787Z,Edital nº 01 - Processo Seletivo Aluno Especial Mestrado 2026.2 - MESTRADO EM ESTATÍSTICA E CIÊNCIAS DE DADOS,Inscrições abertas para o processo seletivo da UFBA de ingresso no curso: MESTRADO EM ESTATÍSTICA E CIÊNCIAS DE DADOS. Vagas ofertadas: 13. Período de inscrições de 15/06/2026 a 10/07/2026. Consulte o edital completo no portal oficial da instituição.,UFBA,Mestrado - Aluno Especial,Engenharias e Exatas,13,2026-06-15T12:00:00Z,2026-07-10T12:00:00Z,https://sigaa.ufba.br/sigaa/public/processo_seletivo/lista.jsf?aba=p-processo&nivel=S,Encerrado,2026-06-15T12:00:00Z,UFBA SIGAA
2026-08-15T03:29:41.787787Z,EDITAL DE ALUNO ESPECIAL 2026.2 DOUTORADO - DOUTORADO EM ARQUITETURA E URBANISMO,Inscrições abertas para o processo seletivo da UFBA de ingresso no curso: DOUTORADO EM ARQUITETURA E URBANISMO. Vagas ofertadas: 50. Período de inscrições de 12/06/2026 a 18/06/2026. Consulte o edital completo no portal oficial da instituição.,UFBA,Doutorado - Aluno Especial,Engenharias e Exatas,50,2026-06-12T12:00:00Z,2026-06-18T12:00:00Z,https://sigaa.ufba.br/sigaa/public/processo_seletivo/lista.jsf?aba=p-processo&nivel=S,Encerrado,2026-06-12T12:00:00Z,UFBA SIGAA
2026-08-15T03:29:41.787787Z,EDITAL DE ALUNO ESPECIAL 2026.2 MESTRADO - MESTRADO EM ARQUITETURA E URBANISMO,Inscrições abertas para o processo seletivo da UFBA de ingresso no curso: MESTRADO EM ARQUITETURA E URBANISMO. Vagas ofertadas: 50. Período de inscrições de 12/06/2026 a 18/06/2026. Consulte o edital completo no portal oficial da instituição.,UFBA,Mestrado - Aluno Especial,Engenharias e Exatas,50,2026-06-12T12:00:00Z,2026-06-18T12:00:00Z,https://sigaa.ufba.br/sigaa/public/processo_seletivo/lista.jsf?aba=p-processo&nivel=S,Encerrado,2026-06-12T12:00:00Z,UFBA SIGAA
2026-08-15T03:29:41.787787Z,PROCESSO SELETIVO IC-PGCOMP DOUTORADO PARA ALUNO ESPECIAL 2026.2 - DOUTORADO EM CIÊNCIA DA COMPUTAÇÃO,Inscrições abertas para o processo seletivo da UFBA de ingresso no curso: DOUTORADO EM CIÊNCIA DA COMPUTAÇÃO. Vagas ofertadas: 30. Período de inscrições de 12/06/2026 a 19/06/2026. Consulte o edital completo no portal oficial da instituição.,UFBA,Doutorado - Aluno Especial,Tecnologia e Informática,30,2026-06-12T12:00:00Z,2026-06-19T12:00:00Z,https://sigaa.ufba.br/sigaa/public/processo_seletivo/lista.jsf?aba=p-processo&nivel=S,Encerrado,2026-06-12T12:00:00Z,UFBA SIGAA
2026-08-15T03:29:41.787787Z,PROCESSO SELETIVO IC-PGCOMP MESTRADO PARA ALUNO ESPECIAL 2026.2 - MESTRADO EM CIÊNCIA DA COMPUTAÇÃO,Inscrições abertas para o processo seletivo da UFBA de ingresso no curso: MESTRADO EM CIÊNCIA DA COMPUTAÇÃO. Vagas ofertadas: 70. Período de inscrições de 12/06/2026 a 19/06/2026. Consulte o edital completo no portal oficial da instituição.,UFBA,Mestrado - Aluno Especial,Tecnologia e Informática,70,2026-06-12T12:00:00Z,2026-06-19T12:00:00Z,https://sigaa.ufba.br/sigaa/public/processo_seletivo/lista.jsf?aba=p-processo&nivel=S,Encerrado,2026-06-12T12:00:00Z,UFBA SIGAA
2026-08-15T03:29:41.787787Z,EDITAL nº 02/2026 - SELEÇÃO PARA ALUNO ESPECIAL - SEMESTRE LETIVO 2026.2 - MESTRADO EM EDUCAÇÃO,Inscrições abertas para o processo seletivo da UFBA de ingresso no curso: MESTRADO EM EDUCAÇÃO. Vagas ofertadas: 102. Período de inscrições de 09/06/2026 a 12/06/2026. Consulte o edital completo no portal oficial da instituição.,UFBA,Mestrado - Aluno Especial,Educação,102,2026-06-09T12:00:00Z,2026-06-12T12:00:00Z,https://sigaa.ufba.br/sigaa/public/processo_seletivo/lista.jsf?aba=p-processo&nivel=S,Encerrado,2026-06-09T12:00:00Z,UFBA SIGAA
2026-08-15T03:29:41.787787Z,PROCESSO SELETIVO PARA INGRESSO DE ALUNO ESPECIAL DOUTORADO- PGENF 2026.2 - DOUTORADO EM ENFERMAGEM E SAÚDE,Inscrições abertas para o processo seletivo da UFBA de ingresso no curso: DOUTORADO EM ENFERMAGEM E SAÚDE. Vagas ofertadas: 30. Período de inscrições de 09/06/2026 a 15/06/2026. Consulte o edital completo no portal oficial da instituição.,UFBA,Doutorado - Aluno Especial,Saúde e Biológicas,30,2026-06-09T12:00:00Z,2026-06-15T12:00:00Z,https://sigaa.ufba.br/sigaa/public/processo_seletivo/lista.jsf?aba=p-processo&nivel=S,Encerrado,2026-06-09T12:00:00Z,UFBA SIGAA
2026-08-15T03:29:41.787787Z,PROCESSO SELETIVO PARA INGRESSO DE ALUNO ESPECIAL MESTRADO- PGENF 2026.2 - MESTRADO EM ENFERMAGEM E SAÚDE,Inscrições abertas para o processo seletivo da UFBA de ingresso no curso: MESTRADO EM ENFERMAGEM E SAÚDE. Vagas ofertadas: 60. Período de inscrições de 09/06/2026 a 15/06/2026. Consulte o edital completo no portal oficial da instituição.,UFBA,Mestrado - Aluno Especial,Saúde e Biológicas,60,2026-06-09T12:00:00Z,2026-06-15T12:00:00Z,https://sigaa.ufba.br/sigaa/public/processo_seletivo/lista.jsf?aba=p-processo&nivel=S,Encerrado,2026-06-09T12:00:00Z,UFBA SIGAA
2026-08-15T03:29:41.787787Z,SELEÇÃO DE ALUNO/A ESPECIAL DO PPGCS - 2026.2 - MESTRADO EM CIÊNCIAS SOCIAIS,Inscrições abertas para o processo seletivo da UFBA de ingresso no curso: MESTRADO EM CIÊNCIAS SOCIAIS. Vagas ofertadas: 45. Período de inscrições de 05/06/2026 a 12/06/2026. Consulte o edital completo no portal oficial da instituição.,UFBA,Mestrado - Aluno Especial,Saúde e Biológicas,45,2026-06-05T12:00:00Z,2026-06-12T12:00:00Z,https://sigaa.ufba.br/sigaa/public/processo_seletivo/lista.jsf?aba=p-processo&nivel=S,Encerrado,2026-06-05T12:00:00Z,UFBA SIGAA
2026-08-15T03:29:41.787787Z,SELEÇÃO PARA ALUNO ESPECIAL PPGCONT 2026.2 - MESTRADO EM CONTABILIDADE,Inscrições abertas para o processo seletivo da UFBA de ingresso no curso: MESTRADO EM CONTABILIDADE. Vagas ofertadas: 80. Período de inscrições de 05/06/2026 a 12/06/2026. Consulte o edital completo no portal oficial da instituição.,UFBA,Mestrado - Aluno Especial,Saúde e Biológicas,80,2026-06-05T12:00:00Z,2026-06-12T12:00:00Z,https://sigaa.ufba.br/sigaa/public/processo_seletivo/lista.jsf?aba=p-processo&nivel=S,Encerrado,2026-06-05T12:00:00Z,UFBA SIGAA
2026-08-15T03:29:41.787787Z,function dpf(f) {var adp = f.adp;if (adp != null) {for (var i = 0;i EDITAL Nº 01/2026 - SELEÇÃO ALUNO ESPECIAL – SEMESTRE LETIVO 2026.1 - ESTUDOS DE L,Inscrições abertas para o processo seletivo da UNILAB de ingresso no curso: ESTUDOS DE LINGUAGEM: CONTEXTOS LUSÓFONOS BRASIL-ÁFRICA. Vagas ofertadas: 10. Período de inscrições de 01/07/2026 a 17/07/2026. Consulte o edital completo no portal oficial da instituição.,UNILAB,Mestrado - Aluno Especial,Saúde e Biológicas,10,2026-07-01T12:00:00Z,2026-07-17T12:00:00Z,https://sigaa.unilab.edu.br/sigaa/public/processo_seletivo/lista.jsf?aba=p-processo&nivel=S,Encerrado,2026-07-01T12:00:00Z,UNILAB SIGAA
2026-08-15T03:29:41.787787Z,049/2026AE - Química Aplicada - Stricto Sensu Mestrado - Aluno Especial,Inscrições para o processo seletivo da UNEB: 049/2026AE - Química Aplicada - Stricto Sensu Mestrado - Aluno Especial. Período de inscrições de 15/06/2026 a 10/07/2026. Consulte o edital completo no portal SSPPG UNEB.,UNEB,Mestrado - Aluno Especial,Engenharias e Exatas,15,2026-06-15T12:00:00Z,2026-07-10T23:59:59Z,https://ssppg.uneb.br/inicio/editalExterno/1561?selecao=1561,Encerrado,2026-06-15T12:00:00Z,UNEB SSPPG
2026-08-15T03:29:41.787787Z,050/2026AE - Educação e Contemporaneidade - Stricto Sensu Mestrado/Doutorado - Aluno Especial,Inscrições para o processo seletivo da UNEB: 050/2026AE - Educação e Contemporaneidade - Stricto Sensu Mestrado/Doutorado - Aluno Especial. Período de inscrições de 15/06/2026 a 06/07/2026. Consulte o edital completo no portal SSPPG UNEB.,UNEB,Doutorado - Aluno Especial,Educação,15,2026-06-15T12:00:00Z,2026-07-06T23:59:59Z,https://ssppg.uneb.br/inicio/editalExterno/1559?selecao=1559,Encerrado,2026-06-15T12:00:00Z,UNEB SSPPG
2026-08-15T03:29:41.787787Z,038/2026AE - Intervenção Educativa e Social - Stricto Sensu Mestrado - Aluno Especial,Inscrições para o processo seletivo da UNEB: 038/2026AE - Intervenção Educativa e Social - Stricto Sensu Mestrado - Aluno Especial. Período de inscrições de 15/06/2026 a 06/07/2026. Consulte o edital completo no portal SSPPG UNEB.,UNEB,Mestrado - Aluno Especial,Educação,15,2026-06-15T12:00:00Z,2026-07-06T23:59:59Z,https://ssppg.uneb.br/inicio/editalExterno/1554?selecao=1554,Encerrado,2026-06-15T12:00:00Z,UNEB SSPPG
2026-08-15T03:29:41.787787Z,053/2026AEME - Crítica Cultural - Stricto Sensu Mestrado - Aluno Especial,Inscrições para o processo seletivo da UNEB: 053/2026AEME - Crítica Cultural - Stricto Sensu Mestrado - Aluno Especial. Período de inscrições de 23/06/2026 a 06/07/2026. Consulte o edital completo no portal SSPPG UNEB.,UNEB,Mestrado - Aluno Especial,Educação,15,2026-06-23T12:00:00Z,2026-07-06T23:59:59Z,https://ssppg.uneb.br/inicio/editalExterno/1565?selecao=1565,Encerrado,2026-06-23T12:00:00Z,UNEB SSPPG
2026-08-15T03:29:41.787787Z,053/2026AEDO - Crítica Cultural - Stricto Sensu Doutorado - Aluno Especial,Inscrições para o processo seletivo da UNEB: 053/2026AEDO - Crítica Cultural - Stricto Sensu Doutorado - Aluno Especial. Período de inscrições de 23/06/2026 a 06/07/2026. Consulte o edital completo no portal SSPPG UNEB.,UNEB,Doutorado - Aluno Especial,Educação,15,2026-06-23T12:00:00Z,2026-07-06T23:59:59Z,https://ssppg.uneb.br/inicio/editalExterno/1567?selecao=1567,Encerrado,2026-06-23T12:00:00Z,UNEB SSPPG
2026-08-15T03:29:41.787787Z,055/2026AE - Educação e Diversidade - Stricto Sensu Mestrado - Aluno Especial,Inscrições para o processo seletivo da UNEB: 055/2026AE - Educação e Diversidade - Stricto Sensu Mestrado - Aluno Especial. Período de inscrições de 25/06/2026 a 08/07/2026. Consulte o edital completo no portal SSPPG UNEB.,UNEB,Mestrado - Aluno Especial,Educação,15,2026-06-25T12:00:00Z,2026-07-08T23:59:59Z,https://ssppg.uneb.br/inicio/editalExterno/1560?selecao=1560,Encerrado,2026-06-25T12:00:00Z,UNEB SSPPG
2026-08-15T03:29:41.787787Z,054/2026AE - ESTUDOS TERRITORIAIS - Stricto Sensu Mestrado - Aluno Especial,Inscrições para o processo seletivo da UNEB: 054/2026AE - ESTUDOS TERRITORIAIS - Stricto Sensu Mestrado - Aluno Especial. Período de inscrições de 25/06/2026 a 06/07/2026. Consulte o edital completo no portal SSPPG UNEB.,UNEB,Mestrado - Aluno Especial,Educação,15,2026-06-25T12:00:00Z,2026-07-06T23:59:59Z,https://ssppg.uneb.br/inicio/editalExterno/1557?selecao=1557,Encerrado,2026-06-25T12:00:00Z,UNEB SSPPG
2026-08-15T03:29:41.787787Z,"056/2026AE - ENSINO, LINGUAGEM E SOCIEDADE - Stricto Sensu Mestrado - Aluno Especial","Inscrições para o processo seletivo da UNEB: 056/2026AE - ENSINO, LINGUAGEM E SOCIEDADE - Stricto Sensu Mestrado - Aluno Especial. Período de inscrições de 26/06/2026 a 09/07/2026. Consulte o edital completo no portal SSPPG UNEB.",UNEB,Mestrado - Aluno Especial,Educação,15,2026-06-26T12:00:00Z,2026-07-09T23:59:59Z,https://ssppg.uneb.br/inicio/editalExterno/1564?selecao=1564,Encerrado,2026-06-26T12:00:00Z,UNEB SSPPG
2026-08-15T03:29:41.787787Z,048/2026AE - Estudo de Linguagens - Stricto Sensu Mestrado/Doutorado - Aluno Especial,Inscrições para o processo seletivo da UNEB: 048/2026AE - Estudo de Linguagens - Stricto Sensu Mestrado/Doutorado - Aluno Especial. Período de inscrições de 29/06/2026 a 10/07/2026. Consulte o edital completo no portal SSPPG UNEB.,UNEB,Doutorado - Aluno Especial,Humanas e Sociais,15,2026-06-29T12:00:00Z,2026-07-10T23:59:59Z,https://ssppg.uneb.br/inicio/editalExterno/1563?selecao=1563,Encerrado,2026-06-29T12:00:00Z,UNEB SSPPG
2026-08-15T03:29:41.787787Z,061/2026AE - Educação e Formação Docente - Stricto Sensu Mestrado - Aluno Especial,Inscrições para o processo seletivo da UNEB: 061/2026AE - Educação e Formação Docente - Stricto Sensu Mestrado - Aluno Especial. Período de inscrições de 29/06/2026 a 10/07/2026. Consulte o edital completo no portal SSPPG UNEB.,UNEB,Mestrado - Aluno Especial,Educação,15,2026-06-29T12:00:00Z,2026-07-10T23:59:59Z,https://ssppg.uneb.br/inicio/editalExterno/1570?selecao=1570,Encerrado,2026-06-29T12:00:00Z,UNEB SSPPG
2026-08-15T03:29:41.787787Z,"058/2026AE - Estudos Africanos, Povos Indígenas e Culturas Negras - Stricto Sensu Mestrado - Aluno Especial","Inscrições para o processo seletivo da UNEB: 058/2026AE - Estudos Africanos, Povos Indígenas e Culturas Negras - Stricto Sensu Mestrado - Aluno Especial. Período de inscrições de 29/06/2026 a 10/07/2026. Consulte o edital completo no portal SSPPG UNEB.",UNEB,Mestrado - Aluno Especial,Educação,15,2026-06-29T12:00:00Z,2026-07-10T23:59:59Z,https://ssppg.uneb.br/inicio/editalExterno/1562?selecao=1562,Encerrado,2026-06-29T12:00:00Z,UNEB SSPPG
2026-08-15T03:29:41.787787Z,064/2026AE - Estudos Africanos e Representações da África - Stricto Sensu Mestrado - Aluno Especial,Inscrições para o processo seletivo da UNEB: 064/2026AE - Estudos Africanos e Representações da África - Stricto Sensu Mestrado - Aluno Especial. Período de inscrições de 03/07/2026 a 13/07/2026. Consulte o edital completo no portal SSPPG UNEB.,UNEB,Mestrado - Aluno Especial,Educação,15,2026-07-03T12:00:00Z,2026-07-13T23:59:59Z,https://ssppg.uneb.br/inicio/editalExterno/1576?selecao=1576,Encerrado,2026-07-03T12:00:00Z,UNEB SSPPG
2026-08-15T03:29:41.787787Z,059/20262AE - Ecologia Humana e Gestão Socioambiental - Stricto Sensu Mestrado/Doutorado - Aluno Especial,Inscrições para o processo seletivo da UNEB: 059/20262AE - Ecologia Humana e Gestão Socioambiental - Stricto Sensu Mestrado/Doutorado - Aluno Especial. Período de inscrições de 03/07/2026 a 10/07/2026. Consulte o edital completo no portal SSPPG UNEB.,UNEB,Doutorado - Aluno Especial,Gestão e Negócios,15,2026-07-03T12:00:00Z,2026-07-10T23:59:59Z,https://ssppg.uneb.br/inicio/editalExterno/1568?selecao=1568,Encerrado,2026-07-03T12:00:00Z,UNEB SSPPG
2026-08-15T03:29:41.787787Z,044/2026AE - Programa de Pós-Graduação em Letras - Stricto Sensu Mestrado - Aluno Especial,Inscrições para o processo seletivo da UNEB: 044/2026AE - Programa de Pós-Graduação em Letras - Stricto Sensu Mestrado - Aluno Especial. Período de inscrições de 03/07/2026 a 10/07/2026. Consulte o edital completo no portal SSPPG UNEB.,UNEB,Mestrado - Aluno Especial,Humanas e Sociais,15,2026-07-03T12:00:00Z,2026-07-10T23:59:59Z,https://ssppg.uneb.br/inicio/editalExterno/1558?selecao=1558,Encerrado,2026-07-03T12:00:00Z,UNEB SSPPG
2026-08-15T03:29:41.787787Z,063/2026AE - Ciências Farmacêuticas - Stricto Sensu Mestrado - Aluno Especial,Inscrições para o processo seletivo da UNEB: 063/2026AE - Ciências Farmacêuticas - Stricto Sensu Mestrado - Aluno Especial. Período de inscrições de 03/07/2026 a 13/07/2026. Consulte o edital completo no portal SSPPG UNEB.,UNEB,Mestrado - Aluno Especial,Educação,15,2026-07-03T12:00:00Z,2026-07-13T23:59:59Z,https://ssppg.uneb.br/inicio/editalExterno/1569?selecao=1569,Encerrado,2026-07-03T12:00:00Z,UNEB SSPPG
2026-08-16T03:39:00.820578Z,SIGAA - Sistema Integrado de Gestão de Atividades Acadêmicas,"MESTRADO EM ARQUITETURA E URBANISMO, 50, 12/06/2026 a 18/06/2026 ; PROCESSO SELETIVO IC-PGCOMP DOUTORADO PARA ALUNO ESPECIAL 2026.2.",UFBA,Mestrado - Aluno Especial,Engenharias e Exatas,10,2026-06-30T00:00:00Z,2026-07-20T00:00:00Z,https://sigaa.ufba.br/sigaa/public/processo_seletivo/lista.jsf?aba=p-processo&nivel=S,Encerrado,2026-06-30T00:00:00Z,Google Search (UFBA)
2026-08-16T03:39:00.820578Z,Edital nº 01 - Processo Seletivo Aluno Especial Doutorado 2026.2 - DOUTORADO EM ESTATÍSTICA E CIÊNCIAS DE DADOS,Inscrições abertas para o processo seletivo da UFBA de ingresso no curso: DOUTORADO EM ESTATÍSTICA E CIÊNCIAS DE DADOS. Vagas ofertadas: 5. Período de inscrições de 15/06/2026 a 10/07/2026. Consulte o edital completo no portal oficial da instituição.,UFBA,Doutorado - Aluno Especial,Engenharias e Exatas,5,2026-06-15T12:00:00Z,2026-07-10T12:00:00Z,https://sigaa.ufba.br/sigaa/public/processo_seletivo/lista.jsf?aba=p-processo&nivel=S,Encerrado,2026-06-15T12:00:00Z,UFBA SIGAA
2026-08-16T03:39:00.820578Z,Edital nº 01 - Processo Seletivo Aluno Especial Mestrado 2026.2 - MESTRADO EM ESTATÍSTICA E CIÊNCIAS DE DADOS,Inscrições abertas para o processo seletivo da UFBA de ingresso no curso: MESTRADO EM ESTATÍSTICA E CIÊNCIAS DE DADOS. Vagas ofertadas: 13. Período de inscrições de 15/06/2026 a 10/07/2026. Consulte o edital completo no portal oficial da instituição.,UFBA,Mestrado - Aluno Especial,Engenharias e Exatas,13,2026-06-15T12:00:00Z,2026-07-10T12:00:00Z,https://sigaa.ufba.br/sigaa/public/processo_seletivo/lista.jsf?aba=p-processo&nivel=S,Encerrado,2026-06-15T12:00:00Z,UFBA SIGAA
2026-08-16T03:39:00.820578Z,EDITAL DE ALUNO ESPECIAL 2026.2 DOUTORADO - DOUTORADO EM ARQUITETURA E URBANISMO,Inscrições abertas para o processo seletivo da UFBA de ingresso no curso: DOUTORADO EM ARQUITETURA E URBANISMO. Vagas ofertadas: 50. Período de inscrições de 12/06/2026 a 18/06/2026. Consulte o edital completo no portal oficial da instituição.,UFBA,Doutorado - Aluno Especial,Engenharias e Exatas,50,2026-06-12T12:00:00Z,2026-06-18T12:00:00Z,https://sigaa.ufba.br/sigaa/public/processo_seletivo/lista.jsf?aba=p-processo&nivel=S,Encerrado,2026-06-12T12:00:00Z,UFBA SIGAA
2026-08-16T03:39:00.820578Z,EDITAL DE ALUNO ESPECIAL 2026.2 MESTRADO - MESTRADO EM ARQUITETURA E URBANISMO,Inscrições abertas para o processo seletivo da UFBA de ingresso no curso: MESTRADO EM ARQUITETURA E URBANISMO. Vagas ofertadas: 50. Período de inscrições de 12/06/2026 a 18/06/2026. Consulte o edital completo no portal oficial da instituição.,UFBA,Mestrado - Aluno Especial,Engenharias e Exatas,50,2026-06-12T12:00:00Z,2026-06-18T12:00:00Z,https://sigaa.ufba.br/sigaa/public/processo_seletivo/lista.jsf?aba=p-processo&nivel=S,Encerrado,2026-06-12T12:00:00Z,UFBA SIGAA
2026-08-16T03:39:00.820578Z,PROCESSO SELETIVO IC-PGCOMP DOUTORADO PARA ALUNO ESPECIAL 2026.2 - DOUTORADO EM CIÊNCIA DA COMPUTAÇÃO,Inscrições abertas para o processo seletivo da UFBA de ingresso no curso: DOUTORADO EM CIÊNCIA DA COMPUTAÇÃO. Vagas ofertadas: 30. Período de inscrições de 12/06/2026 a 19/06/2026. Consulte o edital completo no portal oficial da instituição.,UFBA,Doutorado - Aluno Especial,Tecnologia e Informática,30,2026-06-12T12:00:00Z,2026-06-19T12:00:00Z,https://sigaa.ufba.br/sigaa/public/processo_seletivo/lista.jsf?aba=p-processo&nivel=S,Encerrado,2026-06-12T12:00:00Z,UFBA SIGAA
2026-08-16T03:39:00.820578Z,PROCESSO SELETIVO IC-PGCOMP MESTRADO PARA ALUNO ESPECIAL 2026.2 - MESTRADO EM CIÊNCIA DA COMPUTAÇÃO,Inscrições abertas para o processo seletivo da UFBA de ingresso no curso: MESTRADO EM CIÊNCIA DA COMPUTAÇÃO. Vagas ofertadas: 70. Período de inscrições de 12/06/2026 a 19/06/2026. Consulte o edital completo no portal oficial da instituição.,UFBA,Mestrado - Aluno Especial,Tecnologia e Informática,70,2026-06-12T12:00:00Z,2026-06-19T12:00:00Z,https://sigaa.ufba.br/sigaa/public/processo_seletivo/lista.jsf?aba=p-processo&nivel=S,Encerrado,2026-06-12T12:00:00Z,UFBA SIGAA
2026-08-16T03:39:00.820578Z,EDITAL nº 02/2026 - SELEÇÃO PARA ALUNO ESPECIAL - SEMESTRE LETIVO 2026.2 - MESTRADO EM EDUCAÇÃO,Inscrições abertas para o processo seletivo da UFBA de ingresso no curso: MESTRADO EM EDUCAÇÃO. Vagas ofertadas: 102. Período de inscrições de 09/06/2026 a 12/06/2026. Consulte o edital completo no portal oficial da instituição.,UFBA,Mestrado - Aluno Especial,Educação,102,2026-06-09T12:00:00Z,2026-06-12T12:00:00Z,https://sigaa.ufba.br/sigaa/public/processo_seletivo/lista.jsf?aba=p-processo&nivel=S,Encerrado,2026-06-09T12:00:00Z,UFBA SIGAA
2026-08-16T03:39:00.820578Z,PROCESSO SELETIVO PARA INGRESSO DE ALUNO ESPECIAL DOUTORADO- PGENF 2026.2 - DOUTORADO EM ENFERMAGEM E SAÚDE,Inscrições abertas para o processo seletivo da UFBA de ingresso no curso: DOUTORADO EM ENFERMAGEM E SAÚDE. Vagas ofertadas: 30. Período de inscrições de 09/06/2026 a 15/06/2026. Consulte o edital completo no portal oficial da instituição.,UFBA,Doutorado - Aluno Especial,Saúde e Biológicas,30,2026-06-09T12:00:00Z,2026-06-15T12:00:00Z,https://sigaa.ufba.br/sigaa/public/processo_seletivo/lista.jsf?aba=p-processo&nivel=S,Encerrado,2026-06-09T12:00:00Z,UFBA SIGAA
2026-08-16T03:39:00.820578Z,PROCESSO SELETIVO PARA INGRESSO DE ALUNO ESPECIAL MESTRADO- PGENF 2026.2 - MESTRADO EM ENFERMAGEM E SAÚDE,Inscrições abertas para o processo seletivo da UFBA de ingresso no curso: MESTRADO EM ENFERMAGEM E SAÚDE. Vagas ofertadas: 60. Período de inscrições de 09/06/2026 a 15/06/2026. Consulte o edital completo no portal oficial da instituição.,UFBA,Mestrado - Aluno Especial,Saúde e Biológicas,60,2026-06-09T12:00:00Z,2026-06-15T12:00:00Z,https://sigaa.ufba.br/sigaa/public/processo_seletivo/lista.jsf?aba=p-processo&nivel=S,Encerrado,2026-06-09T12:00:00Z,UFBA SIGAA
2026-08-16T03:39:00.820578Z,SELEÇÃO DE ALUNO/A ESPECIAL DO PPGCS - 2026.2 - MESTRADO EM CIÊNCIAS SOCIAIS,Inscrições abertas para o processo seletivo da UFBA de ingresso no curso: MESTRADO EM CIÊNCIAS SOCIAIS. Vagas ofertadas: 45. Período de inscrições de 05/06/2026 a 12/06/2026. Consulte o edital completo no portal oficial da instituição.,UFBA,Mestrado - Aluno Especial,Saúde e Biológicas,45,2026-06-05T12:00:00Z,2026-06-12T12:00:00Z,https://sigaa.ufba.br/sigaa/public/processo_seletivo/lista.jsf?aba=p-processo&nivel=S,Encerrado,2026-06-05T12:00:00Z,UFBA SIGAA
2026-08-16T03:39:00.820578Z,SELEÇÃO PARA ALUNO ESPECIAL PPGCONT 2026.2 - MESTRADO EM CONTABILIDADE,Inscrições abertas para o processo seletivo da UFBA de ingresso no curso: MESTRADO EM CONTABILIDADE. Vagas ofertadas: 80. Período de inscrições de 05/06/2026 a 12/06/2026. Consulte o edital completo no portal oficial da instituição.,UFBA,Mestrado - Aluno Especial,Saúde e Biológicas,80,2026-06-05T12:00:00Z,2026-06-12T12:00:00Z,https://sigaa.ufba.br/sigaa/public/processo_seletivo/lista.jsf?aba=p-processo&nivel=S,Encerrado,2026-06-05T12:00:00Z,UFBA SIGAA
2026-08-16T03:39:00.820578Z,function dpf(f) {var adp = f.adp;if (adp != null) {for (var i = 0;i EDITAL Nº 01/2026 - SELEÇÃO ALUNO ESPECIAL – SEMESTRE LETIVO 2026.1 - ESTUDOS DE L,Inscrições abertas para o processo seletivo da UNILAB de ingresso no curso: ESTUDOS DE LINGUAGEM: CONTEXTOS LUSÓFONOS BRASIL-ÁFRICA. Vagas ofertadas: 10. Período de inscrições de 01/07/2026 a 17/07/2026. Consulte o edital completo no portal oficial da instituição.,UNILAB,Mestrado - Aluno Especial,Saúde e Biológicas,10,2026-07-01T12:00:00Z,2026-07-17T12:00:00Z,https://sigaa.unilab.edu.br/sigaa/public/processo_seletivo/lista.jsf?aba=p-processo&nivel=S,Encerrado,2026-07-01T12:00:00Z,UNILAB SIGAA
2026-08-16T03:39:00.820578Z,049/2026AE - Química Aplicada - Stricto Sensu Mestrado - Aluno Especial,Inscrições para o processo seletivo da UNEB: 049/2026AE - Química Aplicada - Stricto Sensu Mestrado - Aluno Especial. Período de inscrições de 15/06/2026 a 10/07/2026. Consulte o edital completo no portal SSPPG UNEB.,UNEB,Mestrado - Aluno Especial,Engenharias e Exatas,15,2026-06-15T12:00:00Z,2026-07-10T23:59:59Z,https://ssppg.uneb.br/inicio/editalExterno/1561?selecao=1561,Encerrado,2026-06-15T12:00:00Z,UNEB SSPPG
2026-08-16T03:39:00.820578Z,050/2026AE - Educação e Contemporaneidade - Stricto Sensu Mestrado/Doutorado - Aluno Especial,Inscrições para o processo seletivo da UNEB: 050/2026AE - Educação e Contemporaneidade - Stricto Sensu Mestrado/Doutorado - Aluno Especial. Período de inscrições de 15/06/2026 a 06/07/2026. Consulte o edital completo no portal SSPPG UNEB.,UNEB,Doutorado - Aluno Especial,Educação,15,2026-06-15T12:00:00Z,2026-07-06T23:59:59Z,https://ssppg.uneb.br/inicio/editalExterno/1559?selecao=1559,Encerrado,2026-06-15T12:00:00Z,UNEB SSPPG
2026-08-16T03:39:00.820578Z,038/2026AE - Intervenção Educativa e Social - Stricto Sensu Mestrado - Aluno Especial,Inscrições para o processo seletivo da UNEB: 038/2026AE - Intervenção Educativa e Social - Stricto Sensu Mestrado - Aluno Especial. Período de inscrições de 15/06/2026 a 06/07/2026. Consulte o edital completo no portal SSPPG UNEB.,UNEB,Mestrado - Aluno Especial,Educação,15,2026-06-15T12:00:00Z,2026-07-06T23:59:59Z,https://ssppg.uneb.br/inicio/editalExterno/1554?selecao=1554,Encerrado,2026-06-15T12:00:00Z,UNEB SSPPG
2026-08-16T03:39:00.820578Z,053/2026AEME - Crítica Cultural - Stricto Sensu Mestrado - Aluno Especial,Inscrições para o processo seletivo da UNEB: 053/2026AEME - Crítica Cultural - Stricto Sensu Mestrado - Aluno Especial. Período de inscrições de 23/06/2026 a 06/07/2026. Consulte o edital completo no portal SSPPG UNEB.,UNEB,Mestrado - Aluno Especial,Educação,15,2026-06-23T12:00:00Z,2026-07-06T23:59:59Z,https://ssppg.uneb.br/inicio/editalExterno/1565?selecao=1565,Encerrado,2026-06-23T12:00:00Z,UNEB SSPPG
2026-08-16T03:39:00.820578Z,053/2026AEDO - Crítica Cultural - Stricto Sensu Doutorado - Aluno Especial,Inscrições para o processo seletivo da UNEB: 053/2026AEDO - Crítica Cultural - Stricto Sensu Doutorado - Aluno Especial. Período de inscrições de 23/06/2026 a 06/07/2026. Consulte o edital completo no portal SSPPG UNEB.,UNEB,Doutorado - Aluno Especial,Educação,15,2026-06-23T12:00:00Z,2026-07-06T23:59:59Z,https://ssppg.uneb.br/inicio/editalExterno/1567?selecao=1567,Encerrado,2026-06-23T12:00:00Z,UNEB SSPPG
2026-08-16T03:39:00.820578Z,055/2026AE - Educação e Diversidade - Stricto Sensu Mestrado - Aluno Especial,Inscrições para o processo seletivo da UNEB: 055/2026AE - Educação e Diversidade - Stricto Sensu Mestrado - Aluno Especial. Período de inscrições de 25/06/2026 a 08/07/2026. Consulte o edital completo no portal SSPPG UNEB.,UNEB,Mestrado - Aluno Especial,Educação,15,2026-06-25T12:00:00Z,2026-07-08T23:59:59Z,https://ssppg.uneb.br/inicio/editalExterno/1560?selecao=1560,Encerrado,2026-06-25T12:00:00Z,UNEB SSPPG
2026-08-16T03:39:00.820578Z,054/2026AE - ESTUDOS TERRITORIAIS - Stricto Sensu Mestrado - Aluno Especial,Inscrições para o processo seletivo da UNEB: 054/2026AE - ESTUDOS TERRITORIAIS - Stricto Sensu Mestrado - Aluno Especial. Período de inscrições de 25/06/2026 a 06/07/2026. Consulte o edital completo no portal SSPPG UNEB.,UNEB,Mestrado - Aluno Especial,Educação,15,2026-06-25T12:00:00Z,2026-07-06T23:59:59Z,https://ssppg.uneb.br/inicio/editalExterno/1557?selecao=1557,Encerrado,2026-06-25T12:00:00Z,UNEB SSPPG
2026-08-16T03:39:00.820578Z,"056/2026AE - ENSINO, LINGUAGEM E SOCIEDADE - Stricto Sensu Mestrado - Aluno Especial","Inscrições para o processo seletivo da UNEB: 056/2026AE - ENSINO, LINGUAGEM E SOCIEDADE - Stricto Sensu Mestrado - Aluno Especial. Período de inscrições de 26/06/2026 a 09/07/2026. Consulte o edital completo no portal SSPPG UNEB.",UNEB,Mestrado - Aluno Especial,Educação,15,2026-06-26T12:00:00Z,2026-07-09T23:59:59Z,https://ssppg.uneb.br/inicio/editalExterno/1564?selecao=1564,Encerrado,2026-06-26T12:00:00Z,UNEB SSPPG
2026-08-16T03:39:00.820578Z,048/2026AE - Estudo de Linguagens - Stricto Sensu Mestrado/Doutorado - Aluno Especial,Inscrições para o processo seletivo da UNEB: 048/2026AE - Estudo de Linguagens - Stricto Sensu Mestrado/Doutorado - Aluno Especial. Período de inscrições de 29/06/2026 a 10/07/2026. Consulte o edital completo no portal SSPPG UNEB.,UNEB,Doutorado - Aluno Especial,Humanas e Sociais,15,2026-06-29T12:00:00Z,2026-07-10T23:59:59Z,https://ssppg.uneb.br/inicio/editalExterno/1563?selecao=1563,Encerrado,2026-06-29T12:00:00Z,UNEB SSPPG
2026-08-16T03:39:00.820578Z,061/2026AE - Educação e Formação Docente - Stricto Sensu Mestrado - Aluno Especial,Inscrições para o processo seletivo da UNEB: 061/2026AE - Educação e Formação Docente - Stricto Sensu Mestrado - Aluno Especial. Período de inscrições de 29/06/2026 a 10/07/2026. Consulte o edital completo no portal SSPPG UNEB.,UNEB,Mestrado - Aluno Especial,Educação,15,2026-06-29T12:00:00Z,2026-07-10T23:59:59Z,https://ssppg.uneb.br/inicio/editalExterno/1570?selecao=1570,Encerrado,2026-06-29T12:00:00Z,UNEB SSPPG
2026-08-16T03:39:00.820578Z,"058/2026AE - Estudos Africanos, Povos Indígenas e Culturas Negras - Stricto Sensu Mestrado - Aluno Especial","Inscrições para o processo seletivo da UNEB: 058/2026AE - Estudos Africanos, Povos Indígenas e Culturas Negras - Stricto Sensu Mestrado - Aluno Especial. Período de inscrições de 29/06/2026 a 10/07/2026. Consulte o edital completo no portal SSPPG UNEB.",UNEB,Mestrado - Aluno Especial,Educação,15,2026-06-29T12:00:00Z,2026-07-10T23:59:59Z,https://ssppg.uneb.br/inicio/editalExterno/1562?selecao=1562,Encerrado,2026-06-29T12:00:00Z,UNEB SSPPG
2026-08-16T03:39:00.820578Z,064/2026AE - Estudos Africanos e Representações da África - Stricto Sensu Mestrado - Aluno Especial,Inscrições para o processo seletivo da UNEB: 064/2026AE - Estudos Africanos e Representações da África - Stricto Sensu Mestrado - Aluno Especial. Período de inscrições de 03/07/2026 a 13/07/2026. Consulte o edital completo no portal SSPPG UNEB.,UNEB,Mestrado - Aluno Especial,Educação,15,2026-07-03T12:00:00Z,2026-07-13T23:59:59Z,https://ssppg.uneb.br/inicio/editalExterno/1576?selecao=1576,Encerrado,2026-07-03T12:00:00Z,UNEB SSPPG
2026-08-16T03:39:00.820578Z,059/20262AE - Ecologia Humana e Gestão Socioambiental - Stricto Sensu Mestrado/Doutorado - Aluno Especial,Inscrições para o processo seletivo da UNEB: 059/20262AE - Ecologia Humana e Gestão Socioambiental - Stricto Sensu Mestrado/Doutorado - Aluno Especial. Período de inscrições de 03/07/2026 a 10/07/2026. Consulte o edital completo no portal SSPPG UNEB.,UNEB,Doutorado - Aluno Especial,Gestão e Negócios,15,2026-07-03T12:00:00Z,2026-07-10T23:59:59Z,https://ssppg.uneb.br/inicio/editalExterno/1568?selecao=1568,Encerrado,2026-07-03T12:00:00Z,UNEB SSPPG
2026-08-16T03:39:00.820578Z,044/2026AE - Programa de Pós-Graduação em Letras - Stricto Sensu Mestrado - Aluno Especial,Inscrições para o processo seletivo da UNEB: 044/2026AE - Programa de Pós-Graduação em Letras - Stricto Sensu Mestrado - Aluno Especial. Período de inscrições de 03/07/2026 a 10/07/2026. Consulte o edital completo no portal SSPPG UNEB.,UNEB,Mestrado - Aluno Especial,Humanas e Sociais,15,2026-07-03T12:00:00Z,2026-07-10T23:59:59Z,https://ssppg.uneb.br/inicio/editalExterno/1558?selecao=1558,Encerrado,2026-07-03T12:00:00Z,UNEB SSPPG
2026-08-16T03:39:00.820578Z,063/2026AE - Ciências Farmacêuticas - Stricto Sensu Mestrado - Aluno Especial,Inscrições para o processo seletivo da UNEB: 063/2026AE - Ciências Farmacêuticas - Stricto Sensu Mestrado - Aluno Especial. Período de inscrições de 03/07/2026 a 13/07/2026. Consulte o edital completo no portal SSPPG UNEB.,UNEB,Mestrado - Aluno Especial,Educação,15,2026-07-03T12:00:00Z,2026-07-13T23:59:59Z,https://ssppg.uneb.br/inicio/editalExterno/1569?selecao=1569,Encerrado,2026-07-03T12:00:00Z,UNEB SSPPG
2026-08-17T03:40:26.346353Z,SIGAA - Sistema Integrado de Gestão de Atividades Acadêmicas,"MESTRADO EM ARQUITETURA E URBANISMO, 50, 12/06/2026 a 18/06/2026 ; PROCESSO SELETIVO IC-PGCOMP DOUTORADO PARA ALUNO ESPECIAL 2026.2.",UFBA,Mestrado - Aluno Especial,Engenharias e Exatas,10,2026-06-30T00:00:00Z,2026-07-20T00:00:00Z,https://sigaa.ufba.br/sigaa/public/processo_seletivo/lista.jsf?aba=p-processo&nivel=S,Encerrado,2026-06-30T00:00:00Z,Google Search (UFBA)
2026-08-17T03:40:26.346353Z,Edital nº 01 - Processo Seletivo Aluno Especial Doutorado 2026.2 - DOUTORADO EM ESTATÍSTICA E CIÊNCIAS DE DADOS,Inscrições abertas para o processo seletivo da UFBA de ingresso no curso: DOUTORADO EM ESTATÍSTICA E CIÊNCIAS DE DADOS. Vagas ofertadas: 5. Período de inscrições de 15/06/2026 a 10/07/2026. Consulte o edital completo no portal oficial da instituição.,UFBA,Doutorado - Aluno Especial,Engenharias e Exatas,5,2026-06-15T12:00:00Z,2026-07-10T12:00:00Z,https://sigaa.ufba.br/sigaa/public/processo_seletivo/lista.jsf?aba=p-processo&nivel=S,Encerrado,2026-06-15T12:00:00Z,UFBA SIGAA
2026-08-17T03:40:26.346353Z,Edital nº 01 - Processo Seletivo Aluno Especial Mestrado 2026.2 - MESTRADO EM ESTATÍSTICA E CIÊNCIAS DE DADOS,Inscrições abertas para o processo seletivo da UFBA de ingresso no curso: MESTRADO EM ESTATÍSTICA E CIÊNCIAS DE DADOS. Vagas ofertadas: 13. Período de inscrições de 15/06/2026 a 10/07/2026. Consulte o edital completo no portal oficial da instituição.,UFBA,Mestrado - Aluno Especial,Engenharias e Exatas,13,2026-06-15T12:00:00Z,2026-07-10T12:00:00Z,https://sigaa.ufba.br/sigaa/public/processo_seletivo/lista.jsf?aba=p-processo&nivel=S,Encerrado,2026-06-15T12:00:00Z,UFBA SIGAA
2026-08-17T03:40:26.346353Z,EDITAL DE ALUNO ESPECIAL 2026.2 DOUTORADO - DOUTORADO EM ARQUITETURA E URBANISMO,Inscrições abertas para o processo seletivo da UFBA de ingresso no curso: DOUTORADO EM ARQUITETURA E URBANISMO. Vagas ofertadas: 50. Período de inscrições de 12/06/2026 a 18/06/2026. Consulte o edital completo no portal oficial da instituição.,UFBA,Doutorado - Aluno Especial,Engenharias e Exatas,50,2026-06-12T12:00:00Z,2026-06-18T12:00:00Z,https://sigaa.ufba.br/sigaa/public/processo_seletivo/lista.jsf?aba=p-processo&nivel=S,Encerrado,2026-06-12T12:00:00Z,UFBA SIGAA
2026-08-17T03:40:26.346353Z,EDITAL DE ALUNO ESPECIAL 2026.2 MESTRADO - MESTRADO EM ARQUITETURA E URBANISMO,Inscrições abertas para o processo seletivo da UFBA de ingresso no curso: MESTRADO EM ARQUITETURA E URBANISMO. Vagas ofertadas: 50. Período de inscrições de 12/06/2026 a 18/06/2026. Consulte o edital completo no portal oficial da instituição.,UFBA,Mestrado - Aluno Especial,Engenharias e Exatas,50,2026-06-12T12:00:00Z,2026-06-18T12:00:00Z,https://sigaa.ufba.br/sigaa/public/processo_seletivo/lista.jsf?aba=p-processo&nivel=S,Encerrado,2026-06-12T12:00:00Z,UFBA SIGAA
2026-08-17T03:40:26.346353Z,PROCESSO SELETIVO IC-PGCOMP DOUTORADO PARA ALUNO ESPECIAL 2026.2 - DOUTORADO EM CIÊNCIA DA COMPUTAÇÃO,Inscrições abertas para o processo seletivo da UFBA de ingresso no curso: DOUTORADO EM CIÊNCIA DA COMPUTAÇÃO. Vagas ofertadas: 30. Período de inscrições de 12/06/2026 a 19/06/2026. Consulte o edital completo no portal oficial da instituição.,UFBA,Doutorado - Aluno Especial,Tecnologia e Informática,30,2026-06-12T12:00:00Z,2026-06-19T12:00:00Z,https://sigaa.ufba.br/sigaa/public/processo_seletivo/lista.jsf?aba=p-processo&nivel=S,Encerrado,2026-06-12T12:00:00Z,UFBA SIGAA
2026-08-17T03:40:26.346353Z,PROCESSO SELETIVO IC-PGCOMP MESTRADO PARA ALUNO ESPECIAL 2026.2 - MESTRADO EM CIÊNCIA DA COMPUTAÇÃO,Inscrições abertas para o processo seletivo da UFBA de ingresso no curso: MESTRADO EM CIÊNCIA DA COMPUTAÇÃO. Vagas ofertadas: 70. Período de inscrições de 12/06/2026 a 19/06/2026. Consulte o edital completo no portal oficial da instituição.,UFBA,Mestrado - Aluno Especial,Tecnologia e Informática,70,2026-06-12T12:00:00Z,2026-06-19T12:00:00Z,https://sigaa.ufba.br/sigaa/public/processo_seletivo/lista.jsf?aba=p-processo&nivel=S,Encerrado,2026-06-12T12:00:00Z,UFBA SIGAA
2026-08-17T03:40:26.346353Z,EDITAL nº 02/2026 - SELEÇÃO PARA ALUNO ESPECIAL - SEMESTRE LETIVO 2026.2 - MESTRADO EM EDUCAÇÃO,Inscrições abertas para o processo seletivo da UFBA de ingresso no curso: MESTRADO EM EDUCAÇÃO. Vagas ofertadas: 102. Período de inscrições de 09/06/2026 a 12/06/2026. Consulte o edital completo no portal oficial da instituição.,UFBA,Mestrado - Aluno Especial,Educação,102,2026-06-09T12:00:00Z,2026-06-12T12:00:00Z,https://sigaa.ufba.br/sigaa/public/processo_seletivo/lista.jsf?aba=p-processo&nivel=S,Encerrado,2026-06-09T12:00:00Z,UFBA SIGAA
2026-08-17T03:40:26.346353Z,PROCESSO SELETIVO PARA INGRESSO DE ALUNO ESPECIAL DOUTORADO- PGENF 2026.2 - DOUTORADO EM ENFERMAGEM E SAÚDE,Inscrições abertas para o processo seletivo da UFBA de ingresso no curso: DOUTORADO EM ENFERMAGEM E SAÚDE. Vagas ofertadas: 30. Período de inscrições de 09/06/2026 a 15/06/2026. Consulte o edital completo no portal oficial da instituição.,UFBA,Doutorado - Aluno Especial,Saúde e Biológicas,30,2026-06-09T12:00:00Z,2026-06-15T12:00:00Z,https://sigaa.ufba.br/sigaa/public/processo_seletivo/lista.jsf?aba=p-processo&nivel=S,Encerrado,2026-06-09T12:00:00Z,UFBA SIGAA
2026-08-17T03:40:26.346353Z,PROCESSO SELETIVO PARA INGRESSO DE ALUNO ESPECIAL MESTRADO- PGENF 2026.2 - MESTRADO EM ENFERMAGEM E SAÚDE,Inscrições abertas para o processo seletivo da UFBA de ingresso no curso: MESTRADO EM ENFERMAGEM E SAÚDE. Vagas ofertadas: 60. Período de inscrições de 09/06/2026 a 15/06/2026. Consulte o edital completo no portal oficial da instituição.,UFBA,Mestrado - Aluno Especial,Saúde e Biológicas,60,2026-06-09T12:00:00Z,2026-06-15T12:00:00Z,https://sigaa.ufba.br/sigaa/public/processo_seletivo/lista.jsf?aba=p-processo&nivel=S,Encerrado,2026-06-09T12:00:00Z,UFBA SIGAA
2026-08-17T03:40:26.346353Z,SELEÇÃO DE ALUNO/A ESPECIAL DO PPGCS - 2026.2 - MESTRADO EM CIÊNCIAS SOCIAIS,Inscrições abertas para o processo seletivo da UFBA de ingresso no curso: MESTRADO EM CIÊNCIAS SOCIAIS. Vagas ofertadas: 45. Período de inscrições de 05/06/2026 a 12/06/2026. Consulte o edital completo no portal oficial da instituição.,UFBA,Mestrado - Aluno Especial,Saúde e Biológicas,45,2026-06-05T12:00:00Z,2026-06-12T12:00:00Z,https://sigaa.ufba.br/sigaa/public/processo_seletivo/lista.jsf?aba=p-processo&nivel=S,Encerrado,2026-06-05T12:00:00Z,UFBA SIGAA
2026-08-17T03:40:26.346353Z,SELEÇÃO PARA ALUNO ESPECIAL PPGCONT 2026.2 - MESTRADO EM CONTABILIDADE,Inscrições abertas para o processo seletivo da UFBA de ingresso no curso: MESTRADO EM CONTABILIDADE. Vagas ofertadas: 80. Período de inscrições de 05/06/2026 a 12/06/2026. Consulte o edital completo no portal oficial da instituição.,UFBA,Mestrado - Aluno Especial,Saúde e Biológicas,80,2026-06-05T12:00:00Z,2026-06-12T12:00:00Z,https://sigaa.ufba.br/sigaa/public/processo_seletivo/lista.jsf?aba=p-processo&nivel=S,Encerrado,2026-06-05T12:00:00Z,UFBA SIGAA
2026-08-17T03:40:26.346353Z,function dpf(f) {var adp = f.adp;if (adp != null) {for (var i = 0;i EDITAL Nº 01/2026 - SELEÇÃO ALUNO ESPECIAL – SEMESTRE LETIVO 2026.1 - ESTUDOS DE L,Inscrições abertas para o processo seletivo da UNILAB de ingresso no curso: ESTUDOS DE LINGUAGEM: CONTEXTOS LUSÓFONOS BRASIL-ÁFRICA. Vagas ofertadas: 10. Período de inscrições de 01/07/2026 a 17/07/2026. Consulte o edital completo no portal oficial da instituição.,UNILAB,Mestrado - Aluno Especial,Saúde e Biológicas,10,2026-07-01T12:00:00Z,2026-07-17T12:00:00Z,https://sigaa.unilab.edu.br/sigaa/public/processo_seletivo/lista.jsf?aba=p-processo&nivel=S,Encerrado,2026-07-01T12:00:00Z,UNILAB SIGAA
2026-08-17T03:40:26.346353Z,049/2026AE - Química Aplicada - Stricto Sensu Mestrado - Aluno Especial,Inscrições para o processo seletivo da UNEB: 049/2026AE - Química Aplicada - Stricto Sensu Mestrado - Aluno Especial. Período de inscrições de 15/06/2026 a 10/07/2026. Consulte o edital completo no portal SSPPG UNEB.,UNEB,Mestrado - Aluno Especial,Engenharias e Exatas,15,2026-06-15T12:00:00Z,2026-07-10T23:59:59Z,https://ssppg.uneb.br/inicio/editalExterno/1561?selecao=1561,Encerrado,2026-06-15T12:00:00Z,UNEB SSPPG
2026-08-17T03:40:26.346353Z,050/2026AE - Educação e Contemporaneidade - Stricto Sensu Mestrado/Doutorado - Aluno Especial,Inscrições para o processo seletivo da UNEB: 050/2026AE - Educação e Contemporaneidade - Stricto Sensu Mestrado/Doutorado - Aluno Especial. Período de inscrições de 15/06/2026 a 06/07/2026. Consulte o edital completo no portal SSPPG UNEB.,UNEB,Doutorado - Aluno Especial,Educação,15,2026-06-15T12:00:00Z,2026-07-06T23:59:59Z,https://ssppg.uneb.br/inicio/editalExterno/1559?selecao=1559,Encerrado,2026-06-15T12:00:00Z,UNEB SSPPG
2026-08-17T03:40:26.346353Z,038/2026AE - Intervenção Educativa e Social - Stricto Sensu Mestrado - Aluno Especial,Inscrições para o processo seletivo da UNEB: 038/2026AE - Intervenção Educativa e Social - Stricto Sensu Mestrado - Aluno Especial. Período de inscrições de 15/06/2026 a 06/07/2026. Consulte o edital completo no portal SSPPG UNEB.,UNEB,Mestrado - Aluno Especial,Educação,15,2026-06-15T12:00:00Z,2026-07-06T23:59:59Z,https://ssppg.uneb.br/inicio/editalExterno/1554?selecao=1554,Encerrado,2026-06-15T12:00:00Z,UNEB SSPPG
2026-08-17T03:40:26.346353Z,053/2026AEME - Crítica Cultural - Stricto Sensu Mestrado - Aluno Especial,Inscrições para o processo seletivo da UNEB: 053/2026AEME - Crítica Cultural - Stricto Sensu Mestrado - Aluno Especial. Período de inscrições de 23/06/2026 a 06/07/2026. Consulte o edital completo no portal SSPPG UNEB.,UNEB,Mestrado - Aluno Especial,Educação,15,2026-06-23T12:00:00Z,2026-07-06T23:59:59Z,https://ssppg.uneb.br/inicio/editalExterno/1565?selecao=1565,Encerrado,2026-06-23T12:00:00Z,UNEB SSPPG
2026-08-17T03:40:26.346353Z,053/2026AEDO - Crítica Cultural - Stricto Sensu Doutorado - Aluno Especial,Inscrições para o processo seletivo da UNEB: 053/2026AEDO - Crítica Cultural - Stricto Sensu Doutorado - Aluno Especial. Período de inscrições de 23/06/2026 a 06/07/2026. Consulte o edital completo no portal SSPPG UNEB.,UNEB,Doutorado - Aluno Especial,Educação,15,2026-06-23T12:00:00Z,2026-07-06T23:59:59Z,https://ssppg.uneb.br/inicio/editalExterno/1567?selecao=1567,Encerrado,2026-06-23T12:00:00Z,UNEB SSPPG
2026-08-17T03:40:26.346353Z,055/2026AE - Educação e Diversidade - Stricto Sensu Mestrado - Aluno Especial,Inscrições para o processo seletivo da UNEB: 055/2026AE - Educação e Diversidade - Stricto Sensu Mestrado - Aluno Especial. Período de inscrições de 25/06/2026 a 08/07/2026. Consulte o edital completo no portal SSPPG UNEB.,UNEB,Mestrado - Aluno Especial,Educação,15,2026-06-25T12:00:00Z,2026-07-08T23:59:59Z,https://ssppg.uneb.br/inicio/editalExterno/1560?selecao=1560,Encerrado,2026-06-25T12:00:00Z,UNEB SSPPG
2026-08-17T03:40:26.346353Z,054/2026AE - ESTUDOS TERRITORIAIS - Stricto Sensu Mestrado - Aluno Especial,Inscrições para o processo seletivo da UNEB: 054/2026AE - ESTUDOS TERRITORIAIS - Stricto Sensu Mestrado - Aluno Especial. Período de inscrições de 25/06/2026 a 06/07/2026. Consulte o edital completo no portal SSPPG UNEB.,UNEB,Mestrado - Aluno Especial,Educação,15,2026-06-25T12:00:00Z,2026-07-06T23:59:59Z,https://ssppg.uneb.br/inicio/editalExterno/1557?selecao=1557,Encerrado,2026-06-25T12:00:00Z,UNEB SSPPG
2026-08-17T03:40:26.346353Z,"056/2026AE - ENSINO, LINGUAGEM E SOCIEDADE - Stricto Sensu Mestrado - Aluno Especial","Inscrições para o processo seletivo da UNEB: 056/2026AE - ENSINO, LINGUAGEM E SOCIEDADE - Stricto Sensu Mestrado - Aluno Especial. Período de inscrições de 26/06/2026 a 09/07/2026. Consulte o edital completo no portal SSPPG UNEB.",UNEB,Mestrado - Aluno Especial,Educação,15,2026-06-26T12:00:00Z,2026-07-09T23:59:59Z,https://ssppg.uneb.br/inicio/editalExterno/1564?selecao=1564,Encerrado,2026-06-26T12:00:00Z,UNEB SSPPG
2026-08-17T03:40:26.346353Z,048/2026AE - Estudo de Linguagens - Stricto Sensu Mestrado/Doutorado - Aluno Especial,Inscrições para o processo seletivo da UNEB: 048/2026AE - Estudo de Linguagens - Stricto Sensu Mestrado/Doutorado - Aluno Especial. Período de inscrições de 29/06/2026 a 10/07/2026. Consulte o edital completo no portal SSPPG UNEB.,UNEB,Doutorado - Aluno Especial,Humanas e Sociais,15,2026-06-29T12:00:00Z,2026-07-10T23:59:59Z,https://ssppg.uneb.br/inicio/editalExterno/1563?selecao=1563,Encerrado,2026-06-29T12:00:00Z,UNEB SSPPG
2026-08-17T03:40:26.346353Z,061/2026AE - Educação e Formação Docente - Stricto Sensu Mestrado - Aluno Especial,Inscrições para o processo seletivo da UNEB: 061/2026AE - Educação e Formação Docente - Stricto Sensu Mestrado - Aluno Especial. Período de inscrições de 29/06/2026 a 10/07/2026. Consulte o edital completo no portal SSPPG UNEB.,UNEB,Mestrado - Aluno Especial,Educação,15,2026-06-29T12:00:00Z,2026-07-10T23:59:59Z,https://ssppg.uneb.br/inicio/editalExterno/1570?selecao=1570,Encerrado,2026-06-29T12:00:00Z,UNEB SSPPG
2026-08-17T03:40:26.346353Z,"058/2026AE - Estudos Africanos, Povos Indígenas e Culturas Negras - Stricto Sensu Mestrado - Aluno Especial","Inscrições para o processo seletivo da UNEB: 058/2026AE - Estudos Africanos, Povos Indígenas e Culturas Negras - Stricto Sensu Mestrado - Aluno Especial. Período de inscrições de 29/06/2026 a 10/07/2026. Consulte o edital completo no portal SSPPG UNEB.",UNEB,Mestrado - Aluno Especial,Educação,15,2026-06-29T12:00:00Z,2026-07-10T23:59:59Z,https://ssppg.uneb.br/inicio/editalExterno/1562?selecao=1562,Encerrado,2026-06-29T12:00:00Z,UNEB SSPPG
2026-08-17T03:40:26.346353Z,064/2026AE - Estudos Africanos e Representações da África - Stricto Sensu Mestrado - Aluno Especial,Inscrições para o processo seletivo da UNEB: 064/2026AE - Estudos Africanos e Representações da África - Stricto Sensu Mestrado - Aluno Especial. Período de inscrições de 03/07/2026 a 13/07/2026. Consulte o edital completo no portal SSPPG UNEB.,UNEB,Mestrado - Aluno Especial,Educação,15,2026-07-03T12:00:00Z,2026-07-13T23:59:59Z,https://ssppg.uneb.br/inicio/editalExterno/1576?selecao=1576,Encerrado,2026-07-03T12:00:00Z,UNEB SSPPG
2026-08-17T03:40:26.346353Z,059/20262AE - Ecologia Humana e Gestão Socioambiental - Stricto Sensu Mestrado/Doutorado - Aluno Especial,Inscrições para o processo seletivo da UNEB: 059/20262AE - Ecologia Humana e Gestão Socioambiental - Stricto Sensu Mestrado/Doutorado - Aluno Especial. Período de inscrições de 03/07/2026 a 10/07/2026. Consulte o edital completo no portal SSPPG UNEB.,UNEB,Doutorado - Aluno Especial,Gestão e Negócios,15,2026-07-03T12:00:00Z,2026-07-10T23:59:59Z,https://ssppg.uneb.br/inicio/editalExterno/1568?selecao=1568,Encerrado,2026-07-03T12:00:00Z,UNEB SSPPG
2026-08-17T03:40:26.346353Z,044/2026AE - Programa de Pós-Graduação em Letras - Stricto Sensu Mestrado - Aluno Especial,Inscrições para o processo seletivo da UNEB: 044/2026AE - Programa de Pós-Graduação em Letras - Stricto Sensu Mestrado - Aluno Especial. Período de inscrições de 03/07/2026 a 10/07/2026. Consulte o edital completo no portal SSPPG UNEB.,UNEB,Mestrado - Aluno Especial,Humanas e Sociais,15,2026-07-03T12:00:00Z,2026-07-10T23:59:59Z,https://ssppg.uneb.br/inicio/editalExterno/1558?selecao=1558,Encerrado,2026-07-03T12:00:00Z,UNEB SSPPG
2026-08-17T03:40:26.346353Z,063/2026AE - Ciências Farmacêuticas - Stricto Sensu Mestrado - Aluno Especial,Inscrições para o processo seletivo da UNEB: 063/2026AE - Ciências Farmacêuticas - Stricto Sensu Mestrado - Aluno Especial. Período de inscrições de 03/07/2026 a 13/07/2026. Consulte o edital completo no portal SSPPG UNEB.,UNEB,Mestrado - Aluno Especial,Educação,15,2026-07-03T12:00:00Z,2026-07-13T23:59:59Z,https://ssppg.uneb.br/inicio/editalExterno/1569?selecao=1569,Encerrado,2026-07-03T12:00:00Z,UNEB SSPPG
2026-08-18T03:35:50.249517Z,SIGAA - Sistema Integrado de Gestão de Atividades Acadêmicas,"MESTRADO EM ARQUITETURA E URBANISMO, 50, 12/06/2026 a 18/06/2026 ; PROCESSO SELETIVO IC-PGCOMP DOUTORADO PARA ALUNO ESPECIAL 2026.2.",UFBA,Mestrado - Aluno Especial,Engenharias e Exatas,10,2026-06-30T00:00:00Z,2026-07-20T00:00:00Z,https://sigaa.ufba.br/sigaa/public/processo_seletivo/lista.jsf?aba=p-processo&nivel=S,Encerrado,2026-06-30T00:00:00Z,Google Search (UFBA)
2026-08-18T03:35:50.249517Z,Edital nº 01 - Processo Seletivo Aluno Especial Doutorado 2026.2 - DOUTORADO EM ESTATÍSTICA E CIÊNCIAS DE DADOS,Inscrições abertas para o processo seletivo da UFBA de ingresso no curso: DOUTORADO EM ESTATÍSTICA E CIÊNCIAS DE DADOS. Vagas ofertadas: 5. Período de inscrições de 15/06/2026 a 10/07/2026. Consulte o edital completo no portal oficial da instituição.,UFBA,Doutorado - Aluno Especial,Engenharias e Exatas,5,2026-06-15T12:00:00Z,2026-07-10T12:00:00Z,https://sigaa.ufba.br/sigaa/public/processo_seletivo/lista.jsf?aba=p-processo&nivel=S,Encerrado,2026-06-15T12:00:00Z,UFBA SIGAA
2026-08-18T03:35:50.249517Z,Edital nº 01 - Processo Seletivo Aluno Especial Mestrado 2026.2 - MESTRADO EM ESTATÍSTICA E CIÊNCIAS DE DADOS,Inscrições abertas para o processo seletivo da UFBA de ingresso no curso: MESTRADO EM ESTATÍSTICA E CIÊNCIAS DE DADOS. Vagas ofertadas: 13. Período de inscrições de 15/06/2026 a 10/07/2026. Consulte o edital completo no portal oficial da instituição.,UFBA,Mestrado - Aluno Especial,Engenharias e Exatas,13,2026-06-15T12:00:00Z,2026-07-10T12:00:00Z,https://sigaa.ufba.br/sigaa/public/processo_seletivo/lista.jsf?aba=p-processo&nivel=S,Encerrado,2026-06-15T12:00:00Z,UFBA SIGAA
2026-08-18T03:35:50.249517Z,EDITAL DE ALUNO ESPECIAL 2026.2 DOUTORADO - DOUTORADO EM ARQUITETURA E URBANISMO,Inscrições abertas para o processo seletivo da UFBA de ingresso no curso: DOUTORADO EM ARQUITETURA E URBANISMO. Vagas ofertadas: 50. Período de inscrições de 12/06/2026 a 18/06/2026. Consulte o edital completo no portal oficial da instituição.,UFBA,Doutorado - Aluno Especial,Engenharias e Exatas,50,2026-06-12T12:00:00Z,2026-06-18T12:00:00Z,https://sigaa.ufba.br/sigaa/public/processo_seletivo/lista.jsf?aba=p-processo&nivel=S,Encerrado,2026-06-12T12:00:00Z,UFBA SIGAA
2026-08-18T03:35:50.249517Z,EDITAL DE ALUNO ESPECIAL 2026.2 MESTRADO - MESTRADO EM ARQUITETURA E URBANISMO,Inscrições abertas para o processo seletivo da UFBA de ingresso no curso: MESTRADO EM ARQUITETURA E URBANISMO. Vagas ofertadas: 50. Período de inscrições de 12/06/2026 a 18/06/2026. Consulte o edital completo no portal oficial da instituição.,UFBA,Mestrado - Aluno Especial,Engenharias e Exatas,50,2026-06-12T12:00:00Z,2026-06-18T12:00:00Z,https://sigaa.ufba.br/sigaa/public/processo_seletivo/lista.jsf?aba=p-processo&nivel=S,Encerrado,2026-06-12T12:00:00Z,UFBA SIGAA
2026-08-18T03:35:50.249517Z,PROCESSO SELETIVO IC-PGCOMP DOUTORADO PARA ALUNO ESPECIAL 2026.2 - DOUTORADO EM CIÊNCIA DA COMPUTAÇÃO,Inscrições abertas para o processo seletivo da UFBA de ingresso no curso: DOUTORADO EM CIÊNCIA DA COMPUTAÇÃO. Vagas ofertadas: 30. Período de inscrições de 12/06/2026 a 19/06/2026. Consulte o edital completo no portal oficial da instituição.,UFBA,Doutorado - Aluno Especial,Tecnologia e Informática,30,2026-06-12T12:00:00Z,2026-06-19T12:00:00Z,https://sigaa.ufba.br/sigaa/public/processo_seletivo/lista.jsf?aba=p-processo&nivel=S,Encerrado,2026-06-12T12:00:00Z,UFBA SIGAA
2026-08-18T03:35:50.249517Z,PROCESSO SELETIVO IC-PGCOMP MESTRADO PARA ALUNO ESPECIAL 2026.2 - MESTRADO EM CIÊNCIA DA COMPUTAÇÃO,Inscrições abertas para o processo seletivo da UFBA de ingresso no curso: MESTRADO EM CIÊNCIA DA COMPUTAÇÃO. Vagas ofertadas: 70. Período de inscrições de 12/06/2026 a 19/06/2026. Consulte o edital completo no portal oficial da instituição.,UFBA,Mestrado - Aluno Especial,Tecnologia e Informática,70,2026-06-12T12:00:00Z,2026-06-19T12:00:00Z,https://sigaa.ufba.br/sigaa/public/processo_seletivo/lista.jsf?aba=p-processo&nivel=S,Encerrado,2026-06-12T12:00:00Z,UFBA SIGAA
2026-08-18T03:35:50.249517Z,EDITAL nº 02/2026 - SELEÇÃO PARA ALUNO ESPECIAL - SEMESTRE LETIVO 2026.2 - MESTRADO EM EDUCAÇÃO,Inscrições abertas para o processo seletivo da UFBA de ingresso no curso: MESTRADO EM EDUCAÇÃO. Vagas ofertadas: 102. Período de inscrições de 09/06/2026 a 12/06/2026. Consulte o edital completo no portal oficial da instituição.,UFBA,Mestrado - Aluno Especial,Educação,102,2026-06-09T12:00:00Z,2026-06-12T12:00:00Z,https://sigaa.ufba.br/sigaa/public/processo_seletivo/lista.jsf?aba=p-processo&nivel=S,Encerrado,2026-06-09T12:00:00Z,UFBA SIGAA
2026-08-18T03:35:50.249517Z,PROCESSO SELETIVO PARA INGRESSO DE ALUNO ESPECIAL DOUTORADO- PGENF 2026.2 - DOUTORADO EM ENFERMAGEM E SAÚDE,Inscrições abertas para o processo seletivo da UFBA de ingresso no curso: DOUTORADO EM ENFERMAGEM E SAÚDE. Vagas ofertadas: 30. Período de inscrições de 09/06/2026 a 15/06/2026. Consulte o edital completo no portal oficial da instituição.,UFBA,Doutorado - Aluno Especial,Saúde e Biológicas,30,2026-06-09T12:00:00Z,2026-06-15T12:00:00Z,https://sigaa.ufba.br/sigaa/public/processo_seletivo/lista.jsf?aba=p-processo&nivel=S,Encerrado,2026-06-09T12:00:00Z,UFBA SIGAA
2026-08-18T03:35:50.249517Z,PROCESSO SELETIVO PARA INGRESSO DE ALUNO ESPECIAL MESTRADO- PGENF 2026.2 - MESTRADO EM ENFERMAGEM E SAÚDE,Inscrições abertas para o processo seletivo da UFBA de ingresso no curso: MESTRADO EM ENFERMAGEM E SAÚDE. Vagas ofertadas: 60. Período de inscrições de 09/06/2026 a 15/06/2026. Consulte o edital completo no portal oficial da instituição.,UFBA,Mestrado - Aluno Especial,Saúde e Biológicas,60,2026-06-09T12:00:00Z,2026-06-15T12:00:00Z,https://sigaa.ufba.br/sigaa/public/processo_seletivo/lista.jsf?aba=p-processo&nivel=S,Encerrado,2026-06-09T12:00:00Z,UFBA SIGAA
2026-08-18T03:35:50.249517Z,SELEÇÃO DE ALUNO/A ESPECIAL DO PPGCS - 2026.2 - MESTRADO EM CIÊNCIAS SOCIAIS,Inscrições abertas para o processo seletivo da UFBA de ingresso no curso: MESTRADO EM CIÊNCIAS SOCIAIS. Vagas ofertadas: 45. Período de inscrições de 05/06/2026 a 12/06/2026. Consulte o edital completo no portal oficial da instituição.,UFBA,Mestrado - Aluno Especial,Saúde e Biológicas,45,2026-06-05T12:00:00Z,2026-06-12T12:00:00Z,https://sigaa.ufba.br/sigaa/public/processo_seletivo/lista.jsf?aba=p-processo&nivel=S,Encerrado,2026-06-05T12:00:00Z,UFBA SIGAA
2026-08-18T03:35:50.249517Z,SELEÇÃO PARA ALUNO ESPECIAL PPGCONT 2026.2 - MESTRADO EM CONTABILIDADE,Inscrições abertas para o processo seletivo da UFBA de ingresso no curso: MESTRADO EM CONTABILIDADE. Vagas ofertadas: 80. Período de inscrições de 05/06/2026 a 12/06/2026. Consulte o edital completo no portal oficial da instituição.,UFBA,Mestrado - Aluno Especial,Saúde e Biológicas,80,2026-06-05T12:00:00Z,2026-06-12T12:00:00Z,https://sigaa.ufba.br/sigaa/public/processo_seletivo/lista.jsf?aba=p-processo&nivel=S,Encerrado,2026-06-05T12:00:00Z,UFBA SIGAA
2026-08-18T03:35:50.249517Z,function dpf(f) {var adp = f.adp;if (adp != null) {for (var i = 0;i EDITAL Nº 01/2026 - SELEÇÃO ALUNO ESPECIAL – SEMESTRE LETIVO 2026.1 - ESTUDOS DE L,Inscrições abertas para o processo seletivo da UNILAB de ingresso no curso: ESTUDOS DE LINGUAGEM: CONTEXTOS LUSÓFONOS BRASIL-ÁFRICA. Vagas ofertadas: 10. Período de inscrições de 01/07/2026 a 17/07/2026. Consulte o edital completo no portal oficial da instituição.,UNILAB,Mestrado - Aluno Especial,Saúde e Biológicas,10,2026-07-01T12:00:00Z,2026-07-17T12:00:00Z,https://sigaa.unilab.edu.br/sigaa/public/processo_seletivo/lista.jsf?aba=p-processo&nivel=S,Encerrado,2026-07-01T12:00:00Z,UNILAB SIGAA
2026-08-18T03:35:50.249517Z,049/2026AE - Química Aplicada - Stricto Sensu Mestrado - Aluno Especial,Inscrições para o processo seletivo da UNEB: 049/2026AE - Química Aplicada - Stricto Sensu Mestrado - Aluno Especial. Período de inscrições de 15/06/2026 a 10/07/2026. Consulte o edital completo no portal SSPPG UNEB.,UNEB,Mestrado - Aluno Especial,Engenharias e Exatas,15,2026-06-15T12:00:00Z,2026-07-10T23:59:59Z,https://ssppg.uneb.br/inicio/editalExterno/1561?selecao=1561,Encerrado,2026-06-15T12:00:00Z,UNEB SSPPG
2026-08-18T03:35:50.249517Z,050/2026AE - Educação e Contemporaneidade - Stricto Sensu Mestrado/Doutorado - Aluno Especial,Inscrições para o processo seletivo da UNEB: 050/2026AE - Educação e Contemporaneidade - Stricto Sensu Mestrado/Doutorado - Aluno Especial. Período de inscrições de 15/06/2026 a 06/07/2026. Consulte o edital completo no portal SSPPG UNEB.,UNEB,Doutorado - Aluno Especial,Educação,15,2026-06-15T12:00:00Z,2026-07-06T23:59:59Z,https://ssppg.uneb.br/inicio/editalExterno/1559?selecao=1559,Encerrado,2026-06-15T12:00:00Z,UNEB SSPPG
2026-08-18T03:35:50.249517Z,038/2026AE - Intervenção Educativa e Social - Stricto Sensu Mestrado - Aluno Especial,Inscrições para o processo seletivo da UNEB: 038/2026AE - Intervenção Educativa e Social - Stricto Sensu Mestrado - Aluno Especial. Período de inscrições de 15/06/2026 a 06/07/2026. Consulte o edital completo no portal SSPPG UNEB.,UNEB,Mestrado - Aluno Especial,Educação,15,2026-06-15T12:00:00Z,2026-07-06T23:59:59Z,https://ssppg.uneb.br/inicio/editalExterno/1554?selecao=1554,Encerrado,2026-06-15T12:00:00Z,UNEB SSPPG
2026-08-18T03:35:50.249517Z,053/2026AEME - Crítica Cultural - Stricto Sensu Mestrado - Aluno Especial,Inscrições para o processo seletivo da UNEB: 053/2026AEME - Crítica Cultural - Stricto Sensu Mestrado - Aluno Especial. Período de inscrições de 23/06/2026 a 06/07/2026. Consulte o edital completo no portal SSPPG UNEB.,UNEB,Mestrado - Aluno Especial,Educação,15,2026-06-23T12:00:00Z,2026-07-06T23:59:59Z,https://ssppg.uneb.br/inicio/editalExterno/1565?selecao=1565,Encerrado,2026-06-23T12:00:00Z,UNEB SSPPG
2026-08-18T03:35:50.249517Z,053/2026AEDO - Crítica Cultural - Stricto Sensu Doutorado - Aluno Especial,Inscrições para o processo seletivo da UNEB: 053/2026AEDO - Crítica Cultural - Stricto Sensu Doutorado - Aluno Especial. Período de inscrições de 23/06/2026 a 06/07/2026. Consulte o edital completo no portal SSPPG UNEB.,UNEB,Doutorado - Aluno Especial,Educação,15,2026-06-23T12:00:00Z,2026-07-06T23:59:59Z,https://ssppg.uneb.br/inicio/editalExterno/1567?selecao=1567,Encerrado,2026-06-23T12:00:00Z,UNEB SSPPG
2026-08-18T03:35:50.249517Z,055/2026AE - Educação e Diversidade - Stricto Sensu Mestrado - Aluno Especial,Inscrições para o processo seletivo da UNEB: 055/2026AE - Educação e Diversidade - Stricto Sensu Mestrado - Aluno Especial. Período de inscrições de 25/06/2026 a 08/07/2026. Consulte o edital completo no portal SSPPG UNEB.,UNEB,Mestrado - Aluno Especial,Educação,15,2026-06-25T12:00:00Z,2026-07-08T23:59:59Z,https://ssppg.uneb.br/inicio/editalExterno/1560?selecao=1560,Encerrado,2026-06-25T12:00:00Z,UNEB SSPPG
2026-08-18T03:35:50.249517Z,054/2026AE - ESTUDOS TERRITORIAIS - Stricto Sensu Mestrado - Aluno Especial,Inscrições para o processo seletivo da UNEB: 054/2026AE - ESTUDOS TERRITORIAIS - Stricto Sensu Mestrado - Aluno Especial. Período de inscrições de 25/06/2026 a 06/07/2026. Consulte o edital completo no portal SSPPG UNEB.,UNEB,Mestrado - Aluno Especial,Educação,15,2026-06-25T12:00:00Z,2026-07-06T23:59:59Z,https://ssppg.uneb.br/inicio/editalExterno/1557?selecao=1557,Encerrado,2026-06-25T12:00:00Z,UNEB SSPPG
2026-08-18T03:35:50.249517Z,"056/2026AE - ENSINO, LINGUAGEM E SOCIEDADE - Stricto Sensu Mestrado - Aluno Especial","Inscrições para o processo seletivo da UNEB: 056/2026AE - ENSINO, LINGUAGEM E SOCIEDADE - Stricto Sensu Mestrado - Aluno Especial. Período de inscrições de 26/06/2026 a 09/07/2026. Consulte o edital completo no portal SSPPG UNEB.",UNEB,Mestrado - Aluno Especial,Educação,15,2026-06-26T12:00:00Z,2026-07-09T23:59:59Z,https://ssppg.uneb.br/inicio/editalExterno/1564?selecao=1564,Encerrado,2026-06-26T12:00:00Z,UNEB SSPPG
2026-08-18T03:35:50.249517Z,048/2026AE - Estudo de Linguagens - Stricto Sensu Mestrado/Doutorado - Aluno Especial,Inscrições para o processo seletivo da UNEB: 048/2026AE - Estudo de Linguagens - Stricto Sensu Mestrado/Doutorado - Aluno Especial. Período de inscrições de 29/06/2026 a 10/07/2026. Consulte o edital completo no portal SSPPG UNEB.,UNEB,Doutorado - Aluno Especial,Humanas e Sociais,15,2026-06-29T12:00:00Z,2026-07-10T23:59:59Z,https://ssppg.uneb.br/inicio/editalExterno/1563?selecao=1563,Encerrado,2026-06-29T12:00:00Z,UNEB SSPPG
2026-08-18T03:35:50.249517Z,061/2026AE - Educação e Formação Docente - Stricto Sensu Mestrado - Aluno Especial,Inscrições para o processo seletivo da UNEB: 061/2026AE - Educação e Formação Docente - Stricto Sensu Mestrado - Aluno Especial. Período de inscrições de 29/06/2026 a 10/07/2026. Consulte o edital completo no portal SSPPG UNEB.,UNEB,Mestrado - Aluno Especial,Educação,15,2026-06-29T12:00:00Z,2026-07-10T23:59:59Z,https://ssppg.uneb.br/inicio/editalExterno/1570?selecao=1570,Encerrado,2026-06-29T12:00:00Z,UNEB SSPPG
2026-08-18T03:35:50.249517Z,"058/2026AE - Estudos Africanos, Povos Indígenas e Culturas Negras - Stricto Sensu Mestrado - Aluno Especial","Inscrições para o processo seletivo da UNEB: 058/2026AE - Estudos Africanos, Povos Indígenas e Culturas Negras - Stricto Sensu Mestrado - Aluno Especial. Período de inscrições de 29/06/2026 a 10/07/2026. Consulte o edital completo no portal SSPPG UNEB.",UNEB,Mestrado - Aluno Especial,Educação,15,2026-06-29T12:00:00Z,2026-07-10T23:59:59Z,https://ssppg.uneb.br/inicio/editalExterno/1562?selecao=1562,Encerrado,2026-06-29T12:00:00Z,UNEB SSPPG
2026-08-18T03:35:50.249517Z,064/2026AE - Estudos Africanos e Representações da África - Stricto Sensu Mestrado - Aluno Especial,Inscrições para o processo seletivo da UNEB: 064/2026AE - Estudos Africanos e Representações da África - Stricto Sensu Mestrado - Aluno Especial. Período de inscrições de 03/07/2026 a 13/07/2026. Consulte o edital completo no portal SSPPG UNEB.,UNEB,Mestrado - Aluno Especial,Educação,15,2026-07-03T12:00:00Z,2026-07-13T23:59:59Z,https://ssppg.uneb.br/inicio/editalExterno/1576?selecao=1576,Encerrado,2026-07-03T12:00:00Z,UNEB SSPPG
2026-08-18T03:35:50.249517Z,059/20262AE - Ecologia Humana e Gestão Socioambiental - Stricto Sensu Mestrado/Doutorado - Aluno Especial,Inscrições para o processo seletivo da UNEB: 059/20262AE - Ecologia Humana e Gestão Socioambiental - Stricto Sensu Mestrado/Doutorado - Aluno Especial. Período de inscrições de 03/07/2026 a 10/07/2026. Consulte o edital completo no portal SSPPG UNEB.,UNEB,Doutorado - Aluno Especial,Gestão e Negócios,15,2026-07-03T12:00:00Z,2026-07-10T23:59:59Z,https://ssppg.uneb.br/inicio/editalExterno/1568?selecao=1568,Encerrado,2026-07-03T12:00:00Z,UNEB SSPPG
2026-08-18T03:35:50.249517Z,044/2026AE - Programa de Pós-Graduação em Letras - Stricto Sensu Mestrado - Aluno Especial,Inscrições para o processo seletivo da UNEB: 044/2026AE - Programa de Pós-Graduação em Letras - Stricto Sensu Mestrado - Aluno Especial. Período de inscrições de 03/07/2026 a 10/07/2026. Consulte o edital completo no portal SSPPG UNEB.,UNEB,Mestrado - Aluno Especial,Humanas e Sociais,15,2026-07-03T12:00:00Z,2026-07-10T23:59:59Z,https://ssppg.uneb.br/inicio/editalExterno/1558?selecao=1558,Encerrado,2026-07-03T12:00:00Z,UNEB SSPPG
2026-08-18T03:35:50.249517Z,063/2026AE - Ciências Farmacêuticas - Stricto Sensu Mestrado - Aluno Especial,Inscrições para o processo seletivo da UNEB: 063/2026AE - Ciências Farmacêuticas - Stricto Sensu Mestrado - Aluno Especial. Período de inscrições de 03/07/2026 a 13/07/2026. Consulte o edital completo no portal SSPPG UNEB.,UNEB,Mestrado - Aluno Especial,Educação,15,2026-07-03T12:00:00Z,2026-07-13T23:59:59Z,https://ssppg.uneb.br/inicio/editalExterno/1569?selecao=1569,Encerrado,2026-07-03T12:00:00Z,UNEB SSPPG
2026-08-19T03:37:29.042491Z,Edital nº 01 - Processo Seletivo Aluno Especial Doutorado 2026.2 - DOUTORADO EM ESTATÍSTICA E CIÊNCIAS DE DADOS,Inscrições abertas para o processo seletivo da UFBA de ingresso no curso: DOUTORADO EM ESTATÍSTICA E CIÊNCIAS DE DADOS. Vagas ofertadas: 5. Período de inscrições de 15/06/2026 a 10/07/2026. Consulte o edital completo no portal oficial da instituição.,UFBA,Doutorado - Aluno Especial,Engenharias e Exatas,5,2026-06-15T12:00:00Z,2026-07-10T12:00:00Z,https://sigaa.ufba.br/sigaa/public/processo_seletivo/lista.jsf?aba=p-processo&nivel=S,Encerrado,2026-06-15T12:00:00Z,UFBA SIGAA
2026-08-19T03:37:29.042491Z,Edital nº 01 - Processo Seletivo Aluno Especial Mestrado 2026.2 - MESTRADO EM ESTATÍSTICA E CIÊNCIAS DE DADOS,Inscrições abertas para o processo seletivo da UFBA de ingresso no curso: MESTRADO EM ESTATÍSTICA E CIÊNCIAS DE DADOS. Vagas ofertadas: 13. Período de inscrições de 15/06/2026 a 10/07/2026. Consulte o edital completo no portal oficial da instituição.,UFBA,Mestrado - Aluno Especial,Engenharias e Exatas,13,2026-06-15T12:00:00Z,2026-07-10T12:00:00Z,https://sigaa.ufba.br/sigaa/public/processo_seletivo/lista.jsf?aba=p-processo&nivel=S,Encerrado,2026-06-15T12:00:00Z,UFBA SIGAA
2026-08-19T03:37:29.042491Z,EDITAL DE ALUNO ESPECIAL 2026.2 DOUTORADO - DOUTORADO EM ARQUITETURA E URBANISMO,Inscrições abertas para o processo seletivo da UFBA de ingresso no curso: DOUTORADO EM ARQUITETURA E URBANISMO. Vagas ofertadas: 50. Período de inscrições de 12/06/2026 a 18/06/2026. Consulte o edital completo no portal oficial da instituição.,UFBA,Doutorado - Aluno Especial,Engenharias e Exatas,50,2026-06-12T12:00:00Z,2026-06-18T12:00:00Z,https://sigaa.ufba.br/sigaa/public/processo_seletivo/lista.jsf?aba=p-processo&nivel=S,Encerrado,2026-06-12T12:00:00Z,UFBA SIGAA
2026-08-19T03:37:29.042491Z,EDITAL DE ALUNO ESPECIAL 2026.2 MESTRADO - MESTRADO EM ARQUITETURA E URBANISMO,Inscrições abertas para o processo seletivo da UFBA de ingresso no curso: MESTRADO EM ARQUITETURA E URBANISMO. Vagas ofertadas: 50. Período de inscrições de 12/06/2026 a 18/06/2026. Consulte o edital completo no portal oficial da instituição.,UFBA,Mestrado - Aluno Especial,Engenharias e Exatas,50,2026-06-12T12:00:00Z,2026-06-18T12:00:00Z,https://sigaa.ufba.br/sigaa/public/processo_seletivo/lista.jsf?aba=p-processo&nivel=S,Encerrado,2026-06-12T12:00:00Z,UFBA SIGAA
2026-08-19T03:37:29.042491Z,PROCESSO SELETIVO IC-PGCOMP DOUTORADO PARA ALUNO ESPECIAL 2026.2 - DOUTORADO EM CIÊNCIA DA COMPUTAÇÃO,Inscrições abertas para o processo seletivo da UFBA de ingresso no curso: DOUTORADO EM CIÊNCIA DA COMPUTAÇÃO. Vagas ofertadas: 30. Período de inscrições de 12/06/2026 a 19/06/2026. Consulte o edital completo no portal oficial da instituição.,UFBA,Doutorado - Aluno Especial,Tecnologia e Informática,30,2026-06-12T12:00:00Z,2026-06-19T12:00:00Z,https://sigaa.ufba.br/sigaa/public/processo_seletivo/lista.jsf?aba=p-processo&nivel=S,Encerrado,2026-06-12T12:00:00Z,UFBA SIGAA
2026-08-19T03:37:29.042491Z,PROCESSO SELETIVO IC-PGCOMP MESTRADO PARA ALUNO ESPECIAL 2026.2 - MESTRADO EM CIÊNCIA DA COMPUTAÇÃO,Inscrições abertas para o processo seletivo da UFBA de ingresso no curso: MESTRADO EM CIÊNCIA DA COMPUTAÇÃO. Vagas ofertadas: 70. Período de inscrições de 12/06/2026 a 19/06/2026. Consulte o edital completo no portal oficial da instituição.,UFBA,Mestrado - Aluno Especial,Tecnologia e Informática,70,2026-06-12T12:00:00Z,2026-06-19T12:00:00Z,https://sigaa.ufba.br/sigaa/public/processo_seletivo/lista.jsf?aba=p-processo&nivel=S,Encerrado,2026-06-12T12:00:00Z,UFBA SIGAA
2026-08-19T03:37:29.042491Z,EDITAL nº 02/2026 - SELEÇÃO PARA ALUNO ESPECIAL - SEMESTRE LETIVO 2026.2 - MESTRADO EM EDUCAÇÃO,Inscrições abertas para o processo seletivo da UFBA de ingresso no curso: MESTRADO EM EDUCAÇÃO. Vagas ofertadas: 102. Período de inscrições de 09/06/2026 a 12/06/2026. Consulte o edital completo no portal oficial da instituição.,UFBA,Mestrado - Aluno Especial,Educação,102,2026-06-09T12:00:00Z,2026-06-12T12:00:00Z,https://sigaa.ufba.br/sigaa/public/processo_seletivo/lista.jsf?aba=p-processo&nivel=S,Encerrado,2026-06-09T12:00:00Z,UFBA SIGAA
2026-08-19T03:37:29.042491Z,PROCESSO SELETIVO PARA INGRESSO DE ALUNO ESPECIAL DOUTORADO- PGENF 2026.2 - DOUTORADO EM ENFERMAGEM E SAÚDE,Inscrições abertas para o processo seletivo da UFBA de ingresso no curso: DOUTORADO EM ENFERMAGEM E SAÚDE. Vagas ofertadas: 30. Período de inscrições de 09/06/2026 a 15/06/2026. Consulte o edital completo no portal oficial da instituição.,UFBA,Doutorado - Aluno Especial,Saúde e Biológicas,30,2026-06-09T12:00:00Z,2026-06-15T12:00:00Z,https://sigaa.ufba.br/sigaa/public/processo_seletivo/lista.jsf?aba=p-processo&nivel=S,Encerrado,2026-06-09T12:00:00Z,UFBA SIGAA
2026-08-19T03:37:29.042491Z,PROCESSO SELETIVO PARA INGRESSO DE ALUNO ESPECIAL MESTRADO- PGENF 2026.2 - MESTRADO EM ENFERMAGEM E SAÚDE,Inscrições abertas para o processo seletivo da UFBA de ingresso no curso: MESTRADO EM ENFERMAGEM E SAÚDE. Vagas ofertadas: 60. Período de inscrições de 09/06/2026 a 15/06/2026. Consulte o edital completo no portal oficial da instituição.,UFBA,Mestrado - Aluno Especial,Saúde e Biológicas,60,2026-06-09T12:00:00Z,2026-06-15T12:00:00Z,https://sigaa.ufba.br/sigaa/public/processo_seletivo/lista.jsf?aba=p-processo&nivel=S,Encerrado,2026-06-09T12:00:00Z,UFBA SIGAA
2026-08-19T03:37:29.042491Z,SELEÇÃO DE ALUNO/A ESPECIAL DO PPGCS - 2026.2 - MESTRADO EM CIÊNCIAS SOCIAIS,Inscrições abertas para o processo seletivo da UFBA de ingresso no curso: MESTRADO EM CIÊNCIAS SOCIAIS. Vagas ofertadas: 45. Período de inscrições de 05/06/2026 a 12/06/2026. Consulte o edital completo no portal oficial da instituição.,UFBA,Mestrado - Aluno Especial,Saúde e Biológicas,45,2026-06-05T12:00:00Z,2026-06-12T12:00:00Z,https://sigaa.ufba.br/sigaa/public/processo_seletivo/lista.jsf?aba=p-processo&nivel=S,Encerrado,2026-06-05T12:00:00Z,UFBA SIGAA
2026-08-19T03:37:29.042491Z,SELEÇÃO PARA ALUNO ESPECIAL PPGCONT 2026.2 - MESTRADO EM CONTABILIDADE,Inscrições abertas para o processo seletivo da UFBA de ingresso no curso: MESTRADO EM CONTABILIDADE. Vagas ofertadas: 80. Período de inscrições de 05/06/2026 a 12/06/2026. Consulte o edital completo no portal oficial da instituição.,UFBA,Mestrado - Aluno Especial,Saúde e Biológicas,80,2026-06-05T12:00:00Z,2026-06-12T12:00:00Z,https://sigaa.ufba.br/sigaa/public/processo_seletivo/lista.jsf?aba=p-processo&nivel=S,Encerrado,2026-06-05T12:00:00Z,UFBA SIGAA
2026-08-19T03:37:29.042491Z,function dpf(f) {var adp = f.adp;if (adp != null) {for (var i = 0;i EDITAL Nº 01/2026 - SELEÇÃO ALUNO ESPECIAL – SEMESTRE LETIVO 2026.1 - ESTUDOS DE L,Inscrições abertas para o processo seletivo da UNILAB de ingresso no curso: ESTUDOS DE LINGUAGEM: CONTEXTOS LUSÓFONOS BRASIL-ÁFRICA. Vagas ofertadas: 10. Período de inscrições de 01/07/2026 a 17/07/2026. Consulte o edital completo no portal oficial da instituição.,UNILAB,Mestrado - Aluno Especial,Saúde e Biológicas,10,2026-07-01T12:00:00Z,2026-07-17T12:00:00Z,https://sigaa.unilab.edu.br/sigaa/public/processo_seletivo/lista.jsf?aba=p-processo&nivel=S,Encerrado,2026-07-01T12:00:00Z,UNILAB SIGAA
2026-08-19T03:37:29.042491Z,049/2026AE - Química Aplicada - Stricto Sensu Mestrado - Aluno Especial,Inscrições para o processo seletivo da UNEB: 049/2026AE - Química Aplicada - Stricto Sensu Mestrado - Aluno Especial. Período de inscrições de 15/06/2026 a 10/07/2026. Consulte o edital completo no portal SSPPG UNEB.,UNEB,Mestrado - Aluno Especial,Engenharias e Exatas,15,2026-06-15T12:00:00Z,2026-07-10T23:59:59Z,https://ssppg.uneb.br/inicio/editalExterno/1561?selecao=1561,Encerrado,2026-06-15T12:00:00Z,UNEB SSPPG
2026-08-19T03:37:29.042491Z,050/2026AE - Educação e Contemporaneidade - Stricto Sensu Mestrado/Doutorado - Aluno Especial,Inscrições para o processo seletivo da UNEB: 050/2026AE - Educação e Contemporaneidade - Stricto Sensu Mestrado/Doutorado - Aluno Especial. Período de inscrições de 15/06/2026 a 06/07/2026. Consulte o edital completo no portal SSPPG UNEB.,UNEB,Doutorado - Aluno Especial,Educação,15,2026-06-15T12:00:00Z,2026-07-06T23:59:59Z,https://ssppg.uneb.br/inicio/editalExterno/1559?selecao=1559,Encerrado,2026-06-15T12:00:00Z,UNEB SSPPG
2026-08-19T03:37:29.042491Z,038/2026AE - Intervenção Educativa e Social - Stricto Sensu Mestrado - Aluno Especial,Inscrições para o processo seletivo da UNEB: 038/2026AE - Intervenção Educativa e Social - Stricto Sensu Mestrado - Aluno Especial. Período de inscrições de 15/06/2026 a 06/07/2026. Consulte o edital completo no portal SSPPG UNEB.,UNEB,Mestrado - Aluno Especial,Educação,15,2026-06-15T12:00:00Z,2026-07-06T23:59:59Z,https://ssppg.uneb.br/inicio/editalExterno/1554?selecao=1554,Encerrado,2026-06-15T12:00:00Z,UNEB SSPPG
2026-08-19T03:37:29.042491Z,053/2026AEME - Crítica Cultural - Stricto Sensu Mestrado - Aluno Especial,Inscrições para o processo seletivo da UNEB: 053/2026AEME - Crítica Cultural - Stricto Sensu Mestrado - Aluno Especial. Período de inscrições de 23/06/2026 a 06/07/2026. Consulte o edital completo no portal SSPPG UNEB.,UNEB,Mestrado - Aluno Especial,Educação,15,2026-06-23T12:00:00Z,2026-07-06T23:59:59Z,https://ssppg.uneb.br/inicio/editalExterno/1565?selecao=1565,Encerrado,2026-06-23T12:00:00Z,UNEB SSPPG
2026-08-19T03:37:29.042491Z,053/2026AEDO - Crítica Cultural - Stricto Sensu Doutorado - Aluno Especial,Inscrições para o processo seletivo da UNEB: 053/2026AEDO - Crítica Cultural - Stricto Sensu Doutorado - Aluno Especial. Período de inscrições de 23/06/2026 a 06/07/2026. Consulte o edital completo no portal SSPPG UNEB.,UNEB,Doutorado - Aluno Especial,Educação,15,2026-06-23T12:00:00Z,2026-07-06T23:59:59Z,https://ssppg.uneb.br/inicio/editalExterno/1567?selecao=1567,Encerrado,2026-06-23T12:00:00Z,UNEB SSPPG
2026-08-19T03:37:29.042491Z,055/2026AE - Educação e Diversidade - Stricto Sensu Mestrado - Aluno Especial,Inscrições para o processo seletivo da UNEB: 055/2026AE - Educação e Diversidade - Stricto Sensu Mestrado - Aluno Especial. Período de inscrições de 25/06/2026 a 08/07/2026. Consulte o edital completo no portal SSPPG UNEB.,UNEB,Mestrado - Aluno Especial,Educação,15,2026-06-25T12:00:00Z,2026-07-08T23:59:59Z,https://ssppg.uneb.br/inicio/editalExterno/1560?selecao=1560,Encerrado,2026-06-25T12:00:00Z,UNEB SSPPG
2026-08-19T03:37:29.042491Z,054/2026AE - ESTUDOS TERRITORIAIS - Stricto Sensu Mestrado - Aluno Especial,Inscrições para o processo seletivo da UNEB: 054/2026AE - ESTUDOS TERRITORIAIS - Stricto Sensu Mestrado - Aluno Especial. Período de inscrições de 25/06/2026 a 06/07/2026. Consulte o edital completo no portal SSPPG UNEB.,UNEB,Mestrado - Aluno Especial,Educação,15,2026-06-25T12:00:00Z,2026-07-06T23:59:59Z,https://ssppg.uneb.br/inicio/editalExterno/1557?selecao=1557,Encerrado,2026-06-25T12:00:00Z,UNEB SSPPG
2026-08-19T03:37:29.042491Z,"056/2026AE - ENSINO, LINGUAGEM E SOCIEDADE - Stricto Sensu Mestrado - Aluno Especial","Inscrições para o processo seletivo da UNEB: 056/2026AE - ENSINO, LINGUAGEM E SOCIEDADE - Stricto Sensu Mestrado - Aluno Especial. Período de inscrições de 26/06/2026 a 09/07/2026. Consulte o edital completo no portal SSPPG UNEB.",UNEB,Mestrado - Aluno Especial,Educação,15,2026-06-26T12:00:00Z,2026-07-09T23:59:59Z,https://ssppg.uneb.br/inicio/editalExterno/1564?selecao=1564,Encerrado,2026-06-26T12:00:00Z,UNEB SSPPG
2026-08-19T03:37:29.042491Z,048/2026AE - Estudo de Linguagens - Stricto Sensu Mestrado/Doutorado - Aluno Especial,Inscrições para o processo seletivo da UNEB: 048/2026AE - Estudo de Linguagens - Stricto Sensu Mestrado/Doutorado - Aluno Especial. Período de inscrições de 29/06/2026 a 10/07/2026. Consulte o edital completo no portal SSPPG UNEB.,UNEB,Doutorado - Aluno Especial,Humanas e Sociais,15,2026-06-29T12:00:00Z,2026-07-10T23:59:59Z,https://ssppg.uneb.br/inicio/editalExterno/1563?selecao=1563,Encerrado,2026-06-29T12:00:00Z,UNEB SSPPG
2026-08-19T03:37:29.042491Z,061/2026AE - Educação e Formação Docente - Stricto Sensu Mestrado - Aluno Especial,Inscrições para o processo seletivo da UNEB: 061/2026AE - Educação e Formação Docente - Stricto Sensu Mestrado - Aluno Especial. Período de inscrições de 29/06/2026 a 10/07/2026. Consulte o edital completo no portal SSPPG UNEB.,UNEB,Mestrado - Aluno Especial,Educação,15,2026-06-29T12:00:00Z,2026-07-10T23:59:59Z,https://ssppg.uneb.br/inicio/editalExterno/1570?selecao=1570,Encerrado,2026-06-29T12:00:00Z,UNEB SSPPG
2026-08-19T03:37:29.042491Z,"058/2026AE - Estudos Africanos, Povos Indígenas e Culturas Negras - Stricto Sensu Mestrado - Aluno Especial","Inscrições para o processo seletivo da UNEB: 058/2026AE - Estudos Africanos, Povos Indígenas e Culturas Negras - Stricto Sensu Mestrado - Aluno Especial. Período de inscrições de 29/06/2026 a 10/07/2026. Consulte o edital completo no portal SSPPG UNEB.",UNEB,Mestrado - Aluno Especial,Educação,15,2026-06-29T12:00:00Z,2026-07-10T23:59:59Z,https://ssppg.uneb.br/inicio/editalExterno/1562?selecao=1562,Encerrado,2026-06-29T12:00:00Z,UNEB SSPPG
2026-08-19T03:37:29.042491Z,064/2026AE - Estudos Africanos e Representações da África - Stricto Sensu Mestrado - Aluno Especial,Inscrições para o processo seletivo da UNEB: 064/2026AE - Estudos Africanos e Representações da África - Stricto Sensu Mestrado - Aluno Especial. Período de inscrições de 03/07/2026 a 13/07/2026. Consulte o edital completo no portal SSPPG UNEB.,UNEB,Mestrado - Aluno Especial,Educação,15,2026-07-03T12:00:00Z,2026-07-13T23:59:59Z,https://ssppg.uneb.br/inicio/editalExterno/1576?selecao=1576,Encerrado,2026-07-03T12:00:00Z,UNEB SSPPG
2026-08-19T03:37:29.042491Z,059/20262AE - Ecologia Humana e Gestão Socioambiental - Stricto Sensu Mestrado/Doutorado - Aluno Especial,Inscrições para o processo seletivo da UNEB: 059/20262AE - Ecologia Humana e Gestão Socioambiental - Stricto Sensu Mestrado/Doutorado - Aluno Especial. Período de inscrições de 03/07/2026 a 10/07/2026. Consulte o edital completo no portal SSPPG UNEB.,UNEB,Doutorado - Aluno Especial,Gestão e Negócios,15,2026-07-03T12:00:00Z,2026-07-10T23:59:59Z,https://ssppg.uneb.br/inicio/editalExterno/1568?selecao=1568,Encerrado,2026-07-03T12:00:00Z,UNEB SSPPG
2026-08-19T03:37:29.042491Z,044/2026AE - Programa de Pós-Graduação em Letras - Stricto Sensu Mestrado - Aluno Especial,Inscrições para o processo seletivo da UNEB: 044/2026AE - Programa de Pós-Graduação em Letras - Stricto Sensu Mestrado - Aluno Especial. Período de inscrições de 03/07/2026 a 10/07/2026. Consulte o edital completo no portal SSPPG UNEB.,UNEB,Mestrado - Aluno Especial,Humanas e Sociais,15,2026-07-03T12:00:00Z,2026-07-10T23:59:59Z,https://ssppg.uneb.br/inicio/editalExterno/1558?selecao=1558,Encerrado,2026-07-03T12:00:00Z,UNEB SSPPG
2026-08-19T03:37:29.042491Z,063/2026AE - Ciências Farmacêuticas - Stricto Sensu Mestrado - Aluno Especial,Inscrições para o processo seletivo da UNEB: 063/2026AE - Ciências Farmacêuticas - Stricto Sensu Mestrado - Aluno Especial. Período de inscrições de 03/07/2026 a 13/07/2026. Consulte o edital completo no portal SSPPG UNEB.,UNEB,Mestrado - Aluno Especial,Educação,15,2026-07-03T12:00:00Z,2026-07-13T23:59:59Z,https://ssppg.uneb.br/inicio/editalExterno/1569?selecao=1569,Encerrado,2026-07-03T12:00:00Z,UNEB SSPPG
2026-08-20T03:37:57.874508Z,Edital nº 01 - Processo Seletivo Aluno Especial Doutorado 2026.2 - DOUTORADO EM ESTATÍSTICA E CIÊNCIAS DE DADOS,Inscrições abertas para o processo seletivo da UFBA de ingresso no curso: DOUTORADO EM ESTATÍSTICA E CIÊNCIAS DE DADOS. Vagas ofertadas: 5. Período de inscrições de 15/06/2026 a 10/07/2026. Consulte o edital completo no portal oficial da instituição.,UFBA,Doutorado - Aluno Especial,Engenharias e Exatas,5,2026-06-15T12:00:00Z,2026-07-10T12:00:00Z,https://sigaa.ufba.br/sigaa/public/processo_seletivo/lista.jsf?aba=p-processo&nivel=S,Encerrado,2026-06-15T12:00:00Z,UFBA SIGAA
2026-08-20T03:37:57.874508Z,Edital nº 01 - Processo Seletivo Aluno Especial Mestrado 2026.2 - MESTRADO EM ESTATÍSTICA E CIÊNCIAS DE DADOS,Inscrições abertas para o processo seletivo da UFBA de ingresso no curso: MESTRADO EM ESTATÍSTICA E CIÊNCIAS DE DADOS. Vagas ofertadas: 13. Período de inscrições de 15/06/2026 a 10/07/2026. Consulte o edital completo no portal oficial da instituição.,UFBA,Mestrado - Aluno Especial,Engenharias e Exatas,13,2026-06-15T12:00:00Z,2026-07-10T12:00:00Z,https://sigaa.ufba.br/sigaa/public/processo_seletivo/lista.jsf?aba=p-processo&nivel=S,Encerrado,2026-06-15T12:00:00Z,UFBA SIGAA
2026-08-20T03:37:57.874508Z,EDITAL DE ALUNO ESPECIAL 2026.2 DOUTORADO - DOUTORADO EM ARQUITETURA E URBANISMO,Inscrições abertas para o processo seletivo da UFBA de ingresso no curso: DOUTORADO EM ARQUITETURA E URBANISMO. Vagas ofertadas: 50. Período de inscrições de 12/06/2026 a 18/06/2026. Consulte o edital completo no portal oficial da instituição.,UFBA,Doutorado - Aluno Especial,Engenharias e Exatas,50,2026-06-12T12:00:00Z,2026-06-18T12:00:00Z,https://sigaa.ufba.br/sigaa/public/processo_seletivo/lista.jsf?aba=p-processo&nivel=S,Encerrado,2026-06-12T12:00:00Z,UFBA SIGAA
2026-08-20T03:37:57.874508Z,EDITAL DE ALUNO ESPECIAL 2026.2 MESTRADO - MESTRADO EM ARQUITETURA E URBANISMO,Inscrições abertas para o processo seletivo da UFBA de ingresso no curso: MESTRADO EM ARQUITETURA E URBANISMO. Vagas ofertadas: 50. Período de inscrições de 12/06/2026 a 18/06/2026. Consulte o edital completo no portal oficial da instituição.,UFBA,Mestrado - Aluno Especial,Engenharias e Exatas,50,2026-06-12T12:00:00Z,2026-06-18T12:00:00Z,https://sigaa.ufba.br/sigaa/public/processo_seletivo/lista.jsf?aba=p-processo&nivel=S,Encerrado,2026-06-12T12:00:00Z,UFBA SIGAA
2026-08-20T03:37:57.874508Z,PROCESSO SELETIVO IC-PGCOMP DOUTORADO PARA ALUNO ESPECIAL 2026.2 - DOUTORADO EM CIÊNCIA DA COMPUTAÇÃO,Inscrições abertas para o processo seletivo da UFBA de ingresso no curso: DOUTORADO EM CIÊNCIA DA COMPUTAÇÃO. Vagas ofertadas: 30. Período de inscrições de 12/06/2026 a 19/06/2026. Consulte o edital completo no portal oficial da instituição.,UFBA,Doutorado - Aluno Especial,Tecnologia e Informática,30,2026-06-12T12:00:00Z,2026-06-19T12:00:00Z,https://sigaa.ufba.br/sigaa/public/processo_seletivo/lista.jsf?aba=p-processo&nivel=S,Encerrado,2026-06-12T12:00:00Z,UFBA SIGAA
2026-08-20T03:37:57.874508Z,PROCESSO SELETIVO IC-PGCOMP MESTRADO PARA ALUNO ESPECIAL 2026.2 - MESTRADO EM CIÊNCIA DA COMPUTAÇÃO,Inscrições abertas para o processo seletivo da UFBA de ingresso no curso: MESTRADO EM CIÊNCIA DA COMPUTAÇÃO. Vagas ofertadas: 70. Período de inscrições de 12/06/2026 a 19/06/2026. Consulte o edital completo no portal oficial da instituição.,UFBA,Mestrado - Aluno Especial,Tecnologia e Informática,70,2026-06-12T12:00:00Z,2026-06-19T12:00:00Z,https://sigaa.ufba.br/sigaa/public/processo_seletivo/lista.jsf?aba=p-processo&nivel=S,Encerrado,2026-06-12T12:00:00Z,UFBA SIGAA
2026-08-20T03:37:57.874508Z,EDITAL nº 02/2026 - SELEÇÃO PARA ALUNO ESPECIAL - SEMESTRE LETIVO 2026.2 - MESTRADO EM EDUCAÇÃO,Inscrições abertas para o processo seletivo da UFBA de ingresso no curso: MESTRADO EM EDUCAÇÃO. Vagas ofertadas: 102. Período de inscrições de 09/06/2026 a 12/06/2026. Consulte o edital completo no portal oficial da instituição.,UFBA,Mestrado - Aluno Especial,Educação,102,2026-06-09T12:00:00Z,2026-06-12T12:00:00Z,https://sigaa.ufba.br/sigaa/public/processo_seletivo/lista.jsf?aba=p-processo&nivel=S,Encerrado,2026-06-09T12:00:00Z,UFBA SIGAA
2026-08-20T03:37:57.874508Z,PROCESSO SELETIVO PARA INGRESSO DE ALUNO ESPECIAL DOUTORADO- PGENF 2026.2 - DOUTORADO EM ENFERMAGEM E SAÚDE,Inscrições abertas para o processo seletivo da UFBA de ingresso no curso: DOUTORADO EM ENFERMAGEM E SAÚDE. Vagas ofertadas: 30. Período de inscrições de 09/06/2026 a 15/06/2026. Consulte o edital completo no portal oficial da instituição.,UFBA,Doutorado - Aluno Especial,Saúde e Biológicas,30,2026-06-09T12:00:00Z,2026-06-15T12:00:00Z,https://sigaa.ufba.br/sigaa/public/processo_seletivo/lista.jsf?aba=p-processo&nivel=S,Encerrado,2026-06-09T12:00:00Z,UFBA SIGAA
2026-08-20T03:37:57.874508Z,PROCESSO SELETIVO PARA INGRESSO DE ALUNO ESPECIAL MESTRADO- PGENF 2026.2 - MESTRADO EM ENFERMAGEM E SAÚDE,Inscrições abertas para o processo seletivo da UFBA de ingresso no curso: MESTRADO EM ENFERMAGEM E SAÚDE. Vagas ofertadas: 60. Período de inscrições de 09/06/2026 a 15/06/2026. Consulte o edital completo no portal oficial da instituição.,UFBA,Mestrado - Aluno Especial,Saúde e Biológicas,60,2026-06-09T12:00:00Z,2026-06-15T12:00:00Z,https://sigaa.ufba.br/sigaa/public/processo_seletivo/lista.jsf?aba=p-processo&nivel=S,Encerrado,2026-06-09T12:00:00Z,UFBA SIGAA
2026-08-20T03:37:57.874508Z,SELEÇÃO DE ALUNO/A ESPECIAL DO PPGCS - 2026.2 - MESTRADO EM CIÊNCIAS SOCIAIS,Inscrições abertas para o processo seletivo da UFBA de ingresso no curso: MESTRADO EM CIÊNCIAS SOCIAIS. Vagas ofertadas: 45. Período de inscrições de 05/06/2026 a 12/06/2026. Consulte o edital completo no portal oficial da instituição.,UFBA,Mestrado - Aluno Especial,Saúde e Biológicas,45,2026-06-05T12:00:00Z,2026-06-12T12:00:00Z,https://sigaa.ufba.br/sigaa/public/processo_seletivo/lista.jsf?aba=p-processo&nivel=S,Encerrado,2026-06-05T12:00:00Z,UFBA SIGAA
2026-08-20T03:37:57.874508Z,SELEÇÃO PARA ALUNO ESPECIAL PPGCONT 2026.2 - MESTRADO EM CONTABILIDADE,Inscrições abertas para o processo seletivo da UFBA de ingresso no curso: MESTRADO EM CONTABILIDADE. Vagas ofertadas: 80. Período de inscrições de 05/06/2026 a 12/06/2026. Consulte o edital completo no portal oficial da instituição.,UFBA,Mestrado - Aluno Especial,Saúde e Biológicas,80,2026-06-05T12:00:00Z,2026-06-12T12:00:00Z,https://sigaa.ufba.br/sigaa/public/processo_seletivo/lista.jsf?aba=p-processo&nivel=S,Encerrado,2026-06-05T12:00:00Z,UFBA SIGAA
2026-08-20T03:37:57.874508Z,function dpf(f) {var adp = f.adp;if (adp != null) {for (var i = 0;i EDITAL Nº 01/2026 - SELEÇÃO ALUNO ESPECIAL – SEMESTRE LETIVO 2026.1 - ESTUDOS DE L,Inscrições abertas para o processo seletivo da UNILAB de ingresso no curso: ESTUDOS DE LINGUAGEM: CONTEXTOS LUSÓFONOS BRASIL-ÁFRICA. Vagas ofertadas: 10. Período de inscrições de 01/07/2026 a 17/07/2026. Consulte o edital completo no portal oficial da instituição.,UNILAB,Mestrado - Aluno Especial,Saúde e Biológicas,10,2026-07-01T12:00:00Z,2026-07-17T12:00:00Z,https://sigaa.unilab.edu.br/sigaa/public/processo_seletivo/lista.jsf?aba=p-processo&nivel=S,Encerrado,2026-07-01T12:00:00Z,UNILAB SIGAA
2026-08-20T03:37:57.874508Z,049/2026AE - Química Aplicada - Stricto Sensu Mestrado - Aluno Especial,Inscrições para o processo seletivo da UNEB: 049/2026AE - Química Aplicada - Stricto Sensu Mestrado - Aluno Especial. Período de inscrições de 15/06/2026 a 10/07/2026. Consulte o edital completo no portal SSPPG UNEB.,UNEB,Mestrado - Aluno Especial,Engenharias e Exatas,15,2026-06-15T12:00:00Z,2026-07-10T23:59:59Z,https://ssppg.uneb.br/inicio/editalExterno/1561?selecao=1561,Encerrado,2026-06-15T12:00:00Z,UNEB SSPPG
2026-08-20T03:37:57.874508Z,050/2026AE - Educação e Contemporaneidade - Stricto Sensu Mestrado/Doutorado - Aluno Especial,Inscrições para o processo seletivo da UNEB: 050/2026AE - Educação e Contemporaneidade - Stricto Sensu Mestrado/Doutorado - Aluno Especial. Período de inscrições de 15/06/2026 a 06/07/2026. Consulte o edital completo no portal SSPPG UNEB.,UNEB,Doutorado - Aluno Especial,Educação,15,2026-06-15T12:00:00Z,2026-07-06T23:59:59Z,https://ssppg.uneb.br/inicio/editalExterno/1559?selecao=1559,Encerrado,2026-06-15T12:00:00Z,UNEB SSPPG
2026-08-20T03:37:57.874508Z,038/2026AE - Intervenção Educativa e Social - Stricto Sensu Mestrado - Aluno Especial,Inscrições para o processo seletivo da UNEB: 038/2026AE - Intervenção Educativa e Social - Stricto Sensu Mestrado - Aluno Especial. Período de inscrições de 15/06/2026 a 06/07/2026. Consulte o edital completo no portal SSPPG UNEB.,UNEB,Mestrado - Aluno Especial,Educação,15,2026-06-15T12:00:00Z,2026-07-06T23:59:59Z,https://ssppg.uneb.br/inicio/editalExterno/1554?selecao=1554,Encerrado,2026-06-15T12:00:00Z,UNEB SSPPG
2026-08-20T03:37:57.874508Z,053/2026AEME - Crítica Cultural - Stricto Sensu Mestrado - Aluno Especial,Inscrições para o processo seletivo da UNEB: 053/2026AEME - Crítica Cultural - Stricto Sensu Mestrado - Aluno Especial. Período de inscrições de 23/06/2026 a 06/07/2026. Consulte o edital completo no portal SSPPG UNEB.,UNEB,Mestrado - Aluno Especial,Educação,15,2026-06-23T12:00:00Z,2026-07-06T23:59:59Z,https://ssppg.uneb.br/inicio/editalExterno/1565?selecao=1565,Encerrado,2026-06-23T12:00:00Z,UNEB SSPPG
2026-08-20T03:37:57.874508Z,053/2026AEDO - Crítica Cultural - Stricto Sensu Doutorado - Aluno Especial,Inscrições para o processo seletivo da UNEB: 053/2026AEDO - Crítica Cultural - Stricto Sensu Doutorado - Aluno Especial. Período de inscrições de 23/06/2026 a 06/07/2026. Consulte o edital completo no portal SSPPG UNEB.,UNEB,Doutorado - Aluno Especial,Educação,15,2026-06-23T12:00:00Z,2026-07-06T23:59:59Z,https://ssppg.uneb.br/inicio/editalExterno/1567?selecao=1567,Encerrado,2026-06-23T12:00:00Z,UNEB SSPPG
2026-08-20T03:37:57.874508Z,055/2026AE - Educação e Diversidade - Stricto Sensu Mestrado - Aluno Especial,Inscrições para o processo seletivo da UNEB: 055/2026AE - Educação e Diversidade - Stricto Sensu Mestrado - Aluno Especial. Período de inscrições de 25/06/2026 a 08/07/2026. Consulte o edital completo no portal SSPPG UNEB.,UNEB,Mestrado - Aluno Especial,Educação,15,2026-06-25T12:00:00Z,2026-07-08T23:59:59Z,https://ssppg.uneb.br/inicio/editalExterno/1560?selecao=1560,Encerrado,2026-06-25T12:00:00Z,UNEB SSPPG
2026-08-20T03:37:57.874508Z,054/2026AE - ESTUDOS TERRITORIAIS - Stricto Sensu Mestrado - Aluno Especial,Inscrições para o processo seletivo da UNEB: 054/2026AE - ESTUDOS TERRITORIAIS - Stricto Sensu Mestrado - Aluno Especial. Período de inscrições de 25/06/2026 a 06/07/2026. Consulte o edital completo no portal SSPPG UNEB.,UNEB,Mestrado - Aluno Especial,Educação,15,2026-06-25T12:00:00Z,2026-07-06T23:59:59Z,https://ssppg.uneb.br/inicio/editalExterno/1557?selecao=1557,Encerrado,2026-06-25T12:00:00Z,UNEB SSPPG
2026-08-20T03:37:57.874508Z,"056/2026AE - ENSINO, LINGUAGEM E SOCIEDADE - Stricto Sensu Mestrado - Aluno Especial","Inscrições para o processo seletivo da UNEB: 056/2026AE - ENSINO, LINGUAGEM E SOCIEDADE - Stricto Sensu Mestrado - Aluno Especial. Período de inscrições de 26/06/2026 a 09/07/2026. Consulte o edital completo no portal SSPPG UNEB.",UNEB,Mestrado - Aluno Especial,Educação,15,2026-06-26T12:00:00Z,2026-07-09T23:59:59Z,https://ssppg.uneb.br/inicio/editalExterno/1564?selecao=1564,Encerrado,2026-06-26T12:00:00Z,UNEB SSPPG
2026-08-20T03:37:57.874508Z,048/2026AE - Estudo de Linguagens - Stricto Sensu Mestrado/Doutorado - Aluno Especial,Inscrições para o processo seletivo da UNEB: 048/2026AE - Estudo de Linguagens - Stricto Sensu Mestrado/Doutorado - Aluno Especial. Período de inscrições de 29/06/2026 a 10/07/2026. Consulte o edital completo no portal SSPPG UNEB.,UNEB,Doutorado - Aluno Especial,Humanas e Sociais,15,2026-06-29T12:00:00Z,2026-07-10T23:59:59Z,https://ssppg.uneb.br/inicio/editalExterno/1563?selecao=1563,Encerrado,2026-06-29T12:00:00Z,UNEB SSPPG
2026-08-20T03:37:57.874508Z,061/2026AE - Educação e Formação Docente - Stricto Sensu Mestrado - Aluno Especial,Inscrições para o processo seletivo da UNEB: 061/2026AE - Educação e Formação Docente - Stricto Sensu Mestrado - Aluno Especial. Período de inscrições de 29/06/2026 a 10/07/2026. Consulte o edital completo no portal SSPPG UNEB.,UNEB,Mestrado - Aluno Especial,Educação,15,2026-06-29T12:00:00Z,2026-07-10T23:59:59Z,https://ssppg.uneb.br/inicio/editalExterno/1570?selecao=1570,Encerrado,2026-06-29T12:00:00Z,UNEB SSPPG
2026-08-20T03:37:57.874508Z,"058/2026AE - Estudos Africanos, Povos Indígenas e Culturas Negras - Stricto Sensu Mestrado - Aluno Especial","Inscrições para o processo seletivo da UNEB: 058/2026AE - Estudos Africanos, Povos Indígenas e Culturas Negras - Stricto Sensu Mestrado - Aluno Especial. Período de inscrições de 29/06/2026 a 10/07/2026. Consulte o edital completo no portal SSPPG UNEB.",UNEB,Mestrado - Aluno Especial,Educação,15,2026-06-29T12:00:00Z,2026-07-10T23:59:59Z,https://ssppg.uneb.br/inicio/editalExterno/1562?selecao=1562,Encerrado,2026-06-29T12:00:00Z,UNEB SSPPG
2026-08-20T03:37:57.874508Z,064/2026AE - Estudos Africanos e Representações da África - Stricto Sensu Mestrado - Aluno Especial,Inscrições para o processo seletivo da UNEB: 064/2026AE - Estudos Africanos e Representações da África - Stricto Sensu Mestrado - Aluno Especial. Período de inscrições de 03/07/2026 a 13/07/2026. Consulte o edital completo no portal SSPPG UNEB.,UNEB,Mestrado - Aluno Especial,Educação,15,2026-07-03T12:00:00Z,2026-07-13T23:59:59Z,https://ssppg.uneb.br/inicio/editalExterno/1576?selecao=1576,Encerrado,2026-07-03T12:00:00Z,UNEB SSPPG
2026-08-20T03:37:57.874508Z,059/20262AE - Ecologia Humana e Gestão Socioambiental - Stricto Sensu Mestrado/Doutorado - Aluno Especial,Inscrições para o processo seletivo da UNEB: 059/20262AE - Ecologia Humana e Gestão Socioambiental - Stricto Sensu Mestrado/Doutorado - Aluno Especial. Período de inscrições de 03/07/2026 a 10/07/2026. Consulte o edital completo no portal SSPPG UNEB.,UNEB,Doutorado - Aluno Especial,Gestão e Negócios,15,2026-07-03T12:00:00Z,2026-07-10T23:59:59Z,https://ssppg.uneb.br/inicio/editalExterno/1568?selecao=1568,Encerrado,2026-07-03T12:00:00Z,UNEB SSPPG
2026-08-20T03:37:57.874508Z,044/2026AE - Programa de Pós-Graduação em Letras - Stricto Sensu Mestrado - Aluno Especial,Inscrições para o processo seletivo da UNEB: 044/2026AE - Programa de Pós-Graduação em Letras - Stricto Sensu Mestrado - Aluno Especial. Período de inscrições de 03/07/2026 a 10/07/2026. Consulte o edital completo no portal SSPPG UNEB.,UNEB,Mestrado - Aluno Especial,Humanas e Sociais,15,2026-07-03T12:00:00Z,2026-07-10T23:59:59Z,https://ssppg.uneb.br/inicio/editalExterno/1558?selecao=1558,Encerrado,2026-07-03T12:00:00Z,UNEB SSPPG
2026-08-20T03:37:57.874508Z,063/2026AE - Ciências Farmacêuticas - Stricto Sensu Mestrado - Aluno Especial,Inscrições para o processo seletivo da UNEB: 063/2026AE - Ciências Farmacêuticas - Stricto Sensu Mestrado - Aluno Especial. Período de inscrições de 03/07/2026 a 13/07/2026. Consulte o edital completo no portal SSPPG UNEB.,UNEB,Mestrado - Aluno Especial,Educação,15,2026-07-03T12:00:00Z,2026-07-13T23:59:59Z,https://ssppg.uneb.br/inicio/editalExterno/1569?selecao=1569,Encerrado,2026-07-03T12:00:00Z,UNEB SSPPG
2026-08-21T03:41:18.772537Z,Edital nº 01 - Processo Seletivo Aluno Especial Doutorado 2026.2 - DOUTORADO EM ESTATÍSTICA E CIÊNCIAS DE DADOS,Inscrições abertas para o processo seletivo da UFBA de ingresso no curso: DOUTORADO EM ESTATÍSTICA E CIÊNCIAS DE DADOS. Vagas ofertadas: 5. Período de inscrições de 15/06/2026 a 10/07/2026. Consulte o edital completo no portal oficial da instituição.,UFBA,Doutorado - Aluno Especial,Engenharias e Exatas,5,2026-06-15T12:00:00Z,2026-07-10T12:00:00Z,https://sigaa.ufba.br/sigaa/public/processo_seletivo/lista.jsf?aba=p-processo&nivel=S,Encerrado,2026-06-15T12:00:00Z,UFBA SIGAA
2026-08-21T03:41:18.772537Z,Edital nº 01 - Processo Seletivo Aluno Especial Mestrado 2026.2 - MESTRADO EM ESTATÍSTICA E CIÊNCIAS DE DADOS,Inscrições abertas para o processo seletivo da UFBA de ingresso no curso: MESTRADO EM ESTATÍSTICA E CIÊNCIAS DE DADOS. Vagas ofertadas: 13. Período de inscrições de 15/06/2026 a 10/07/2026. Consulte o edital completo no portal oficial da instituição.,UFBA,Mestrado - Aluno Especial,Engenharias e Exatas,13,2026-06-15T12:00:00Z,2026-07-10T12:00:00Z,https://sigaa.ufba.br/sigaa/public/processo_seletivo/lista.jsf?aba=p-processo&nivel=S,Encerrado,2026-06-15T12:00:00Z,UFBA SIGAA
2026-08-21T03:41:18.772537Z,EDITAL DE ALUNO ESPECIAL 2026.2 DOUTORADO - DOUTORADO EM ARQUITETURA E URBANISMO,Inscrições abertas para o processo seletivo da UFBA de ingresso no curso: DOUTORADO EM ARQUITETURA E URBANISMO. Vagas ofertadas: 50. Período de inscrições de 12/06/2026 a 18/06/2026. Consulte o edital completo no portal oficial da instituição.,UFBA,Doutorado - Aluno Especial,Engenharias e Exatas,50,2026-06-12T12:00:00Z,2026-06-18T12:00:00Z,https://sigaa.ufba.br/sigaa/public/processo_seletivo/lista.jsf?aba=p-processo&nivel=S,Encerrado,2026-06-12T12:00:00Z,UFBA SIGAA
2026-08-21T03:41:18.772537Z,EDITAL DE ALUNO ESPECIAL 2026.2 MESTRADO - MESTRADO EM ARQUITETURA E URBANISMO,Inscrições abertas para o processo seletivo da UFBA de ingresso no curso: MESTRADO EM ARQUITETURA E URBANISMO. Vagas ofertadas: 50. Período de inscrições de 12/06/2026 a 18/06/2026. Consulte o edital completo no portal oficial da instituição.,UFBA,Mestrado - Aluno Especial,Engenharias e Exatas,50,2026-06-12T12:00:00Z,2026-06-18T12:00:00Z,https://sigaa.ufba.br/sigaa/public/processo_seletivo/lista.jsf?aba=p-processo&nivel=S,Encerrado,2026-06-12T12:00:00Z,UFBA SIGAA
2026-08-21T03:41:18.772537Z,PROCESSO SELETIVO IC-PGCOMP DOUTORADO PARA ALUNO ESPECIAL 2026.2 - DOUTORADO EM CIÊNCIA DA COMPUTAÇÃO,Inscrições abertas para o processo seletivo da UFBA de ingresso no curso: DOUTORADO EM CIÊNCIA DA COMPUTAÇÃO. Vagas ofertadas: 30. Período de inscrições de 12/06/2026 a 19/06/2026. Consulte o edital completo no portal oficial da instituição.,UFBA,Doutorado - Aluno Especial,Tecnologia e Informática,30,2026-06-12T12:00:00Z,2026-06-19T12:00:00Z,https://sigaa.ufba.br/sigaa/public/processo_seletivo/lista.jsf?aba=p-processo&nivel=S,Encerrado,2026-06-12T12:00:00Z,UFBA SIGAA
2026-08-21T03:41:18.772537Z,PROCESSO SELETIVO IC-PGCOMP MESTRADO PARA ALUNO ESPECIAL 2026.2 - MESTRADO EM CIÊNCIA DA COMPUTAÇÃO,Inscrições abertas para o processo seletivo da UFBA de ingresso no curso: MESTRADO EM CIÊNCIA DA COMPUTAÇÃO. Vagas ofertadas: 70. Período de inscrições de 12/06/2026 a 19/06/2026. Consulte o edital completo no portal oficial da instituição.,UFBA,Mestrado - Aluno Especial,Tecnologia e Informática,70,2026-06-12T12:00:00Z,2026-06-19T12:00:00Z,https://sigaa.ufba.br/sigaa/public/processo_seletivo/lista.jsf?aba=p-processo&nivel=S,Encerrado,2026-06-12T12:00:00Z,UFBA SIGAA
2026-08-21T03:41:18.772537Z,EDITAL nº 02/2026 - SELEÇÃO PARA ALUNO ESPECIAL - SEMESTRE LETIVO 2026.2 - MESTRADO EM EDUCAÇÃO,Inscrições abertas para o processo seletivo da UFBA de ingresso no curso: MESTRADO EM EDUCAÇÃO. Vagas ofertadas: 102. Período de inscrições de 09/06/2026 a 12/06/2026. Consulte o edital completo no portal oficial da instituição.,UFBA,Mestrado - Aluno Especial,Educação,102,2026-06-09T12:00:00Z,2026-06-12T12:00:00Z,https://sigaa.ufba.br/sigaa/public/processo_seletivo/lista.jsf?aba=p-processo&nivel=S,Encerrado,2026-06-09T12:00:00Z,UFBA SIGAA
2026-08-21T03:41:18.772537Z,PROCESSO SELETIVO PARA INGRESSO DE ALUNO ESPECIAL DOUTORADO- PGENF 2026.2 - DOUTORADO EM ENFERMAGEM E SAÚDE,Inscrições abertas para o processo seletivo da UFBA de ingresso no curso: DOUTORADO EM ENFERMAGEM E SAÚDE. Vagas ofertadas: 30. Período de inscrições de 09/06/2026 a 15/06/2026. Consulte o edital completo no portal oficial da instituição.,UFBA,Doutorado - Aluno Especial,Saúde e Biológicas,30,2026-06-09T12:00:00Z,2026-06-15T12:00:00Z,https://sigaa.ufba.br/sigaa/public/processo_seletivo/lista.jsf?aba=p-processo&nivel=S,Encerrado,2026-06-09T12:00:00Z,UFBA SIGAA
2026-08-21T03:41:18.772537Z,PROCESSO SELETIVO PARA INGRESSO DE ALUNO ESPECIAL MESTRADO- PGENF 2026.2 - MESTRADO EM ENFERMAGEM E SAÚDE,Inscrições abertas para o processo seletivo da UFBA de ingresso no curso: MESTRADO EM ENFERMAGEM E SAÚDE. Vagas ofertadas: 60. Período de inscrições de 09/06/2026 a 15/06/2026. Consulte o edital completo no portal oficial da instituição.,UFBA,Mestrado - Aluno Especial,Saúde e Biológicas,60,2026-06-09T12:00:00Z,2026-06-15T12:00:00Z,https://sigaa.ufba.br/sigaa/public/processo_seletivo/lista.jsf?aba=p-processo&nivel=S,Encerrado,2026-06-09T12:00:00Z,UFBA SIGAA
2026-08-21T03:41:18.772537Z,SELEÇÃO DE ALUNO/A ESPECIAL DO PPGCS - 2026.2 - MESTRADO EM CIÊNCIAS SOCIAIS,Inscrições abertas para o processo seletivo da UFBA de ingresso no curso: MESTRADO EM CIÊNCIAS SOCIAIS. Vagas ofertadas: 45. Período de inscrições de 05/06/2026 a 12/06/2026. Consulte o edital completo no portal oficial da instituição.,UFBA,Mestrado - Aluno Especial,Saúde e Biológicas,45,2026-06-05T12:00:00Z,2026-06-12T12:00:00Z,https://sigaa.ufba.br/sigaa/public/processo_seletivo/lista.jsf?aba=p-processo&nivel=S,Encerrado,2026-06-05T12:00:00Z,UFBA SIGAA
2026-08-21T03:41:18.772537Z,SELEÇÃO PARA ALUNO ESPECIAL PPGCONT 2026.2 - MESTRADO EM CONTABILIDADE,Inscrições abertas para o processo seletivo da UFBA de ingresso no curso: MESTRADO EM CONTABILIDADE. Vagas ofertadas: 80. Período de inscrições de 05/06/2026 a 12/06/2026. Consulte o edital completo no portal oficial da instituição.,UFBA,Mestrado - Aluno Especial,Saúde e Biológicas,80,2026-06-05T12:00:00Z,2026-06-12T12:00:00Z,https://sigaa.ufba.br/sigaa/public/processo_seletivo/lista.jsf?aba=p-processo&nivel=S,Encerrado,2026-06-05T12:00:00Z,UFBA SIGAA
2026-08-21T03:41:18.772537Z,function dpf(f) {var adp = f.adp;if (adp != null) {for (var i = 0;i EDITAL Nº 01/2026 - SELEÇÃO ALUNO ESPECIAL – SEMESTRE LETIVO 2026.1 - ESTUDOS DE L,Inscrições abertas para o processo seletivo da UNILAB de ingresso no curso: ESTUDOS DE LINGUAGEM: CONTEXTOS LUSÓFONOS BRASIL-ÁFRICA. Vagas ofertadas: 10. Período de inscrições de 01/07/2026 a 17/07/2026. Consulte o edital completo no portal oficial da instituição.,UNILAB,Mestrado - Aluno Especial,Saúde e Biológicas,10,2026-07-01T12:00:00Z,2026-07-17T12:00:00Z,https://sigaa.unilab.edu.br/sigaa/public/processo_seletivo/lista.jsf?aba=p-processo&nivel=S,Encerrado,2026-07-01T12:00:00Z,UNILAB SIGAA
2026-08-21T03:41:18.772537Z,049/2026AE - Química Aplicada - Stricto Sensu Mestrado - Aluno Especial,Inscrições para o processo seletivo da UNEB: 049/2026AE - Química Aplicada - Stricto Sensu Mestrado - Aluno Especial. Período de inscrições de 15/06/2026 a 10/07/2026. Consulte o edital completo no portal SSPPG UNEB.,UNEB,Mestrado - Aluno Especial,Engenharias e Exatas,15,2026-06-15T12:00:00Z,2026-07-10T23:59:59Z,https://ssppg.uneb.br/inicio/editalExterno/1561?selecao=1561,Encerrado,2026-06-15T12:00:00Z,UNEB SSPPG
2026-08-21T03:41:18.772537Z,050/2026AE - Educação e Contemporaneidade - Stricto Sensu Mestrado/Doutorado - Aluno Especial,Inscrições para o processo seletivo da UNEB: 050/2026AE - Educação e Contemporaneidade - Stricto Sensu Mestrado/Doutorado - Aluno Especial. Período de inscrições de 15/06/2026 a 06/07/2026. Consulte o edital completo no portal SSPPG UNEB.,UNEB,Doutorado - Aluno Especial,Educação,15,2026-06-15T12:00:00Z,2026-07-06T23:59:59Z,https://ssppg.uneb.br/inicio/editalExterno/1559?selecao=1559,Encerrado,2026-06-15T12:00:00Z,UNEB SSPPG
2026-08-21T03:41:18.772537Z,038/2026AE - Intervenção Educativa e Social - Stricto Sensu Mestrado - Aluno Especial,Inscrições para o processo seletivo da UNEB: 038/2026AE - Intervenção Educativa e Social - Stricto Sensu Mestrado - Aluno Especial. Período de inscrições de 15/06/2026 a 06/07/2026. Consulte o edital completo no portal SSPPG UNEB.,UNEB,Mestrado - Aluno Especial,Educação,15,2026-06-15T12:00:00Z,2026-07-06T23:59:59Z,https://ssppg.uneb.br/inicio/editalExterno/1554?selecao=1554,Encerrado,2026-06-15T12:00:00Z,UNEB SSPPG
2026-08-21T03:41:18.772537Z,053/2026AEME - Crítica Cultural - Stricto Sensu Mestrado - Aluno Especial,Inscrições para o processo seletivo da UNEB: 053/2026AEME - Crítica Cultural - Stricto Sensu Mestrado - Aluno Especial. Período de inscrições de 23/06/2026 a 06/07/2026. Consulte o edital completo no portal SSPPG UNEB.,UNEB,Mestrado - Aluno Especial,Educação,15,2026-06-23T12:00:00Z,2026-07-06T23:59:59Z,https://ssppg.uneb.br/inicio/editalExterno/1565?selecao=1565,Encerrado,2026-06-23T12:00:00Z,UNEB SSPPG
2026-08-21T03:41:18.772537Z,053/2026AEDO - Crítica Cultural - Stricto Sensu Doutorado - Aluno Especial,Inscrições para o processo seletivo da UNEB: 053/2026AEDO - Crítica Cultural - Stricto Sensu Doutorado - Aluno Especial. Período de inscrições de 23/06/2026 a 06/07/2026. Consulte o edital completo no portal SSPPG UNEB.,UNEB,Doutorado - Aluno Especial,Educação,15,2026-06-23T12:00:00Z,2026-07-06T23:59:59Z,https://ssppg.uneb.br/inicio/editalExterno/1567?selecao=1567,Encerrado,2026-06-23T12:00:00Z,UNEB SSPPG
2026-08-21T03:41:18.772537Z,055/2026AE - Educação e Diversidade - Stricto Sensu Mestrado - Aluno Especial,Inscrições para o processo seletivo da UNEB: 055/2026AE - Educação e Diversidade - Stricto Sensu Mestrado - Aluno Especial. Período de inscrições de 25/06/2026 a 08/07/2026. Consulte o edital completo no portal SSPPG UNEB.,UNEB,Mestrado - Aluno Especial,Educação,15,2026-06-25T12:00:00Z,2026-07-08T23:59:59Z,https://ssppg.uneb.br/inicio/editalExterno/1560?selecao=1560,Encerrado,2026-06-25T12:00:00Z,UNEB SSPPG
2026-08-21T03:41:18.772537Z,054/2026AE - ESTUDOS TERRITORIAIS - Stricto Sensu Mestrado - Aluno Especial,Inscrições para o processo seletivo da UNEB: 054/2026AE - ESTUDOS TERRITORIAIS - Stricto Sensu Mestrado - Aluno Especial. Período de inscrições de 25/06/2026 a 06/07/2026. Consulte o edital completo no portal SSPPG UNEB.,UNEB,Mestrado - Aluno Especial,Educação,15,2026-06-25T12:00:00Z,2026-07-06T23:59:59Z,https://ssppg.uneb.br/inicio/editalExterno/1557?selecao=1557,Encerrado,2026-06-25T12:00:00Z,UNEB SSPPG
2026-08-21T03:41:18.772537Z,"056/2026AE - ENSINO, LINGUAGEM E SOCIEDADE - Stricto Sensu Mestrado - Aluno Especial","Inscrições para o processo seletivo da UNEB: 056/2026AE - ENSINO, LINGUAGEM E SOCIEDADE - Stricto Sensu Mestrado - Aluno Especial. Período de inscrições de 26/06/2026 a 09/07/2026. Consulte o edital completo no portal SSPPG UNEB.",UNEB,Mestrado - Aluno Especial,Educação,15,2026-06-26T12:00:00Z,2026-07-09T23:59:59Z,https://ssppg.uneb.br/inicio/editalExterno/1564?selecao=1564,Encerrado,2026-06-26T12:00:00Z,UNEB SSPPG
2026-08-21T03:41:18.772537Z,048/2026AE - Estudo de Linguagens - Stricto Sensu Mestrado/Doutorado - Aluno Especial,Inscrições para o processo seletivo da UNEB: 048/2026AE - Estudo de Linguagens - Stricto Sensu Mestrado/Doutorado - Aluno Especial. Período de inscrições de 29/06/2026 a 10/07/2026. Consulte o edital completo no portal SSPPG UNEB.,UNEB,Doutorado - Aluno Especial,Humanas e Sociais,15,2026-06-29T12:00:00Z,2026-07-10T23:59:59Z,https://ssppg.uneb.br/inicio/editalExterno/1563?selecao=1563,Encerrado,2026-06-29T12:00:00Z,UNEB SSPPG
2026-08-21T03:41:18.772537Z,061/2026AE - Educação e Formação Docente - Stricto Sensu Mestrado - Aluno Especial,Inscrições para o processo seletivo da UNEB: 061/2026AE - Educação e Formação Docente - Stricto Sensu Mestrado - Aluno Especial. Período de inscrições de 29/06/2026 a 10/07/2026. Consulte o edital completo no portal SSPPG UNEB.,UNEB,Mestrado - Aluno Especial,Educação,15,2026-06-29T12:00:00Z,2026-07-10T23:59:59Z,https://ssppg.uneb.br/inicio/editalExterno/1570?selecao=1570,Encerrado,2026-06-29T12:00:00Z,UNEB SSPPG
2026-08-21T03:41:18.772537Z,"058/2026AE - Estudos Africanos, Povos Indígenas e Culturas Negras - Stricto Sensu Mestrado - Aluno Especial","Inscrições para o processo seletivo da UNEB: 058/2026AE - Estudos Africanos, Povos Indígenas e Culturas Negras - Stricto Sensu Mestrado - Aluno Especial. Período de inscrições de 29/06/2026 a 10/07/2026. Consulte o edital completo no portal SSPPG UNEB.",UNEB,Mestrado - Aluno Especial,Educação,15,2026-06-29T12:00:00Z,2026-07-10T23:59:59Z,https://ssppg.uneb.br/inicio/editalExterno/1562?selecao=1562,Encerrado,2026-06-29T12:00:00Z,UNEB SSPPG
2026-08-21T03:41:18.772537Z,064/2026AE - Estudos Africanos e Representações da África - Stricto Sensu Mestrado - Aluno Especial,Inscrições para o processo seletivo da UNEB: 064/2026AE - Estudos Africanos e Representações da África - Stricto Sensu Mestrado - Aluno Especial. Período de inscrições de 03/07/2026 a 13/07/2026. Consulte o edital completo no portal SSPPG UNEB.,UNEB,Mestrado - Aluno Especial,Educação,15,2026-07-03T12:00:00Z,2026-07-13T23:59:59Z,https://ssppg.uneb.br/inicio/editalExterno/1576?selecao=1576,Encerrado,2026-07-03T12:00:00Z,UNEB SSPPG
2026-08-21T03:41:18.772537Z,059/20262AE - Ecologia Humana e Gestão Socioambiental - Stricto Sensu Mestrado/Doutorado - Aluno Especial,Inscrições para o processo seletivo da UNEB: 059/20262AE - Ecologia Humana e Gestão Socioambiental - Stricto Sensu Mestrado/Doutorado - Aluno Especial. Período de inscrições de 03/07/2026 a 10/07/2026. Consulte o edital completo no portal SSPPG UNEB.,UNEB,Doutorado - Aluno Especial,Gestão e Negócios,15,2026-07-03T12:00:00Z,2026-07-10T23:59:59Z,https://ssppg.uneb.br/inicio/editalExterno/1568?selecao=1568,Encerrado,2026-07-03T12:00:00Z,UNEB SSPPG
2026-08-21T03:41:18.772537Z,044/2026AE - Programa de Pós-Graduação em Letras - Stricto Sensu Mestrado - Aluno Especial,Inscrições para o processo seletivo da UNEB: 044/2026AE - Programa de Pós-Graduação em Letras - Stricto Sensu Mestrado - Aluno Especial. Período de inscrições de 03/07/2026 a 10/07/2026. Consulte o edital completo no portal SSPPG UNEB.,UNEB,Mestrado - Aluno Especial,Humanas e Sociais,15,2026-07-03T12:00:00Z,2026-07-10T23:59:59Z,https://ssppg.uneb.br/inicio/editalExterno/1558?selecao=1558,Encerrado,2026-07-03T12:00:00Z,UNEB SSPPG
2026-08-21T03:41:18.772537Z,063/2026AE - Ciências Farmacêuticas - Stricto Sensu Mestrado - Aluno Especial,Inscrições para o processo seletivo da UNEB: 063/2026AE - Ciências Farmacêuticas - Stricto Sensu Mestrado - Aluno Especial. Período de inscrições de 03/07/2026 a 13/07/2026. Consulte o edital completo no portal SSPPG UNEB.,UNEB,Mestrado - Aluno Especial,Educação,15,2026-07-03T12:00:00Z,2026-07-13T23:59:59Z,https://ssppg.uneb.br/inicio/editalExterno/1569?selecao=1569,Encerrado,2026-07-03T12:00:00Z,UNEB SSPPG
2026-08-22T03:33:40.973287Z,Edital nº 01 - Processo Seletivo Aluno Especial Doutorado 2026.2 - DOUTORADO EM ESTATÍSTICA E CIÊNCIAS DE DADOS,Inscrições abertas para o processo seletivo da UFBA de ingresso no curso: DOUTORADO EM ESTATÍSTICA E CIÊNCIAS DE DADOS. Vagas ofertadas: 5. Período de inscrições de 15/06/2026 a 10/07/2026. Consulte o edital completo no portal oficial da instituição.,UFBA,Doutorado - Aluno Especial,Engenharias e Exatas,5,2026-06-15T12:00:00Z,2026-07-10T12:00:00Z,https://sigaa.ufba.br/sigaa/public/processo_seletivo/lista.jsf?aba=p-processo&nivel=S,Encerrado,2026-06-15T12:00:00Z,UFBA SIGAA
2026-08-22T03:33:40.973287Z,Edital nº 01 - Processo Seletivo Aluno Especial Mestrado 2026.2 - MESTRADO EM ESTATÍSTICA E CIÊNCIAS DE DADOS,Inscrições abertas para o processo seletivo da UFBA de ingresso no curso: MESTRADO EM ESTATÍSTICA E CIÊNCIAS DE DADOS. Vagas ofertadas: 13. Período de inscrições de 15/06/2026 a 10/07/2026. Consulte o edital completo no portal oficial da instituição.,UFBA,Mestrado - Aluno Especial,Engenharias e Exatas,13,2026-06-15T12:00:00Z,2026-07-10T12:00:00Z,https://sigaa.ufba.br/sigaa/public/processo_seletivo/lista.jsf?aba=p-processo&nivel=S,Encerrado,2026-06-15T12:00:00Z,UFBA SIGAA
2026-08-22T03:33:40.973287Z,EDITAL DE ALUNO ESPECIAL 2026.2 DOUTORADO - DOUTORADO EM ARQUITETURA E URBANISMO,Inscrições abertas para o processo seletivo da UFBA de ingresso no curso: DOUTORADO EM ARQUITETURA E URBANISMO. Vagas ofertadas: 50. Período de inscrições de 12/06/2026 a 18/06/2026. Consulte o edital completo no portal oficial da instituição.,UFBA,Doutorado - Aluno Especial,Engenharias e Exatas,50,2026-06-12T12:00:00Z,2026-06-18T12:00:00Z,https://sigaa.ufba.br/sigaa/public/processo_seletivo/lista.jsf?aba=p-processo&nivel=S,Encerrado,2026-06-12T12:00:00Z,UFBA SIGAA
2026-08-22T03:33:40.973287Z,EDITAL DE ALUNO ESPECIAL 2026.2 MESTRADO - MESTRADO EM ARQUITETURA E URBANISMO,Inscrições abertas para o processo seletivo da UFBA de ingresso no curso: MESTRADO EM ARQUITETURA E URBANISMO. Vagas ofertadas: 50. Período de inscrições de 12/06/2026 a 18/06/2026. Consulte o edital completo no portal oficial da instituição.,UFBA,Mestrado - Aluno Especial,Engenharias e Exatas,50,2026-06-12T12:00:00Z,2026-06-18T12:00:00Z,https://sigaa.ufba.br/sigaa/public/processo_seletivo/lista.jsf?aba=p-processo&nivel=S,Encerrado,2026-06-12T12:00:00Z,UFBA SIGAA
2026-08-22T03:33:40.973287Z,PROCESSO SELETIVO IC-PGCOMP DOUTORADO PARA ALUNO ESPECIAL 2026.2 - DOUTORADO EM CIÊNCIA DA COMPUTAÇÃO,Inscrições abertas para o processo seletivo da UFBA de ingresso no curso: DOUTORADO EM CIÊNCIA DA COMPUTAÇÃO. Vagas ofertadas: 30. Período de inscrições de 12/06/2026 a 19/06/2026. Consulte o edital completo no portal oficial da instituição.,UFBA,Doutorado - Aluno Especial,Tecnologia e Informática,30,2026-06-12T12:00:00Z,2026-06-19T12:00:00Z,https://sigaa.ufba.br/sigaa/public/processo_seletivo/lista.jsf?aba=p-processo&nivel=S,Encerrado,2026-06-12T12:00:00Z,UFBA SIGAA
2026-08-22T03:33:40.973287Z,PROCESSO SELETIVO IC-PGCOMP MESTRADO PARA ALUNO ESPECIAL 2026.2 - MESTRADO EM CIÊNCIA DA COMPUTAÇÃO,Inscrições abertas para o processo seletivo da UFBA de ingresso no curso: MESTRADO EM CIÊNCIA DA COMPUTAÇÃO. Vagas ofertadas: 70. Período de inscrições de 12/06/2026 a 19/06/2026. Consulte o edital completo no portal oficial da instituição.,UFBA,Mestrado - Aluno Especial,Tecnologia e Informática,70,2026-06-12T12:00:00Z,2026-06-19T12:00:00Z,https://sigaa.ufba.br/sigaa/public/processo_seletivo/lista.jsf?aba=p-processo&nivel=S,Encerrado,2026-06-12T12:00:00Z,UFBA SIGAA
2026-08-22T03:33:40.973287Z,EDITAL nº 02/2026 - SELEÇÃO PARA ALUNO ESPECIAL - SEMESTRE LETIVO 2026.2 - MESTRADO EM EDUCAÇÃO,Inscrições abertas para o processo seletivo da UFBA de ingresso no curso: MESTRADO EM EDUCAÇÃO. Vagas ofertadas: 102. Período de inscrições de 09/06/2026 a 12/06/2026. Consulte o edital completo no portal oficial da instituição.,UFBA,Mestrado - Aluno Especial,Educação,102,2026-06-09T12:00:00Z,2026-06-12T12:00:00Z,https://sigaa.ufba.br/sigaa/public/processo_seletivo/lista.jsf?aba=p-processo&nivel=S,Encerrado,2026-06-09T12:00:00Z,UFBA SIGAA
2026-08-22T03:33:40.973287Z,PROCESSO SELETIVO PARA INGRESSO DE ALUNO ESPECIAL DOUTORADO- PGENF 2026.2 - DOUTORADO EM ENFERMAGEM E SAÚDE,Inscrições abertas para o processo seletivo da UFBA de ingresso no curso: DOUTORADO EM ENFERMAGEM E SAÚDE. Vagas ofertadas: 30. Período de inscrições de 09/06/2026 a 15/06/2026. Consulte o edital completo no portal oficial da instituição.,UFBA,Doutorado - Aluno Especial,Saúde e Biológicas,30,2026-06-09T12:00:00Z,2026-06-15T12:00:00Z,https://sigaa.ufba.br/sigaa/public/processo_seletivo/lista.jsf?aba=p-processo&nivel=S,Encerrado,2026-06-09T12:00:00Z,UFBA SIGAA
2026-08-22T03:33:40.973287Z,PROCESSO SELETIVO PARA INGRESSO DE ALUNO ESPECIAL MESTRADO- PGENF 2026.2 - MESTRADO EM ENFERMAGEM E SAÚDE,Inscrições abertas para o processo seletivo da UFBA de ingresso no curso: MESTRADO EM ENFERMAGEM E SAÚDE. Vagas ofertadas: 60. Período de inscrições de 09/06/2026 a 15/06/2026. Consulte o edital completo no portal oficial da instituição.,UFBA,Mestrado - Aluno Especial,Saúde e Biológicas,60,2026-06-09T12:00:00Z,2026-06-15T12:00:00Z,https://sigaa.ufba.br/sigaa/public/processo_seletivo/lista.jsf?aba=p-processo&nivel=S,Encerrado,2026-06-09T12:00:00Z,UFBA SIGAA
2026-08-22T03:33:40.973287Z,SELEÇÃO DE ALUNO/A ESPECIAL DO PPGCS - 2026.2 - MESTRADO EM CIÊNCIAS SOCIAIS,Inscrições abertas para o processo seletivo da UFBA de ingresso no curso: MESTRADO EM CIÊNCIAS SOCIAIS. Vagas ofertadas: 45. Período de inscrições de 05/06/2026 a 12/06/2026. Consulte o edital completo no portal oficial da instituição.,UFBA,Mestrado - Aluno Especial,Saúde e Biológicas,45,2026-06-05T12:00:00Z,2026-06-12T12:00:00Z,https://sigaa.ufba.br/sigaa/public/processo_seletivo/lista.jsf?aba=p-processo&nivel=S,Encerrado,2026-06-05T12:00:00Z,UFBA SIGAA
2026-08-22T03:33:40.973287Z,SELEÇÃO PARA ALUNO ESPECIAL PPGCONT 2026.2 - MESTRADO EM CONTABILIDADE,Inscrições abertas para o processo seletivo da UFBA de ingresso no curso: MESTRADO EM CONTABILIDADE. Vagas ofertadas: 80. Período de inscrições de 05/06/2026 a 12/06/2026. Consulte o edital completo no portal oficial da instituição.,UFBA,Mestrado - Aluno Especial,Saúde e Biológicas,80,2026-06-05T12:00:00Z,2026-06-12T12:00:00Z,https://sigaa.ufba.br/sigaa/public/processo_seletivo/lista.jsf?aba=p-processo&nivel=S,Encerrado,2026-06-05T12:00:00Z,UFBA SIGAA
2026-08-22T03:33:40.973287Z,function dpf(f) {var adp = f.adp;if (adp != null) {for (var i = 0;i EDITAL Nº 01/2026 - SELEÇÃO ALUNO ESPECIAL – SEMESTRE LETIVO 2026.1 - ESTUDOS DE L,Inscrições abertas para o processo seletivo da UNILAB de ingresso no curso: ESTUDOS DE LINGUAGEM: CONTEXTOS LUSÓFONOS BRASIL-ÁFRICA. Vagas ofertadas: 10. Período de inscrições de 01/07/2026 a 17/07/2026. Consulte o edital completo no portal oficial da instituição.,UNILAB,Mestrado - Aluno Especial,Saúde e Biológicas,10,2026-07-01T12:00:00Z,2026-07-17T12:00:00Z,https://sigaa.unilab.edu.br/sigaa/public/processo_seletivo/lista.jsf?aba=p-processo&nivel=S,Encerrado,2026-07-01T12:00:00Z,UNILAB SIGAA
2026-08-22T03:33:40.973287Z,049/2026AE - Química Aplicada - Stricto Sensu Mestrado - Aluno Especial,Inscrições para o processo seletivo da UNEB: 049/2026AE - Química Aplicada - Stricto Sensu Mestrado - Aluno Especial. Período de inscrições de 15/06/2026 a 10/07/2026. Consulte o edital completo no portal SSPPG UNEB.,UNEB,Mestrado - Aluno Especial,Engenharias e Exatas,15,2026-06-15T12:00:00Z,2026-07-10T23:59:59Z,https://ssppg.uneb.br/inicio/editalExterno/1561?selecao=1561,Encerrado,2026-06-15T12:00:00Z,UNEB SSPPG
2026-08-22T03:33:40.973287Z,050/2026AE - Educação e Contemporaneidade - Stricto Sensu Mestrado/Doutorado - Aluno Especial,Inscrições para o processo seletivo da UNEB: 050/2026AE - Educação e Contemporaneidade - Stricto Sensu Mestrado/Doutorado - Aluno Especial. Período de inscrições de 15/06/2026 a 06/07/2026. Consulte o edital completo no portal SSPPG UNEB.,UNEB,Doutorado - Aluno Especial,Educação,15,2026-06-15T12:00:00Z,2026-07-06T23:59:59Z,https://ssppg.uneb.br/inicio/editalExterno/1559?selecao=1559,Encerrado,2026-06-15T12:00:00Z,UNEB SSPPG
2026-08-22T03:33:40.973287Z,038/2026AE - Intervenção Educativa e Social - Stricto Sensu Mestrado - Aluno Especial,Inscrições para o processo seletivo da UNEB: 038/2026AE - Intervenção Educativa e Social - Stricto Sensu Mestrado - Aluno Especial. Período de inscrições de 15/06/2026 a 06/07/2026. Consulte o edital completo no portal SSPPG UNEB.,UNEB,Mestrado - Aluno Especial,Educação,15,2026-06-15T12:00:00Z,2026-07-06T23:59:59Z,https://ssppg.uneb.br/inicio/editalExterno/1554?selecao=1554,Encerrado,2026-06-15T12:00:00Z,UNEB SSPPG
2026-08-22T03:33:40.973287Z,053/2026AEME - Crítica Cultural - Stricto Sensu Mestrado - Aluno Especial,Inscrições para o processo seletivo da UNEB: 053/2026AEME - Crítica Cultural - Stricto Sensu Mestrado - Aluno Especial. Período de inscrições de 23/06/2026 a 06/07/2026. Consulte o edital completo no portal SSPPG UNEB.,UNEB,Mestrado - Aluno Especial,Educação,15,2026-06-23T12:00:00Z,2026-07-06T23:59:59Z,https://ssppg.uneb.br/inicio/editalExterno/1565?selecao=1565,Encerrado,2026-06-23T12:00:00Z,UNEB SSPPG
2026-08-22T03:33:40.973287Z,053/2026AEDO - Crítica Cultural - Stricto Sensu Doutorado - Aluno Especial,Inscrições para o processo seletivo da UNEB: 053/2026AEDO - Crítica Cultural - Stricto Sensu Doutorado - Aluno Especial. Período de inscrições de 23/06/2026 a 06/07/2026. Consulte o edital completo no portal SSPPG UNEB.,UNEB,Doutorado - Aluno Especial,Educação,15,2026-06-23T12:00:00Z,2026-07-06T23:59:59Z,https://ssppg.uneb.br/inicio/editalExterno/1567?selecao=1567,Encerrado,2026-06-23T12:00:00Z,UNEB SSPPG
2026-08-22T03:33:40.973287Z,055/2026AE - Educação e Diversidade - Stricto Sensu Mestrado - Aluno Especial,Inscrições para o processo seletivo da UNEB: 055/2026AE - Educação e Diversidade - Stricto Sensu Mestrado - Aluno Especial. Período de inscrições de 25/06/2026 a 08/07/2026. Consulte o edital completo no portal SSPPG UNEB.,UNEB,Mestrado - Aluno Especial,Educação,15,2026-06-25T12:00:00Z,2026-07-08T23:59:59Z,https://ssppg.uneb.br/inicio/editalExterno/1560?selecao=1560,Encerrado,2026-06-25T12:00:00Z,UNEB SSPPG
2026-08-22T03:33:40.973287Z,054/2026AE - ESTUDOS TERRITORIAIS - Stricto Sensu Mestrado - Aluno Especial,Inscrições para o processo seletivo da UNEB: 054/2026AE - ESTUDOS TERRITORIAIS - Stricto Sensu Mestrado - Aluno Especial. Período de inscrições de 25/06/2026 a 06/07/2026. Consulte o edital completo no portal SSPPG UNEB.,UNEB,Mestrado - Aluno Especial,Educação,15,2026-06-25T12:00:00Z,2026-07-06T23:59:59Z,https://ssppg.uneb.br/inicio/editalExterno/1557?selecao=1557,Encerrado,2026-06-25T12:00:00Z,UNEB SSPPG
2026-08-22T03:33:40.973287Z,"056/2026AE - ENSINO, LINGUAGEM E SOCIEDADE - Stricto Sensu Mestrado - Aluno Especial","Inscrições para o processo seletivo da UNEB: 056/2026AE - ENSINO, LINGUAGEM E SOCIEDADE - Stricto Sensu Mestrado - Aluno Especial. Período de inscrições de 26/06/2026 a 09/07/2026. Consulte o edital completo no portal SSPPG UNEB.",UNEB,Mestrado - Aluno Especial,Educação,15,2026-06-26T12:00:00Z,2026-07-09T23:59:59Z,https://ssppg.uneb.br/inicio/editalExterno/1564?selecao=1564,Encerrado,2026-06-26T12:00:00Z,UNEB SSPPG
2026-08-22T03:33:40.973287Z,048/2026AE - Estudo de Linguagens - Stricto Sensu Mestrado/Doutorado - Aluno Especial,Inscrições para o processo seletivo da UNEB: 048/2026AE - Estudo de Linguagens - Stricto Sensu Mestrado/Doutorado - Aluno Especial. Período de inscrições de 29/06/2026 a 10/07/2026. Consulte o edital completo no portal SSPPG UNEB.,UNEB,Doutorado - Aluno Especial,Humanas e Sociais,15,2026-06-29T12:00:00Z,2026-07-10T23:59:59Z,https://ssppg.uneb.br/inicio/editalExterno/1563?selecao=1563,Encerrado,2026-06-29T12:00:00Z,UNEB SSPPG
2026-08-22T03:33:40.973287Z,061/2026AE - Educação e Formação Docente - Stricto Sensu Mestrado - Aluno Especial,Inscrições para o processo seletivo da UNEB: 061/2026AE - Educação e Formação Docente - Stricto Sensu Mestrado - Aluno Especial. Período de inscrições de 29/06/2026 a 10/07/2026. Consulte o edital completo no portal SSPPG UNEB.,UNEB,Mestrado - Aluno Especial,Educação,15,2026-06-29T12:00:00Z,2026-07-10T23:59:59Z,https://ssppg.uneb.br/inicio/editalExterno/1570?selecao=1570,Encerrado,2026-06-29T12:00:00Z,UNEB SSPPG
2026-08-22T03:33:40.973287Z,"058/2026AE - Estudos Africanos, Povos Indígenas e Culturas Negras - Stricto Sensu Mestrado - Aluno Especial","Inscrições para o processo seletivo da UNEB: 058/2026AE - Estudos Africanos, Povos Indígenas e Culturas Negras - Stricto Sensu Mestrado - Aluno Especial. Período de inscrições de 29/06/2026 a 10/07/2026. Consulte o edital completo no portal SSPPG UNEB.",UNEB,Mestrado - Aluno Especial,Educação,15,2026-06-29T12:00:00Z,2026-07-10T23:59:59Z,https://ssppg.uneb.br/inicio/editalExterno/1562?selecao=1562,Encerrado,2026-06-29T12:00:00Z,UNEB SSPPG
2026-08-22T03:33:40.973287Z,064/2026AE - Estudos Africanos e Representações da África - Stricto Sensu Mestrado - Aluno Especial,Inscrições para o processo seletivo da UNEB: 064/2026AE - Estudos Africanos e Representações da África - Stricto Sensu Mestrado - Aluno Especial. Período de inscrições de 03/07/2026 a 13/07/2026. Consulte o edital completo no portal SSPPG UNEB.,UNEB,Mestrado - Aluno Especial,Educação,15,2026-07-03T12:00:00Z,2026-07-13T23:59:59Z,https://ssppg.uneb.br/inicio/editalExterno/1576?selecao=1576,Encerrado,2026-07-03T12:00:00Z,UNEB SSPPG
2026-08-22T03:33:40.973287Z,059/20262AE - Ecologia Humana e Gestão Socioambiental - Stricto Sensu Mestrado/Doutorado - Aluno Especial,Inscrições para o processo seletivo da UNEB: 059/20262AE - Ecologia Humana e Gestão Socioambiental - Stricto Sensu Mestrado/Doutorado - Aluno Especial. Período de inscrições de 03/07/2026 a 10/07/2026. Consulte o edital completo no portal SSPPG UNEB.,UNEB,Doutorado - Aluno Especial,Gestão e Negócios,15,2026-07-03T12:00:00Z,2026-07-10T23:59:59Z,https://ssppg.uneb.br/inicio/editalExterno/1568?selecao=1568,Encerrado,2026-07-03T12:00:00Z,UNEB SSPPG
2026-08-22T03:33:40.973287Z,044/2026AE - Programa de Pós-Graduação em Letras - Stricto Sensu Mestrado - Aluno Especial,Inscrições para o processo seletivo da UNEB: 044/2026AE - Programa de Pós-Graduação em Letras - Stricto Sensu Mestrado - Aluno Especial. Período de inscrições de 03/07/2026 a 10/07/2026. Consulte o edital completo no portal SSPPG UNEB.,UNEB,Mestrado - Aluno Especial,Humanas e Sociais,15,2026-07-03T12:00:00Z,2026-07-10T23:59:59Z,https://ssppg.uneb.br/inicio/editalExterno/1558?selecao=1558,Encerrado,2026-07-03T12:00:00Z,UNEB SSPPG
2026-08-22T03:33:40.973287Z,063/2026AE - Ciências Farmacêuticas - Stricto Sensu Mestrado - Aluno Especial,Inscrições para o processo seletivo da UNEB: 063/2026AE - Ciências Farmacêuticas - Stricto Sensu Mestrado - Aluno Especial. Período de inscrições de 03/07/2026 a 13/07/2026. Consulte o edital completo no portal SSPPG UNEB.,UNEB,Mestrado - Aluno Especial,Educação,15,2026-07-03T12:00:00Z,2026-07-13T23:59:59Z,https://ssppg.uneb.br/inicio/editalExterno/1569?selecao=1569,Encerrado,2026-07-03T12:00:00Z,UNEB SSPPG
2026-08-23T03:41:19.826019Z,Edital nº 01 - Processo Seletivo Aluno Especial Doutorado 2026.2 - DOUTORADO EM ESTATÍSTICA E CIÊNCIAS DE DADOS,Inscrições abertas para o processo seletivo da UFBA de ingresso no curso: DOUTORADO EM ESTATÍSTICA E CIÊNCIAS DE DADOS. Vagas ofertadas: 5. Período de inscrições de 15/06/2026 a 10/07/2026. Consulte o edital completo no portal oficial da instituição.,UFBA,Doutorado - Aluno Especial,Engenharias e Exatas,5,2026-06-15T12:00:00Z,2026-07-10T12:00:00Z,https://sigaa.ufba.br/sigaa/public/processo_seletivo/lista.jsf?aba=p-processo&nivel=S,Encerrado,2026-06-15T12:00:00Z,UFBA SIGAA
2026-08-23T03:41:19.826019Z,Edital nº 01 - Processo Seletivo Aluno Especial Mestrado 2026.2 - MESTRADO EM ESTATÍSTICA E CIÊNCIAS DE DADOS,Inscrições abertas para o processo seletivo da UFBA de ingresso no curso: MESTRADO EM ESTATÍSTICA E CIÊNCIAS DE DADOS. Vagas ofertadas: 13. Período de inscrições de 15/06/2026 a 10/07/2026. Consulte o edital completo no portal oficial da instituição.,UFBA,Mestrado - Aluno Especial,Engenharias e Exatas,13,2026-06-15T12:00:00Z,2026-07-10T12:00:00Z,https://sigaa.ufba.br/sigaa/public/processo_seletivo/lista.jsf?aba=p-processo&nivel=S,Encerrado,2026-06-15T12:00:00Z,UFBA SIGAA
2026-08-23T03:41:19.826019Z,EDITAL DE ALUNO ESPECIAL 2026.2 DOUTORADO - DOUTORADO EM ARQUITETURA E URBANISMO,Inscrições abertas para o processo seletivo da UFBA de ingresso no curso: DOUTORADO EM ARQUITETURA E URBANISMO. Vagas ofertadas: 50. Período de inscrições de 12/06/2026 a 18/06/2026. Consulte o edital completo no portal oficial da instituição.,UFBA,Doutorado - Aluno Especial,Engenharias e Exatas,50,2026-06-12T12:00:00Z,2026-06-18T12:00:00Z,https://sigaa.ufba.br/sigaa/public/processo_seletivo/lista.jsf?aba=p-processo&nivel=S,Encerrado,2026-06-12T12:00:00Z,UFBA SIGAA
2026-08-23T03:41:19.826019Z,EDITAL DE ALUNO ESPECIAL 2026.2 MESTRADO - MESTRADO EM ARQUITETURA E URBANISMO,Inscrições abertas para o processo seletivo da UFBA de ingresso no curso: MESTRADO EM ARQUITETURA E URBANISMO. Vagas ofertadas: 50. Período de inscrições de 12/06/2026 a 18/06/2026. Consulte o edital completo no portal oficial da instituição.,UFBA,Mestrado - Aluno Especial,Engenharias e Exatas,50,2026-06-12T12:00:00Z,2026-06-18T12:00:00Z,https://sigaa.ufba.br/sigaa/public/processo_seletivo/lista.jsf?aba=p-processo&nivel=S,Encerrado,2026-06-12T12:00:00Z,UFBA SIGAA
2026-08-23T03:41:19.826019Z,PROCESSO SELETIVO IC-PGCOMP DOUTORADO PARA ALUNO ESPECIAL 2026.2 - DOUTORADO EM CIÊNCIA DA COMPUTAÇÃO,Inscrições abertas para o processo seletivo da UFBA de ingresso no curso: DOUTORADO EM CIÊNCIA DA COMPUTAÇÃO. Vagas ofertadas: 30. Período de inscrições de 12/06/2026 a 19/06/2026. Consulte o edital completo no portal oficial da instituição.,UFBA,Doutorado - Aluno Especial,Tecnologia e Informática,30,2026-06-12T12:00:00Z,2026-06-19T12:00:00Z,https://sigaa.ufba.br/sigaa/public/processo_seletivo/lista.jsf?aba=p-processo&nivel=S,Encerrado,2026-06-12T12:00:00Z,UFBA SIGAA
2026-08-23T03:41:19.826019Z,PROCESSO SELETIVO IC-PGCOMP MESTRADO PARA ALUNO ESPECIAL 2026.2 - MESTRADO EM CIÊNCIA DA COMPUTAÇÃO,Inscrições abertas para o processo seletivo da UFBA de ingresso no curso: MESTRADO EM CIÊNCIA DA COMPUTAÇÃO. Vagas ofertadas: 70. Período de inscrições de 12/06/2026 a 19/06/2026. Consulte o edital completo no portal oficial da instituição.,UFBA,Mestrado - Aluno Especial,Tecnologia e Informática,70,2026-06-12T12:00:00Z,2026-06-19T12:00:00Z,https://sigaa.ufba.br/sigaa/public/processo_seletivo/lista.jsf?aba=p-processo&nivel=S,Encerrado,2026-06-12T12:00:00Z,UFBA SIGAA
2026-08-23T03:41:19.826019Z,EDITAL nº 02/2026 - SELEÇÃO PARA ALUNO ESPECIAL - SEMESTRE LETIVO 2026.2 - MESTRADO EM EDUCAÇÃO,Inscrições abertas para o processo seletivo da UFBA de ingresso no curso: MESTRADO EM EDUCAÇÃO. Vagas ofertadas: 102. Período de inscrições de 09/06/2026 a 12/06/2026. Consulte o edital completo no portal oficial da instituição.,UFBA,Mestrado - Aluno Especial,Educação,102,2026-06-09T12:00:00Z,2026-06-12T12:00:00Z,https://sigaa.ufba.br/sigaa/public/processo_seletivo/lista.jsf?aba=p-processo&nivel=S,Encerrado,2026-06-09T12:00:00Z,UFBA SIGAA
2026-08-23T03:41:19.826019Z,PROCESSO SELETIVO PARA INGRESSO DE ALUNO ESPECIAL DOUTORADO- PGENF 2026.2 - DOUTORADO EM ENFERMAGEM E SAÚDE,Inscrições abertas para o processo seletivo da UFBA de ingresso no curso: DOUTORADO EM ENFERMAGEM E SAÚDE. Vagas ofertadas: 30. Período de inscrições de 09/06/2026 a 15/06/2026. Consulte o edital completo no portal oficial da instituição.,UFBA,Doutorado - Aluno Especial,Saúde e Biológicas,30,2026-06-09T12:00:00Z,2026-06-15T12:00:00Z,https://sigaa.ufba.br/sigaa/public/processo_seletivo/lista.jsf?aba=p-processo&nivel=S,Encerrado,2026-06-09T12:00:00Z,UFBA SIGAA
2026-08-23T03:41:19.826019Z,PROCESSO SELETIVO PARA INGRESSO DE ALUNO ESPECIAL MESTRADO- PGENF 2026.2 - MESTRADO EM ENFERMAGEM E SAÚDE,Inscrições abertas para o processo seletivo da UFBA de ingresso no curso: MESTRADO EM ENFERMAGEM E SAÚDE. Vagas ofertadas: 60. Período de inscrições de 09/06/2026 a 15/06/2026. Consulte o edital completo no portal oficial da instituição.,UFBA,Mestrado - Aluno Especial,Saúde e Biológicas,60,2026-06-09T12:00:00Z,2026-06-15T12:00:00Z,https://sigaa.ufba.br/sigaa/public/processo_seletivo/lista.jsf?aba=p-processo&nivel=S,Encerrado,2026-06-09T12:00:00Z,UFBA SIGAA
2026-08-23T03:41:19.826019Z,SELEÇÃO DE ALUNO/A ESPECIAL DO PPGCS - 2026.2 - MESTRADO EM CIÊNCIAS SOCIAIS,Inscrições abertas para o processo seletivo da UFBA de ingresso no curso: MESTRADO EM CIÊNCIAS SOCIAIS. Vagas ofertadas: 45. Período de inscrições de 05/06/2026 a 12/06/2026. Consulte o edital completo no portal oficial da instituição.,UFBA,Mestrado - Aluno Especial,Saúde e Biológicas,45,2026-06-05T12:00:00Z,2026-06-12T12:00:00Z,https://sigaa.ufba.br/sigaa/public/processo_seletivo/lista.jsf?aba=p-processo&nivel=S,Encerrado,2026-06-05T12:00:00Z,UFBA SIGAA
2026-08-23T03:41:19.826019Z,SELEÇÃO PARA ALUNO ESPECIAL PPGCONT 2026.2 - MESTRADO EM CONTABILIDADE,Inscrições abertas para o processo seletivo da UFBA de ingresso no curso: MESTRADO EM CONTABILIDADE. Vagas ofertadas: 80. Período de inscrições de 05/06/2026 a 12/06/2026. Consulte o edital completo no portal oficial da instituição.,UFBA,Mestrado - Aluno Especial,Saúde e Biológicas,80,2026-06-05T12:00:00Z,2026-06-12T12:00:00Z,https://sigaa.ufba.br/sigaa/public/processo_seletivo/lista.jsf?aba=p-processo&nivel=S,Encerrado,2026-06-05T12:00:00Z,UFBA SIGAA
2026-08-23T03:41:19.826019Z,function dpf(f) {var adp = f.adp;if (adp != null) {for (var i = 0;i EDITAL Nº 01/2026 - SELEÇÃO ALUNO ESPECIAL – SEMESTRE LETIVO 2026.1 - ESTUDOS DE L,Inscrições abertas para o processo seletivo da UNILAB de ingresso no curso: ESTUDOS DE LINGUAGEM: CONTEXTOS LUSÓFONOS BRASIL-ÁFRICA. Vagas ofertadas: 10. Período de inscrições de 01/07/2026 a 17/07/2026. Consulte o edital completo no portal oficial da instituição.,UNILAB,Mestrado - Aluno Especial,Saúde e Biológicas,10,2026-07-01T12:00:00Z,2026-07-17T12:00:00Z,https://sigaa.unilab.edu.br/sigaa/public/processo_seletivo/lista.jsf?aba=p-processo&nivel=S,Encerrado,2026-07-01T12:00:00Z,UNILAB SIGAA
2026-08-23T03:41:19.826019Z,049/2026AE - Química Aplicada - Stricto Sensu Mestrado - Aluno Especial,Inscrições para o processo seletivo da UNEB: 049/2026AE - Química Aplicada - Stricto Sensu Mestrado - Aluno Especial. Período de inscrições de 15/06/2026 a 10/07/2026. Consulte o edital completo no portal SSPPG UNEB.,UNEB,Mestrado - Aluno Especial,Engenharias e Exatas,15,2026-06-15T12:00:00Z,2026-07-10T23:59:59Z,https://ssppg.uneb.br/inicio/editalExterno/1561?selecao=1561,Encerrado,2026-06-15T12:00:00Z,UNEB SSPPG
2026-08-23T03:41:19.826019Z,050/2026AE - Educação e Contemporaneidade - Stricto Sensu Mestrado/Doutorado - Aluno Especial,Inscrições para o processo seletivo da UNEB: 050/2026AE - Educação e Contemporaneidade - Stricto Sensu Mestrado/Doutorado - Aluno Especial. Período de inscrições de 15/06/2026 a 06/07/2026. Consulte o edital completo no portal SSPPG UNEB.,UNEB,Doutorado - Aluno Especial,Educação,15,2026-06-15T12:00:00Z,2026-07-06T23:59:59Z,https://ssppg.uneb.br/inicio/editalExterno/1559?selecao=1559,Encerrado,2026-06-15T12:00:00Z,UNEB SSPPG
2026-08-23T03:41:19.826019Z,038/2026AE - Intervenção Educativa e Social - Stricto Sensu Mestrado - Aluno Especial,Inscrições para o processo seletivo da UNEB: 038/2026AE - Intervenção Educativa e Social - Stricto Sensu Mestrado - Aluno Especial. Período de inscrições de 15/06/2026 a 06/07/2026. Consulte o edital completo no portal SSPPG UNEB.,UNEB,Mestrado - Aluno Especial,Educação,15,2026-06-15T12:00:00Z,2026-07-06T23:59:59Z,https://ssppg.uneb.br/inicio/editalExterno/1554?selecao=1554,Encerrado,2026-06-15T12:00:00Z,UNEB SSPPG
2026-08-23T03:41:19.826019Z,053/2026AEME - Crítica Cultural - Stricto Sensu Mestrado - Aluno Especial,Inscrições para o processo seletivo da UNEB: 053/2026AEME - Crítica Cultural - Stricto Sensu Mestrado - Aluno Especial. Período de inscrições de 23/06/2026 a 06/07/2026. Consulte o edital completo no portal SSPPG UNEB.,UNEB,Mestrado - Aluno Especial,Educação,15,2026-06-23T12:00:00Z,2026-07-06T23:59:59Z,https://ssppg.uneb.br/inicio/editalExterno/1565?selecao=1565,Encerrado,2026-06-23T12:00:00Z,UNEB SSPPG
2026-08-23T03:41:19.826019Z,053/2026AEDO - Crítica Cultural - Stricto Sensu Doutorado - Aluno Especial,Inscrições para o processo seletivo da UNEB: 053/2026AEDO - Crítica Cultural - Stricto Sensu Doutorado - Aluno Especial. Período de inscrições de 23/06/2026 a 06/07/2026. Consulte o edital completo no portal SSPPG UNEB.,UNEB,Doutorado - Aluno Especial,Educação,15,2026-06-23T12:00:00Z,2026-07-06T23:59:59Z,https://ssppg.uneb.br/inicio/editalExterno/1567?selecao=1567,Encerrado,2026-06-23T12:00:00Z,UNEB SSPPG
2026-08-23T03:41:19.826019Z,055/2026AE - Educação e Diversidade - Stricto Sensu Mestrado - Aluno Especial,Inscrições para o processo seletivo da UNEB: 055/2026AE - Educação e Diversidade - Stricto Sensu Mestrado - Aluno Especial. Período de inscrições de 25/06/2026 a 08/07/2026. Consulte o edital completo no portal SSPPG UNEB.,UNEB,Mestrado - Aluno Especial,Educação,15,2026-06-25T12:00:00Z,2026-07-08T23:59:59Z,https://ssppg.uneb.br/inicio/editalExterno/1560?selecao=1560,Encerrado,2026-06-25T12:00:00Z,UNEB SSPPG
2026-08-23T03:41:19.826019Z,054/2026AE - ESTUDOS TERRITORIAIS - Stricto Sensu Mestrado - Aluno Especial,Inscrições para o processo seletivo da UNEB: 054/2026AE - ESTUDOS TERRITORIAIS - Stricto Sensu Mestrado - Aluno Especial. Período de inscrições de 25/06/2026 a 06/07/2026. Consulte o edital completo no portal SSPPG UNEB.,UNEB,Mestrado - Aluno Especial,Educação,15,2026-06-25T12:00:00Z,2026-07-06T23:59:59Z,https://ssppg.uneb.br/inicio/editalExterno/1557?selecao=1557,Encerrado,2026-06-25T12:00:00Z,UNEB SSPPG
2026-08-23T03:41:19.826019Z,"056/2026AE - ENSINO, LINGUAGEM E SOCIEDADE - Stricto Sensu Mestrado - Aluno Especial","Inscrições para o processo seletivo da UNEB: 056/2026AE - ENSINO, LINGUAGEM E SOCIEDADE - Stricto Sensu Mestrado - Aluno Especial. Período de inscrições de 26/06/2026 a 09/07/2026. Consulte o edital completo no portal SSPPG UNEB.",UNEB,Mestrado - Aluno Especial,Educação,15,2026-06-26T12:00:00Z,2026-07-09T23:59:59Z,https://ssppg.uneb.br/inicio/editalExterno/1564?selecao=1564,Encerrado,2026-06-26T12:00:00Z,UNEB SSPPG
2026-08-23T03:41:19.826019Z,048/2026AE - Estudo de Linguagens - Stricto Sensu Mestrado/Doutorado - Aluno Especial,Inscrições para o processo seletivo da UNEB: 048/2026AE - Estudo de Linguagens - Stricto Sensu Mestrado/Doutorado - Aluno Especial. Período de inscrições de 29/06/2026 a 10/07/2026. Consulte o edital completo no portal SSPPG UNEB.,UNEB,Doutorado - Aluno Especial,Humanas e Sociais,15,2026-06-29T12:00:00Z,2026-07-10T23:59:59Z,https://ssppg.uneb.br/inicio/editalExterno/1563?selecao=1563,Encerrado,2026-06-29T12:00:00Z,UNEB SSPPG
2026-08-23T03:41:19.826019Z,061/2026AE - Educação e Formação Docente - Stricto Sensu Mestrado - Aluno Especial,Inscrições para o processo seletivo da UNEB: 061/2026AE - Educação e Formação Docente - Stricto Sensu Mestrado - Aluno Especial. Período de inscrições de 29/06/2026 a 10/07/2026. Consulte o edital completo no portal SSPPG UNEB.,UNEB,Mestrado - Aluno Especial,Educação,15,2026-06-29T12:00:00Z,2026-07-10T23:59:59Z,https://ssppg.uneb.br/inicio/editalExterno/1570?selecao=1570,Encerrado,2026-06-29T12:00:00Z,UNEB SSPPG
2026-08-23T03:41:19.826019Z,"058/2026AE - Estudos Africanos, Povos Indígenas e Culturas Negras - Stricto Sensu Mestrado - Aluno Especial","Inscrições para o processo seletivo da UNEB: 058/2026AE - Estudos Africanos, Povos Indígenas e Culturas Negras - Stricto Sensu Mestrado - Aluno Especial. Período de inscrições de 29/06/2026 a 10/07/2026. Consulte o edital completo no portal SSPPG UNEB.",UNEB,Mestrado - Aluno Especial,Educação,15,2026-06-29T12:00:00Z,2026-07-10T23:59:59Z,https://ssppg.uneb.br/inicio/editalExterno/1562?selecao=1562,Encerrado,2026-06-29T12:00:00Z,UNEB SSPPG
2026-08-23T03:41:19.826019Z,064/2026AE - Estudos Africanos e Representações da África - Stricto Sensu Mestrado - Aluno Especial,Inscrições para o processo seletivo da UNEB: 064/2026AE - Estudos Africanos e Representações da África - Stricto Sensu Mestrado - Aluno Especial. Período de inscrições de 03/07/2026 a 13/07/2026. Consulte o edital completo no portal SSPPG UNEB.,UNEB,Mestrado - Aluno Especial,Educação,15,2026-07-03T12:00:00Z,2026-07-13T23:59:59Z,https://ssppg.uneb.br/inicio/editalExterno/1576?selecao=1576,Encerrado,2026-07-03T12:00:00Z,UNEB SSPPG
2026-08-23T03:41:19.826019Z,059/20262AE - Ecologia Humana e Gestão Socioambiental - Stricto Sensu Mestrado/Doutorado - Aluno Especial,Inscrições para o processo seletivo da UNEB: 059/20262AE - Ecologia Humana e Gestão Socioambiental - Stricto Sensu Mestrado/Doutorado - Aluno Especial. Período de inscrições de 03/07/2026 a 10/07/2026. Consulte o edital completo no portal SSPPG UNEB.,UNEB,Doutorado - Aluno Especial,Gestão e Negócios,15,2026-07-03T12:00:00Z,2026-07-10T23:59:59Z,https://ssppg.uneb.br/inicio/editalExterno/1568?selecao=1568,Encerrado,2026-07-03T12:00:00Z,UNEB SSPPG
2026-08-23T03:41:19.826019Z,044/2026AE - Programa de Pós-Graduação em Letras - Stricto Sensu Mestrado - Aluno Especial,Inscrições para o processo seletivo da UNEB: 044/2026AE - Programa de Pós-Graduação em Letras - Stricto Sensu Mestrado - Aluno Especial. Período de inscrições de 03/07/2026 a 10/07/2026. Consulte o edital completo no portal SSPPG UNEB.,UNEB,Mestrado - Aluno Especial,Humanas e Sociais,15,2026-07-03T12:00:00Z,2026-07-10T23:59:59Z,https://ssppg.uneb.br/inicio/editalExterno/1558?selecao=1558,Encerrado,2026-07-03T12:00:00Z,UNEB SSPPG
2026-08-23T03:41:19.826019Z,063/2026AE - Ciências Farmacêuticas - Stricto Sensu Mestrado - Aluno Especial,Inscrições para o processo seletivo da UNEB: 063/2026AE - Ciências Farmacêuticas - Stricto Sensu Mestrado - Aluno Especial. Período de inscrições de 03/07/2026 a 13/07/2026. Consulte o edital completo no portal SSPPG UNEB.,UNEB,Mestrado - Aluno Especial,Educação,15,2026-07-03T12:00:00Z,2026-07-13T23:59:59Z,https://ssppg.uneb.br/inicio/editalExterno/1569?selecao=1569,Encerrado,2026-07-03T12:00:00Z,UNEB SSPPG
2026-08-24T03:44:27.146159Z,Edital nº 01 - Processo Seletivo Aluno Especial Doutorado 2026.2 - DOUTORADO EM ESTATÍSTICA E CIÊNCIAS DE DADOS,Inscrições abertas para o processo seletivo da UFBA de ingresso no curso: DOUTORADO EM ESTATÍSTICA E CIÊNCIAS DE DADOS. Vagas ofertadas: 5. Período de inscrições de 15/06/2026 a 10/07/2026. Consulte o edital completo no portal oficial da instituição.,UFBA,Doutorado - Aluno Especial,Engenharias e Exatas,5,2026-06-15T12:00:00Z,2026-07-10T12:00:00Z,https://sigaa.ufba.br/sigaa/public/processo_seletivo/lista.jsf?aba=p-processo&nivel=S,Encerrado,2026-06-15T12:00:00Z,UFBA SIGAA
2026-08-24T03:44:27.146159Z,Edital nº 01 - Processo Seletivo Aluno Especial Mestrado 2026.2 - MESTRADO EM ESTATÍSTICA E CIÊNCIAS DE DADOS,Inscrições abertas para o processo seletivo da UFBA de ingresso no curso: MESTRADO EM ESTATÍSTICA E CIÊNCIAS DE DADOS. Vagas ofertadas: 13. Período de inscrições de 15/06/2026 a 10/07/2026. Consulte o edital completo no portal oficial da instituição.,UFBA,Mestrado - Aluno Especial,Engenharias e Exatas,13,2026-06-15T12:00:00Z,2026-07-10T12:00:00Z,https://sigaa.ufba.br/sigaa/public/processo_seletivo/lista.jsf?aba=p-processo&nivel=S,Encerrado,2026-06-15T12:00:00Z,UFBA SIGAA
2026-08-24T03:44:27.146159Z,EDITAL DE ALUNO ESPECIAL 2026.2 DOUTORADO - DOUTORADO EM ARQUITETURA E URBANISMO,Inscrições abertas para o processo seletivo da UFBA de ingresso no curso: DOUTORADO EM ARQUITETURA E URBANISMO. Vagas ofertadas: 50. Período de inscrições de 12/06/2026 a 18/06/2026. Consulte o edital completo no portal oficial da instituição.,UFBA,Doutorado - Aluno Especial,Engenharias e Exatas,50,2026-06-12T12:00:00Z,2026-06-18T12:00:00Z,https://sigaa.ufba.br/sigaa/public/processo_seletivo/lista.jsf?aba=p-processo&nivel=S,Encerrado,2026-06-12T12:00:00Z,UFBA SIGAA
2026-08-24T03:44:27.146159Z,EDITAL DE ALUNO ESPECIAL 2026.2 MESTRADO - MESTRADO EM ARQUITETURA E URBANISMO,Inscrições abertas para o processo seletivo da UFBA de ingresso no curso: MESTRADO EM ARQUITETURA E URBANISMO. Vagas ofertadas: 50. Período de inscrições de 12/06/2026 a 18/06/2026. Consulte o edital completo no portal oficial da instituição.,UFBA,Mestrado - Aluno Especial,Engenharias e Exatas,50,2026-06-12T12:00:00Z,2026-06-18T12:00:00Z,https://sigaa.ufba.br/sigaa/public/processo_seletivo/lista.jsf?aba=p-processo&nivel=S,Encerrado,2026-06-12T12:00:00Z,UFBA SIGAA
2026-08-24T03:44:27.146159Z,PROCESSO SELETIVO IC-PGCOMP DOUTORADO PARA ALUNO ESPECIAL 2026.2 - DOUTORADO EM CIÊNCIA DA COMPUTAÇÃO,Inscrições abertas para o processo seletivo da UFBA de ingresso no curso: DOUTORADO EM CIÊNCIA DA COMPUTAÇÃO. Vagas ofertadas: 30. Período de inscrições de 12/06/2026 a 19/06/2026. Consulte o edital completo no portal oficial da instituição.,UFBA,Doutorado - Aluno Especial,Tecnologia e Informática,30,2026-06-12T12:00:00Z,2026-06-19T12:00:00Z,https://sigaa.ufba.br/sigaa/public/processo_seletivo/lista.jsf?aba=p-processo&nivel=S,Encerrado,2026-06-12T12:00:00Z,UFBA SIGAA
2026-08-24T03:44:27.146159Z,PROCESSO SELETIVO IC-PGCOMP MESTRADO PARA ALUNO ESPECIAL 2026.2 - MESTRADO EM CIÊNCIA DA COMPUTAÇÃO,Inscrições abertas para o processo seletivo da UFBA de ingresso no curso: MESTRADO EM CIÊNCIA DA COMPUTAÇÃO. Vagas ofertadas: 70. Período de inscrições de 12/06/2026 a 19/06/2026. Consulte o edital completo no portal oficial da instituição.,UFBA,Mestrado - Aluno Especial,Tecnologia e Informática,70,2026-06-12T12:00:00Z,2026-06-19T12:00:00Z,https://sigaa.ufba.br/sigaa/public/processo_seletivo/lista.jsf?aba=p-processo&nivel=S,Encerrado,2026-06-12T12:00:00Z,UFBA SIGAA
2026-08-24T03:44:27.146159Z,EDITAL nº 02/2026 - SELEÇÃO PARA ALUNO ESPECIAL - SEMESTRE LETIVO 2026.2 - MESTRADO EM EDUCAÇÃO,Inscrições abertas para o processo seletivo da UFBA de ingresso no curso: MESTRADO EM EDUCAÇÃO. Vagas ofertadas: 102. Período de inscrições de 09/06/2026 a 12/06/2026. Consulte o edital completo no portal oficial da instituição.,UFBA,Mestrado - Aluno Especial,Educação,102,2026-06-09T12:00:00Z,2026-06-12T12:00:00Z,https://sigaa.ufba.br/sigaa/public/processo_seletivo/lista.jsf?aba=p-processo&nivel=S,Encerrado,2026-06-09T12:00:00Z,UFBA SIGAA
2026-08-24T03:44:27.146159Z,PROCESSO SELETIVO PARA INGRESSO DE ALUNO ESPECIAL DOUTORADO- PGENF 2026.2 - DOUTORADO EM ENFERMAGEM E SAÚDE,Inscrições abertas para o processo seletivo da UFBA de ingresso no curso: DOUTORADO EM ENFERMAGEM E SAÚDE. Vagas ofertadas: 30. Período de inscrições de 09/06/2026 a 15/06/2026. Consulte o edital completo no portal oficial da instituição.,UFBA,Doutorado - Aluno Especial,Saúde e Biológicas,30,2026-06-09T12:00:00Z,2026-06-15T12:00:00Z,https://sigaa.ufba.br/sigaa/public/processo_seletivo/lista.jsf?aba=p-processo&nivel=S,Encerrado,2026-06-09T12:00:00Z,UFBA SIGAA
2026-08-24T03:44:27.146159Z,PROCESSO SELETIVO PARA INGRESSO DE ALUNO ESPECIAL MESTRADO- PGENF 2026.2 - MESTRADO EM ENFERMAGEM E SAÚDE,Inscrições abertas para o processo seletivo da UFBA de ingresso no curso: MESTRADO EM ENFERMAGEM E SAÚDE. Vagas ofertadas: 60. Período de inscrições de 09/06/2026 a 15/06/2026. Consulte o edital completo no portal oficial da instituição.,UFBA,Mestrado - Aluno Especial,Saúde e Biológicas,60,2026-06-09T12:00:00Z,2026-06-15T12:00:00Z,https://sigaa.ufba.br/sigaa/public/processo_seletivo/lista.jsf?aba=p-processo&nivel=S,Encerrado,2026-06-09T12:00:00Z,UFBA SIGAA
2026-08-24T03:44:27.146159Z,SELEÇÃO DE ALUNO/A ESPECIAL DO PPGCS - 2026.2 - MESTRADO EM CIÊNCIAS SOCIAIS,Inscrições abertas para o processo seletivo da UFBA de ingresso no curso: MESTRADO EM CIÊNCIAS SOCIAIS. Vagas ofertadas: 45. Período de inscrições de 05/06/2026 a 12/06/2026. Consulte o edital completo no portal oficial da instituição.,UFBA,Mestrado - Aluno Especial,Saúde e Biológicas,45,2026-06-05T12:00:00Z,2026-06-12T12:00:00Z,https://sigaa.ufba.br/sigaa/public/processo_seletivo/lista.jsf?aba=p-processo&nivel=S,Encerrado,2026-06-05T12:00:00Z,UFBA SIGAA
2026-08-24T03:44:27.146159Z,SELEÇÃO PARA ALUNO ESPECIAL PPGCONT 2026.2 - MESTRADO EM CONTABILIDADE,Inscrições abertas para o processo seletivo da UFBA de ingresso no curso: MESTRADO EM CONTABILIDADE. Vagas ofertadas: 80. Período de inscrições de 05/06/2026 a 12/06/2026. Consulte o edital completo no portal oficial da instituição.,UFBA,Mestrado - Aluno Especial,Saúde e Biológicas,80,2026-06-05T12:00:00Z,2026-06-12T12:00:00Z,https://sigaa.ufba.br/sigaa/public/processo_seletivo/lista.jsf?aba=p-processo&nivel=S,Encerrado,2026-06-05T12:00:00Z,UFBA SIGAA
2026-08-24T03:44:27.146159Z,function dpf(f) {var adp = f.adp;if (adp != null) {for (var i = 0;i EDITAL Nº 01/2026 - SELEÇÃO ALUNO ESPECIAL – SEMESTRE LETIVO 2026.1 - ESTUDOS DE L,Inscrições abertas para o processo seletivo da UNILAB de ingresso no curso: ESTUDOS DE LINGUAGEM: CONTEXTOS LUSÓFONOS BRASIL-ÁFRICA. Vagas ofertadas: 10. Período de inscrições de 01/07/2026 a 17/07/2026. Consulte o edital completo no portal oficial da instituição.,UNILAB,Mestrado - Aluno Especial,Saúde e Biológicas,10,2026-07-01T12:00:00Z,2026-07-17T12:00:00Z,https://sigaa.unilab.edu.br/sigaa/public/processo_seletivo/lista.jsf?aba=p-processo&nivel=S,Encerrado,2026-07-01T12:00:00Z,UNILAB SIGAA
2026-08-24T03:44:27.146159Z,049/2026AE - Química Aplicada - Stricto Sensu Mestrado - Aluno Especial,Inscrições para o processo seletivo da UNEB: 049/2026AE - Química Aplicada - Stricto Sensu Mestrado - Aluno Especial. Período de inscrições de 15/06/2026 a 10/07/2026. Consulte o edital completo no portal SSPPG UNEB.,UNEB,Mestrado - Aluno Especial,Engenharias e Exatas,15,2026-06-15T12:00:00Z,2026-07-10T23:59:59Z,https://ssppg.uneb.br/inicio/editalExterno/1561?selecao=1561,Encerrado,2026-06-15T12:00:00Z,UNEB SSPPG
2026-08-24T03:44:27.146159Z,050/2026AE - Educação e Contemporaneidade - Stricto Sensu Mestrado/Doutorado - Aluno Especial,Inscrições para o processo seletivo da UNEB: 050/2026AE - Educação e Contemporaneidade - Stricto Sensu Mestrado/Doutorado - Aluno Especial. Período de inscrições de 15/06/2026 a 06/07/2026. Consulte o edital completo no portal SSPPG UNEB.,UNEB,Doutorado - Aluno Especial,Educação,15,2026-06-15T12:00:00Z,2026-07-06T23:59:59Z,https://ssppg.uneb.br/inicio/editalExterno/1559?selecao=1559,Encerrado,2026-06-15T12:00:00Z,UNEB SSPPG
2026-08-24T03:44:27.146159Z,038/2026AE - Intervenção Educativa e Social - Stricto Sensu Mestrado - Aluno Especial,Inscrições para o processo seletivo da UNEB: 038/2026AE - Intervenção Educativa e Social - Stricto Sensu Mestrado - Aluno Especial. Período de inscrições de 15/06/2026 a 06/07/2026. Consulte o edital completo no portal SSPPG UNEB.,UNEB,Mestrado - Aluno Especial,Educação,15,2026-06-15T12:00:00Z,2026-07-06T23:59:59Z,https://ssppg.uneb.br/inicio/editalExterno/1554?selecao=1554,Encerrado,2026-06-15T12:00:00Z,UNEB SSPPG
2026-08-24T03:44:27.146159Z,053/2026AEME - Crítica Cultural - Stricto Sensu Mestrado - Aluno Especial,Inscrições para o processo seletivo da UNEB: 053/2026AEME - Crítica Cultural - Stricto Sensu Mestrado - Aluno Especial. Período de inscrições de 23/06/2026 a 06/07/2026. Consulte o edital completo no portal SSPPG UNEB.,UNEB,Mestrado - Aluno Especial,Educação,15,2026-06-23T12:00:00Z,2026-07-06T23:59:59Z,https://ssppg.uneb.br/inicio/editalExterno/1565?selecao=1565,Encerrado,2026-06-23T12:00:00Z,UNEB SSPPG
2026-08-24T03:44:27.146159Z,053/2026AEDO - Crítica Cultural - Stricto Sensu Doutorado - Aluno Especial,Inscrições para o processo seletivo da UNEB: 053/2026AEDO - Crítica Cultural - Stricto Sensu Doutorado - Aluno Especial. Período de inscrições de 23/06/2026 a 06/07/2026. Consulte o edital completo no portal SSPPG UNEB.,UNEB,Doutorado - Aluno Especial,Educação,15,2026-06-23T12:00:00Z,2026-07-06T23:59:59Z,https://ssppg.uneb.br/inicio/editalExterno/1567?selecao=1567,Encerrado,2026-06-23T12:00:00Z,UNEB SSPPG
2026-08-24T03:44:27.146159Z,055/2026AE - Educação e Diversidade - Stricto Sensu Mestrado - Aluno Especial,Inscrições para o processo seletivo da UNEB: 055/2026AE - Educação e Diversidade - Stricto Sensu Mestrado - Aluno Especial. Período de inscrições de 25/06/2026 a 08/07/2026. Consulte o edital completo no portal SSPPG UNEB.,UNEB,Mestrado - Aluno Especial,Educação,15,2026-06-25T12:00:00Z,2026-07-08T23:59:59Z,https://ssppg.uneb.br/inicio/editalExterno/1560?selecao=1560,Encerrado,2026-06-25T12:00:00Z,UNEB SSPPG
2026-08-24T03:44:27.146159Z,054/2026AE - ESTUDOS TERRITORIAIS - Stricto Sensu Mestrado - Aluno Especial,Inscrições para o processo seletivo da UNEB: 054/2026AE - ESTUDOS TERRITORIAIS - Stricto Sensu Mestrado - Aluno Especial. Período de inscrições de 25/06/2026 a 06/07/2026. Consulte o edital completo no portal SSPPG UNEB.,UNEB,Mestrado - Aluno Especial,Educação,15,2026-06-25T12:00:00Z,2026-07-06T23:59:59Z,https://ssppg.uneb.br/inicio/editalExterno/1557?selecao=1557,Encerrado,2026-06-25T12:00:00Z,UNEB SSPPG
2026-08-24T03:44:27.146159Z,"056/2026AE - ENSINO, LINGUAGEM E SOCIEDADE - Stricto Sensu Mestrado - Aluno Especial","Inscrições para o processo seletivo da UNEB: 056/2026AE - ENSINO, LINGUAGEM E SOCIEDADE - Stricto Sensu Mestrado - Aluno Especial. Período de inscrições de 26/06/2026 a 09/07/2026. Consulte o edital completo no portal SSPPG UNEB.",UNEB,Mestrado - Aluno Especial,Educação,15,2026-06-26T12:00:00Z,2026-07-09T23:59:59Z,https://ssppg.uneb.br/inicio/editalExterno/1564?selecao=1564,Encerrado,2026-06-26T12:00:00Z,UNEB SSPPG
2026-08-24T03:44:27.146159Z,048/2026AE - Estudo de Linguagens - Stricto Sensu Mestrado/Doutorado - Aluno Especial,Inscrições para o processo seletivo da UNEB: 048/2026AE - Estudo de Linguagens - Stricto Sensu Mestrado/Doutorado - Aluno Especial. Período de inscrições de 29/06/2026 a 10/07/2026. Consulte o edital completo no portal SSPPG UNEB.,UNEB,Doutorado - Aluno Especial,Humanas e Sociais,15,2026-06-29T12:00:00Z,2026-07-10T23:59:59Z,https://ssppg.uneb.br/inicio/editalExterno/1563?selecao=1563,Encerrado,2026-06-29T12:00:00Z,UNEB SSPPG
2026-08-24T03:44:27.146159Z,061/2026AE - Educação e Formação Docente - Stricto Sensu Mestrado - Aluno Especial,Inscrições para o processo seletivo da UNEB: 061/2026AE - Educação e Formação Docente - Stricto Sensu Mestrado - Aluno Especial. Período de inscrições de 29/06/2026 a 10/07/2026. Consulte o edital completo no portal SSPPG UNEB.,UNEB,Mestrado - Aluno Especial,Educação,15,2026-06-29T12:00:00Z,2026-07-10T23:59:59Z,https://ssppg.uneb.br/inicio/editalExterno/1570?selecao=1570,Encerrado,2026-06-29T12:00:00Z,UNEB SSPPG
2026-08-24T03:44:27.146159Z,"058/2026AE - Estudos Africanos, Povos Indígenas e Culturas Negras - Stricto Sensu Mestrado - Aluno Especial","Inscrições para o processo seletivo da UNEB: 058/2026AE - Estudos Africanos, Povos Indígenas e Culturas Negras - Stricto Sensu Mestrado - Aluno Especial. Período de inscrições de 29/06/2026 a 10/07/2026. Consulte o edital completo no portal SSPPG UNEB.",UNEB,Mestrado - Aluno Especial,Educação,15,2026-06-29T12:00:00Z,2026-07-10T23:59:59Z,https://ssppg.uneb.br/inicio/editalExterno/1562?selecao=1562,Encerrado,2026-06-29T12:00:00Z,UNEB SSPPG
2026-08-24T03:44:27.146159Z,064/2026AE - Estudos Africanos e Representações da África - Stricto Sensu Mestrado - Aluno Especial,Inscrições para o processo seletivo da UNEB: 064/2026AE - Estudos Africanos e Representações da África - Stricto Sensu Mestrado - Aluno Especial. Período de inscrições de 03/07/2026 a 13/07/2026. Consulte o edital completo no portal SSPPG UNEB.,UNEB,Mestrado - Aluno Especial,Educação,15,2026-07-03T12:00:00Z,2026-07-13T23:59:59Z,https://ssppg.uneb.br/inicio/editalExterno/1576?selecao=1576,Encerrado,2026-07-03T12:00:00Z,UNEB SSPPG
2026-08-24T03:44:27.146159Z,059/20262AE - Ecologia Humana e Gestão Socioambiental - Stricto Sensu Mestrado/Doutorado - Aluno Especial,Inscrições para o processo seletivo da UNEB: 059/20262AE - Ecologia Humana e Gestão Socioambiental - Stricto Sensu Mestrado/Doutorado - Aluno Especial. Período de inscrições de 03/07/2026 a 10/07/2026. Consulte o edital completo no portal SSPPG UNEB.,UNEB,Doutorado - Aluno Especial,Gestão e Negócios,15,2026-07-03T12:00:00Z,2026-07-10T23:59:59Z,https://ssppg.uneb.br/inicio/editalExterno/1568?selecao=1568,Encerrado,2026-07-03T12:00:00Z,UNEB SSPPG
2026-08-24T03:44:27.146159Z,044/2026AE - Programa de Pós-Graduação em Letras - Stricto Sensu Mestrado - Aluno Especial,Inscrições para o processo seletivo da UNEB: 044/2026AE - Programa de Pós-Graduação em Letras - Stricto Sensu Mestrado - Aluno Especial. Período de inscrições de 03/07/2026 a 10/07/2026. Consulte o edital completo no portal SSPPG UNEB.,UNEB,Mestrado - Aluno Especial,Humanas e Sociais,15,2026-07-03T12:00:00Z,2026-07-10T23:59:59Z,https://ssppg.uneb.br/inicio/editalExterno/1558?selecao=1558,Encerrado,2026-07-03T12:00:00Z,UNEB SSPPG
2026-08-24T03:44:27.146159Z,063/2026AE - Ciências Farmacêuticas - Stricto Sensu Mestrado - Aluno Especial,Inscrições para o processo seletivo da UNEB: 063/2026AE - Ciências Farmacêuticas - Stricto Sensu Mestrado - Aluno Especial. Período de inscrições de 03/07/2026 a 13/07/2026. Consulte o edital completo no portal SSPPG UNEB.,UNEB,Mestrado - Aluno Especial,Educação,15,2026-07-03T12:00:00Z,2026-07-13T23:59:59Z,https://ssppg.uneb.br/inicio/editalExterno/1569?selecao=1569,Encerrado,2026-07-03T12:00:00Z,UNEB SSPPG
2026-08-25T03:39:26.489984Z,Edital nº 01 - Processo Seletivo Aluno Especial Doutorado 2026.2 - DOUTORADO EM ESTATÍSTICA E CIÊNCIAS DE DADOS,Inscrições abertas para o processo seletivo da UFBA de ingresso no curso: DOUTORADO EM ESTATÍSTICA E CIÊNCIAS DE DADOS. Vagas ofertadas: 5. Período de inscrições de 15/06/2026 a 10/07/2026. Consulte o edital completo no portal oficial da instituição.,UFBA,Doutorado - Aluno Especial,Engenharias e Exatas,5,2026-06-15T12:00:00Z,2026-07-10T12:00:00Z,https://sigaa.ufba.br/sigaa/public/processo_seletivo/lista.jsf?aba=p-processo&nivel=S,Encerrado,2026-06-15T12:00:00Z,UFBA SIGAA
2026-08-25T03:39:26.489984Z,Edital nº 01 - Processo Seletivo Aluno Especial Mestrado 2026.2 - MESTRADO EM ESTATÍSTICA E CIÊNCIAS DE DADOS,Inscrições abertas para o processo seletivo da UFBA de ingresso no curso: MESTRADO EM ESTATÍSTICA E CIÊNCIAS DE DADOS. Vagas ofertadas: 13. Período de inscrições de 15/06/2026 a 10/07/2026. Consulte o edital completo no portal oficial da instituição.,UFBA,Mestrado - Aluno Especial,Engenharias e Exatas,13,2026-06-15T12:00:00Z,2026-07-10T12:00:00Z,https://sigaa.ufba.br/sigaa/public/processo_seletivo/lista.jsf?aba=p-processo&nivel=S,Encerrado,2026-06-15T12:00:00Z,UFBA SIGAA
2026-08-25T03:39:26.489984Z,EDITAL DE ALUNO ESPECIAL 2026.2 DOUTORADO - DOUTORADO EM ARQUITETURA E URBANISMO,Inscrições abertas para o processo seletivo da UFBA de ingresso no curso: DOUTORADO EM ARQUITETURA E URBANISMO. Vagas ofertadas: 50. Período de inscrições de 12/06/2026 a 18/06/2026. Consulte o edital completo no portal oficial da instituição.,UFBA,Doutorado - Aluno Especial,Engenharias e Exatas,50,2026-06-12T12:00:00Z,2026-06-18T12:00:00Z,https://sigaa.ufba.br/sigaa/public/processo_seletivo/lista.jsf?aba=p-processo&nivel=S,Encerrado,2026-06-12T12:00:00Z,UFBA SIGAA
2026-08-25T03:39:26.489984Z,EDITAL DE ALUNO ESPECIAL 2026.2 MESTRADO - MESTRADO EM ARQUITETURA E URBANISMO,Inscrições abertas para o processo seletivo da UFBA de ingresso no curso: MESTRADO EM ARQUITETURA E URBANISMO. Vagas ofertadas: 50. Período de inscrições de 12/06/2026 a 18/06/2026. Consulte o edital completo no portal oficial da instituição.,UFBA,Mestrado - Aluno Especial,Engenharias e Exatas,50,2026-06-12T12:00:00Z,2026-06-18T12:00:00Z,https://sigaa.ufba.br/sigaa/public/processo_seletivo/lista.jsf?aba=p-processo&nivel=S,Encerrado,2026-06-12T12:00:00Z,UFBA SIGAA
2026-08-25T03:39:26.489984Z,PROCESSO SELETIVO IC-PGCOMP DOUTORADO PARA ALUNO ESPECIAL 2026.2 - DOUTORADO EM CIÊNCIA DA COMPUTAÇÃO,Inscrições abertas para o processo seletivo da UFBA de ingresso no curso: DOUTORADO EM CIÊNCIA DA COMPUTAÇÃO. Vagas ofertadas: 30. Período de inscrições de 12/06/2026 a 19/06/2026. Consulte o edital completo no portal oficial da instituição.,UFBA,Doutorado - Aluno Especial,Tecnologia e Informática,30,2026-06-12T12:00:00Z,2026-06-19T12:00:00Z,https://sigaa.ufba.br/sigaa/public/processo_seletivo/lista.jsf?aba=p-processo&nivel=S,Encerrado,2026-06-12T12:00:00Z,UFBA SIGAA
2026-08-25T03:39:26.489984Z,PROCESSO SELETIVO IC-PGCOMP MESTRADO PARA ALUNO ESPECIAL 2026.2 - MESTRADO EM CIÊNCIA DA COMPUTAÇÃO,Inscrições abertas para o processo seletivo da UFBA de ingresso no curso: MESTRADO EM CIÊNCIA DA COMPUTAÇÃO. Vagas ofertadas: 70. Período de inscrições de 12/06/2026 a 19/06/2026. Consulte o edital completo no portal oficial da instituição.,UFBA,Mestrado - Aluno Especial,Tecnologia e Informática,70,2026-06-12T12:00:00Z,2026-06-19T12:00:00Z,https://sigaa.ufba.br/sigaa/public/processo_seletivo/lista.jsf?aba=p-processo&nivel=S,Encerrado,2026-06-12T12:00:00Z,UFBA SIGAA
2026-08-25T03:39:26.489984Z,EDITAL nº 02/2026 - SELEÇÃO PARA ALUNO ESPECIAL - SEMESTRE LETIVO 2026.2 - MESTRADO EM EDUCAÇÃO,Inscrições abertas para o processo seletivo da UFBA de ingresso no curso: MESTRADO EM EDUCAÇÃO. Vagas ofertadas: 102. Período de inscrições de 09/06/2026 a 12/06/2026. Consulte o edital completo no portal oficial da instituição.,UFBA,Mestrado - Aluno Especial,Educação,102,2026-06-09T12:00:00Z,2026-06-12T12:00:00Z,https://sigaa.ufba.br/sigaa/public/processo_seletivo/lista.jsf?aba=p-processo&nivel=S,Encerrado,2026-06-09T12:00:00Z,UFBA SIGAA
2026-08-25T03:39:26.489984Z,PROCESSO SELETIVO PARA INGRESSO DE ALUNO ESPECIAL DOUTORADO- PGENF 2026.2 - DOUTORADO EM ENFERMAGEM E SAÚDE,Inscrições abertas para o processo seletivo da UFBA de ingresso no curso: DOUTORADO EM ENFERMAGEM E SAÚDE. Vagas ofertadas: 30. Período de inscrições de 09/06/2026 a 15/06/2026. Consulte o edital completo no portal oficial da instituição.,UFBA,Doutorado - Aluno Especial,Saúde e Biológicas,30,2026-06-09T12:00:00Z,2026-06-15T12:00:00Z,https://sigaa.ufba.br/sigaa/public/processo_seletivo/lista.jsf?aba=p-processo&nivel=S,Encerrado,2026-06-09T12:00:00Z,UFBA SIGAA
2026-08-25T03:39:26.489984Z,PROCESSO SELETIVO PARA INGRESSO DE ALUNO ESPECIAL MESTRADO- PGENF 2026.2 - MESTRADO EM ENFERMAGEM E SAÚDE,Inscrições abertas para o processo seletivo da UFBA de ingresso no curso: MESTRADO EM ENFERMAGEM E SAÚDE. Vagas ofertadas: 60. Período de inscrições de 09/06/2026 a 15/06/2026. Consulte o edital completo no portal oficial da instituição.,UFBA,Mestrado - Aluno Especial,Saúde e Biológicas,60,2026-06-09T12:00:00Z,2026-06-15T12:00:00Z,https://sigaa.ufba.br/sigaa/public/processo_seletivo/lista.jsf?aba=p-processo&nivel=S,Encerrado,2026-06-09T12:00:00Z,UFBA SIGAA
2026-08-25T03:39:26.489984Z,SELEÇÃO DE ALUNO/A ESPECIAL DO PPGCS - 2026.2 - MESTRADO EM CIÊNCIAS SOCIAIS,Inscrições abertas para o processo seletivo da UFBA de ingresso no curso: MESTRADO EM CIÊNCIAS SOCIAIS. Vagas ofertadas: 45. Período de inscrições de 05/06/2026 a 12/06/2026. Consulte o edital completo no portal oficial da instituição.,UFBA,Mestrado - Aluno Especial,Saúde e Biológicas,45,2026-06-05T12:00:00Z,2026-06-12T12:00:00Z,https://sigaa.ufba.br/sigaa/public/processo_seletivo/lista.jsf?aba=p-processo&nivel=S,Encerrado,2026-06-05T12:00:00Z,UFBA SIGAA
2026-08-25T03:39:26.489984Z,SELEÇÃO PARA ALUNO ESPECIAL PPGCONT 2026.2 - MESTRADO EM CONTABILIDADE,Inscrições abertas para o processo seletivo da UFBA de ingresso no curso: MESTRADO EM CONTABILIDADE. Vagas ofertadas: 80. Período de inscrições de 05/06/2026 a 12/06/2026. Consulte o edital completo no portal oficial da instituição.,UFBA,Mestrado - Aluno Especial,Saúde e Biológicas,80,2026-06-05T12:00:00Z,2026-06-12T12:00:00Z,https://sigaa.ufba.br/sigaa/public/processo_seletivo/lista.jsf?aba=p-processo&nivel=S,Encerrado,2026-06-05T12:00:00Z,UFBA SIGAA
2026-08-25T03:39:26.489984Z,function dpf(f) {var adp = f.adp;if (adp != null) {for (var i = 0;i EDITAL Nº 01/2026 - SELEÇÃO ALUNO ESPECIAL – SEMESTRE LETIVO 2026.1 - ESTUDOS DE L,Inscrições abertas para o processo seletivo da UNILAB de ingresso no curso: ESTUDOS DE LINGUAGEM: CONTEXTOS LUSÓFONOS BRASIL-ÁFRICA. Vagas ofertadas: 10. Período de inscrições de 01/07/2026 a 17/07/2026. Consulte o edital completo no portal oficial da instituição.,UNILAB,Mestrado - Aluno Especial,Saúde e Biológicas,10,2026-07-01T12:00:00Z,2026-07-17T12:00:00Z,https://sigaa.unilab.edu.br/sigaa/public/processo_seletivo/lista.jsf?aba=p-processo&nivel=S,Encerrado,2026-07-01T12:00:00Z,UNILAB SIGAA
2026-08-25T03:39:26.489984Z,049/2026AE - Química Aplicada - Stricto Sensu Mestrado - Aluno Especial,Inscrições para o processo seletivo da UNEB: 049/2026AE - Química Aplicada - Stricto Sensu Mestrado - Aluno Especial. Período de inscrições de 15/06/2026 a 10/07/2026. Consulte o edital completo no portal SSPPG UNEB.,UNEB,Mestrado - Aluno Especial,Engenharias e Exatas,15,2026-06-15T12:00:00Z,2026-07-10T23:59:59Z,https://ssppg.uneb.br/inicio/editalExterno/1561?selecao=1561,Encerrado,2026-06-15T12:00:00Z,UNEB SSPPG
2026-08-25T03:39:26.489984Z,050/2026AE - Educação e Contemporaneidade - Stricto Sensu Mestrado/Doutorado - Aluno Especial,Inscrições para o processo seletivo da UNEB: 050/2026AE - Educação e Contemporaneidade - Stricto Sensu Mestrado/Doutorado - Aluno Especial. Período de inscrições de 15/06/2026 a 06/07/2026. Consulte o edital completo no portal SSPPG UNEB.,UNEB,Doutorado - Aluno Especial,Educação,15,2026-06-15T12:00:00Z,2026-07-06T23:59:59Z,https://ssppg.uneb.br/inicio/editalExterno/1559?selecao=1559,Encerrado,2026-06-15T12:00:00Z,UNEB SSPPG
2026-08-25T03:39:26.489984Z,038/2026AE - Intervenção Educativa e Social - Stricto Sensu Mestrado - Aluno Especial,Inscrições para o processo seletivo da UNEB: 038/2026AE - Intervenção Educativa e Social - Stricto Sensu Mestrado - Aluno Especial. Período de inscrições de 15/06/2026 a 06/07/2026. Consulte o edital completo no portal SSPPG UNEB.,UNEB,Mestrado - Aluno Especial,Educação,15,2026-06-15T12:00:00Z,2026-07-06T23:59:59Z,https://ssppg.uneb.br/inicio/editalExterno/1554?selecao=1554,Encerrado,2026-06-15T12:00:00Z,UNEB SSPPG
2026-08-25T03:39:26.489984Z,053/2026AEME - Crítica Cultural - Stricto Sensu Mestrado - Aluno Especial,Inscrições para o processo seletivo da UNEB: 053/2026AEME - Crítica Cultural - Stricto Sensu Mestrado - Aluno Especial. Período de inscrições de 23/06/2026 a 06/07/2026. Consulte o edital completo no portal SSPPG UNEB.,UNEB,Mestrado - Aluno Especial,Educação,15,2026-06-23T12:00:00Z,2026-07-06T23:59:59Z,https://ssppg.uneb.br/inicio/editalExterno/1565?selecao=1565,Encerrado,2026-06-23T12:00:00Z,UNEB SSPPG
2026-08-25T03:39:26.489984Z,053/2026AEDO - Crítica Cultural - Stricto Sensu Doutorado - Aluno Especial,Inscrições para o processo seletivo da UNEB: 053/2026AEDO - Crítica Cultural - Stricto Sensu Doutorado - Aluno Especial. Período de inscrições de 23/06/2026 a 06/07/2026. Consulte o edital completo no portal SSPPG UNEB.,UNEB,Doutorado - Aluno Especial,Educação,15,2026-06-23T12:00:00Z,2026-07-06T23:59:59Z,https://ssppg.uneb.br/inicio/editalExterno/1567?selecao=1567,Encerrado,2026-06-23T12:00:00Z,UNEB SSPPG
2026-08-25T03:39:26.489984Z,055/2026AE - Educação e Diversidade - Stricto Sensu Mestrado - Aluno Especial,Inscrições para o processo seletivo da UNEB: 055/2026AE - Educação e Diversidade - Stricto Sensu Mestrado - Aluno Especial. Período de inscrições de 25/06/2026 a 08/07/2026. Consulte o edital completo no portal SSPPG UNEB.,UNEB,Mestrado - Aluno Especial,Educação,15,2026-06-25T12:00:00Z,2026-07-08T23:59:59Z,https://ssppg.uneb.br/inicio/editalExterno/1560?selecao=1560,Encerrado,2026-06-25T12:00:00Z,UNEB SSPPG
2026-08-25T03:39:26.489984Z,054/2026AE - ESTUDOS TERRITORIAIS - Stricto Sensu Mestrado - Aluno Especial,Inscrições para o processo seletivo da UNEB: 054/2026AE - ESTUDOS TERRITORIAIS - Stricto Sensu Mestrado - Aluno Especial. Período de inscrições de 25/06/2026 a 06/07/2026. Consulte o edital completo no portal SSPPG UNEB.,UNEB,Mestrado - Aluno Especial,Educação,15,2026-06-25T12:00:00Z,2026-07-06T23:59:59Z,https://ssppg.uneb.br/inicio/editalExterno/1557?selecao=1557,Encerrado,2026-06-25T12:00:00Z,UNEB SSPPG
2026-08-25T03:39:26.489984Z,"056/2026AE - ENSINO, LINGUAGEM E SOCIEDADE - Stricto Sensu Mestrado - Aluno Especial","Inscrições para o processo seletivo da UNEB: 056/2026AE - ENSINO, LINGUAGEM E SOCIEDADE - Stricto Sensu Mestrado - Aluno Especial. Período de inscrições de 26/06/2026 a 09/07/2026. Consulte o edital completo no portal SSPPG UNEB.",UNEB,Mestrado - Aluno Especial,Educação,15,2026-06-26T12:00:00Z,2026-07-09T23:59:59Z,https://ssppg.uneb.br/inicio/editalExterno/1564?selecao=1564,Encerrado,2026-06-26T12:00:00Z,UNEB SSPPG
2026-08-25T03:39:26.489984Z,048/2026AE - Estudo de Linguagens - Stricto Sensu Mestrado/Doutorado - Aluno Especial,Inscrições para o processo seletivo da UNEB: 048/2026AE - Estudo de Linguagens - Stricto Sensu Mestrado/Doutorado - Aluno Especial. Período de inscrições de 29/06/2026 a 10/07/2026. Consulte o edital completo no portal SSPPG UNEB.,UNEB,Doutorado - Aluno Especial,Humanas e Sociais,15,2026-06-29T12:00:00Z,2026-07-10T23:59:59Z,https://ssppg.uneb.br/inicio/editalExterno/1563?selecao=1563,Encerrado,2026-06-29T12:00:00Z,UNEB SSPPG
2026-08-25T03:39:26.489984Z,061/2026AE - Educação e Formação Docente - Stricto Sensu Mestrado - Aluno Especial,Inscrições para o processo seletivo da UNEB: 061/2026AE - Educação e Formação Docente - Stricto Sensu Mestrado - Aluno Especial. Período de inscrições de 29/06/2026 a 10/07/2026. Consulte o edital completo no portal SSPPG UNEB.,UNEB,Mestrado - Aluno Especial,Educação,15,2026-06-29T12:00:00Z,2026-07-10T23:59:59Z,https://ssppg.uneb.br/inicio/editalExterno/1570?selecao=1570,Encerrado,2026-06-29T12:00:00Z,UNEB SSPPG
2026-08-25T03:39:26.489984Z,"058/2026AE - Estudos Africanos, Povos Indígenas e Culturas Negras - Stricto Sensu Mestrado - Aluno Especial","Inscrições para o processo seletivo da UNEB: 058/2026AE - Estudos Africanos, Povos Indígenas e Culturas Negras - Stricto Sensu Mestrado - Aluno Especial. Período de inscrições de 29/06/2026 a 10/07/2026. Consulte o edital completo no portal SSPPG UNEB.",UNEB,Mestrado - Aluno Especial,Educação,15,2026-06-29T12:00:00Z,2026-07-10T23:59:59Z,https://ssppg.uneb.br/inicio/editalExterno/1562?selecao=1562,Encerrado,2026-06-29T12:00:00Z,UNEB SSPPG
2026-08-25T03:39:26.489984Z,064/2026AE - Estudos Africanos e Representações da África - Stricto Sensu Mestrado - Aluno Especial,Inscrições para o processo seletivo da UNEB: 064/2026AE - Estudos Africanos e Representações da África - Stricto Sensu Mestrado - Aluno Especial. Período de inscrições de 03/07/2026 a 13/07/2026. Consulte o edital completo no portal SSPPG UNEB.,UNEB,Mestrado - Aluno Especial,Educação,15,2026-07-03T12:00:00Z,2026-07-13T23:59:59Z,https://ssppg.uneb.br/inicio/editalExterno/1576?selecao=1576,Encerrado,2026-07-03T12:00:00Z,UNEB SSPPG
2026-08-25T03:39:26.489984Z,059/20262AE - Ecologia Humana e Gestão Socioambiental - Stricto Sensu Mestrado/Doutorado - Aluno Especial,Inscrições para o processo seletivo da UNEB: 059/20262AE - Ecologia Humana e Gestão Socioambiental - Stricto Sensu Mestrado/Doutorado - Aluno Especial. Período de inscrições de 03/07/2026 a 10/07/2026. Consulte o edital completo no portal SSPPG UNEB.,UNEB,Doutorado - Aluno Especial,Gestão e Negócios,15,2026-07-03T12:00:00Z,2026-07-10T23:59:59Z,https://ssppg.uneb.br/inicio/editalExterno/1568?selecao=1568,Encerrado,2026-07-03T12:00:00Z,UNEB SSPPG
2026-08-25T03:39:26.489984Z,044/2026AE - Programa de Pós-Graduação em Letras - Stricto Sensu Mestrado - Aluno Especial,Inscrições para o processo seletivo da UNEB: 044/2026AE - Programa de Pós-Graduação em Letras - Stricto Sensu Mestrado - Aluno Especial. Período de inscrições de 03/07/2026 a 10/07/2026. Consulte o edital completo no portal SSPPG UNEB.,UNEB,Mestrado - Aluno Especial,Humanas e Sociais,15,2026-07-03T12:00:00Z,2026-07-10T23:59:59Z,https://ssppg.uneb.br/inicio/editalExterno/1558?selecao=1558,Encerrado,2026-07-03T12:00:00Z,UNEB SSPPG
2026-08-25T03:39:26.489984Z,063/2026AE - Ciências Farmacêuticas - Stricto Sensu Mestrado - Aluno Especial,Inscrições para o processo seletivo da UNEB: 063/2026AE - Ciências Farmacêuticas - Stricto Sensu Mestrado - Aluno Especial. Período de inscrições de 03/07/2026 a 13/07/2026. Consulte o edital completo no portal SSPPG UNEB.,UNEB,Mestrado - Aluno Especial,Educação,15,2026-07-03T12:00:00Z,2026-07-13T23:59:59Z,https://ssppg.uneb.br/inicio/editalExterno/1569?selecao=1569,Encerrado,2026-07-03T12:00:00Z,UNEB SSPPG
2026-08-26T03:43:50.595762Z,Edital nº 01 - Processo Seletivo Aluno Especial Doutorado 2026.2 - DOUTORADO EM ESTATÍSTICA E CIÊNCIAS DE DADOS,Inscrições abertas para o processo seletivo da UFBA de ingresso no curso: DOUTORADO EM ESTATÍSTICA E CIÊNCIAS DE DADOS. Vagas ofertadas: 5. Período de inscrições de 15/06/2026 a 10/07/2026. Consulte o edital completo no portal oficial da instituição.,UFBA,Doutorado - Aluno Especial,Engenharias e Exatas,5,2026-06-15T12:00:00Z,2026-07-10T12:00:00Z,https://sigaa.ufba.br/sigaa/public/processo_seletivo/lista.jsf?aba=p-processo&nivel=S,Encerrado,2026-06-15T12:00:00Z,UFBA SIGAA
2026-08-26T03:43:50.595762Z,Edital nº 01 - Processo Seletivo Aluno Especial Mestrado 2026.2 - MESTRADO EM ESTATÍSTICA E CIÊNCIAS DE DADOS,Inscrições abertas para o processo seletivo da UFBA de ingresso no curso: MESTRADO EM ESTATÍSTICA E CIÊNCIAS DE DADOS. Vagas ofertadas: 13. Período de inscrições de 15/06/2026 a 10/07/2026. Consulte o edital completo no portal oficial da instituição.,UFBA,Mestrado - Aluno Especial,Engenharias e Exatas,13,2026-06-15T12:00:00Z,2026-07-10T12:00:00Z,https://sigaa.ufba.br/sigaa/public/processo_seletivo/lista.jsf?aba=p-processo&nivel=S,Encerrado,2026-06-15T12:00:00Z,UFBA SIGAA
2026-08-26T03:43:50.595762Z,EDITAL DE ALUNO ESPECIAL 2026.2 DOUTORADO - DOUTORADO EM ARQUITETURA E URBANISMO,Inscrições abertas para o processo seletivo da UFBA de ingresso no curso: DOUTORADO EM ARQUITETURA E URBANISMO. Vagas ofertadas: 50. Período de inscrições de 12/06/2026 a 18/06/2026. Consulte o edital completo no portal oficial da instituição.,UFBA,Doutorado - Aluno Especial,Engenharias e Exatas,50,2026-06-12T12:00:00Z,2026-06-18T12:00:00Z,https://sigaa.ufba.br/sigaa/public/processo_seletivo/lista.jsf?aba=p-processo&nivel=S,Encerrado,2026-06-12T12:00:00Z,UFBA SIGAA
2026-08-26T03:43:50.595762Z,EDITAL DE ALUNO ESPECIAL 2026.2 MESTRADO - MESTRADO EM ARQUITETURA E URBANISMO,Inscrições abertas para o processo seletivo da UFBA de ingresso no curso: MESTRADO EM ARQUITETURA E URBANISMO. Vagas ofertadas: 50. Período de inscrições de 12/06/2026 a 18/06/2026. Consulte o edital completo no portal oficial da instituição.,UFBA,Mestrado - Aluno Especial,Engenharias e Exatas,50,2026-06-12T12:00:00Z,2026-06-18T12:00:00Z,https://sigaa.ufba.br/sigaa/public/processo_seletivo/lista.jsf?aba=p-processo&nivel=S,Encerrado,2026-06-12T12:00:00Z,UFBA SIGAA
2026-08-26T03:43:50.595762Z,PROCESSO SELETIVO IC-PGCOMP DOUTORADO PARA ALUNO ESPECIAL 2026.2 - DOUTORADO EM CIÊNCIA DA COMPUTAÇÃO,Inscrições abertas para o processo seletivo da UFBA de ingresso no curso: DOUTORADO EM CIÊNCIA DA COMPUTAÇÃO. Vagas ofertadas: 30. Período de inscrições de 12/06/2026 a 19/06/2026. Consulte o edital completo no portal oficial da instituição.,UFBA,Doutorado - Aluno Especial,Tecnologia e Informática,30,2026-06-12T12:00:00Z,2026-06-19T12:00:00Z,https://sigaa.ufba.br/sigaa/public/processo_seletivo/lista.jsf?aba=p-processo&nivel=S,Encerrado,2026-06-12T12:00:00Z,UFBA SIGAA
2026-08-26T03:43:50.595762Z,PROCESSO SELETIVO IC-PGCOMP MESTRADO PARA ALUNO ESPECIAL 2026.2 - MESTRADO EM CIÊNCIA DA COMPUTAÇÃO,Inscrições abertas para o processo seletivo da UFBA de ingresso no curso: MESTRADO EM CIÊNCIA DA COMPUTAÇÃO. Vagas ofertadas: 70. Período de inscrições de 12/06/2026 a 19/06/2026. Consulte o edital completo no portal oficial da instituição.,UFBA,Mestrado - Aluno Especial,Tecnologia e Informática,70,2026-06-12T12:00:00Z,2026-06-19T12:00:00Z,https://sigaa.ufba.br/sigaa/public/processo_seletivo/lista.jsf?aba=p-processo&nivel=S,Encerrado,2026-06-12T12:00:00Z,UFBA SIGAA
2026-08-26T03:43:50.595762Z,EDITAL nº 02/2026 - SELEÇÃO PARA ALUNO ESPECIAL - SEMESTRE LETIVO 2026.2 - MESTRADO EM EDUCAÇÃO,Inscrições abertas para o processo seletivo da UFBA de ingresso no curso: MESTRADO EM EDUCAÇÃO. Vagas ofertadas: 102. Período de inscrições de 09/06/2026 a 12/06/2026. Consulte o edital completo no portal oficial da instituição.,UFBA,Mestrado - Aluno Especial,Educação,102,2026-06-09T12:00:00Z,2026-06-12T12:00:00Z,https://sigaa.ufba.br/sigaa/public/processo_seletivo/lista.jsf?aba=p-processo&nivel=S,Encerrado,2026-06-09T12:00:00Z,UFBA SIGAA
2026-08-26T03:43:50.595762Z,PROCESSO SELETIVO PARA INGRESSO DE ALUNO ESPECIAL DOUTORADO- PGENF 2026.2 - DOUTORADO EM ENFERMAGEM E SAÚDE,Inscrições abertas para o processo seletivo da UFBA de ingresso no curso: DOUTORADO EM ENFERMAGEM E SAÚDE. Vagas ofertadas: 30. Período de inscrições de 09/06/2026 a 15/06/2026. Consulte o edital completo no portal oficial da instituição.,UFBA,Doutorado - Aluno Especial,Saúde e Biológicas,30,2026-06-09T12:00:00Z,2026-06-15T12:00:00Z,https://sigaa.ufba.br/sigaa/public/processo_seletivo/lista.jsf?aba=p-processo&nivel=S,Encerrado,2026-06-09T12:00:00Z,UFBA SIGAA
2026-08-26T03:43:50.595762Z,PROCESSO SELETIVO PARA INGRESSO DE ALUNO ESPECIAL MESTRADO- PGENF 2026.2 - MESTRADO EM ENFERMAGEM E SAÚDE,Inscrições abertas para o processo seletivo da UFBA de ingresso no curso: MESTRADO EM ENFERMAGEM E SAÚDE. Vagas ofertadas: 60. Período de inscrições de 09/06/2026 a 15/06/2026. Consulte o edital completo no portal oficial da instituição.,UFBA,Mestrado - Aluno Especial,Saúde e Biológicas,60,2026-06-09T12:00:00Z,2026-06-15T12:00:00Z,https://sigaa.ufba.br/sigaa/public/processo_seletivo/lista.jsf?aba=p-processo&nivel=S,Encerrado,2026-06-09T12:00:00Z,UFBA SIGAA
2026-08-26T03:43:50.595762Z,SELEÇÃO DE ALUNO/A ESPECIAL DO PPGCS - 2026.2 - MESTRADO EM CIÊNCIAS SOCIAIS,Inscrições abertas para o processo seletivo da UFBA de ingresso no curso: MESTRADO EM CIÊNCIAS SOCIAIS. Vagas ofertadas: 45. Período de inscrições de 05/06/2026 a 12/06/2026. Consulte o edital completo no portal oficial da instituição.,UFBA,Mestrado - Aluno Especial,Saúde e Biológicas,45,2026-06-05T12:00:00Z,2026-06-12T12:00:00Z,https://sigaa.ufba.br/sigaa/public/processo_seletivo/lista.jsf?aba=p-processo&nivel=S,Encerrado,2026-06-05T12:00:00Z,UFBA SIGAA
2026-08-26T03:43:50.595762Z,SELEÇÃO PARA ALUNO ESPECIAL PPGCONT 2026.2 - MESTRADO EM CONTABILIDADE,Inscrições abertas para o processo seletivo da UFBA de ingresso no curso: MESTRADO EM CONTABILIDADE. Vagas ofertadas: 80. Período de inscrições de 05/06/2026 a 12/06/2026. Consulte o edital completo no portal oficial da instituição.,UFBA,Mestrado - Aluno Especial,Saúde e Biológicas,80,2026-06-05T12:00:00Z,2026-06-12T12:00:00Z,https://sigaa.ufba.br/sigaa/public/processo_seletivo/lista.jsf?aba=p-processo&nivel=S,Encerrado,2026-06-05T12:00:00Z,UFBA SIGAA
2026-08-26T03:43:50.595762Z,function dpf(f) {var adp = f.adp;if (adp != null) {for (var i = 0;i EDITAL Nº 01/2026 - SELEÇÃO ALUNO ESPECIAL – SEMESTRE LETIVO 2026.1 - ESTUDOS DE L,Inscrições abertas para o processo seletivo da UNILAB de ingresso no curso: ESTUDOS DE LINGUAGEM: CONTEXTOS LUSÓFONOS BRASIL-ÁFRICA. Vagas ofertadas: 10. Período de inscrições de 01/07/2026 a 17/07/2026. Consulte o edital completo no portal oficial da instituição.,UNILAB,Mestrado - Aluno Especial,Saúde e Biológicas,10,2026-07-01T12:00:00Z,2026-07-17T12:00:00Z,https://sigaa.unilab.edu.br/sigaa/public/processo_seletivo/lista.jsf?aba=p-processo&nivel=S,Encerrado,2026-07-01T12:00:00Z,UNILAB SIGAA
2026-08-26T03:43:50.595762Z,049/2026AE - Química Aplicada - Stricto Sensu Mestrado - Aluno Especial,Inscrições para o processo seletivo da UNEB: 049/2026AE - Química Aplicada - Stricto Sensu Mestrado - Aluno Especial. Período de inscrições de 15/06/2026 a 10/07/2026. Consulte o edital completo no portal SSPPG UNEB.,UNEB,Mestrado - Aluno Especial,Engenharias e Exatas,15,2026-06-15T12:00:00Z,2026-07-10T23:59:59Z,https://ssppg.uneb.br/inicio/editalExterno/1561?selecao=1561,Encerrado,2026-06-15T12:00:00Z,UNEB SSPPG
2026-08-26T03:43:50.595762Z,050/2026AE - Educação e Contemporaneidade - Stricto Sensu Mestrado/Doutorado - Aluno Especial,Inscrições para o processo seletivo da UNEB: 050/2026AE - Educação e Contemporaneidade - Stricto Sensu Mestrado/Doutorado - Aluno Especial. Período de inscrições de 15/06/2026 a 06/07/2026. Consulte o edital completo no portal SSPPG UNEB.,UNEB,Doutorado - Aluno Especial,Educação,15,2026-06-15T12:00:00Z,2026-07-06T23:59:59Z,https://ssppg.uneb.br/inicio/editalExterno/1559?selecao=1559,Encerrado,2026-06-15T12:00:00Z,UNEB SSPPG
2026-08-26T03:43:50.595762Z,038/2026AE - Intervenção Educativa e Social - Stricto Sensu Mestrado - Aluno Especial,Inscrições para o processo seletivo da UNEB: 038/2026AE - Intervenção Educativa e Social - Stricto Sensu Mestrado - Aluno Especial. Período de inscrições de 15/06/2026 a 06/07/2026. Consulte o edital completo no portal SSPPG UNEB.,UNEB,Mestrado - Aluno Especial,Educação,15,2026-06-15T12:00:00Z,2026-07-06T23:59:59Z,https://ssppg.uneb.br/inicio/editalExterno/1554?selecao=1554,Encerrado,2026-06-15T12:00:00Z,UNEB SSPPG
2026-08-26T03:43:50.595762Z,053/2026AEME - Crítica Cultural - Stricto Sensu Mestrado - Aluno Especial,Inscrições para o processo seletivo da UNEB: 053/2026AEME - Crítica Cultural - Stricto Sensu Mestrado - Aluno Especial. Período de inscrições de 23/06/2026 a 06/07/2026. Consulte o edital completo no portal SSPPG UNEB.,UNEB,Mestrado - Aluno Especial,Educação,15,2026-06-23T12:00:00Z,2026-07-06T23:59:59Z,https://ssppg.uneb.br/inicio/editalExterno/1565?selecao=1565,Encerrado,2026-06-23T12:00:00Z,UNEB SSPPG
2026-08-26T03:43:50.595762Z,053/2026AEDO - Crítica Cultural - Stricto Sensu Doutorado - Aluno Especial,Inscrições para o processo seletivo da UNEB: 053/2026AEDO - Crítica Cultural - Stricto Sensu Doutorado - Aluno Especial. Período de inscrições de 23/06/2026 a 06/07/2026. Consulte o edital completo no portal SSPPG UNEB.,UNEB,Doutorado - Aluno Especial,Educação,15,2026-06-23T12:00:00Z,2026-07-06T23:59:59Z,https://ssppg.uneb.br/inicio/editalExterno/1567?selecao=1567,Encerrado,2026-06-23T12:00:00Z,UNEB SSPPG
2026-08-26T03:43:50.595762Z,055/2026AE - Educação e Diversidade - Stricto Sensu Mestrado - Aluno Especial,Inscrições para o processo seletivo da UNEB: 055/2026AE - Educação e Diversidade - Stricto Sensu Mestrado - Aluno Especial. Período de inscrições de 25/06/2026 a 08/07/2026. Consulte o edital completo no portal SSPPG UNEB.,UNEB,Mestrado - Aluno Especial,Educação,15,2026-06-25T12:00:00Z,2026-07-08T23:59:59Z,https://ssppg.uneb.br/inicio/editalExterno/1560?selecao=1560,Encerrado,2026-06-25T12:00:00Z,UNEB SSPPG
2026-08-26T03:43:50.595762Z,054/2026AE - ESTUDOS TERRITORIAIS - Stricto Sensu Mestrado - Aluno Especial,Inscrições para o processo seletivo da UNEB: 054/2026AE - ESTUDOS TERRITORIAIS - Stricto Sensu Mestrado - Aluno Especial. Período de inscrições de 25/06/2026 a 06/07/2026. Consulte o edital completo no portal SSPPG UNEB.,UNEB,Mestrado - Aluno Especial,Educação,15,2026-06-25T12:00:00Z,2026-07-06T23:59:59Z,https://ssppg.uneb.br/inicio/editalExterno/1557?selecao=1557,Encerrado,2026-06-25T12:00:00Z,UNEB SSPPG
2026-08-26T03:43:50.595762Z,"056/2026AE - ENSINO, LINGUAGEM E SOCIEDADE - Stricto Sensu Mestrado - Aluno Especial","Inscrições para o processo seletivo da UNEB: 056/2026AE - ENSINO, LINGUAGEM E SOCIEDADE - Stricto Sensu Mestrado - Aluno Especial. Período de inscrições de 26/06/2026 a 09/07/2026. Consulte o edital completo no portal SSPPG UNEB.",UNEB,Mestrado - Aluno Especial,Educação,15,2026-06-26T12:00:00Z,2026-07-09T23:59:59Z,https://ssppg.uneb.br/inicio/editalExterno/1564?selecao=1564,Encerrado,2026-06-26T12:00:00Z,UNEB SSPPG
2026-08-26T03:43:50.595762Z,048/2026AE - Estudo de Linguagens - Stricto Sensu Mestrado/Doutorado - Aluno Especial,Inscrições para o processo seletivo da UNEB: 048/2026AE - Estudo de Linguagens - Stricto Sensu Mestrado/Doutorado - Aluno Especial. Período de inscrições de 29/06/2026 a 10/07/2026. Consulte o edital completo no portal SSPPG UNEB.,UNEB,Doutorado - Aluno Especial,Humanas e Sociais,15,2026-06-29T12:00:00Z,2026-07-10T23:59:59Z,https://ssppg.uneb.br/inicio/editalExterno/1563?selecao=1563,Encerrado,2026-06-29T12:00:00Z,UNEB SSPPG
2026-08-26T03:43:50.595762Z,061/2026AE - Educação e Formação Docente - Stricto Sensu Mestrado - Aluno Especial,Inscrições para o processo seletivo da UNEB: 061/2026AE - Educação e Formação Docente - Stricto Sensu Mestrado - Aluno Especial. Período de inscrições de 29/06/2026 a 10/07/2026. Consulte o edital completo no portal SSPPG UNEB.,UNEB,Mestrado - Aluno Especial,Educação,15,2026-06-29T12:00:00Z,2026-07-10T23:59:59Z,https://ssppg.uneb.br/inicio/editalExterno/1570?selecao=1570,Encerrado,2026-06-29T12:00:00Z,UNEB SSPPG
2026-08-26T03:43:50.595762Z,"058/2026AE - Estudos Africanos, Povos Indígenas e Culturas Negras - Stricto Sensu Mestrado - Aluno Especial","Inscrições para o processo seletivo da UNEB: 058/2026AE - Estudos Africanos, Povos Indígenas e Culturas Negras - Stricto Sensu Mestrado - Aluno Especial. Período de inscrições de 29/06/2026 a 10/07/2026. Consulte o edital completo no portal SSPPG UNEB.",UNEB,Mestrado - Aluno Especial,Educação,15,2026-06-29T12:00:00Z,2026-07-10T23:59:59Z,https://ssppg.uneb.br/inicio/editalExterno/1562?selecao=1562,Encerrado,2026-06-29T12:00:00Z,UNEB SSPPG
2026-08-26T03:43:50.595762Z,064/2026AE - Estudos Africanos e Representações da África - Stricto Sensu Mestrado - Aluno Especial,Inscrições para o processo seletivo da UNEB: 064/2026AE - Estudos Africanos e Representações da África - Stricto Sensu Mestrado - Aluno Especial. Período de inscrições de 03/07/2026 a 13/07/2026. Consulte o edital completo no portal SSPPG UNEB.,UNEB,Mestrado - Aluno Especial,Educação,15,2026-07-03T12:00:00Z,2026-07-13T23:59:59Z,https://ssppg.uneb.br/inicio/editalExterno/1576?selecao=1576,Encerrado,2026-07-03T12:00:00Z,UNEB SSPPG
2026-08-26T03:43:50.595762Z,059/20262AE - Ecologia Humana e Gestão Socioambiental - Stricto Sensu Mestrado/Doutorado - Aluno Especial,Inscrições para o processo seletivo da UNEB: 059/20262AE - Ecologia Humana e Gestão Socioambiental - Stricto Sensu Mestrado/Doutorado - Aluno Especial. Período de inscrições de 03/07/2026 a 10/07/2026. Consulte o edital completo no portal SSPPG UNEB.,UNEB,Doutorado - Aluno Especial,Gestão e Negócios,15,2026-07-03T12:00:00Z,2026-07-10T23:59:59Z,https://ssppg.uneb.br/inicio/editalExterno/1568?selecao=1568,Encerrado,2026-07-03T12:00:00Z,UNEB SSPPG
2026-08-26T03:43:50.595762Z,044/2026AE - Programa de Pós-Graduação em Letras - Stricto Sensu Mestrado - Aluno Especial,Inscrições para o processo seletivo da UNEB: 044/2026AE - Programa de Pós-Graduação em Letras - Stricto Sensu Mestrado - Aluno Especial. Período de inscrições de 03/07/2026 a 10/07/2026. Consulte o edital completo no portal SSPPG UNEB.,UNEB,Mestrado - Aluno Especial,Humanas e Sociais,15,2026-07-03T12:00:00Z,2026-07-10T23:59:59Z,https://ssppg.uneb.br/inicio/editalExterno/1558?selecao=1558,Encerrado,2026-07-03T12:00:00Z,UNEB SSPPG
2026-08-26T03:43:50.595762Z,063/2026AE - Ciências Farmacêuticas - Stricto Sensu Mestrado - Aluno Especial,Inscrições para o processo seletivo da UNEB: 063/2026AE - Ciências Farmacêuticas - Stricto Sensu Mestrado - Aluno Especial. Período de inscrições de 03/07/2026 a 13/07/2026. Consulte o edital completo no portal SSPPG UNEB.,UNEB,Mestrado - Aluno Especial,Educação,15,2026-07-03T12:00:00Z,2026-07-13T23:59:59Z,https://ssppg.uneb.br/inicio/editalExterno/1569?selecao=1569,Encerrado,2026-07-03T12:00:00Z,UNEB SSPPG
2026-08-27T13:18:55.437486Z,Edital nº 01 - Processo Seletivo Aluno Especial Doutorado 2026.2 - DOUTORADO EM ESTATÍSTICA E CIÊNCIAS DE DADOS,Inscrições abertas para o processo seletivo da UFBA de ingresso no curso: DOUTORADO EM ESTATÍSTICA E CIÊNCIAS DE DADOS. Vagas ofertadas: 5. Período de inscrições de 15/06/2026 a 10/07/2026. Consulte o edital completo no portal oficial da instituição.,UFBA,Doutorado - Aluno Especial,Engenharias e Exatas,5,2026-06-15T12:00:00Z,2026-07-10T12:00:00Z,https://sigaa.ufba.br/sigaa/public/processo_seletivo/lista.jsf?aba=p-processo&nivel=S,Encerrado,2026-06-15T12:00:00Z,UFBA SIGAA
2026-08-27T13:18:55.437486Z,Edital nº 01 - Processo Seletivo Aluno Especial Mestrado 2026.2 - MESTRADO EM ESTATÍSTICA E CIÊNCIAS DE DADOS,Inscrições abertas para o processo seletivo da UFBA de ingresso no curso: MESTRADO EM ESTATÍSTICA E CIÊNCIAS DE DADOS. Vagas ofertadas: 13. Período de inscrições de 15/06/2026 a 10/07/2026. Consulte o edital completo no portal oficial da instituição.,UFBA,Mestrado - Aluno Especial,Engenharias e Exatas,13,2026-06-15T12:00:00Z,2026-07-10T12:00:00Z,https://sigaa.ufba.br/sigaa/public/processo_seletivo/lista.jsf?aba=p-processo&nivel=S,Encerrado,2026-06-15T12:00:00Z,UFBA SIGAA
2026-08-27T13:18:55.437486Z,EDITAL DE ALUNO ESPECIAL 2026.2 DOUTORADO - DOUTORADO EM ARQUITETURA E URBANISMO,Inscrições abertas para o processo seletivo da UFBA de ingresso no curso: DOUTORADO EM ARQUITETURA E URBANISMO. Vagas ofertadas: 50. Período de inscrições de 12/06/2026 a 18/06/2026. Consulte o edital completo no portal oficial da instituição.,UFBA,Doutorado - Aluno Especial,Engenharias e Exatas,50,2026-06-12T12:00:00Z,2026-06-18T12:00:00Z,https://sigaa.ufba.br/sigaa/public/processo_seletivo/lista.jsf?aba=p-processo&nivel=S,Encerrado,2026-06-12T12:00:00Z,UFBA SIGAA
2026-08-27T13:18:55.437486Z,EDITAL DE ALUNO ESPECIAL 2026.2 MESTRADO - MESTRADO EM ARQUITETURA E URBANISMO,Inscrições abertas para o processo seletivo da UFBA de ingresso no curso: MESTRADO EM ARQUITETURA E URBANISMO. Vagas ofertadas: 50. Período de inscrições de 12/06/2026 a 18/06/2026. Consulte o edital completo no portal oficial da instituição.,UFBA,Mestrado - Aluno Especial,Engenharias e Exatas,50,2026-06-12T12:00:00Z,2026-06-18T12:00:00Z,https://sigaa.ufba.br/sigaa/public/processo_seletivo/lista.jsf?aba=p-processo&nivel=S,Encerrado,2026-06-12T12:00:00Z,UFBA SIGAA
2026-08-27T13:18:55.437486Z,PROCESSO SELETIVO IC-PGCOMP DOUTORADO PARA ALUNO ESPECIAL 2026.2 - DOUTORADO EM CIÊNCIA DA COMPUTAÇÃO,Inscrições abertas para o processo seletivo da UFBA de ingresso no curso: DOUTORADO EM CIÊNCIA DA COMPUTAÇÃO. Vagas ofertadas: 30. Período de inscrições de 12/06/2026 a 19/06/2026. Consulte o edital completo no portal oficial da instituição.,UFBA,Doutorado - Aluno Especial,Tecnologia e Informática,30,2026-06-12T12:00:00Z,2026-06-19T12:00:00Z,https://sigaa.ufba.br/sigaa/public/processo_seletivo/lista.jsf?aba=p-processo&nivel=S,Encerrado,2026-06-12T12:00:00Z,UFBA SIGAA
2026-08-27T13:18:55.437486Z,PROCESSO SELETIVO IC-PGCOMP MESTRADO PARA ALUNO ESPECIAL 2026.2 - MESTRADO EM CIÊNCIA DA COMPUTAÇÃO,Inscrições abertas para o processo seletivo da UFBA de ingresso no curso: MESTRADO EM CIÊNCIA DA COMPUTAÇÃO. Vagas ofertadas: 70. Período de inscrições de 12/06/2026 a 19/06/2026. Consulte o edital completo no portal oficial da instituição.,UFBA,Mestrado - Aluno Especial,Tecnologia e Informática,70,2026-06-12T12:00:00Z,2026-06-19T12:00:00Z,https://sigaa.ufba.br/sigaa/public/processo_seletivo/lista.jsf?aba=p-processo&nivel=S,Encerrado,2026-06-12T12:00:00Z,UFBA SIGAA
2026-08-27T13:18:55.437486Z,EDITAL nº 02/2026 - SELEÇÃO PARA ALUNO ESPECIAL - SEMESTRE LETIVO 2026.2 - MESTRADO EM EDUCAÇÃO,Inscrições abertas para o processo seletivo da UFBA de ingresso no curso: MESTRADO EM EDUCAÇÃO. Vagas ofertadas: 102. Período de inscrições de 09/06/2026 a 12/06/2026. Consulte o edital completo no portal oficial da instituição.,UFBA,Mestrado - Aluno Especial,Educação,102,2026-06-09T12:00:00Z,2026-06-12T12:00:00Z,https://sigaa.ufba.br/sigaa/public/processo_seletivo/lista.jsf?aba=p-processo&nivel=S,Encerrado,2026-06-09T12:00:00Z,UFBA SIGAA
2026-08-27T13:18:55.437486Z,PROCESSO SELETIVO PARA INGRESSO DE ALUNO ESPECIAL DOUTORADO- PGENF 2026.2 - DOUTORADO EM ENFERMAGEM E SAÚDE,Inscrições abertas para o processo seletivo da UFBA de ingresso no curso: DOUTORADO EM ENFERMAGEM E SAÚDE. Vagas ofertadas: 30. Período de inscrições de 09/06/2026 a 15/06/2026. Consulte o edital completo no portal oficial da instituição.,UFBA,Doutorado - Aluno Especial,Saúde e Biológicas,30,2026-06-09T12:00:00Z,2026-06-15T12:00:00Z,https://sigaa.ufba.br/sigaa/public/processo_seletivo/lista.jsf?aba=p-processo&nivel=S,Encerrado,2026-06-09T12:00:00Z,UFBA SIGAA
2026-08-27T13:18:55.437486Z,PROCESSO SELETIVO PARA INGRESSO DE ALUNO ESPECIAL MESTRADO- PGENF 2026.2 - MESTRADO EM ENFERMAGEM E SAÚDE,Inscrições abertas para o processo seletivo da UFBA de ingresso no curso: MESTRADO EM ENFERMAGEM E SAÚDE. Vagas ofertadas: 60. Período de inscrições de 09/06/2026 a 15/06/2026. Consulte o edital completo no portal oficial da instituição.,UFBA,Mestrado - Aluno Especial,Saúde e Biológicas,60,2026-06-09T12:00:00Z,2026-06-15T12:00:00Z,https://sigaa.ufba.br/sigaa/public/processo_seletivo/lista.jsf?aba=p-processo&nivel=S,Encerrado,2026-06-09T12:00:00Z,UFBA SIGAA
2026-08-27T13:18:55.437486Z,SELEÇÃO DE ALUNO/A ESPECIAL DO PPGCS - 2026.2 - MESTRADO EM CIÊNCIAS SOCIAIS,Inscrições abertas para o processo seletivo da UFBA de ingresso no curso: MESTRADO EM CIÊNCIAS SOCIAIS. Vagas ofertadas: 45. Período de inscrições de 05/06/2026 a 12/06/2026. Consulte o edital completo no portal oficial da instituição.,UFBA,Mestrado - Aluno Especial,Saúde e Biológicas,45,2026-06-05T12:00:00Z,2026-06-12T12:00:00Z,https://sigaa.ufba.br/sigaa/public/processo_seletivo/lista.jsf?aba=p-processo&nivel=S,Encerrado,2026-06-05T12:00:00Z,UFBA SIGAA
2026-08-27T13:18:55.437486Z,SELEÇÃO PARA ALUNO ESPECIAL PPGCONT 2026.2 - MESTRADO EM CONTABILIDADE,Inscrições abertas para o processo seletivo da UFBA de ingresso no curso: MESTRADO EM CONTABILIDADE. Vagas ofertadas: 80. Período de inscrições de 05/06/2026 a 12/06/2026. Consulte o edital completo no portal oficial da instituição.,UFBA,Mestrado - Aluno Especial,Saúde e Biológicas,80,2026-06-05T12:00:00Z,2026-06-12T12:00:00Z,https://sigaa.ufba.br/sigaa/public/processo_seletivo/lista.jsf?aba=p-processo&nivel=S,Encerrado,2026-06-05T12:00:00Z,UFBA SIGAA
2026-08-27T13:18:55.437486Z,function dpf(f) {var adp = f.adp;if (adp != null) {for (var i = 0;i EDITAL Nº 01/2026 - SELEÇÃO ALUNO ESPECIAL – SEMESTRE LETIVO 2026.1 - ESTUDOS DE L,Inscrições abertas para o processo seletivo da UNILAB de ingresso no curso: ESTUDOS DE LINGUAGEM: CONTEXTOS LUSÓFONOS BRASIL-ÁFRICA. Vagas ofertadas: 10. Período de inscrições de 01/07/2026 a 17/07/2026. Consulte o edital completo no portal oficial da instituição.,UNILAB,Mestrado - Aluno Especial,Saúde e Biológicas,10,2026-07-01T12:00:00Z,2026-07-17T12:00:00Z,https://sigaa.unilab.edu.br/sigaa/public/processo_seletivo/lista.jsf?aba=p-processo&nivel=S,Encerrado,2026-07-01T12:00:00Z,UNILAB SIGAA
2026-08-27T13:18:55.437486Z,049/2026AE - Química Aplicada - Stricto Sensu Mestrado - Aluno Especial,Inscrições para o processo seletivo da UNEB: 049/2026AE - Química Aplicada - Stricto Sensu Mestrado - Aluno Especial. Período de inscrições de 15/06/2026 a 10/07/2026. Consulte o edital completo no portal SSPPG UNEB.,UNEB,Mestrado - Aluno Especial,Engenharias e Exatas,15,2026-06-15T12:00:00Z,2026-07-10T23:59:59Z,https://ssppg.uneb.br/inicio/editalExterno/1561?selecao=1561,Encerrado,2026-06-15T12:00:00Z,UNEB SSPPG
2026-08-27T13:18:55.437486Z,050/2026AE - Educação e Contemporaneidade - Stricto Sensu Mestrado/Doutorado - Aluno Especial,Inscrições para o processo seletivo da UNEB: 050/2026AE - Educação e Contemporaneidade - Stricto Sensu Mestrado/Doutorado - Aluno Especial. Período de inscrições de 15/06/2026 a 06/07/2026. Consulte o edital completo no portal SSPPG UNEB.,UNEB,Doutorado - Aluno Especial,Educação,15,2026-06-15T12:00:00Z,2026-07-06T23:59:59Z,https://ssppg.uneb.br/inicio/editalExterno/1559?selecao=1559,Encerrado,2026-06-15T12:00:00Z,UNEB SSPPG
2026-08-27T13:18:55.437486Z,038/2026AE - Intervenção Educativa e Social - Stricto Sensu Mestrado - Aluno Especial,Inscrições para o processo seletivo da UNEB: 038/2026AE - Intervenção Educativa e Social - Stricto Sensu Mestrado - Aluno Especial. Período de inscrições de 15/06/2026 a 06/07/2026. Consulte o edital completo no portal SSPPG UNEB.,UNEB,Mestrado - Aluno Especial,Educação,15,2026-06-15T12:00:00Z,2026-07-06T23:59:59Z,https://ssppg.uneb.br/inicio/editalExterno/1554?selecao=1554,Encerrado,2026-06-15T12:00:00Z,UNEB SSPPG
2026-08-27T13:18:55.437486Z,053/2026AEME - Crítica Cultural - Stricto Sensu Mestrado - Aluno Especial,Inscrições para o processo seletivo da UNEB: 053/2026AEME - Crítica Cultural - Stricto Sensu Mestrado - Aluno Especial. Período de inscrições de 23/06/2026 a 06/07/2026. Consulte o edital completo no portal SSPPG UNEB.,UNEB,Mestrado - Aluno Especial,Educação,15,2026-06-23T12:00:00Z,2026-07-06T23:59:59Z,https://ssppg.uneb.br/inicio/editalExterno/1565?selecao=1565,Encerrado,2026-06-23T12:00:00Z,UNEB SSPPG
2026-08-27T13:18:55.437486Z,053/2026AEDO - Crítica Cultural - Stricto Sensu Doutorado - Aluno Especial,Inscrições para o processo seletivo da UNEB: 053/2026AEDO - Crítica Cultural - Stricto Sensu Doutorado - Aluno Especial. Período de inscrições de 23/06/2026 a 06/07/2026. Consulte o edital completo no portal SSPPG UNEB.,UNEB,Doutorado - Aluno Especial,Educação,15,2026-06-23T12:00:00Z,2026-07-06T23:59:59Z,https://ssppg.uneb.br/inicio/editalExterno/1567?selecao=1567,Encerrado,2026-06-23T12:00:00Z,UNEB SSPPG
2026-08-27T13:18:55.437486Z,055/2026AE - Educação e Diversidade - Stricto Sensu Mestrado - Aluno Especial,Inscrições para o processo seletivo da UNEB: 055/2026AE - Educação e Diversidade - Stricto Sensu Mestrado - Aluno Especial. Período de inscrições de 25/06/2026 a 08/07/2026. Consulte o edital completo no portal SSPPG UNEB.,UNEB,Mestrado - Aluno Especial,Educação,15,2026-06-25T12:00:00Z,2026-07-08T23:59:59Z,https://ssppg.uneb.br/inicio/editalExterno/1560?selecao=1560,Encerrado,2026-06-25T12:00:00Z,UNEB SSPPG
2026-08-27T13:18:55.437486Z,054/2026AE - ESTUDOS TERRITORIAIS - Stricto Sensu Mestrado - Aluno Especial,Inscrições para o processo seletivo da UNEB: 054/2026AE - ESTUDOS TERRITORIAIS - Stricto Sensu Mestrado - Aluno Especial. Período de inscrições de 25/06/2026 a 06/07/2026. Consulte o edital completo no portal SSPPG UNEB.,UNEB,Mestrado - Aluno Especial,Educação,15,2026-06-25T12:00:00Z,2026-07-06T23:59:59Z,https://ssppg.uneb.br/inicio/editalExterno/1557?selecao=1557,Encerrado,2026-06-25T12:00:00Z,UNEB SSPPG
2026-08-27T13:18:55.437486Z,"056/2026AE - ENSINO, LINGUAGEM E SOCIEDADE - Stricto Sensu Mestrado - Aluno Especial","Inscrições para o processo seletivo da UNEB: 056/2026AE - ENSINO, LINGUAGEM E SOCIEDADE - Stricto Sensu Mestrado - Aluno Especial. Período de inscrições de 26/06/2026 a 09/07/2026. Consulte o edital completo no portal SSPPG UNEB.",UNEB,Mestrado - Aluno Especial,Educação,15,2026-06-26T12:00:00Z,2026-07-09T23:59:59Z,https://ssppg.uneb.br/inicio/editalExterno/1564?selecao=1564,Encerrado,2026-06-26T12:00:00Z,UNEB SSPPG
2026-08-27T13:18:55.437486Z,048/2026AE - Estudo de Linguagens - Stricto Sensu Mestrado/Doutorado - Aluno Especial,Inscrições para o processo seletivo da UNEB: 048/2026AE - Estudo de Linguagens - Stricto Sensu Mestrado/Doutorado - Aluno Especial. Período de inscrições de 29/06/2026 a 10/07/2026. Consulte o edital completo no portal SSPPG UNEB.,UNEB,Doutorado - Aluno Especial,Humanas e Sociais,15,2026-06-29T12:00:00Z,2026-07-10T23:59:59Z,https://ssppg.uneb.br/inicio/editalExterno/1563?selecao=1563,Encerrado,2026-06-29T12:00:00Z,UNEB SSPPG
2026-08-27T13:18:55.437486Z,061/2026AE - Educação e Formação Docente - Stricto Sensu Mestrado - Aluno Especial,Inscrições para o processo seletivo da UNEB: 061/2026AE - Educação e Formação Docente - Stricto Sensu Mestrado - Aluno Especial. Período de inscrições de 29/06/2026 a 10/07/2026. Consulte o edital completo no portal SSPPG UNEB.,UNEB,Mestrado - Aluno Especial,Educação,15,2026-06-29T12:00:00Z,2026-07-10T23:59:59Z,https://ssppg.uneb.br/inicio/editalExterno/1570?selecao=1570,Encerrado,2026-06-29T12:00:00Z,UNEB SSPPG
2026-08-27T13:18:55.437486Z,"058/2026AE - Estudos Africanos, Povos Indígenas e Culturas Negras - Stricto Sensu Mestrado - Aluno Especial","Inscrições para o processo seletivo da UNEB: 058/2026AE - Estudos Africanos, Povos Indígenas e Culturas Negras - Stricto Sensu Mestrado - Aluno Especial. Período de inscrições de 29/06/2026 a 10/07/2026. Consulte o edital completo no portal SSPPG UNEB.",UNEB,Mestrado - Aluno Especial,Educação,15,2026-06-29T12:00:00Z,2026-07-10T23:59:59Z,https://ssppg.uneb.br/inicio/editalExterno/1562?selecao=1562,Encerrado,2026-06-29T12:00:00Z,UNEB SSPPG
2026-08-27T13:18:55.437486Z,064/2026AE - Estudos Africanos e Representações da África - Stricto Sensu Mestrado - Aluno Especial,Inscrições para o processo seletivo da UNEB: 064/2026AE - Estudos Africanos e Representações da África - Stricto Sensu Mestrado - Aluno Especial. Período de inscrições de 03/07/2026 a 13/07/2026. Consulte o edital completo no portal SSPPG UNEB.,UNEB,Mestrado - Aluno Especial,Educação,15,2026-07-03T12:00:00Z,2026-07-13T23:59:59Z,https://ssppg.uneb.br/inicio/editalExterno/1576?selecao=1576,Encerrado,2026-07-03T12:00:00Z,UNEB SSPPG
2026-08-27T13:18:55.437486Z,059/20262AE - Ecologia Humana e Gestão Socioambiental - Stricto Sensu Mestrado/Doutorado - Aluno Especial,Inscrições para o processo seletivo da UNEB: 059/20262AE - Ecologia Humana e Gestão Socioambiental - Stricto Sensu Mestrado/Doutorado - Aluno Especial. Período de inscrições de 03/07/2026 a 10/07/2026. Consulte o edital completo no portal SSPPG UNEB.,UNEB,Doutorado - Aluno Especial,Gestão e Negócios,15,2026-07-03T12:00:00Z,2026-07-10T23:59:59Z,https://ssppg.uneb.br/inicio/editalExterno/1568?selecao=1568,Encerrado,2026-07-03T12:00:00Z,UNEB SSPPG
2026-08-27T13:18:55.437486Z,044/2026AE - Programa de Pós-Graduação em Letras - Stricto Sensu Mestrado - Aluno Especial,Inscrições para o processo seletivo da UNEB: 044/2026AE - Programa de Pós-Graduação em Letras - Stricto Sensu Mestrado - Aluno Especial. Período de inscrições de 03/07/2026 a 10/07/2026. Consulte o edital completo no portal SSPPG UNEB.,UNEB,Mestrado - Aluno Especial,Humanas e Sociais,15,2026-07-03T12:00:00Z,2026-07-10T23:59:59Z,https://ssppg.uneb.br/inicio/editalExterno/1558?selecao=1558,Encerrado,2026-07-03T12:00:00Z,UNEB SSPPG
2026-08-27T13:18:55.437486Z,063/2026AE - Ciências Farmacêuticas - Stricto Sensu Mestrado - Aluno Especial,Inscrições para o processo seletivo da UNEB: 063/2026AE - Ciências Farmacêuticas - Stricto Sensu Mestrado - Aluno Especial. Período de inscrições de 03/07/2026 a 13/07/2026. Consulte o edital completo no portal SSPPG UNEB.,UNEB,Mestrado - Aluno Especial,Educação,15,2026-07-03T12:00:00Z,2026-07-13T23:59:59Z,https://ssppg.uneb.br/inicio/editalExterno/1569?selecao=1569,Encerrado,2026-07-03T12:00:00Z,UNEB SSPPG
