data_coleta,titulo,resumo,instituicao,nivel,area,vagas,inscricoes_inicio,inscricoes_fim,url,status,data_publicacao,fonte
2026-08-01T05:45:40.361273Z,EDITAL 03/2026 - DOUTORADO PROFISSIONAL EM SAÚDE COLETIVA - DOUTORADO PROFISSIONAL EM SAÚDE COLETIVA,Inscrições abertas para o processo seletivo da UFBA de ingresso no curso: DOUTORADO PROFISSIONAL EM SAÚDE COLETIVA. Vagas ofertadas: 10. Período de inscrições de 30/06/2026 a 20/07/2026. Consulte o edital completo no portal oficial da instituição.,UFBA,Doutorado Profissional,Saúde e Biológicas,10,2026-06-30T12:00:00Z,2026-07-20T12:00:00Z,https://sigaa.ufba.br/sigaa/public/processo_seletivo/lista.jsf?aba=p-processo&nivel=S,Encerrado,2026-06-30T12:00:00Z,UFBA SIGAA
2026-08-01T05:45:40.361273Z,PROCESSO SELETIVO DO DOUTORADO ACADÊMICO TURMA 2027-1 - DOUTORADO EM ARQUITETURA E URBANISMO,Inscrições abertas para o processo seletivo da UFBA de ingresso no curso: DOUTORADO EM ARQUITETURA E URBANISMO. Vagas ofertadas: 25. Período de inscrições de 15/06/2026 a 31/07/2026. Consulte o edital completo no portal oficial da instituição.,UFBA,Doutorado Acadêmico,Engenharias e Exatas,25,2026-06-15T12:00:00Z,2026-07-31T12:00:00Z,https://sigaa.ufba.br/sigaa/public/processo_seletivo/lista.jsf?aba=p-processo&nivel=S,Encerrado,2026-06-15T12:00:00Z,UFBA SIGAA
2026-08-01T05:45:40.361273Z,PPGEEC - Edital de Seleção para Alunos Especiais de Doutorado 2026.2 - DOUTORADO EM ENGENHARIA ELÉTRICA,Inscrições abertas para o processo seletivo da UFBA de ingresso no curso: DOUTORADO EM ENGENHARIA ELÉTRICA. Vagas ofertadas: 40. Período de inscrições de 15/06/2026 a 26/06/2026. Consulte o edital completo no portal oficial da instituição.,UFBA,Doutorado Acadêmico,Engenharias e Exatas,40,2026-06-15T12:00:00Z,2026-06-26T12:00:00Z,https://sigaa.ufba.br/sigaa/public/processo_seletivo/lista.jsf?aba=p-processo&nivel=S,Encerrado,2026-06-15T12:00:00Z,UFBA SIGAA
2026-08-01T05:45:40.361273Z,Processo Seletivo em Ciência de Alimentos (2026.2) - NÍVEL DOUTORADO - DOUTORADO EM CIÊNCIA DE ALIMENTOS,Inscrições abertas para o processo seletivo da UFBA de ingresso no curso: DOUTORADO EM CIÊNCIA DE ALIMENTOS. Vagas ofertadas: 22. Período de inscrições de 10/06/2026 a 28/06/2026. Consulte o edital completo no portal oficial da instituição.,UFBA,Doutorado Acadêmico,Saúde e Biológicas,22,2026-06-10T12:00:00Z,2026-06-28T12:00:00Z,https://sigaa.ufba.br/sigaa/public/processo_seletivo/lista.jsf?aba=p-processo&nivel=S,Encerrado,2026-06-10T12:00:00Z,UFBA SIGAA
2026-08-01T05:45:40.361273Z,EDITAL N.º003/2026 DOUTORADO - DOUTORADO EM FARMÁCIA,Inscrições abertas para o processo seletivo da UFBA de ingresso no curso: DOUTORADO EM FARMÁCIA. Vagas ofertadas: 12. Período de inscrições de 04/06/2026 a 30/06/2026. Consulte o edital completo no portal oficial da instituição.,UFBA,Doutorado Acadêmico,Saúde e Biológicas,12,2026-06-04T12:00:00Z,2026-06-30T12:00:00Z,https://sigaa.ufba.br/sigaa/public/processo_seletivo/lista.jsf?aba=p-processo&nivel=S,Encerrado,2026-06-04T12:00:00Z,UFBA SIGAA
2026-08-01T05:45:40.361273Z,PPGEEC / UNIVASF - Seleção para Alunos de Mestrado 2026.2 (Turma MINTER) - DOUTORADO EM ENGENHARIA ELÉTRICA,Inscrições abertas para o processo seletivo da UFBA de ingresso no curso: DOUTORADO EM ENGENHARIA ELÉTRICA. Vagas ofertadas: 20. Período de inscrições de 03/06/2026 a 29/06/2026. Consulte o edital completo no portal oficial da instituição.,UFBA,Doutorado Acadêmico,Engenharias e Exatas,20,2026-06-03T12:00:00Z,2026-06-29T12:00:00Z,https://sigaa.ufba.br/sigaa/public/processo_seletivo/lista.jsf?aba=p-processo&nivel=S,Encerrado,2026-06-03T12:00:00Z,UFBA SIGAA
2026-08-01T05:45:40.361273Z,Edital 2026.2 de Seleção para Doutorado do PPGMCF - DOUTORADO EM MULTICÊNTRICO EM CIÊNCIAS FISIOLÓGICAS,Inscrições abertas para o processo seletivo da UFBA de ingresso no curso: DOUTORADO EM MULTICÊNTRICO EM CIÊNCIAS FISIOLÓGICAS. Vagas ofertadas: 1. Período de inscrições de 21/05/2026 a 08/06/2026. Consulte o edital completo no portal oficial da instituição.,UFBA,Doutorado Acadêmico,Saúde e Biológicas,1,2026-05-21T12:00:00Z,2026-06-08T12:00:00Z,https://sigaa.ufba.br/sigaa/public/processo_seletivo/lista.jsf?aba=p-processo&nivel=S,Encerrado,2026-05-21T12:00:00Z,UFBA SIGAA
2026-08-01T05:45:40.361273Z,PPGEEC - Edital de Seleção para Alunos Regulares de Doutorado 2026.2 - DOUTORADO EM ENGENHARIA ELÉTRICA,Inscrições abertas para o processo seletivo da UFBA de ingresso no curso: DOUTORADO EM ENGENHARIA ELÉTRICA. Vagas ofertadas: 23. Período de inscrições de 19/05/2026 a 15/06/2026. Consulte o edital completo no portal oficial da instituição.,UFBA,Doutorado Acadêmico,Engenharias e Exatas,23,2026-05-19T12:00:00Z,2026-06-15T12:00:00Z,https://sigaa.ufba.br/sigaa/public/processo_seletivo/lista.jsf?aba=p-processo&nivel=S,Encerrado,2026-05-19T12:00:00Z,UFBA SIGAA
2026-08-01T05:45:40.361273Z,SELEÇÃO PARA INGRESSO NO DOUTORADO EM QUÍMICA 2026.2 - DOUTORADO EM QUÍMICA,Inscrições abertas para o processo seletivo da UFBA de ingresso no curso: DOUTORADO EM QUÍMICA. Vagas ofertadas: 20. Período de inscrições de 18/05/2026 a 21/06/2026. Consulte o edital completo no portal oficial da instituição.,UFBA,Doutorado Acadêmico,Engenharias e Exatas,20,2026-05-18T12:00:00Z,2026-06-21T12:00:00Z,https://sigaa.ufba.br/sigaa/public/processo_seletivo/lista.jsf?aba=p-processo&nivel=S,Encerrado,2026-05-18T12:00:00Z,UFBA SIGAA
2026-08-01T05:45:40.361273Z,EDITAL PEI/UFBA 04-2026 - SELEÇÃO PARA O DOUTORADO 2026.2 - DOUTORADO EM ENGENHARIA INDUSTRIAL,Inscrições abertas para o processo seletivo da UFBA de ingresso no curso: DOUTORADO EM ENGENHARIA INDUSTRIAL. Vagas ofertadas: 15. Período de inscrições de 15/05/2026 a 10/06/2026. Consulte o edital completo no portal oficial da instituição.,UFBA,Doutorado Acadêmico,Engenharias e Exatas,15,2026-05-15T12:00:00Z,2026-06-10T12:00:00Z,https://sigaa.ufba.br/sigaa/public/processo_seletivo/lista.jsf?aba=p-processo&nivel=S,Encerrado,2026-05-15T12:00:00Z,UFBA SIGAA
2026-08-01T05:45:40.361273Z,"Seleção para o Doutorado em Matemática, ingresso em 2026.2 - DOUTORADO EM MATEMÁTICA",Inscrições abertas para o processo seletivo da UFBA de ingresso no curso: DOUTORADO EM MATEMÁTICA. Vagas ofertadas: 10. Período de inscrições de 11/05/2026 a 07/06/2026. Consulte o edital completo no portal oficial da instituição.,UFBA,Doutorado Acadêmico,Engenharias e Exatas,10,2026-05-11T12:00:00Z,2026-06-07T12:00:00Z,https://sigaa.ufba.br/sigaa/public/processo_seletivo/lista.jsf?aba=p-processo&nivel=S,Encerrado,2026-05-11T12:00:00Z,UFBA SIGAA
2026-08-01T05:45:40.361273Z,DOUTORADO PROFISSIONAL EM MÚSICA. SELEÇÃO ALUNOS REGULARES 2026.2 - DOUTORADO PROFISSIONAL EM MÚSICA,Inscrições abertas para o processo seletivo da UFBA de ingresso no curso: DOUTORADO PROFISSIONAL EM MÚSICA. Vagas ofertadas: 5. Período de inscrições de 04/05/2026 a 14/06/2026. Consulte o edital completo no portal oficial da instituição.,UFBA,Doutorado Profissional,Comunicação e Artes,5,2026-05-04T12:00:00Z,2026-06-14T12:00:00Z,https://sigaa.ufba.br/sigaa/public/processo_seletivo/lista.jsf?aba=p-processo&nivel=S,Encerrado,2026-05-04T12:00:00Z,UFBA SIGAA
2026-08-01T05:45:40.361273Z,EDITAL 05/2026 - POSPETRO PROCESSO SELETIVO PARA DOUTORADO EM GEOQUÍMICA: PETRÓL - DOUTORADO EM GEOQUÍMICA: PETRÓLEO E MEIO AMBIENTE,Inscrições abertas para o processo seletivo da UFBA de ingresso no curso: DOUTORADO EM GEOQUÍMICA: PETRÓLEO E MEIO AMBIENTE. Vagas ofertadas: 3. Período de inscrições de 27/04/2026 a 16/06/2026. Consulte o edital completo no portal oficial da instituição.,UFBA,Doutorado Acadêmico,Agrárias e Ambientais,3,2026-04-27T12:00:00Z,2026-06-16T12:00:00Z,https://sigaa.ufba.br/sigaa/public/processo_seletivo/lista.jsf?aba=p-processo&nivel=S,Encerrado,2026-04-27T12:00:00Z,UFBA SIGAA
2026-08-01T05:45:40.361273Z,Processo Seletivo 2026.2 Doutorado - Aluno Regular - DOUTORADO EM MECATRÔNICA,Inscrições abertas para o processo seletivo da UFBA de ingresso no curso: DOUTORADO EM MECATRÔNICA. Vagas ofertadas: 16. Período de inscrições de 16/04/2026 a 14/06/2026. Consulte o edital completo no portal oficial da instituição.,UFBA,Doutorado Acadêmico,Saúde e Biológicas,16,2026-04-16T12:00:00Z,2026-06-14T12:00:00Z,https://sigaa.ufba.br/sigaa/public/processo_seletivo/lista.jsf?aba=p-processo&nivel=S,Encerrado,2026-04-16T12:00:00Z,UFBA SIGAA
2026-08-02T05:46:37.259248Z,EDITAL 03/2026 - DOUTORADO PROFISSIONAL EM SAÚDE COLETIVA - DOUTORADO PROFISSIONAL EM SAÚDE COLETIVA,Inscrições abertas para o processo seletivo da UFBA de ingresso no curso: DOUTORADO PROFISSIONAL EM SAÚDE COLETIVA. Vagas ofertadas: 10. Período de inscrições de 30/06/2026 a 20/07/2026. Consulte o edital completo no portal oficial da instituição.,UFBA,Doutorado Profissional,Saúde e Biológicas,10,2026-06-30T12:00:00Z,2026-07-20T12:00:00Z,https://sigaa.ufba.br/sigaa/public/processo_seletivo/lista.jsf?aba=p-processo&nivel=S,Encerrado,2026-06-30T12:00:00Z,UFBA SIGAA
2026-08-02T05:46:37.259248Z,PROCESSO SELETIVO DO DOUTORADO ACADÊMICO TURMA 2027-1 - DOUTORADO EM ARQUITETURA E URBANISMO,Inscrições abertas para o processo seletivo da UFBA de ingresso no curso: DOUTORADO EM ARQUITETURA E URBANISMO. Vagas ofertadas: 25. Período de inscrições de 15/06/2026 a 31/07/2026. Consulte o edital completo no portal oficial da instituição.,UFBA,Doutorado Acadêmico,Engenharias e Exatas,25,2026-06-15T12:00:00Z,2026-07-31T12:00:00Z,https://sigaa.ufba.br/sigaa/public/processo_seletivo/lista.jsf?aba=p-processo&nivel=S,Encerrado,2026-06-15T12:00:00Z,UFBA SIGAA
2026-08-02T05:46:37.259248Z,PPGEEC - Edital de Seleção para Alunos Especiais de Doutorado 2026.2 - DOUTORADO EM ENGENHARIA ELÉTRICA,Inscrições abertas para o processo seletivo da UFBA de ingresso no curso: DOUTORADO EM ENGENHARIA ELÉTRICA. Vagas ofertadas: 40. Período de inscrições de 15/06/2026 a 26/06/2026. Consulte o edital completo no portal oficial da instituição.,UFBA,Doutorado Acadêmico,Engenharias e Exatas,40,2026-06-15T12:00:00Z,2026-06-26T12:00:00Z,https://sigaa.ufba.br/sigaa/public/processo_seletivo/lista.jsf?aba=p-processo&nivel=S,Encerrado,2026-06-15T12:00:00Z,UFBA SIGAA
2026-08-02T05:46:37.259248Z,Processo Seletivo em Ciência de Alimentos (2026.2) - NÍVEL DOUTORADO - DOUTORADO EM CIÊNCIA DE ALIMENTOS,Inscrições abertas para o processo seletivo da UFBA de ingresso no curso: DOUTORADO EM CIÊNCIA DE ALIMENTOS. Vagas ofertadas: 22. Período de inscrições de 10/06/2026 a 28/06/2026. Consulte o edital completo no portal oficial da instituição.,UFBA,Doutorado Acadêmico,Saúde e Biológicas,22,2026-06-10T12:00:00Z,2026-06-28T12:00:00Z,https://sigaa.ufba.br/sigaa/public/processo_seletivo/lista.jsf?aba=p-processo&nivel=S,Encerrado,2026-06-10T12:00:00Z,UFBA SIGAA
2026-08-02T05:46:37.259248Z,EDITAL N.º003/2026 DOUTORADO - DOUTORADO EM FARMÁCIA,Inscrições abertas para o processo seletivo da UFBA de ingresso no curso: DOUTORADO EM FARMÁCIA. Vagas ofertadas: 12. Período de inscrições de 04/06/2026 a 30/06/2026. Consulte o edital completo no portal oficial da instituição.,UFBA,Doutorado Acadêmico,Saúde e Biológicas,12,2026-06-04T12:00:00Z,2026-06-30T12:00:00Z,https://sigaa.ufba.br/sigaa/public/processo_seletivo/lista.jsf?aba=p-processo&nivel=S,Encerrado,2026-06-04T12:00:00Z,UFBA SIGAA
2026-08-02T05:46:37.259248Z,PPGEEC / UNIVASF - Seleção para Alunos de Mestrado 2026.2 (Turma MINTER) - DOUTORADO EM ENGENHARIA ELÉTRICA,Inscrições abertas para o processo seletivo da UFBA de ingresso no curso: DOUTORADO EM ENGENHARIA ELÉTRICA. Vagas ofertadas: 20. Período de inscrições de 03/06/2026 a 29/06/2026. Consulte o edital completo no portal oficial da instituição.,UFBA,Doutorado Acadêmico,Engenharias e Exatas,20,2026-06-03T12:00:00Z,2026-06-29T12:00:00Z,https://sigaa.ufba.br/sigaa/public/processo_seletivo/lista.jsf?aba=p-processo&nivel=S,Encerrado,2026-06-03T12:00:00Z,UFBA SIGAA
2026-08-02T05:46:37.259248Z,Edital 2026.2 de Seleção para Doutorado do PPGMCF - DOUTORADO EM MULTICÊNTRICO EM CIÊNCIAS FISIOLÓGICAS,Inscrições abertas para o processo seletivo da UFBA de ingresso no curso: DOUTORADO EM MULTICÊNTRICO EM CIÊNCIAS FISIOLÓGICAS. Vagas ofertadas: 1. Período de inscrições de 21/05/2026 a 08/06/2026. Consulte o edital completo no portal oficial da instituição.,UFBA,Doutorado Acadêmico,Saúde e Biológicas,1,2026-05-21T12:00:00Z,2026-06-08T12:00:00Z,https://sigaa.ufba.br/sigaa/public/processo_seletivo/lista.jsf?aba=p-processo&nivel=S,Encerrado,2026-05-21T12:00:00Z,UFBA SIGAA
2026-08-02T05:46:37.259248Z,PPGEEC - Edital de Seleção para Alunos Regulares de Doutorado 2026.2 - DOUTORADO EM ENGENHARIA ELÉTRICA,Inscrições abertas para o processo seletivo da UFBA de ingresso no curso: DOUTORADO EM ENGENHARIA ELÉTRICA. Vagas ofertadas: 23. Período de inscrições de 19/05/2026 a 15/06/2026. Consulte o edital completo no portal oficial da instituição.,UFBA,Doutorado Acadêmico,Engenharias e Exatas,23,2026-05-19T12:00:00Z,2026-06-15T12:00:00Z,https://sigaa.ufba.br/sigaa/public/processo_seletivo/lista.jsf?aba=p-processo&nivel=S,Encerrado,2026-05-19T12:00:00Z,UFBA SIGAA
2026-08-02T05:46:37.259248Z,SELEÇÃO PARA INGRESSO NO DOUTORADO EM QUÍMICA 2026.2 - DOUTORADO EM QUÍMICA,Inscrições abertas para o processo seletivo da UFBA de ingresso no curso: DOUTORADO EM QUÍMICA. Vagas ofertadas: 20. Período de inscrições de 18/05/2026 a 21/06/2026. Consulte o edital completo no portal oficial da instituição.,UFBA,Doutorado Acadêmico,Engenharias e Exatas,20,2026-05-18T12:00:00Z,2026-06-21T12:00:00Z,https://sigaa.ufba.br/sigaa/public/processo_seletivo/lista.jsf?aba=p-processo&nivel=S,Encerrado,2026-05-18T12:00:00Z,UFBA SIGAA
2026-08-02T05:46:37.259248Z,EDITAL PEI/UFBA 04-2026 - SELEÇÃO PARA O DOUTORADO 2026.2 - DOUTORADO EM ENGENHARIA INDUSTRIAL,Inscrições abertas para o processo seletivo da UFBA de ingresso no curso: DOUTORADO EM ENGENHARIA INDUSTRIAL. Vagas ofertadas: 15. Período de inscrições de 15/05/2026 a 10/06/2026. Consulte o edital completo no portal oficial da instituição.,UFBA,Doutorado Acadêmico,Engenharias e Exatas,15,2026-05-15T12:00:00Z,2026-06-10T12:00:00Z,https://sigaa.ufba.br/sigaa/public/processo_seletivo/lista.jsf?aba=p-processo&nivel=S,Encerrado,2026-05-15T12:00:00Z,UFBA SIGAA
2026-08-02T05:46:37.259248Z,"Seleção para o Doutorado em Matemática, ingresso em 2026.2 - DOUTORADO EM MATEMÁTICA",Inscrições abertas para o processo seletivo da UFBA de ingresso no curso: DOUTORADO EM MATEMÁTICA. Vagas ofertadas: 10. Período de inscrições de 11/05/2026 a 07/06/2026. Consulte o edital completo no portal oficial da instituição.,UFBA,Doutorado Acadêmico,Engenharias e Exatas,10,2026-05-11T12:00:00Z,2026-06-07T12:00:00Z,https://sigaa.ufba.br/sigaa/public/processo_seletivo/lista.jsf?aba=p-processo&nivel=S,Encerrado,2026-05-11T12:00:00Z,UFBA SIGAA
2026-08-02T05:46:37.259248Z,DOUTORADO PROFISSIONAL EM MÚSICA. SELEÇÃO ALUNOS REGULARES 2026.2 - DOUTORADO PROFISSIONAL EM MÚSICA,Inscrições abertas para o processo seletivo da UFBA de ingresso no curso: DOUTORADO PROFISSIONAL EM MÚSICA. Vagas ofertadas: 5. Período de inscrições de 04/05/2026 a 14/06/2026. Consulte o edital completo no portal oficial da instituição.,UFBA,Doutorado Profissional,Comunicação e Artes,5,2026-05-04T12:00:00Z,2026-06-14T12:00:00Z,https://sigaa.ufba.br/sigaa/public/processo_seletivo/lista.jsf?aba=p-processo&nivel=S,Encerrado,2026-05-04T12:00:00Z,UFBA SIGAA
2026-08-02T05:46:37.259248Z,EDITAL 05/2026 - POSPETRO PROCESSO SELETIVO PARA DOUTORADO EM GEOQUÍMICA: PETRÓL - DOUTORADO EM GEOQUÍMICA: PETRÓLEO E MEIO AMBIENTE,Inscrições abertas para o processo seletivo da UFBA de ingresso no curso: DOUTORADO EM GEOQUÍMICA: PETRÓLEO E MEIO AMBIENTE. Vagas ofertadas: 3. Período de inscrições de 27/04/2026 a 16/06/2026. Consulte o edital completo no portal oficial da instituição.,UFBA,Doutorado Acadêmico,Agrárias e Ambientais,3,2026-04-27T12:00:00Z,2026-06-16T12:00:00Z,https://sigaa.ufba.br/sigaa/public/processo_seletivo/lista.jsf?aba=p-processo&nivel=S,Encerrado,2026-04-27T12:00:00Z,UFBA SIGAA
2026-08-02T05:46:37.259248Z,Processo Seletivo 2026.2 Doutorado - Aluno Regular - DOUTORADO EM MECATRÔNICA,Inscrições abertas para o processo seletivo da UFBA de ingresso no curso: DOUTORADO EM MECATRÔNICA. Vagas ofertadas: 16. Período de inscrições de 16/04/2026 a 14/06/2026. Consulte o edital completo no portal oficial da instituição.,UFBA,Doutorado Acadêmico,Saúde e Biológicas,16,2026-04-16T12:00:00Z,2026-06-14T12:00:00Z,https://sigaa.ufba.br/sigaa/public/processo_seletivo/lista.jsf?aba=p-processo&nivel=S,Encerrado,2026-04-16T12:00:00Z,UFBA SIGAA
2026-08-03T06:09:35.483864Z,EDITAL 03/2026 - DOUTORADO PROFISSIONAL EM SAÚDE COLETIVA - DOUTORADO PROFISSIONAL EM SAÚDE COLETIVA,Inscrições abertas para o processo seletivo da UFBA de ingresso no curso: DOUTORADO PROFISSIONAL EM SAÚDE COLETIVA. Vagas ofertadas: 10. Período de inscrições de 30/06/2026 a 20/07/2026. Consulte o edital completo no portal oficial da instituição.,UFBA,Doutorado Profissional,Saúde e Biológicas,10,2026-06-30T12:00:00Z,2026-07-20T12:00:00Z,https://sigaa.ufba.br/sigaa/public/processo_seletivo/lista.jsf?aba=p-processo&nivel=S,Encerrado,2026-06-30T12:00:00Z,UFBA SIGAA
2026-08-03T06:09:35.483864Z,PROCESSO SELETIVO DO DOUTORADO ACADÊMICO TURMA 2027-1 - DOUTORADO EM ARQUITETURA E URBANISMO,Inscrições abertas para o processo seletivo da UFBA de ingresso no curso: DOUTORADO EM ARQUITETURA E URBANISMO. Vagas ofertadas: 25. Período de inscrições de 15/06/2026 a 31/07/2026. Consulte o edital completo no portal oficial da instituição.,UFBA,Doutorado Acadêmico,Engenharias e Exatas,25,2026-06-15T12:00:00Z,2026-07-31T12:00:00Z,https://sigaa.ufba.br/sigaa/public/processo_seletivo/lista.jsf?aba=p-processo&nivel=S,Encerrado,2026-06-15T12:00:00Z,UFBA SIGAA
2026-08-03T06:09:35.483864Z,PPGEEC - Edital de Seleção para Alunos Especiais de Doutorado 2026.2 - DOUTORADO EM ENGENHARIA ELÉTRICA,Inscrições abertas para o processo seletivo da UFBA de ingresso no curso: DOUTORADO EM ENGENHARIA ELÉTRICA. Vagas ofertadas: 40. Período de inscrições de 15/06/2026 a 26/06/2026. Consulte o edital completo no portal oficial da instituição.,UFBA,Doutorado Acadêmico,Engenharias e Exatas,40,2026-06-15T12:00:00Z,2026-06-26T12:00:00Z,https://sigaa.ufba.br/sigaa/public/processo_seletivo/lista.jsf?aba=p-processo&nivel=S,Encerrado,2026-06-15T12:00:00Z,UFBA SIGAA
2026-08-03T06:09:35.483864Z,Processo Seletivo em Ciência de Alimentos (2026.2) - NÍVEL DOUTORADO - DOUTORADO EM CIÊNCIA DE ALIMENTOS,Inscrições abertas para o processo seletivo da UFBA de ingresso no curso: DOUTORADO EM CIÊNCIA DE ALIMENTOS. Vagas ofertadas: 22. Período de inscrições de 10/06/2026 a 28/06/2026. Consulte o edital completo no portal oficial da instituição.,UFBA,Doutorado Acadêmico,Saúde e Biológicas,22,2026-06-10T12:00:00Z,2026-06-28T12:00:00Z,https://sigaa.ufba.br/sigaa/public/processo_seletivo/lista.jsf?aba=p-processo&nivel=S,Encerrado,2026-06-10T12:00:00Z,UFBA SIGAA
2026-08-03T06:09:35.483864Z,EDITAL N.º003/2026 DOUTORADO - DOUTORADO EM FARMÁCIA,Inscrições abertas para o processo seletivo da UFBA de ingresso no curso: DOUTORADO EM FARMÁCIA. Vagas ofertadas: 12. Período de inscrições de 04/06/2026 a 30/06/2026. Consulte o edital completo no portal oficial da instituição.,UFBA,Doutorado Acadêmico,Saúde e Biológicas,12,2026-06-04T12:00:00Z,2026-06-30T12:00:00Z,https://sigaa.ufba.br/sigaa/public/processo_seletivo/lista.jsf?aba=p-processo&nivel=S,Encerrado,2026-06-04T12:00:00Z,UFBA SIGAA
2026-08-03T06:09:35.483864Z,PPGEEC / UNIVASF - Seleção para Alunos de Mestrado 2026.2 (Turma MINTER) - DOUTORADO EM ENGENHARIA ELÉTRICA,Inscrições abertas para o processo seletivo da UFBA de ingresso no curso: DOUTORADO EM ENGENHARIA ELÉTRICA. Vagas ofertadas: 20. Período de inscrições de 03/06/2026 a 29/06/2026. Consulte o edital completo no portal oficial da instituição.,UFBA,Doutorado Acadêmico,Engenharias e Exatas,20,2026-06-03T12:00:00Z,2026-06-29T12:00:00Z,https://sigaa.ufba.br/sigaa/public/processo_seletivo/lista.jsf?aba=p-processo&nivel=S,Encerrado,2026-06-03T12:00:00Z,UFBA SIGAA
2026-08-03T06:09:35.483864Z,Edital 2026.2 de Seleção para Doutorado do PPGMCF - DOUTORADO EM MULTICÊNTRICO EM CIÊNCIAS FISIOLÓGICAS,Inscrições abertas para o processo seletivo da UFBA de ingresso no curso: DOUTORADO EM MULTICÊNTRICO EM CIÊNCIAS FISIOLÓGICAS. Vagas ofertadas: 1. Período de inscrições de 21/05/2026 a 08/06/2026. Consulte o edital completo no portal oficial da instituição.,UFBA,Doutorado Acadêmico,Saúde e Biológicas,1,2026-05-21T12:00:00Z,2026-06-08T12:00:00Z,https://sigaa.ufba.br/sigaa/public/processo_seletivo/lista.jsf?aba=p-processo&nivel=S,Encerrado,2026-05-21T12:00:00Z,UFBA SIGAA
2026-08-03T06:09:35.483864Z,PPGEEC - Edital de Seleção para Alunos Regulares de Doutorado 2026.2 - DOUTORADO EM ENGENHARIA ELÉTRICA,Inscrições abertas para o processo seletivo da UFBA de ingresso no curso: DOUTORADO EM ENGENHARIA ELÉTRICA. Vagas ofertadas: 23. Período de inscrições de 19/05/2026 a 15/06/2026. Consulte o edital completo no portal oficial da instituição.,UFBA,Doutorado Acadêmico,Engenharias e Exatas,23,2026-05-19T12:00:00Z,2026-06-15T12:00:00Z,https://sigaa.ufba.br/sigaa/public/processo_seletivo/lista.jsf?aba=p-processo&nivel=S,Encerrado,2026-05-19T12:00:00Z,UFBA SIGAA
2026-08-03T06:09:35.483864Z,SELEÇÃO PARA INGRESSO NO DOUTORADO EM QUÍMICA 2026.2 - DOUTORADO EM QUÍMICA,Inscrições abertas para o processo seletivo da UFBA de ingresso no curso: DOUTORADO EM QUÍMICA. Vagas ofertadas: 20. Período de inscrições de 18/05/2026 a 21/06/2026. Consulte o edital completo no portal oficial da instituição.,UFBA,Doutorado Acadêmico,Engenharias e Exatas,20,2026-05-18T12:00:00Z,2026-06-21T12:00:00Z,https://sigaa.ufba.br/sigaa/public/processo_seletivo/lista.jsf?aba=p-processo&nivel=S,Encerrado,2026-05-18T12:00:00Z,UFBA SIGAA
2026-08-03T06:09:35.483864Z,EDITAL PEI/UFBA 04-2026 - SELEÇÃO PARA O DOUTORADO 2026.2 - DOUTORADO EM ENGENHARIA INDUSTRIAL,Inscrições abertas para o processo seletivo da UFBA de ingresso no curso: DOUTORADO EM ENGENHARIA INDUSTRIAL. Vagas ofertadas: 15. Período de inscrições de 15/05/2026 a 10/06/2026. Consulte o edital completo no portal oficial da instituição.,UFBA,Doutorado Acadêmico,Engenharias e Exatas,15,2026-05-15T12:00:00Z,2026-06-10T12:00:00Z,https://sigaa.ufba.br/sigaa/public/processo_seletivo/lista.jsf?aba=p-processo&nivel=S,Encerrado,2026-05-15T12:00:00Z,UFBA SIGAA
2026-08-03T06:09:35.483864Z,"Seleção para o Doutorado em Matemática, ingresso em 2026.2 - DOUTORADO EM MATEMÁTICA",Inscrições abertas para o processo seletivo da UFBA de ingresso no curso: DOUTORADO EM MATEMÁTICA. Vagas ofertadas: 10. Período de inscrições de 11/05/2026 a 07/06/2026. Consulte o edital completo no portal oficial da instituição.,UFBA,Doutorado Acadêmico,Engenharias e Exatas,10,2026-05-11T12:00:00Z,2026-06-07T12:00:00Z,https://sigaa.ufba.br/sigaa/public/processo_seletivo/lista.jsf?aba=p-processo&nivel=S,Encerrado,2026-05-11T12:00:00Z,UFBA SIGAA
2026-08-03T06:09:35.483864Z,DOUTORADO PROFISSIONAL EM MÚSICA. SELEÇÃO ALUNOS REGULARES 2026.2 - DOUTORADO PROFISSIONAL EM MÚSICA,Inscrições abertas para o processo seletivo da UFBA de ingresso no curso: DOUTORADO PROFISSIONAL EM MÚSICA. Vagas ofertadas: 5. Período de inscrições de 04/05/2026 a 14/06/2026. Consulte o edital completo no portal oficial da instituição.,UFBA,Doutorado Profissional,Comunicação e Artes,5,2026-05-04T12:00:00Z,2026-06-14T12:00:00Z,https://sigaa.ufba.br/sigaa/public/processo_seletivo/lista.jsf?aba=p-processo&nivel=S,Encerrado,2026-05-04T12:00:00Z,UFBA SIGAA
2026-08-03T06:09:35.483864Z,EDITAL 05/2026 - POSPETRO PROCESSO SELETIVO PARA DOUTORADO EM GEOQUÍMICA: PETRÓL - DOUTORADO EM GEOQUÍMICA: PETRÓLEO E MEIO AMBIENTE,Inscrições abertas para o processo seletivo da UFBA de ingresso no curso: DOUTORADO EM GEOQUÍMICA: PETRÓLEO E MEIO AMBIENTE. Vagas ofertadas: 3. Período de inscrições de 27/04/2026 a 16/06/2026. Consulte o edital completo no portal oficial da instituição.,UFBA,Doutorado Acadêmico,Agrárias e Ambientais,3,2026-04-27T12:00:00Z,2026-06-16T12:00:00Z,https://sigaa.ufba.br/sigaa/public/processo_seletivo/lista.jsf?aba=p-processo&nivel=S,Encerrado,2026-04-27T12:00:00Z,UFBA SIGAA
2026-08-03T06:09:35.483864Z,Processo Seletivo 2026.2 Doutorado - Aluno Regular - DOUTORADO EM MECATRÔNICA,Inscrições abertas para o processo seletivo da UFBA de ingresso no curso: DOUTORADO EM MECATRÔNICA. Vagas ofertadas: 16. Período de inscrições de 16/04/2026 a 14/06/2026. Consulte o edital completo no portal oficial da instituição.,UFBA,Doutorado Acadêmico,Saúde e Biológicas,16,2026-04-16T12:00:00Z,2026-06-14T12:00:00Z,https://sigaa.ufba.br/sigaa/public/processo_seletivo/lista.jsf?aba=p-processo&nivel=S,Encerrado,2026-04-16T12:00:00Z,UFBA SIGAA
2026-08-04T05:38:47.706218Z,EDITAL 03/2026 - DOUTORADO PROFISSIONAL EM SAÚDE COLETIVA - DOUTORADO PROFISSIONAL EM SAÚDE COLETIVA,Inscrições abertas para o processo seletivo da UFBA de ingresso no curso: DOUTORADO PROFISSIONAL EM SAÚDE COLETIVA. Vagas ofertadas: 10. Período de inscrições de 30/06/2026 a 20/07/2026. Consulte o edital completo no portal oficial da instituição.,UFBA,Doutorado Profissional,Saúde e Biológicas,10,2026-06-30T12:00:00Z,2026-07-20T12:00:00Z,https://sigaa.ufba.br/sigaa/public/processo_seletivo/lista.jsf?aba=p-processo&nivel=S,Encerrado,2026-06-30T12:00:00Z,UFBA SIGAA
2026-08-04T05:38:47.706218Z,PROCESSO SELETIVO DO DOUTORADO ACADÊMICO TURMA 2027-1 - DOUTORADO EM ARQUITETURA E URBANISMO,Inscrições abertas para o processo seletivo da UFBA de ingresso no curso: DOUTORADO EM ARQUITETURA E URBANISMO. Vagas ofertadas: 25. Período de inscrições de 15/06/2026 a 31/07/2026. Consulte o edital completo no portal oficial da instituição.,UFBA,Doutorado Acadêmico,Engenharias e Exatas,25,2026-06-15T12:00:00Z,2026-07-31T12:00:00Z,https://sigaa.ufba.br/sigaa/public/processo_seletivo/lista.jsf?aba=p-processo&nivel=S,Encerrado,2026-06-15T12:00:00Z,UFBA SIGAA
2026-08-04T05:38:47.706218Z,PPGEEC - Edital de Seleção para Alunos Especiais de Doutorado 2026.2 - DOUTORADO EM ENGENHARIA ELÉTRICA,Inscrições abertas para o processo seletivo da UFBA de ingresso no curso: DOUTORADO EM ENGENHARIA ELÉTRICA. Vagas ofertadas: 40. Período de inscrições de 15/06/2026 a 26/06/2026. Consulte o edital completo no portal oficial da instituição.,UFBA,Doutorado Acadêmico,Engenharias e Exatas,40,2026-06-15T12:00:00Z,2026-06-26T12:00:00Z,https://sigaa.ufba.br/sigaa/public/processo_seletivo/lista.jsf?aba=p-processo&nivel=S,Encerrado,2026-06-15T12:00:00Z,UFBA SIGAA
2026-08-04T05:38:47.706218Z,Processo Seletivo em Ciência de Alimentos (2026.2) - NÍVEL DOUTORADO - DOUTORADO EM CIÊNCIA DE ALIMENTOS,Inscrições abertas para o processo seletivo da UFBA de ingresso no curso: DOUTORADO EM CIÊNCIA DE ALIMENTOS. Vagas ofertadas: 22. Período de inscrições de 10/06/2026 a 28/06/2026. Consulte o edital completo no portal oficial da instituição.,UFBA,Doutorado Acadêmico,Saúde e Biológicas,22,2026-06-10T12:00:00Z,2026-06-28T12:00:00Z,https://sigaa.ufba.br/sigaa/public/processo_seletivo/lista.jsf?aba=p-processo&nivel=S,Encerrado,2026-06-10T12:00:00Z,UFBA SIGAA
2026-08-04T05:38:47.706218Z,EDITAL N.º003/2026 DOUTORADO - DOUTORADO EM FARMÁCIA,Inscrições abertas para o processo seletivo da UFBA de ingresso no curso: DOUTORADO EM FARMÁCIA. Vagas ofertadas: 12. Período de inscrições de 04/06/2026 a 30/06/2026. Consulte o edital completo no portal oficial da instituição.,UFBA,Doutorado Acadêmico,Saúde e Biológicas,12,2026-06-04T12:00:00Z,2026-06-30T12:00:00Z,https://sigaa.ufba.br/sigaa/public/processo_seletivo/lista.jsf?aba=p-processo&nivel=S,Encerrado,2026-06-04T12:00:00Z,UFBA SIGAA
2026-08-04T05:38:47.706218Z,PPGEEC / UNIVASF - Seleção para Alunos de Mestrado 2026.2 (Turma MINTER) - DOUTORADO EM ENGENHARIA ELÉTRICA,Inscrições abertas para o processo seletivo da UFBA de ingresso no curso: DOUTORADO EM ENGENHARIA ELÉTRICA. Vagas ofertadas: 20. Período de inscrições de 03/06/2026 a 29/06/2026. Consulte o edital completo no portal oficial da instituição.,UFBA,Doutorado Acadêmico,Engenharias e Exatas,20,2026-06-03T12:00:00Z,2026-06-29T12:00:00Z,https://sigaa.ufba.br/sigaa/public/processo_seletivo/lista.jsf?aba=p-processo&nivel=S,Encerrado,2026-06-03T12:00:00Z,UFBA SIGAA
2026-08-04T05:38:47.706218Z,Edital 2026.2 de Seleção para Doutorado do PPGMCF - DOUTORADO EM MULTICÊNTRICO EM CIÊNCIAS FISIOLÓGICAS,Inscrições abertas para o processo seletivo da UFBA de ingresso no curso: DOUTORADO EM MULTICÊNTRICO EM CIÊNCIAS FISIOLÓGICAS. Vagas ofertadas: 1. Período de inscrições de 21/05/2026 a 08/06/2026. Consulte o edital completo no portal oficial da instituição.,UFBA,Doutorado Acadêmico,Saúde e Biológicas,1,2026-05-21T12:00:00Z,2026-06-08T12:00:00Z,https://sigaa.ufba.br/sigaa/public/processo_seletivo/lista.jsf?aba=p-processo&nivel=S,Encerrado,2026-05-21T12:00:00Z,UFBA SIGAA
2026-08-04T05:38:47.706218Z,PPGEEC - Edital de Seleção para Alunos Regulares de Doutorado 2026.2 - DOUTORADO EM ENGENHARIA ELÉTRICA,Inscrições abertas para o processo seletivo da UFBA de ingresso no curso: DOUTORADO EM ENGENHARIA ELÉTRICA. Vagas ofertadas: 23. Período de inscrições de 19/05/2026 a 15/06/2026. Consulte o edital completo no portal oficial da instituição.,UFBA,Doutorado Acadêmico,Engenharias e Exatas,23,2026-05-19T12:00:00Z,2026-06-15T12:00:00Z,https://sigaa.ufba.br/sigaa/public/processo_seletivo/lista.jsf?aba=p-processo&nivel=S,Encerrado,2026-05-19T12:00:00Z,UFBA SIGAA
2026-08-04T05:38:47.706218Z,SELEÇÃO PARA INGRESSO NO DOUTORADO EM QUÍMICA 2026.2 - DOUTORADO EM QUÍMICA,Inscrições abertas para o processo seletivo da UFBA de ingresso no curso: DOUTORADO EM QUÍMICA. Vagas ofertadas: 20. Período de inscrições de 18/05/2026 a 21/06/2026. Consulte o edital completo no portal oficial da instituição.,UFBA,Doutorado Acadêmico,Engenharias e Exatas,20,2026-05-18T12:00:00Z,2026-06-21T12:00:00Z,https://sigaa.ufba.br/sigaa/public/processo_seletivo/lista.jsf?aba=p-processo&nivel=S,Encerrado,2026-05-18T12:00:00Z,UFBA SIGAA
2026-08-04T05:38:47.706218Z,EDITAL PEI/UFBA 04-2026 - SELEÇÃO PARA O DOUTORADO 2026.2 - DOUTORADO EM ENGENHARIA INDUSTRIAL,Inscrições abertas para o processo seletivo da UFBA de ingresso no curso: DOUTORADO EM ENGENHARIA INDUSTRIAL. Vagas ofertadas: 15. Período de inscrições de 15/05/2026 a 10/06/2026. Consulte o edital completo no portal oficial da instituição.,UFBA,Doutorado Acadêmico,Engenharias e Exatas,15,2026-05-15T12:00:00Z,2026-06-10T12:00:00Z,https://sigaa.ufba.br/sigaa/public/processo_seletivo/lista.jsf?aba=p-processo&nivel=S,Encerrado,2026-05-15T12:00:00Z,UFBA SIGAA
2026-08-04T05:38:47.706218Z,"Seleção para o Doutorado em Matemática, ingresso em 2026.2 - DOUTORADO EM MATEMÁTICA",Inscrições abertas para o processo seletivo da UFBA de ingresso no curso: DOUTORADO EM MATEMÁTICA. Vagas ofertadas: 10. Período de inscrições de 11/05/2026 a 07/06/2026. Consulte o edital completo no portal oficial da instituição.,UFBA,Doutorado Acadêmico,Engenharias e Exatas,10,2026-05-11T12:00:00Z,2026-06-07T12:00:00Z,https://sigaa.ufba.br/sigaa/public/processo_seletivo/lista.jsf?aba=p-processo&nivel=S,Encerrado,2026-05-11T12:00:00Z,UFBA SIGAA
2026-08-04T05:38:47.706218Z,DOUTORADO PROFISSIONAL EM MÚSICA. SELEÇÃO ALUNOS REGULARES 2026.2 - DOUTORADO PROFISSIONAL EM MÚSICA,Inscrições abertas para o processo seletivo da UFBA de ingresso no curso: DOUTORADO PROFISSIONAL EM MÚSICA. Vagas ofertadas: 5. Período de inscrições de 04/05/2026 a 14/06/2026. Consulte o edital completo no portal oficial da instituição.,UFBA,Doutorado Profissional,Comunicação e Artes,5,2026-05-04T12:00:00Z,2026-06-14T12:00:00Z,https://sigaa.ufba.br/sigaa/public/processo_seletivo/lista.jsf?aba=p-processo&nivel=S,Encerrado,2026-05-04T12:00:00Z,UFBA SIGAA
2026-08-04T05:38:47.706218Z,EDITAL 05/2026 - POSPETRO PROCESSO SELETIVO PARA DOUTORADO EM GEOQUÍMICA: PETRÓL - DOUTORADO EM GEOQUÍMICA: PETRÓLEO E MEIO AMBIENTE,Inscrições abertas para o processo seletivo da UFBA de ingresso no curso: DOUTORADO EM GEOQUÍMICA: PETRÓLEO E MEIO AMBIENTE. Vagas ofertadas: 3. Período de inscrições de 27/04/2026 a 16/06/2026. Consulte o edital completo no portal oficial da instituição.,UFBA,Doutorado Acadêmico,Agrárias e Ambientais,3,2026-04-27T12:00:00Z,2026-06-16T12:00:00Z,https://sigaa.ufba.br/sigaa/public/processo_seletivo/lista.jsf?aba=p-processo&nivel=S,Encerrado,2026-04-27T12:00:00Z,UFBA SIGAA
2026-08-04T05:38:47.706218Z,Processo Seletivo 2026.2 Doutorado - Aluno Regular - DOUTORADO EM MECATRÔNICA,Inscrições abertas para o processo seletivo da UFBA de ingresso no curso: DOUTORADO EM MECATRÔNICA. Vagas ofertadas: 16. Período de inscrições de 16/04/2026 a 14/06/2026. Consulte o edital completo no portal oficial da instituição.,UFBA,Doutorado Acadêmico,Saúde e Biológicas,16,2026-04-16T12:00:00Z,2026-06-14T12:00:00Z,https://sigaa.ufba.br/sigaa/public/processo_seletivo/lista.jsf?aba=p-processo&nivel=S,Encerrado,2026-04-16T12:00:00Z,UFBA SIGAA
2026-08-05T05:36:39.133989Z,EDITAL 03/2026 - DOUTORADO PROFISSIONAL EM SAÚDE COLETIVA - DOUTORADO PROFISSIONAL EM SAÚDE COLETIVA,Inscrições abertas para o processo seletivo da UFBA de ingresso no curso: DOUTORADO PROFISSIONAL EM SAÚDE COLETIVA. Vagas ofertadas: 10. Período de inscrições de 30/06/2026 a 20/07/2026. Consulte o edital completo no portal oficial da instituição.,UFBA,Doutorado Profissional,Saúde e Biológicas,10,2026-06-30T12:00:00Z,2026-07-20T12:00:00Z,https://sigaa.ufba.br/sigaa/public/processo_seletivo/lista.jsf?aba=p-processo&nivel=S,Encerrado,2026-06-30T12:00:00Z,UFBA SIGAA
2026-08-05T05:36:39.133989Z,PROCESSO SELETIVO DO DOUTORADO ACADÊMICO TURMA 2027-1 - DOUTORADO EM ARQUITETURA E URBANISMO,Inscrições abertas para o processo seletivo da UFBA de ingresso no curso: DOUTORADO EM ARQUITETURA E URBANISMO. Vagas ofertadas: 25. Período de inscrições de 15/06/2026 a 31/07/2026. Consulte o edital completo no portal oficial da instituição.,UFBA,Doutorado Acadêmico,Engenharias e Exatas,25,2026-06-15T12:00:00Z,2026-07-31T12:00:00Z,https://sigaa.ufba.br/sigaa/public/processo_seletivo/lista.jsf?aba=p-processo&nivel=S,Encerrado,2026-06-15T12:00:00Z,UFBA SIGAA
2026-08-05T05:36:39.133989Z,PPGEEC - Edital de Seleção para Alunos Especiais de Doutorado 2026.2 - DOUTORADO EM ENGENHARIA ELÉTRICA,Inscrições abertas para o processo seletivo da UFBA de ingresso no curso: DOUTORADO EM ENGENHARIA ELÉTRICA. Vagas ofertadas: 40. Período de inscrições de 15/06/2026 a 26/06/2026. Consulte o edital completo no portal oficial da instituição.,UFBA,Doutorado Acadêmico,Engenharias e Exatas,40,2026-06-15T12:00:00Z,2026-06-26T12:00:00Z,https://sigaa.ufba.br/sigaa/public/processo_seletivo/lista.jsf?aba=p-processo&nivel=S,Encerrado,2026-06-15T12:00:00Z,UFBA SIGAA
2026-08-05T05:36:39.133989Z,Processo Seletivo em Ciência de Alimentos (2026.2) - NÍVEL DOUTORADO - DOUTORADO EM CIÊNCIA DE ALIMENTOS,Inscrições abertas para o processo seletivo da UFBA de ingresso no curso: DOUTORADO EM CIÊNCIA DE ALIMENTOS. Vagas ofertadas: 22. Período de inscrições de 10/06/2026 a 28/06/2026. Consulte o edital completo no portal oficial da instituição.,UFBA,Doutorado Acadêmico,Saúde e Biológicas,22,2026-06-10T12:00:00Z,2026-06-28T12:00:00Z,https://sigaa.ufba.br/sigaa/public/processo_seletivo/lista.jsf?aba=p-processo&nivel=S,Encerrado,2026-06-10T12:00:00Z,UFBA SIGAA
2026-08-05T05:36:39.133989Z,EDITAL N.º003/2026 DOUTORADO - DOUTORADO EM FARMÁCIA,Inscrições abertas para o processo seletivo da UFBA de ingresso no curso: DOUTORADO EM FARMÁCIA. Vagas ofertadas: 12. Período de inscrições de 04/06/2026 a 30/06/2026. Consulte o edital completo no portal oficial da instituição.,UFBA,Doutorado Acadêmico,Saúde e Biológicas,12,2026-06-04T12:00:00Z,2026-06-30T12:00:00Z,https://sigaa.ufba.br/sigaa/public/processo_seletivo/lista.jsf?aba=p-processo&nivel=S,Encerrado,2026-06-04T12:00:00Z,UFBA SIGAA
2026-08-05T05:36:39.133989Z,PPGEEC / UNIVASF - Seleção para Alunos de Mestrado 2026.2 (Turma MINTER) - DOUTORADO EM ENGENHARIA ELÉTRICA,Inscrições abertas para o processo seletivo da UFBA de ingresso no curso: DOUTORADO EM ENGENHARIA ELÉTRICA. Vagas ofertadas: 20. Período de inscrições de 03/06/2026 a 29/06/2026. Consulte o edital completo no portal oficial da instituição.,UFBA,Doutorado Acadêmico,Engenharias e Exatas,20,2026-06-03T12:00:00Z,2026-06-29T12:00:00Z,https://sigaa.ufba.br/sigaa/public/processo_seletivo/lista.jsf?aba=p-processo&nivel=S,Encerrado,2026-06-03T12:00:00Z,UFBA SIGAA
2026-08-05T05:36:39.133989Z,Edital 2026.2 de Seleção para Doutorado do PPGMCF - DOUTORADO EM MULTICÊNTRICO EM CIÊNCIAS FISIOLÓGICAS,Inscrições abertas para o processo seletivo da UFBA de ingresso no curso: DOUTORADO EM MULTICÊNTRICO EM CIÊNCIAS FISIOLÓGICAS. Vagas ofertadas: 1. Período de inscrições de 21/05/2026 a 08/06/2026. Consulte o edital completo no portal oficial da instituição.,UFBA,Doutorado Acadêmico,Saúde e Biológicas,1,2026-05-21T12:00:00Z,2026-06-08T12:00:00Z,https://sigaa.ufba.br/sigaa/public/processo_seletivo/lista.jsf?aba=p-processo&nivel=S,Encerrado,2026-05-21T12:00:00Z,UFBA SIGAA
2026-08-05T05:36:39.133989Z,PPGEEC - Edital de Seleção para Alunos Regulares de Doutorado 2026.2 - DOUTORADO EM ENGENHARIA ELÉTRICA,Inscrições abertas para o processo seletivo da UFBA de ingresso no curso: DOUTORADO EM ENGENHARIA ELÉTRICA. Vagas ofertadas: 23. Período de inscrições de 19/05/2026 a 15/06/2026. Consulte o edital completo no portal oficial da instituição.,UFBA,Doutorado Acadêmico,Engenharias e Exatas,23,2026-05-19T12:00:00Z,2026-06-15T12:00:00Z,https://sigaa.ufba.br/sigaa/public/processo_seletivo/lista.jsf?aba=p-processo&nivel=S,Encerrado,2026-05-19T12:00:00Z,UFBA SIGAA
2026-08-05T05:36:39.133989Z,SELEÇÃO PARA INGRESSO NO DOUTORADO EM QUÍMICA 2026.2 - DOUTORADO EM QUÍMICA,Inscrições abertas para o processo seletivo da UFBA de ingresso no curso: DOUTORADO EM QUÍMICA. Vagas ofertadas: 20. Período de inscrições de 18/05/2026 a 21/06/2026. Consulte o edital completo no portal oficial da instituição.,UFBA,Doutorado Acadêmico,Engenharias e Exatas,20,2026-05-18T12:00:00Z,2026-06-21T12:00:00Z,https://sigaa.ufba.br/sigaa/public/processo_seletivo/lista.jsf?aba=p-processo&nivel=S,Encerrado,2026-05-18T12:00:00Z,UFBA SIGAA
2026-08-05T05:36:39.133989Z,EDITAL PEI/UFBA 04-2026 - SELEÇÃO PARA O DOUTORADO 2026.2 - DOUTORADO EM ENGENHARIA INDUSTRIAL,Inscrições abertas para o processo seletivo da UFBA de ingresso no curso: DOUTORADO EM ENGENHARIA INDUSTRIAL. Vagas ofertadas: 15. Período de inscrições de 15/05/2026 a 10/06/2026. Consulte o edital completo no portal oficial da instituição.,UFBA,Doutorado Acadêmico,Engenharias e Exatas,15,2026-05-15T12:00:00Z,2026-06-10T12:00:00Z,https://sigaa.ufba.br/sigaa/public/processo_seletivo/lista.jsf?aba=p-processo&nivel=S,Encerrado,2026-05-15T12:00:00Z,UFBA SIGAA
2026-08-05T05:36:39.133989Z,"Seleção para o Doutorado em Matemática, ingresso em 2026.2 - DOUTORADO EM MATEMÁTICA",Inscrições abertas para o processo seletivo da UFBA de ingresso no curso: DOUTORADO EM MATEMÁTICA. Vagas ofertadas: 10. Período de inscrições de 11/05/2026 a 07/06/2026. Consulte o edital completo no portal oficial da instituição.,UFBA,Doutorado Acadêmico,Engenharias e Exatas,10,2026-05-11T12:00:00Z,2026-06-07T12:00:00Z,https://sigaa.ufba.br/sigaa/public/processo_seletivo/lista.jsf?aba=p-processo&nivel=S,Encerrado,2026-05-11T12:00:00Z,UFBA SIGAA
2026-08-05T05:36:39.133989Z,DOUTORADO PROFISSIONAL EM MÚSICA. SELEÇÃO ALUNOS REGULARES 2026.2 - DOUTORADO PROFISSIONAL EM MÚSICA,Inscrições abertas para o processo seletivo da UFBA de ingresso no curso: DOUTORADO PROFISSIONAL EM MÚSICA. Vagas ofertadas: 5. Período de inscrições de 04/05/2026 a 14/06/2026. Consulte o edital completo no portal oficial da instituição.,UFBA,Doutorado Profissional,Comunicação e Artes,5,2026-05-04T12:00:00Z,2026-06-14T12:00:00Z,https://sigaa.ufba.br/sigaa/public/processo_seletivo/lista.jsf?aba=p-processo&nivel=S,Encerrado,2026-05-04T12:00:00Z,UFBA SIGAA
2026-08-05T05:36:39.133989Z,EDITAL 05/2026 - POSPETRO PROCESSO SELETIVO PARA DOUTORADO EM GEOQUÍMICA: PETRÓL - DOUTORADO EM GEOQUÍMICA: PETRÓLEO E MEIO AMBIENTE,Inscrições abertas para o processo seletivo da UFBA de ingresso no curso: DOUTORADO EM GEOQUÍMICA: PETRÓLEO E MEIO AMBIENTE. Vagas ofertadas: 3. Período de inscrições de 27/04/2026 a 16/06/2026. Consulte o edital completo no portal oficial da instituição.,UFBA,Doutorado Acadêmico,Agrárias e Ambientais,3,2026-04-27T12:00:00Z,2026-06-16T12:00:00Z,https://sigaa.ufba.br/sigaa/public/processo_seletivo/lista.jsf?aba=p-processo&nivel=S,Encerrado,2026-04-27T12:00:00Z,UFBA SIGAA
2026-08-05T05:36:39.133989Z,Processo Seletivo 2026.2 Doutorado - Aluno Regular - DOUTORADO EM MECATRÔNICA,Inscrições abertas para o processo seletivo da UFBA de ingresso no curso: DOUTORADO EM MECATRÔNICA. Vagas ofertadas: 16. Período de inscrições de 16/04/2026 a 14/06/2026. Consulte o edital completo no portal oficial da instituição.,UFBA,Doutorado Acadêmico,Saúde e Biológicas,16,2026-04-16T12:00:00Z,2026-06-14T12:00:00Z,https://sigaa.ufba.br/sigaa/public/processo_seletivo/lista.jsf?aba=p-processo&nivel=S,Encerrado,2026-04-16T12:00:00Z,UFBA SIGAA
2026-08-06T05:38:54.042367Z,EDITAL 03/2026 - DOUTORADO PROFISSIONAL EM SAÚDE COLETIVA - DOUTORADO PROFISSIONAL EM SAÚDE COLETIVA,Inscrições abertas para o processo seletivo da UFBA de ingresso no curso: DOUTORADO PROFISSIONAL EM SAÚDE COLETIVA. Vagas ofertadas: 10. Período de inscrições de 30/06/2026 a 20/07/2026. Consulte o edital completo no portal oficial da instituição.,UFBA,Doutorado Profissional,Saúde e Biológicas,10,2026-06-30T12:00:00Z,2026-07-20T12:00:00Z,https://sigaa.ufba.br/sigaa/public/processo_seletivo/lista.jsf?aba=p-processo&nivel=S,Encerrado,2026-06-30T12:00:00Z,UFBA SIGAA
2026-08-06T05:38:54.042367Z,PROCESSO SELETIVO DO DOUTORADO ACADÊMICO TURMA 2027-1 - DOUTORADO EM ARQUITETURA E URBANISMO,Inscrições abertas para o processo seletivo da UFBA de ingresso no curso: DOUTORADO EM ARQUITETURA E URBANISMO. Vagas ofertadas: 25. Período de inscrições de 15/06/2026 a 31/07/2026. Consulte o edital completo no portal oficial da instituição.,UFBA,Doutorado Acadêmico,Engenharias e Exatas,25,2026-06-15T12:00:00Z,2026-07-31T12:00:00Z,https://sigaa.ufba.br/sigaa/public/processo_seletivo/lista.jsf?aba=p-processo&nivel=S,Encerrado,2026-06-15T12:00:00Z,UFBA SIGAA
2026-08-06T05:38:54.042367Z,PPGEEC - Edital de Seleção para Alunos Especiais de Doutorado 2026.2 - DOUTORADO EM ENGENHARIA ELÉTRICA,Inscrições abertas para o processo seletivo da UFBA de ingresso no curso: DOUTORADO EM ENGENHARIA ELÉTRICA. Vagas ofertadas: 40. Período de inscrições de 15/06/2026 a 26/06/2026. Consulte o edital completo no portal oficial da instituição.,UFBA,Doutorado Acadêmico,Engenharias e Exatas,40,2026-06-15T12:00:00Z,2026-06-26T12:00:00Z,https://sigaa.ufba.br/sigaa/public/processo_seletivo/lista.jsf?aba=p-processo&nivel=S,Encerrado,2026-06-15T12:00:00Z,UFBA SIGAA
2026-08-06T05:38:54.042367Z,Processo Seletivo em Ciência de Alimentos (2026.2) - NÍVEL DOUTORADO - DOUTORADO EM CIÊNCIA DE ALIMENTOS,Inscrições abertas para o processo seletivo da UFBA de ingresso no curso: DOUTORADO EM CIÊNCIA DE ALIMENTOS. Vagas ofertadas: 22. Período de inscrições de 10/06/2026 a 28/06/2026. Consulte o edital completo no portal oficial da instituição.,UFBA,Doutorado Acadêmico,Saúde e Biológicas,22,2026-06-10T12:00:00Z,2026-06-28T12:00:00Z,https://sigaa.ufba.br/sigaa/public/processo_seletivo/lista.jsf?aba=p-processo&nivel=S,Encerrado,2026-06-10T12:00:00Z,UFBA SIGAA
2026-08-06T05:38:54.042367Z,EDITAL N.º003/2026 DOUTORADO - DOUTORADO EM FARMÁCIA,Inscrições abertas para o processo seletivo da UFBA de ingresso no curso: DOUTORADO EM FARMÁCIA. Vagas ofertadas: 12. Período de inscrições de 04/06/2026 a 30/06/2026. Consulte o edital completo no portal oficial da instituição.,UFBA,Doutorado Acadêmico,Saúde e Biológicas,12,2026-06-04T12:00:00Z,2026-06-30T12:00:00Z,https://sigaa.ufba.br/sigaa/public/processo_seletivo/lista.jsf?aba=p-processo&nivel=S,Encerrado,2026-06-04T12:00:00Z,UFBA SIGAA
2026-08-06T05:38:54.042367Z,PPGEEC / UNIVASF - Seleção para Alunos de Mestrado 2026.2 (Turma MINTER) - DOUTORADO EM ENGENHARIA ELÉTRICA,Inscrições abertas para o processo seletivo da UFBA de ingresso no curso: DOUTORADO EM ENGENHARIA ELÉTRICA. Vagas ofertadas: 20. Período de inscrições de 03/06/2026 a 29/06/2026. Consulte o edital completo no portal oficial da instituição.,UFBA,Doutorado Acadêmico,Engenharias e Exatas,20,2026-06-03T12:00:00Z,2026-06-29T12:00:00Z,https://sigaa.ufba.br/sigaa/public/processo_seletivo/lista.jsf?aba=p-processo&nivel=S,Encerrado,2026-06-03T12:00:00Z,UFBA SIGAA
2026-08-06T05:38:54.042367Z,Edital 2026.2 de Seleção para Doutorado do PPGMCF - DOUTORADO EM MULTICÊNTRICO EM CIÊNCIAS FISIOLÓGICAS,Inscrições abertas para o processo seletivo da UFBA de ingresso no curso: DOUTORADO EM MULTICÊNTRICO EM CIÊNCIAS FISIOLÓGICAS. Vagas ofertadas: 1. Período de inscrições de 21/05/2026 a 08/06/2026. Consulte o edital completo no portal oficial da instituição.,UFBA,Doutorado Acadêmico,Saúde e Biológicas,1,2026-05-21T12:00:00Z,2026-06-08T12:00:00Z,https://sigaa.ufba.br/sigaa/public/processo_seletivo/lista.jsf?aba=p-processo&nivel=S,Encerrado,2026-05-21T12:00:00Z,UFBA SIGAA
2026-08-06T05:38:54.042367Z,PPGEEC - Edital de Seleção para Alunos Regulares de Doutorado 2026.2 - DOUTORADO EM ENGENHARIA ELÉTRICA,Inscrições abertas para o processo seletivo da UFBA de ingresso no curso: DOUTORADO EM ENGENHARIA ELÉTRICA. Vagas ofertadas: 23. Período de inscrições de 19/05/2026 a 15/06/2026. Consulte o edital completo no portal oficial da instituição.,UFBA,Doutorado Acadêmico,Engenharias e Exatas,23,2026-05-19T12:00:00Z,2026-06-15T12:00:00Z,https://sigaa.ufba.br/sigaa/public/processo_seletivo/lista.jsf?aba=p-processo&nivel=S,Encerrado,2026-05-19T12:00:00Z,UFBA SIGAA
2026-08-06T05:38:54.042367Z,SELEÇÃO PARA INGRESSO NO DOUTORADO EM QUÍMICA 2026.2 - DOUTORADO EM QUÍMICA,Inscrições abertas para o processo seletivo da UFBA de ingresso no curso: DOUTORADO EM QUÍMICA. Vagas ofertadas: 20. Período de inscrições de 18/05/2026 a 21/06/2026. Consulte o edital completo no portal oficial da instituição.,UFBA,Doutorado Acadêmico,Engenharias e Exatas,20,2026-05-18T12:00:00Z,2026-06-21T12:00:00Z,https://sigaa.ufba.br/sigaa/public/processo_seletivo/lista.jsf?aba=p-processo&nivel=S,Encerrado,2026-05-18T12:00:00Z,UFBA SIGAA
2026-08-06T05:38:54.042367Z,EDITAL PEI/UFBA 04-2026 - SELEÇÃO PARA O DOUTORADO 2026.2 - DOUTORADO EM ENGENHARIA INDUSTRIAL,Inscrições abertas para o processo seletivo da UFBA de ingresso no curso: DOUTORADO EM ENGENHARIA INDUSTRIAL. Vagas ofertadas: 15. Período de inscrições de 15/05/2026 a 10/06/2026. Consulte o edital completo no portal oficial da instituição.,UFBA,Doutorado Acadêmico,Engenharias e Exatas,15,2026-05-15T12:00:00Z,2026-06-10T12:00:00Z,https://sigaa.ufba.br/sigaa/public/processo_seletivo/lista.jsf?aba=p-processo&nivel=S,Encerrado,2026-05-15T12:00:00Z,UFBA SIGAA
2026-08-06T05:38:54.042367Z,"Seleção para o Doutorado em Matemática, ingresso em 2026.2 - DOUTORADO EM MATEMÁTICA",Inscrições abertas para o processo seletivo da UFBA de ingresso no curso: DOUTORADO EM MATEMÁTICA. Vagas ofertadas: 10. Período de inscrições de 11/05/2026 a 07/06/2026. Consulte o edital completo no portal oficial da instituição.,UFBA,Doutorado Acadêmico,Engenharias e Exatas,10,2026-05-11T12:00:00Z,2026-06-07T12:00:00Z,https://sigaa.ufba.br/sigaa/public/processo_seletivo/lista.jsf?aba=p-processo&nivel=S,Encerrado,2026-05-11T12:00:00Z,UFBA SIGAA
2026-08-06T05:38:54.042367Z,DOUTORADO PROFISSIONAL EM MÚSICA. SELEÇÃO ALUNOS REGULARES 2026.2 - DOUTORADO PROFISSIONAL EM MÚSICA,Inscrições abertas para o processo seletivo da UFBA de ingresso no curso: DOUTORADO PROFISSIONAL EM MÚSICA. Vagas ofertadas: 5. Período de inscrições de 04/05/2026 a 14/06/2026. Consulte o edital completo no portal oficial da instituição.,UFBA,Doutorado Profissional,Comunicação e Artes,5,2026-05-04T12:00:00Z,2026-06-14T12:00:00Z,https://sigaa.ufba.br/sigaa/public/processo_seletivo/lista.jsf?aba=p-processo&nivel=S,Encerrado,2026-05-04T12:00:00Z,UFBA SIGAA
2026-08-06T05:38:54.042367Z,EDITAL 05/2026 - POSPETRO PROCESSO SELETIVO PARA DOUTORADO EM GEOQUÍMICA: PETRÓL - DOUTORADO EM GEOQUÍMICA: PETRÓLEO E MEIO AMBIENTE,Inscrições abertas para o processo seletivo da UFBA de ingresso no curso: DOUTORADO EM GEOQUÍMICA: PETRÓLEO E MEIO AMBIENTE. Vagas ofertadas: 3. Período de inscrições de 27/04/2026 a 16/06/2026. Consulte o edital completo no portal oficial da instituição.,UFBA,Doutorado Acadêmico,Agrárias e Ambientais,3,2026-04-27T12:00:00Z,2026-06-16T12:00:00Z,https://sigaa.ufba.br/sigaa/public/processo_seletivo/lista.jsf?aba=p-processo&nivel=S,Encerrado,2026-04-27T12:00:00Z,UFBA SIGAA
2026-08-06T05:38:54.042367Z,Processo Seletivo 2026.2 Doutorado - Aluno Regular - DOUTORADO EM MECATRÔNICA,Inscrições abertas para o processo seletivo da UFBA de ingresso no curso: DOUTORADO EM MECATRÔNICA. Vagas ofertadas: 16. Período de inscrições de 16/04/2026 a 14/06/2026. Consulte o edital completo no portal oficial da instituição.,UFBA,Doutorado Acadêmico,Saúde e Biológicas,16,2026-04-16T12:00:00Z,2026-06-14T12:00:00Z,https://sigaa.ufba.br/sigaa/public/processo_seletivo/lista.jsf?aba=p-processo&nivel=S,Encerrado,2026-04-16T12:00:00Z,UFBA SIGAA
2026-08-07T04:47:22.954448Z,EDITAL 03/2026 - DOUTORADO PROFISSIONAL EM SAÚDE COLETIVA - DOUTORADO PROFISSIONAL EM SAÚDE COLETIVA,Inscrições abertas para o processo seletivo da UFBA de ingresso no curso: DOUTORADO PROFISSIONAL EM SAÚDE COLETIVA. Vagas ofertadas: 10. Período de inscrições de 30/06/2026 a 20/07/2026. Consulte o edital completo no portal oficial da instituição.,UFBA,Doutorado Profissional,Saúde e Biológicas,10,2026-06-30T12:00:00Z,2026-07-20T12:00:00Z,https://sigaa.ufba.br/sigaa/public/processo_seletivo/lista.jsf?aba=p-processo&nivel=S,Encerrado,2026-06-30T12:00:00Z,UFBA SIGAA
2026-08-07T04:47:22.954448Z,PROCESSO SELETIVO DO DOUTORADO ACADÊMICO TURMA 2027-1 - DOUTORADO EM ARQUITETURA E URBANISMO,Inscrições abertas para o processo seletivo da UFBA de ingresso no curso: DOUTORADO EM ARQUITETURA E URBANISMO. Vagas ofertadas: 25. Período de inscrições de 15/06/2026 a 31/07/2026. Consulte o edital completo no portal oficial da instituição.,UFBA,Doutorado Acadêmico,Engenharias e Exatas,25,2026-06-15T12:00:00Z,2026-07-31T12:00:00Z,https://sigaa.ufba.br/sigaa/public/processo_seletivo/lista.jsf?aba=p-processo&nivel=S,Encerrado,2026-06-15T12:00:00Z,UFBA SIGAA
2026-08-07T04:47:22.954448Z,PPGEEC - Edital de Seleção para Alunos Especiais de Doutorado 2026.2 - DOUTORADO EM ENGENHARIA ELÉTRICA,Inscrições abertas para o processo seletivo da UFBA de ingresso no curso: DOUTORADO EM ENGENHARIA ELÉTRICA. Vagas ofertadas: 40. Período de inscrições de 15/06/2026 a 26/06/2026. Consulte o edital completo no portal oficial da instituição.,UFBA,Doutorado Acadêmico,Engenharias e Exatas,40,2026-06-15T12:00:00Z,2026-06-26T12:00:00Z,https://sigaa.ufba.br/sigaa/public/processo_seletivo/lista.jsf?aba=p-processo&nivel=S,Encerrado,2026-06-15T12:00:00Z,UFBA SIGAA
2026-08-07T04:47:22.954448Z,Processo Seletivo em Ciência de Alimentos (2026.2) - NÍVEL DOUTORADO - DOUTORADO EM CIÊNCIA DE ALIMENTOS,Inscrições abertas para o processo seletivo da UFBA de ingresso no curso: DOUTORADO EM CIÊNCIA DE ALIMENTOS. Vagas ofertadas: 22. Período de inscrições de 10/06/2026 a 28/06/2026. Consulte o edital completo no portal oficial da instituição.,UFBA,Doutorado Acadêmico,Saúde e Biológicas,22,2026-06-10T12:00:00Z,2026-06-28T12:00:00Z,https://sigaa.ufba.br/sigaa/public/processo_seletivo/lista.jsf?aba=p-processo&nivel=S,Encerrado,2026-06-10T12:00:00Z,UFBA SIGAA
2026-08-07T04:47:22.954448Z,EDITAL N.º003/2026 DOUTORADO - DOUTORADO EM FARMÁCIA,Inscrições abertas para o processo seletivo da UFBA de ingresso no curso: DOUTORADO EM FARMÁCIA. Vagas ofertadas: 12. Período de inscrições de 04/06/2026 a 30/06/2026. Consulte o edital completo no portal oficial da instituição.,UFBA,Doutorado Acadêmico,Saúde e Biológicas,12,2026-06-04T12:00:00Z,2026-06-30T12:00:00Z,https://sigaa.ufba.br/sigaa/public/processo_seletivo/lista.jsf?aba=p-processo&nivel=S,Encerrado,2026-06-04T12:00:00Z,UFBA SIGAA
2026-08-07T04:47:22.954448Z,PPGEEC / UNIVASF - Seleção para Alunos de Mestrado 2026.2 (Turma MINTER) - DOUTORADO EM ENGENHARIA ELÉTRICA,Inscrições abertas para o processo seletivo da UFBA de ingresso no curso: DOUTORADO EM ENGENHARIA ELÉTRICA. Vagas ofertadas: 20. Período de inscrições de 03/06/2026 a 29/06/2026. Consulte o edital completo no portal oficial da instituição.,UFBA,Doutorado Acadêmico,Engenharias e Exatas,20,2026-06-03T12:00:00Z,2026-06-29T12:00:00Z,https://sigaa.ufba.br/sigaa/public/processo_seletivo/lista.jsf?aba=p-processo&nivel=S,Encerrado,2026-06-03T12:00:00Z,UFBA SIGAA
2026-08-07T04:47:22.954448Z,Edital 2026.2 de Seleção para Doutorado do PPGMCF - DOUTORADO EM MULTICÊNTRICO EM CIÊNCIAS FISIOLÓGICAS,Inscrições abertas para o processo seletivo da UFBA de ingresso no curso: DOUTORADO EM MULTICÊNTRICO EM CIÊNCIAS FISIOLÓGICAS. Vagas ofertadas: 1. Período de inscrições de 21/05/2026 a 08/06/2026. Consulte o edital completo no portal oficial da instituição.,UFBA,Doutorado Acadêmico,Saúde e Biológicas,1,2026-05-21T12:00:00Z,2026-06-08T12:00:00Z,https://sigaa.ufba.br/sigaa/public/processo_seletivo/lista.jsf?aba=p-processo&nivel=S,Encerrado,2026-05-21T12:00:00Z,UFBA SIGAA
2026-08-07T04:47:22.954448Z,PPGEEC - Edital de Seleção para Alunos Regulares de Doutorado 2026.2 - DOUTORADO EM ENGENHARIA ELÉTRICA,Inscrições abertas para o processo seletivo da UFBA de ingresso no curso: DOUTORADO EM ENGENHARIA ELÉTRICA. Vagas ofertadas: 23. Período de inscrições de 19/05/2026 a 15/06/2026. Consulte o edital completo no portal oficial da instituição.,UFBA,Doutorado Acadêmico,Engenharias e Exatas,23,2026-05-19T12:00:00Z,2026-06-15T12:00:00Z,https://sigaa.ufba.br/sigaa/public/processo_seletivo/lista.jsf?aba=p-processo&nivel=S,Encerrado,2026-05-19T12:00:00Z,UFBA SIGAA
2026-08-07T04:47:22.954448Z,SELEÇÃO PARA INGRESSO NO DOUTORADO EM QUÍMICA 2026.2 - DOUTORADO EM QUÍMICA,Inscrições abertas para o processo seletivo da UFBA de ingresso no curso: DOUTORADO EM QUÍMICA. Vagas ofertadas: 20. Período de inscrições de 18/05/2026 a 21/06/2026. Consulte o edital completo no portal oficial da instituição.,UFBA,Doutorado Acadêmico,Engenharias e Exatas,20,2026-05-18T12:00:00Z,2026-06-21T12:00:00Z,https://sigaa.ufba.br/sigaa/public/processo_seletivo/lista.jsf?aba=p-processo&nivel=S,Encerrado,2026-05-18T12:00:00Z,UFBA SIGAA
2026-08-07T04:47:22.954448Z,EDITAL PEI/UFBA 04-2026 - SELEÇÃO PARA O DOUTORADO 2026.2 - DOUTORADO EM ENGENHARIA INDUSTRIAL,Inscrições abertas para o processo seletivo da UFBA de ingresso no curso: DOUTORADO EM ENGENHARIA INDUSTRIAL. Vagas ofertadas: 15. Período de inscrições de 15/05/2026 a 10/06/2026. Consulte o edital completo no portal oficial da instituição.,UFBA,Doutorado Acadêmico,Engenharias e Exatas,15,2026-05-15T12:00:00Z,2026-06-10T12:00:00Z,https://sigaa.ufba.br/sigaa/public/processo_seletivo/lista.jsf?aba=p-processo&nivel=S,Encerrado,2026-05-15T12:00:00Z,UFBA SIGAA
2026-08-07T04:47:22.954448Z,"Seleção para o Doutorado em Matemática, ingresso em 2026.2 - DOUTORADO EM MATEMÁTICA",Inscrições abertas para o processo seletivo da UFBA de ingresso no curso: DOUTORADO EM MATEMÁTICA. Vagas ofertadas: 10. Período de inscrições de 11/05/2026 a 07/06/2026. Consulte o edital completo no portal oficial da instituição.,UFBA,Doutorado Acadêmico,Engenharias e Exatas,10,2026-05-11T12:00:00Z,2026-06-07T12:00:00Z,https://sigaa.ufba.br/sigaa/public/processo_seletivo/lista.jsf?aba=p-processo&nivel=S,Encerrado,2026-05-11T12:00:00Z,UFBA SIGAA
2026-08-07T04:47:22.954448Z,DOUTORADO PROFISSIONAL EM MÚSICA. SELEÇÃO ALUNOS REGULARES 2026.2 - DOUTORADO PROFISSIONAL EM MÚSICA,Inscrições abertas para o processo seletivo da UFBA de ingresso no curso: DOUTORADO PROFISSIONAL EM MÚSICA. Vagas ofertadas: 5. Período de inscrições de 04/05/2026 a 14/06/2026. Consulte o edital completo no portal oficial da instituição.,UFBA,Doutorado Profissional,Comunicação e Artes,5,2026-05-04T12:00:00Z,2026-06-14T12:00:00Z,https://sigaa.ufba.br/sigaa/public/processo_seletivo/lista.jsf?aba=p-processo&nivel=S,Encerrado,2026-05-04T12:00:00Z,UFBA SIGAA
2026-08-07T04:47:22.954448Z,EDITAL 05/2026 - POSPETRO PROCESSO SELETIVO PARA DOUTORADO EM GEOQUÍMICA: PETRÓL - DOUTORADO EM GEOQUÍMICA: PETRÓLEO E MEIO AMBIENTE,Inscrições abertas para o processo seletivo da UFBA de ingresso no curso: DOUTORADO EM GEOQUÍMICA: PETRÓLEO E MEIO AMBIENTE. Vagas ofertadas: 3. Período de inscrições de 27/04/2026 a 16/06/2026. Consulte o edital completo no portal oficial da instituição.,UFBA,Doutorado Acadêmico,Agrárias e Ambientais,3,2026-04-27T12:00:00Z,2026-06-16T12:00:00Z,https://sigaa.ufba.br/sigaa/public/processo_seletivo/lista.jsf?aba=p-processo&nivel=S,Encerrado,2026-04-27T12:00:00Z,UFBA SIGAA
2026-08-07T04:47:22.954448Z,Processo Seletivo 2026.2 Doutorado - Aluno Regular - DOUTORADO EM MECATRÔNICA,Inscrições abertas para o processo seletivo da UFBA de ingresso no curso: DOUTORADO EM MECATRÔNICA. Vagas ofertadas: 16. Período de inscrições de 16/04/2026 a 14/06/2026. Consulte o edital completo no portal oficial da instituição.,UFBA,Doutorado Acadêmico,Saúde e Biológicas,16,2026-04-16T12:00:00Z,2026-06-14T12:00:00Z,https://sigaa.ufba.br/sigaa/public/processo_seletivo/lista.jsf?aba=p-processo&nivel=S,Encerrado,2026-04-16T12:00:00Z,UFBA SIGAA
2026-08-08T04:04:01.224426Z,EDITAL 03/2026 - DOUTORADO PROFISSIONAL EM SAÚDE COLETIVA - DOUTORADO PROFISSIONAL EM SAÚDE COLETIVA,Inscrições abertas para o processo seletivo da UFBA de ingresso no curso: DOUTORADO PROFISSIONAL EM SAÚDE COLETIVA. Vagas ofertadas: 10. Período de inscrições de 30/06/2026 a 20/07/2026. Consulte o edital completo no portal oficial da instituição.,UFBA,Doutorado Profissional,Saúde e Biológicas,10,2026-06-30T12:00:00Z,2026-07-20T12:00:00Z,https://sigaa.ufba.br/sigaa/public/processo_seletivo/lista.jsf?aba=p-processo&nivel=S,Encerrado,2026-06-30T12:00:00Z,UFBA SIGAA
2026-08-08T04:04:01.224426Z,PROCESSO SELETIVO DO DOUTORADO ACADÊMICO TURMA 2027-1 - DOUTORADO EM ARQUITETURA E URBANISMO,Inscrições abertas para o processo seletivo da UFBA de ingresso no curso: DOUTORADO EM ARQUITETURA E URBANISMO. Vagas ofertadas: 25. Período de inscrições de 15/06/2026 a 31/07/2026. Consulte o edital completo no portal oficial da instituição.,UFBA,Doutorado Acadêmico,Engenharias e Exatas,25,2026-06-15T12:00:00Z,2026-07-31T12:00:00Z,https://sigaa.ufba.br/sigaa/public/processo_seletivo/lista.jsf?aba=p-processo&nivel=S,Encerrado,2026-06-15T12:00:00Z,UFBA SIGAA
2026-08-08T04:04:01.224426Z,PPGEEC - Edital de Seleção para Alunos Especiais de Doutorado 2026.2 - DOUTORADO EM ENGENHARIA ELÉTRICA,Inscrições abertas para o processo seletivo da UFBA de ingresso no curso: DOUTORADO EM ENGENHARIA ELÉTRICA. Vagas ofertadas: 40. Período de inscrições de 15/06/2026 a 26/06/2026. Consulte o edital completo no portal oficial da instituição.,UFBA,Doutorado Acadêmico,Engenharias e Exatas,40,2026-06-15T12:00:00Z,2026-06-26T12:00:00Z,https://sigaa.ufba.br/sigaa/public/processo_seletivo/lista.jsf?aba=p-processo&nivel=S,Encerrado,2026-06-15T12:00:00Z,UFBA SIGAA
2026-08-08T04:04:01.224426Z,Processo Seletivo em Ciência de Alimentos (2026.2) - NÍVEL DOUTORADO - DOUTORADO EM CIÊNCIA DE ALIMENTOS,Inscrições abertas para o processo seletivo da UFBA de ingresso no curso: DOUTORADO EM CIÊNCIA DE ALIMENTOS. Vagas ofertadas: 22. Período de inscrições de 10/06/2026 a 28/06/2026. Consulte o edital completo no portal oficial da instituição.,UFBA,Doutorado Acadêmico,Saúde e Biológicas,22,2026-06-10T12:00:00Z,2026-06-28T12:00:00Z,https://sigaa.ufba.br/sigaa/public/processo_seletivo/lista.jsf?aba=p-processo&nivel=S,Encerrado,2026-06-10T12:00:00Z,UFBA SIGAA
2026-08-08T04:04:01.224426Z,EDITAL N.º003/2026 DOUTORADO - DOUTORADO EM FARMÁCIA,Inscrições abertas para o processo seletivo da UFBA de ingresso no curso: DOUTORADO EM FARMÁCIA. Vagas ofertadas: 12. Período de inscrições de 04/06/2026 a 30/06/2026. Consulte o edital completo no portal oficial da instituição.,UFBA,Doutorado Acadêmico,Saúde e Biológicas,12,2026-06-04T12:00:00Z,2026-06-30T12:00:00Z,https://sigaa.ufba.br/sigaa/public/processo_seletivo/lista.jsf?aba=p-processo&nivel=S,Encerrado,2026-06-04T12:00:00Z,UFBA SIGAA
2026-08-08T04:04:01.224426Z,PPGEEC / UNIVASF - Seleção para Alunos de Mestrado 2026.2 (Turma MINTER) - DOUTORADO EM ENGENHARIA ELÉTRICA,Inscrições abertas para o processo seletivo da UFBA de ingresso no curso: DOUTORADO EM ENGENHARIA ELÉTRICA. Vagas ofertadas: 20. Período de inscrições de 03/06/2026 a 29/06/2026. Consulte o edital completo no portal oficial da instituição.,UFBA,Doutorado Acadêmico,Engenharias e Exatas,20,2026-06-03T12:00:00Z,2026-06-29T12:00:00Z,https://sigaa.ufba.br/sigaa/public/processo_seletivo/lista.jsf?aba=p-processo&nivel=S,Encerrado,2026-06-03T12:00:00Z,UFBA SIGAA
2026-08-08T04:04:01.224426Z,Edital 2026.2 de Seleção para Doutorado do PPGMCF - DOUTORADO EM MULTICÊNTRICO EM CIÊNCIAS FISIOLÓGICAS,Inscrições abertas para o processo seletivo da UFBA de ingresso no curso: DOUTORADO EM MULTICÊNTRICO EM CIÊNCIAS FISIOLÓGICAS. Vagas ofertadas: 1. Período de inscrições de 21/05/2026 a 08/06/2026. Consulte o edital completo no portal oficial da instituição.,UFBA,Doutorado Acadêmico,Saúde e Biológicas,1,2026-05-21T12:00:00Z,2026-06-08T12:00:00Z,https://sigaa.ufba.br/sigaa/public/processo_seletivo/lista.jsf?aba=p-processo&nivel=S,Encerrado,2026-05-21T12:00:00Z,UFBA SIGAA
2026-08-08T04:04:01.224426Z,PPGEEC - Edital de Seleção para Alunos Regulares de Doutorado 2026.2 - DOUTORADO EM ENGENHARIA ELÉTRICA,Inscrições abertas para o processo seletivo da UFBA de ingresso no curso: DOUTORADO EM ENGENHARIA ELÉTRICA. Vagas ofertadas: 23. Período de inscrições de 19/05/2026 a 15/06/2026. Consulte o edital completo no portal oficial da instituição.,UFBA,Doutorado Acadêmico,Engenharias e Exatas,23,2026-05-19T12:00:00Z,2026-06-15T12:00:00Z,https://sigaa.ufba.br/sigaa/public/processo_seletivo/lista.jsf?aba=p-processo&nivel=S,Encerrado,2026-05-19T12:00:00Z,UFBA SIGAA
2026-08-08T04:04:01.224426Z,SELEÇÃO PARA INGRESSO NO DOUTORADO EM QUÍMICA 2026.2 - DOUTORADO EM QUÍMICA,Inscrições abertas para o processo seletivo da UFBA de ingresso no curso: DOUTORADO EM QUÍMICA. Vagas ofertadas: 20. Período de inscrições de 18/05/2026 a 21/06/2026. Consulte o edital completo no portal oficial da instituição.,UFBA,Doutorado Acadêmico,Engenharias e Exatas,20,2026-05-18T12:00:00Z,2026-06-21T12:00:00Z,https://sigaa.ufba.br/sigaa/public/processo_seletivo/lista.jsf?aba=p-processo&nivel=S,Encerrado,2026-05-18T12:00:00Z,UFBA SIGAA
2026-08-08T04:04:01.224426Z,EDITAL PEI/UFBA 04-2026 - SELEÇÃO PARA O DOUTORADO 2026.2 - DOUTORADO EM ENGENHARIA INDUSTRIAL,Inscrições abertas para o processo seletivo da UFBA de ingresso no curso: DOUTORADO EM ENGENHARIA INDUSTRIAL. Vagas ofertadas: 15. Período de inscrições de 15/05/2026 a 10/06/2026. Consulte o edital completo no portal oficial da instituição.,UFBA,Doutorado Acadêmico,Engenharias e Exatas,15,2026-05-15T12:00:00Z,2026-06-10T12:00:00Z,https://sigaa.ufba.br/sigaa/public/processo_seletivo/lista.jsf?aba=p-processo&nivel=S,Encerrado,2026-05-15T12:00:00Z,UFBA SIGAA
2026-08-08T04:04:01.224426Z,"Seleção para o Doutorado em Matemática, ingresso em 2026.2 - DOUTORADO EM MATEMÁTICA",Inscrições abertas para o processo seletivo da UFBA de ingresso no curso: DOUTORADO EM MATEMÁTICA. Vagas ofertadas: 10. Período de inscrições de 11/05/2026 a 07/06/2026. Consulte o edital completo no portal oficial da instituição.,UFBA,Doutorado Acadêmico,Engenharias e Exatas,10,2026-05-11T12:00:00Z,2026-06-07T12:00:00Z,https://sigaa.ufba.br/sigaa/public/processo_seletivo/lista.jsf?aba=p-processo&nivel=S,Encerrado,2026-05-11T12:00:00Z,UFBA SIGAA
2026-08-08T04:04:01.224426Z,DOUTORADO PROFISSIONAL EM MÚSICA. SELEÇÃO ALUNOS REGULARES 2026.2 - DOUTORADO PROFISSIONAL EM MÚSICA,Inscrições abertas para o processo seletivo da UFBA de ingresso no curso: DOUTORADO PROFISSIONAL EM MÚSICA. Vagas ofertadas: 5. Período de inscrições de 04/05/2026 a 14/06/2026. Consulte o edital completo no portal oficial da instituição.,UFBA,Doutorado Profissional,Comunicação e Artes,5,2026-05-04T12:00:00Z,2026-06-14T12:00:00Z,https://sigaa.ufba.br/sigaa/public/processo_seletivo/lista.jsf?aba=p-processo&nivel=S,Encerrado,2026-05-04T12:00:00Z,UFBA SIGAA
2026-08-08T04:04:01.224426Z,EDITAL 05/2026 - POSPETRO PROCESSO SELETIVO PARA DOUTORADO EM GEOQUÍMICA: PETRÓL - DOUTORADO EM GEOQUÍMICA: PETRÓLEO E MEIO AMBIENTE,Inscrições abertas para o processo seletivo da UFBA de ingresso no curso: DOUTORADO EM GEOQUÍMICA: PETRÓLEO E MEIO AMBIENTE. Vagas ofertadas: 3. Período de inscrições de 27/04/2026 a 16/06/2026. Consulte o edital completo no portal oficial da instituição.,UFBA,Doutorado Acadêmico,Agrárias e Ambientais,3,2026-04-27T12:00:00Z,2026-06-16T12:00:00Z,https://sigaa.ufba.br/sigaa/public/processo_seletivo/lista.jsf?aba=p-processo&nivel=S,Encerrado,2026-04-27T12:00:00Z,UFBA SIGAA
2026-08-08T04:04:01.224426Z,Processo Seletivo 2026.2 Doutorado - Aluno Regular - DOUTORADO EM MECATRÔNICA,Inscrições abertas para o processo seletivo da UFBA de ingresso no curso: DOUTORADO EM MECATRÔNICA. Vagas ofertadas: 16. Período de inscrições de 16/04/2026 a 14/06/2026. Consulte o edital completo no portal oficial da instituição.,UFBA,Doutorado Acadêmico,Saúde e Biológicas,16,2026-04-16T12:00:00Z,2026-06-14T12:00:00Z,https://sigaa.ufba.br/sigaa/public/processo_seletivo/lista.jsf?aba=p-processo&nivel=S,Encerrado,2026-04-16T12:00:00Z,UFBA SIGAA
2026-08-09T04:10:07.333046Z,EDITAL 03/2026 - DOUTORADO PROFISSIONAL EM SAÚDE COLETIVA - DOUTORADO PROFISSIONAL EM SAÚDE COLETIVA,Inscrições abertas para o processo seletivo da UFBA de ingresso no curso: DOUTORADO PROFISSIONAL EM SAÚDE COLETIVA. Vagas ofertadas: 10. Período de inscrições de 30/06/2026 a 20/07/2026. Consulte o edital completo no portal oficial da instituição.,UFBA,Doutorado Profissional,Saúde e Biológicas,10,2026-06-30T12:00:00Z,2026-07-20T12:00:00Z,https://sigaa.ufba.br/sigaa/public/processo_seletivo/lista.jsf?aba=p-processo&nivel=S,Encerrado,2026-06-30T12:00:00Z,UFBA SIGAA
2026-08-09T04:10:07.333046Z,PROCESSO SELETIVO DO DOUTORADO ACADÊMICO TURMA 2027-1 - DOUTORADO EM ARQUITETURA E URBANISMO,Inscrições abertas para o processo seletivo da UFBA de ingresso no curso: DOUTORADO EM ARQUITETURA E URBANISMO. Vagas ofertadas: 25. Período de inscrições de 15/06/2026 a 31/07/2026. Consulte o edital completo no portal oficial da instituição.,UFBA,Doutorado Acadêmico,Engenharias e Exatas,25,2026-06-15T12:00:00Z,2026-07-31T12:00:00Z,https://sigaa.ufba.br/sigaa/public/processo_seletivo/lista.jsf?aba=p-processo&nivel=S,Encerrado,2026-06-15T12:00:00Z,UFBA SIGAA
2026-08-09T04:10:07.333046Z,PPGEEC - Edital de Seleção para Alunos Especiais de Doutorado 2026.2 - DOUTORADO EM ENGENHARIA ELÉTRICA,Inscrições abertas para o processo seletivo da UFBA de ingresso no curso: DOUTORADO EM ENGENHARIA ELÉTRICA. Vagas ofertadas: 40. Período de inscrições de 15/06/2026 a 26/06/2026. Consulte o edital completo no portal oficial da instituição.,UFBA,Doutorado Acadêmico,Engenharias e Exatas,40,2026-06-15T12:00:00Z,2026-06-26T12:00:00Z,https://sigaa.ufba.br/sigaa/public/processo_seletivo/lista.jsf?aba=p-processo&nivel=S,Encerrado,2026-06-15T12:00:00Z,UFBA SIGAA
2026-08-09T04:10:07.333046Z,Processo Seletivo em Ciência de Alimentos (2026.2) - NÍVEL DOUTORADO - DOUTORADO EM CIÊNCIA DE ALIMENTOS,Inscrições abertas para o processo seletivo da UFBA de ingresso no curso: DOUTORADO EM CIÊNCIA DE ALIMENTOS. Vagas ofertadas: 22. Período de inscrições de 10/06/2026 a 28/06/2026. Consulte o edital completo no portal oficial da instituição.,UFBA,Doutorado Acadêmico,Saúde e Biológicas,22,2026-06-10T12:00:00Z,2026-06-28T12:00:00Z,https://sigaa.ufba.br/sigaa/public/processo_seletivo/lista.jsf?aba=p-processo&nivel=S,Encerrado,2026-06-10T12:00:00Z,UFBA SIGAA
2026-08-09T04:10:07.333046Z,EDITAL N.º003/2026 DOUTORADO - DOUTORADO EM FARMÁCIA,Inscrições abertas para o processo seletivo da UFBA de ingresso no curso: DOUTORADO EM FARMÁCIA. Vagas ofertadas: 12. Período de inscrições de 04/06/2026 a 30/06/2026. Consulte o edital completo no portal oficial da instituição.,UFBA,Doutorado Acadêmico,Saúde e Biológicas,12,2026-06-04T12:00:00Z,2026-06-30T12:00:00Z,https://sigaa.ufba.br/sigaa/public/processo_seletivo/lista.jsf?aba=p-processo&nivel=S,Encerrado,2026-06-04T12:00:00Z,UFBA SIGAA
2026-08-09T04:10:07.333046Z,PPGEEC / UNIVASF - Seleção para Alunos de Mestrado 2026.2 (Turma MINTER) - DOUTORADO EM ENGENHARIA ELÉTRICA,Inscrições abertas para o processo seletivo da UFBA de ingresso no curso: DOUTORADO EM ENGENHARIA ELÉTRICA. Vagas ofertadas: 20. Período de inscrições de 03/06/2026 a 29/06/2026. Consulte o edital completo no portal oficial da instituição.,UFBA,Doutorado Acadêmico,Engenharias e Exatas,20,2026-06-03T12:00:00Z,2026-06-29T12:00:00Z,https://sigaa.ufba.br/sigaa/public/processo_seletivo/lista.jsf?aba=p-processo&nivel=S,Encerrado,2026-06-03T12:00:00Z,UFBA SIGAA
2026-08-09T04:10:07.333046Z,Edital 2026.2 de Seleção para Doutorado do PPGMCF - DOUTORADO EM MULTICÊNTRICO EM CIÊNCIAS FISIOLÓGICAS,Inscrições abertas para o processo seletivo da UFBA de ingresso no curso: DOUTORADO EM MULTICÊNTRICO EM CIÊNCIAS FISIOLÓGICAS. Vagas ofertadas: 1. Período de inscrições de 21/05/2026 a 08/06/2026. Consulte o edital completo no portal oficial da instituição.,UFBA,Doutorado Acadêmico,Saúde e Biológicas,1,2026-05-21T12:00:00Z,2026-06-08T12:00:00Z,https://sigaa.ufba.br/sigaa/public/processo_seletivo/lista.jsf?aba=p-processo&nivel=S,Encerrado,2026-05-21T12:00:00Z,UFBA SIGAA
2026-08-09T04:10:07.333046Z,PPGEEC - Edital de Seleção para Alunos Regulares de Doutorado 2026.2 - DOUTORADO EM ENGENHARIA ELÉTRICA,Inscrições abertas para o processo seletivo da UFBA de ingresso no curso: DOUTORADO EM ENGENHARIA ELÉTRICA. Vagas ofertadas: 23. Período de inscrições de 19/05/2026 a 15/06/2026. Consulte o edital completo no portal oficial da instituição.,UFBA,Doutorado Acadêmico,Engenharias e Exatas,23,2026-05-19T12:00:00Z,2026-06-15T12:00:00Z,https://sigaa.ufba.br/sigaa/public/processo_seletivo/lista.jsf?aba=p-processo&nivel=S,Encerrado,2026-05-19T12:00:00Z,UFBA SIGAA
2026-08-09T04:10:07.333046Z,SELEÇÃO PARA INGRESSO NO DOUTORADO EM QUÍMICA 2026.2 - DOUTORADO EM QUÍMICA,Inscrições abertas para o processo seletivo da UFBA de ingresso no curso: DOUTORADO EM QUÍMICA. Vagas ofertadas: 20. Período de inscrições de 18/05/2026 a 21/06/2026. Consulte o edital completo no portal oficial da instituição.,UFBA,Doutorado Acadêmico,Engenharias e Exatas,20,2026-05-18T12:00:00Z,2026-06-21T12:00:00Z,https://sigaa.ufba.br/sigaa/public/processo_seletivo/lista.jsf?aba=p-processo&nivel=S,Encerrado,2026-05-18T12:00:00Z,UFBA SIGAA
2026-08-09T04:10:07.333046Z,EDITAL PEI/UFBA 04-2026 - SELEÇÃO PARA O DOUTORADO 2026.2 - DOUTORADO EM ENGENHARIA INDUSTRIAL,Inscrições abertas para o processo seletivo da UFBA de ingresso no curso: DOUTORADO EM ENGENHARIA INDUSTRIAL. Vagas ofertadas: 15. Período de inscrições de 15/05/2026 a 10/06/2026. Consulte o edital completo no portal oficial da instituição.,UFBA,Doutorado Acadêmico,Engenharias e Exatas,15,2026-05-15T12:00:00Z,2026-06-10T12:00:00Z,https://sigaa.ufba.br/sigaa/public/processo_seletivo/lista.jsf?aba=p-processo&nivel=S,Encerrado,2026-05-15T12:00:00Z,UFBA SIGAA
2026-08-09T04:10:07.333046Z,"Seleção para o Doutorado em Matemática, ingresso em 2026.2 - DOUTORADO EM MATEMÁTICA",Inscrições abertas para o processo seletivo da UFBA de ingresso no curso: DOUTORADO EM MATEMÁTICA. Vagas ofertadas: 10. Período de inscrições de 11/05/2026 a 07/06/2026. Consulte o edital completo no portal oficial da instituição.,UFBA,Doutorado Acadêmico,Engenharias e Exatas,10,2026-05-11T12:00:00Z,2026-06-07T12:00:00Z,https://sigaa.ufba.br/sigaa/public/processo_seletivo/lista.jsf?aba=p-processo&nivel=S,Encerrado,2026-05-11T12:00:00Z,UFBA SIGAA
2026-08-09T04:10:07.333046Z,DOUTORADO PROFISSIONAL EM MÚSICA. SELEÇÃO ALUNOS REGULARES 2026.2 - DOUTORADO PROFISSIONAL EM MÚSICA,Inscrições abertas para o processo seletivo da UFBA de ingresso no curso: DOUTORADO PROFISSIONAL EM MÚSICA. Vagas ofertadas: 5. Período de inscrições de 04/05/2026 a 14/06/2026. Consulte o edital completo no portal oficial da instituição.,UFBA,Doutorado Profissional,Comunicação e Artes,5,2026-05-04T12:00:00Z,2026-06-14T12:00:00Z,https://sigaa.ufba.br/sigaa/public/processo_seletivo/lista.jsf?aba=p-processo&nivel=S,Encerrado,2026-05-04T12:00:00Z,UFBA SIGAA
2026-08-09T04:10:07.333046Z,EDITAL 05/2026 - POSPETRO PROCESSO SELETIVO PARA DOUTORADO EM GEOQUÍMICA: PETRÓL - DOUTORADO EM GEOQUÍMICA: PETRÓLEO E MEIO AMBIENTE,Inscrições abertas para o processo seletivo da UFBA de ingresso no curso: DOUTORADO EM GEOQUÍMICA: PETRÓLEO E MEIO AMBIENTE. Vagas ofertadas: 3. Período de inscrições de 27/04/2026 a 16/06/2026. Consulte o edital completo no portal oficial da instituição.,UFBA,Doutorado Acadêmico,Agrárias e Ambientais,3,2026-04-27T12:00:00Z,2026-06-16T12:00:00Z,https://sigaa.ufba.br/sigaa/public/processo_seletivo/lista.jsf?aba=p-processo&nivel=S,Encerrado,2026-04-27T12:00:00Z,UFBA SIGAA
2026-08-09T04:10:07.333046Z,Processo Seletivo 2026.2 Doutorado - Aluno Regular - DOUTORADO EM MECATRÔNICA,Inscrições abertas para o processo seletivo da UFBA de ingresso no curso: DOUTORADO EM MECATRÔNICA. Vagas ofertadas: 16. Período de inscrições de 16/04/2026 a 14/06/2026. Consulte o edital completo no portal oficial da instituição.,UFBA,Doutorado Acadêmico,Saúde e Biológicas,16,2026-04-16T12:00:00Z,2026-06-14T12:00:00Z,https://sigaa.ufba.br/sigaa/public/processo_seletivo/lista.jsf?aba=p-processo&nivel=S,Encerrado,2026-04-16T12:00:00Z,UFBA SIGAA
2026-08-10T04:21:59.882180Z,EDITAL 03/2026 - DOUTORADO PROFISSIONAL EM SAÚDE COLETIVA - DOUTORADO PROFISSIONAL EM SAÚDE COLETIVA,Inscrições abertas para o processo seletivo da UFBA de ingresso no curso: DOUTORADO PROFISSIONAL EM SAÚDE COLETIVA. Vagas ofertadas: 10. Período de inscrições de 30/06/2026 a 20/07/2026. Consulte o edital completo no portal oficial da instituição.,UFBA,Doutorado Profissional,Saúde e Biológicas,10,2026-06-30T12:00:00Z,2026-07-20T12:00:00Z,https://sigaa.ufba.br/sigaa/public/processo_seletivo/lista.jsf?aba=p-processo&nivel=S,Encerrado,2026-06-30T12:00:00Z,UFBA SIGAA
2026-08-10T04:21:59.882180Z,PROCESSO SELETIVO DO DOUTORADO ACADÊMICO TURMA 2027-1 - DOUTORADO EM ARQUITETURA E URBANISMO,Inscrições abertas para o processo seletivo da UFBA de ingresso no curso: DOUTORADO EM ARQUITETURA E URBANISMO. Vagas ofertadas: 25. Período de inscrições de 15/06/2026 a 31/07/2026. Consulte o edital completo no portal oficial da instituição.,UFBA,Doutorado Acadêmico,Engenharias e Exatas,25,2026-06-15T12:00:00Z,2026-07-31T12:00:00Z,https://sigaa.ufba.br/sigaa/public/processo_seletivo/lista.jsf?aba=p-processo&nivel=S,Encerrado,2026-06-15T12:00:00Z,UFBA SIGAA
2026-08-10T04:21:59.882180Z,PPGEEC - Edital de Seleção para Alunos Especiais de Doutorado 2026.2 - DOUTORADO EM ENGENHARIA ELÉTRICA,Inscrições abertas para o processo seletivo da UFBA de ingresso no curso: DOUTORADO EM ENGENHARIA ELÉTRICA. Vagas ofertadas: 40. Período de inscrições de 15/06/2026 a 26/06/2026. Consulte o edital completo no portal oficial da instituição.,UFBA,Doutorado Acadêmico,Engenharias e Exatas,40,2026-06-15T12:00:00Z,2026-06-26T12:00:00Z,https://sigaa.ufba.br/sigaa/public/processo_seletivo/lista.jsf?aba=p-processo&nivel=S,Encerrado,2026-06-15T12:00:00Z,UFBA SIGAA
2026-08-10T04:21:59.882180Z,Processo Seletivo em Ciência de Alimentos (2026.2) - NÍVEL DOUTORADO - DOUTORADO EM CIÊNCIA DE ALIMENTOS,Inscrições abertas para o processo seletivo da UFBA de ingresso no curso: DOUTORADO EM CIÊNCIA DE ALIMENTOS. Vagas ofertadas: 22. Período de inscrições de 10/06/2026 a 28/06/2026. Consulte o edital completo no portal oficial da instituição.,UFBA,Doutorado Acadêmico,Saúde e Biológicas,22,2026-06-10T12:00:00Z,2026-06-28T12:00:00Z,https://sigaa.ufba.br/sigaa/public/processo_seletivo/lista.jsf?aba=p-processo&nivel=S,Encerrado,2026-06-10T12:00:00Z,UFBA SIGAA
2026-08-10T04:21:59.882180Z,EDITAL N.º003/2026 DOUTORADO - DOUTORADO EM FARMÁCIA,Inscrições abertas para o processo seletivo da UFBA de ingresso no curso: DOUTORADO EM FARMÁCIA. Vagas ofertadas: 12. Período de inscrições de 04/06/2026 a 30/06/2026. Consulte o edital completo no portal oficial da instituição.,UFBA,Doutorado Acadêmico,Saúde e Biológicas,12,2026-06-04T12:00:00Z,2026-06-30T12:00:00Z,https://sigaa.ufba.br/sigaa/public/processo_seletivo/lista.jsf?aba=p-processo&nivel=S,Encerrado,2026-06-04T12:00:00Z,UFBA SIGAA
2026-08-10T04:21:59.882180Z,PPGEEC / UNIVASF - Seleção para Alunos de Mestrado 2026.2 (Turma MINTER) - DOUTORADO EM ENGENHARIA ELÉTRICA,Inscrições abertas para o processo seletivo da UFBA de ingresso no curso: DOUTORADO EM ENGENHARIA ELÉTRICA. Vagas ofertadas: 20. Período de inscrições de 03/06/2026 a 29/06/2026. Consulte o edital completo no portal oficial da instituição.,UFBA,Doutorado Acadêmico,Engenharias e Exatas,20,2026-06-03T12:00:00Z,2026-06-29T12:00:00Z,https://sigaa.ufba.br/sigaa/public/processo_seletivo/lista.jsf?aba=p-processo&nivel=S,Encerrado,2026-06-03T12:00:00Z,UFBA SIGAA
2026-08-10T04:21:59.882180Z,Edital 2026.2 de Seleção para Doutorado do PPGMCF - DOUTORADO EM MULTICÊNTRICO EM CIÊNCIAS FISIOLÓGICAS,Inscrições abertas para o processo seletivo da UFBA de ingresso no curso: DOUTORADO EM MULTICÊNTRICO EM CIÊNCIAS FISIOLÓGICAS. Vagas ofertadas: 1. Período de inscrições de 21/05/2026 a 08/06/2026. Consulte o edital completo no portal oficial da instituição.,UFBA,Doutorado Acadêmico,Saúde e Biológicas,1,2026-05-21T12:00:00Z,2026-06-08T12:00:00Z,https://sigaa.ufba.br/sigaa/public/processo_seletivo/lista.jsf?aba=p-processo&nivel=S,Encerrado,2026-05-21T12:00:00Z,UFBA SIGAA
2026-08-10T04:21:59.882180Z,PPGEEC - Edital de Seleção para Alunos Regulares de Doutorado 2026.2 - DOUTORADO EM ENGENHARIA ELÉTRICA,Inscrições abertas para o processo seletivo da UFBA de ingresso no curso: DOUTORADO EM ENGENHARIA ELÉTRICA. Vagas ofertadas: 23. Período de inscrições de 19/05/2026 a 15/06/2026. Consulte o edital completo no portal oficial da instituição.,UFBA,Doutorado Acadêmico,Engenharias e Exatas,23,2026-05-19T12:00:00Z,2026-06-15T12:00:00Z,https://sigaa.ufba.br/sigaa/public/processo_seletivo/lista.jsf?aba=p-processo&nivel=S,Encerrado,2026-05-19T12:00:00Z,UFBA SIGAA
2026-08-10T04:21:59.882180Z,SELEÇÃO PARA INGRESSO NO DOUTORADO EM QUÍMICA 2026.2 - DOUTORADO EM QUÍMICA,Inscrições abertas para o processo seletivo da UFBA de ingresso no curso: DOUTORADO EM QUÍMICA. Vagas ofertadas: 20. Período de inscrições de 18/05/2026 a 21/06/2026. Consulte o edital completo no portal oficial da instituição.,UFBA,Doutorado Acadêmico,Engenharias e Exatas,20,2026-05-18T12:00:00Z,2026-06-21T12:00:00Z,https://sigaa.ufba.br/sigaa/public/processo_seletivo/lista.jsf?aba=p-processo&nivel=S,Encerrado,2026-05-18T12:00:00Z,UFBA SIGAA
2026-08-10T04:21:59.882180Z,EDITAL PEI/UFBA 04-2026 - SELEÇÃO PARA O DOUTORADO 2026.2 - DOUTORADO EM ENGENHARIA INDUSTRIAL,Inscrições abertas para o processo seletivo da UFBA de ingresso no curso: DOUTORADO EM ENGENHARIA INDUSTRIAL. Vagas ofertadas: 15. Período de inscrições de 15/05/2026 a 10/06/2026. Consulte o edital completo no portal oficial da instituição.,UFBA,Doutorado Acadêmico,Engenharias e Exatas,15,2026-05-15T12:00:00Z,2026-06-10T12:00:00Z,https://sigaa.ufba.br/sigaa/public/processo_seletivo/lista.jsf?aba=p-processo&nivel=S,Encerrado,2026-05-15T12:00:00Z,UFBA SIGAA
2026-08-10T04:21:59.882180Z,"Seleção para o Doutorado em Matemática, ingresso em 2026.2 - DOUTORADO EM MATEMÁTICA",Inscrições abertas para o processo seletivo da UFBA de ingresso no curso: DOUTORADO EM MATEMÁTICA. Vagas ofertadas: 10. Período de inscrições de 11/05/2026 a 07/06/2026. Consulte o edital completo no portal oficial da instituição.,UFBA,Doutorado Acadêmico,Engenharias e Exatas,10,2026-05-11T12:00:00Z,2026-06-07T12:00:00Z,https://sigaa.ufba.br/sigaa/public/processo_seletivo/lista.jsf?aba=p-processo&nivel=S,Encerrado,2026-05-11T12:00:00Z,UFBA SIGAA
2026-08-10T04:21:59.882180Z,DOUTORADO PROFISSIONAL EM MÚSICA. SELEÇÃO ALUNOS REGULARES 2026.2 - DOUTORADO PROFISSIONAL EM MÚSICA,Inscrições abertas para o processo seletivo da UFBA de ingresso no curso: DOUTORADO PROFISSIONAL EM MÚSICA. Vagas ofertadas: 5. Período de inscrições de 04/05/2026 a 14/06/2026. Consulte o edital completo no portal oficial da instituição.,UFBA,Doutorado Profissional,Comunicação e Artes,5,2026-05-04T12:00:00Z,2026-06-14T12:00:00Z,https://sigaa.ufba.br/sigaa/public/processo_seletivo/lista.jsf?aba=p-processo&nivel=S,Encerrado,2026-05-04T12:00:00Z,UFBA SIGAA
2026-08-10T04:21:59.882180Z,EDITAL 05/2026 - POSPETRO PROCESSO SELETIVO PARA DOUTORADO EM GEOQUÍMICA: PETRÓL - DOUTORADO EM GEOQUÍMICA: PETRÓLEO E MEIO AMBIENTE,Inscrições abertas para o processo seletivo da UFBA de ingresso no curso: DOUTORADO EM GEOQUÍMICA: PETRÓLEO E MEIO AMBIENTE. Vagas ofertadas: 3. Período de inscrições de 27/04/2026 a 16/06/2026. Consulte o edital completo no portal oficial da instituição.,UFBA,Doutorado Acadêmico,Agrárias e Ambientais,3,2026-04-27T12:00:00Z,2026-06-16T12:00:00Z,https://sigaa.ufba.br/sigaa/public/processo_seletivo/lista.jsf?aba=p-processo&nivel=S,Encerrado,2026-04-27T12:00:00Z,UFBA SIGAA
2026-08-10T04:21:59.882180Z,Processo Seletivo 2026.2 Doutorado - Aluno Regular - DOUTORADO EM MECATRÔNICA,Inscrições abertas para o processo seletivo da UFBA de ingresso no curso: DOUTORADO EM MECATRÔNICA. Vagas ofertadas: 16. Período de inscrições de 16/04/2026 a 14/06/2026. Consulte o edital completo no portal oficial da instituição.,UFBA,Doutorado Acadêmico,Saúde e Biológicas,16,2026-04-16T12:00:00Z,2026-06-14T12:00:00Z,https://sigaa.ufba.br/sigaa/public/processo_seletivo/lista.jsf?aba=p-processo&nivel=S,Encerrado,2026-04-16T12:00:00Z,UFBA SIGAA
2026-08-11T04:11:02.101150Z,EDITAL 03/2026 - DOUTORADO PROFISSIONAL EM SAÚDE COLETIVA - DOUTORADO PROFISSIONAL EM SAÚDE COLETIVA,Inscrições abertas para o processo seletivo da UFBA de ingresso no curso: DOUTORADO PROFISSIONAL EM SAÚDE COLETIVA. Vagas ofertadas: 10. Período de inscrições de 30/06/2026 a 20/07/2026. Consulte o edital completo no portal oficial da instituição.,UFBA,Doutorado Profissional,Saúde e Biológicas,10,2026-06-30T12:00:00Z,2026-07-20T12:00:00Z,https://sigaa.ufba.br/sigaa/public/processo_seletivo/lista.jsf?aba=p-processo&nivel=S,Encerrado,2026-06-30T12:00:00Z,UFBA SIGAA
2026-08-11T04:11:02.101150Z,PROCESSO SELETIVO DO DOUTORADO ACADÊMICO TURMA 2027-1 - DOUTORADO EM ARQUITETURA E URBANISMO,Inscrições abertas para o processo seletivo da UFBA de ingresso no curso: DOUTORADO EM ARQUITETURA E URBANISMO. Vagas ofertadas: 25. Período de inscrições de 15/06/2026 a 31/07/2026. Consulte o edital completo no portal oficial da instituição.,UFBA,Doutorado Acadêmico,Engenharias e Exatas,25,2026-06-15T12:00:00Z,2026-07-31T12:00:00Z,https://sigaa.ufba.br/sigaa/public/processo_seletivo/lista.jsf?aba=p-processo&nivel=S,Encerrado,2026-06-15T12:00:00Z,UFBA SIGAA
2026-08-11T04:11:02.101150Z,PPGEEC - Edital de Seleção para Alunos Especiais de Doutorado 2026.2 - DOUTORADO EM ENGENHARIA ELÉTRICA,Inscrições abertas para o processo seletivo da UFBA de ingresso no curso: DOUTORADO EM ENGENHARIA ELÉTRICA. Vagas ofertadas: 40. Período de inscrições de 15/06/2026 a 26/06/2026. Consulte o edital completo no portal oficial da instituição.,UFBA,Doutorado Acadêmico,Engenharias e Exatas,40,2026-06-15T12:00:00Z,2026-06-26T12:00:00Z,https://sigaa.ufba.br/sigaa/public/processo_seletivo/lista.jsf?aba=p-processo&nivel=S,Encerrado,2026-06-15T12:00:00Z,UFBA SIGAA
2026-08-11T04:11:02.101150Z,Processo Seletivo em Ciência de Alimentos (2026.2) - NÍVEL DOUTORADO - DOUTORADO EM CIÊNCIA DE ALIMENTOS,Inscrições abertas para o processo seletivo da UFBA de ingresso no curso: DOUTORADO EM CIÊNCIA DE ALIMENTOS. Vagas ofertadas: 22. Período de inscrições de 10/06/2026 a 28/06/2026. Consulte o edital completo no portal oficial da instituição.,UFBA,Doutorado Acadêmico,Saúde e Biológicas,22,2026-06-10T12:00:00Z,2026-06-28T12:00:00Z,https://sigaa.ufba.br/sigaa/public/processo_seletivo/lista.jsf?aba=p-processo&nivel=S,Encerrado,2026-06-10T12:00:00Z,UFBA SIGAA
2026-08-11T04:11:02.101150Z,EDITAL N.º003/2026 DOUTORADO - DOUTORADO EM FARMÁCIA,Inscrições abertas para o processo seletivo da UFBA de ingresso no curso: DOUTORADO EM FARMÁCIA. Vagas ofertadas: 12. Período de inscrições de 04/06/2026 a 30/06/2026. Consulte o edital completo no portal oficial da instituição.,UFBA,Doutorado Acadêmico,Saúde e Biológicas,12,2026-06-04T12:00:00Z,2026-06-30T12:00:00Z,https://sigaa.ufba.br/sigaa/public/processo_seletivo/lista.jsf?aba=p-processo&nivel=S,Encerrado,2026-06-04T12:00:00Z,UFBA SIGAA
2026-08-11T04:11:02.101150Z,PPGEEC / UNIVASF - Seleção para Alunos de Mestrado 2026.2 (Turma MINTER) - DOUTORADO EM ENGENHARIA ELÉTRICA,Inscrições abertas para o processo seletivo da UFBA de ingresso no curso: DOUTORADO EM ENGENHARIA ELÉTRICA. Vagas ofertadas: 20. Período de inscrições de 03/06/2026 a 29/06/2026. Consulte o edital completo no portal oficial da instituição.,UFBA,Doutorado Acadêmico,Engenharias e Exatas,20,2026-06-03T12:00:00Z,2026-06-29T12:00:00Z,https://sigaa.ufba.br/sigaa/public/processo_seletivo/lista.jsf?aba=p-processo&nivel=S,Encerrado,2026-06-03T12:00:00Z,UFBA SIGAA
2026-08-11T04:11:02.101150Z,Edital 2026.2 de Seleção para Doutorado do PPGMCF - DOUTORADO EM MULTICÊNTRICO EM CIÊNCIAS FISIOLÓGICAS,Inscrições abertas para o processo seletivo da UFBA de ingresso no curso: DOUTORADO EM MULTICÊNTRICO EM CIÊNCIAS FISIOLÓGICAS. Vagas ofertadas: 1. Período de inscrições de 21/05/2026 a 08/06/2026. Consulte o edital completo no portal oficial da instituição.,UFBA,Doutorado Acadêmico,Saúde e Biológicas,1,2026-05-21T12:00:00Z,2026-06-08T12:00:00Z,https://sigaa.ufba.br/sigaa/public/processo_seletivo/lista.jsf?aba=p-processo&nivel=S,Encerrado,2026-05-21T12:00:00Z,UFBA SIGAA
2026-08-11T04:11:02.101150Z,PPGEEC - Edital de Seleção para Alunos Regulares de Doutorado 2026.2 - DOUTORADO EM ENGENHARIA ELÉTRICA,Inscrições abertas para o processo seletivo da UFBA de ingresso no curso: DOUTORADO EM ENGENHARIA ELÉTRICA. Vagas ofertadas: 23. Período de inscrições de 19/05/2026 a 15/06/2026. Consulte o edital completo no portal oficial da instituição.,UFBA,Doutorado Acadêmico,Engenharias e Exatas,23,2026-05-19T12:00:00Z,2026-06-15T12:00:00Z,https://sigaa.ufba.br/sigaa/public/processo_seletivo/lista.jsf?aba=p-processo&nivel=S,Encerrado,2026-05-19T12:00:00Z,UFBA SIGAA
2026-08-11T04:11:02.101150Z,SELEÇÃO PARA INGRESSO NO DOUTORADO EM QUÍMICA 2026.2 - DOUTORADO EM QUÍMICA,Inscrições abertas para o processo seletivo da UFBA de ingresso no curso: DOUTORADO EM QUÍMICA. Vagas ofertadas: 20. Período de inscrições de 18/05/2026 a 21/06/2026. Consulte o edital completo no portal oficial da instituição.,UFBA,Doutorado Acadêmico,Engenharias e Exatas,20,2026-05-18T12:00:00Z,2026-06-21T12:00:00Z,https://sigaa.ufba.br/sigaa/public/processo_seletivo/lista.jsf?aba=p-processo&nivel=S,Encerrado,2026-05-18T12:00:00Z,UFBA SIGAA
2026-08-11T04:11:02.101150Z,EDITAL PEI/UFBA 04-2026 - SELEÇÃO PARA O DOUTORADO 2026.2 - DOUTORADO EM ENGENHARIA INDUSTRIAL,Inscrições abertas para o processo seletivo da UFBA de ingresso no curso: DOUTORADO EM ENGENHARIA INDUSTRIAL. Vagas ofertadas: 15. Período de inscrições de 15/05/2026 a 10/06/2026. Consulte o edital completo no portal oficial da instituição.,UFBA,Doutorado Acadêmico,Engenharias e Exatas,15,2026-05-15T12:00:00Z,2026-06-10T12:00:00Z,https://sigaa.ufba.br/sigaa/public/processo_seletivo/lista.jsf?aba=p-processo&nivel=S,Encerrado,2026-05-15T12:00:00Z,UFBA SIGAA
2026-08-11T04:11:02.101150Z,"Seleção para o Doutorado em Matemática, ingresso em 2026.2 - DOUTORADO EM MATEMÁTICA",Inscrições abertas para o processo seletivo da UFBA de ingresso no curso: DOUTORADO EM MATEMÁTICA. Vagas ofertadas: 10. Período de inscrições de 11/05/2026 a 07/06/2026. Consulte o edital completo no portal oficial da instituição.,UFBA,Doutorado Acadêmico,Engenharias e Exatas,10,2026-05-11T12:00:00Z,2026-06-07T12:00:00Z,https://sigaa.ufba.br/sigaa/public/processo_seletivo/lista.jsf?aba=p-processo&nivel=S,Encerrado,2026-05-11T12:00:00Z,UFBA SIGAA
2026-08-11T04:11:02.101150Z,DOUTORADO PROFISSIONAL EM MÚSICA. SELEÇÃO ALUNOS REGULARES 2026.2 - DOUTORADO PROFISSIONAL EM MÚSICA,Inscrições abertas para o processo seletivo da UFBA de ingresso no curso: DOUTORADO PROFISSIONAL EM MÚSICA. Vagas ofertadas: 5. Período de inscrições de 04/05/2026 a 14/06/2026. Consulte o edital completo no portal oficial da instituição.,UFBA,Doutorado Profissional,Comunicação e Artes,5,2026-05-04T12:00:00Z,2026-06-14T12:00:00Z,https://sigaa.ufba.br/sigaa/public/processo_seletivo/lista.jsf?aba=p-processo&nivel=S,Encerrado,2026-05-04T12:00:00Z,UFBA SIGAA
2026-08-11T04:11:02.101150Z,EDITAL 05/2026 - POSPETRO PROCESSO SELETIVO PARA DOUTORADO EM GEOQUÍMICA: PETRÓL - DOUTORADO EM GEOQUÍMICA: PETRÓLEO E MEIO AMBIENTE,Inscrições abertas para o processo seletivo da UFBA de ingresso no curso: DOUTORADO EM GEOQUÍMICA: PETRÓLEO E MEIO AMBIENTE. Vagas ofertadas: 3. Período de inscrições de 27/04/2026 a 16/06/2026. Consulte o edital completo no portal oficial da instituição.,UFBA,Doutorado Acadêmico,Agrárias e Ambientais,3,2026-04-27T12:00:00Z,2026-06-16T12:00:00Z,https://sigaa.ufba.br/sigaa/public/processo_seletivo/lista.jsf?aba=p-processo&nivel=S,Encerrado,2026-04-27T12:00:00Z,UFBA SIGAA
2026-08-11T04:11:02.101150Z,Processo Seletivo 2026.2 Doutorado - Aluno Regular - DOUTORADO EM MECATRÔNICA,Inscrições abertas para o processo seletivo da UFBA de ingresso no curso: DOUTORADO EM MECATRÔNICA. Vagas ofertadas: 16. Período de inscrições de 16/04/2026 a 14/06/2026. Consulte o edital completo no portal oficial da instituição.,UFBA,Doutorado Acadêmico,Saúde e Biológicas,16,2026-04-16T12:00:00Z,2026-06-14T12:00:00Z,https://sigaa.ufba.br/sigaa/public/processo_seletivo/lista.jsf?aba=p-processo&nivel=S,Encerrado,2026-04-16T12:00:00Z,UFBA SIGAA
2026-08-12T04:40:57.497927Z,EDITAL 03/2026 - DOUTORADO PROFISSIONAL EM SAÚDE COLETIVA - DOUTORADO PROFISSIONAL EM SAÚDE COLETIVA,Inscrições abertas para o processo seletivo da UFBA de ingresso no curso: DOUTORADO PROFISSIONAL EM SAÚDE COLETIVA. Vagas ofertadas: 10. Período de inscrições de 30/06/2026 a 20/07/2026. Consulte o edital completo no portal oficial da instituição.,UFBA,Doutorado Profissional,Saúde e Biológicas,10,2026-06-30T12:00:00Z,2026-07-20T12:00:00Z,https://sigaa.ufba.br/sigaa/public/processo_seletivo/lista.jsf?aba=p-processo&nivel=S,Encerrado,2026-06-30T12:00:00Z,UFBA SIGAA
2026-08-12T04:40:57.497927Z,PROCESSO SELETIVO DO DOUTORADO ACADÊMICO TURMA 2027-1 - DOUTORADO EM ARQUITETURA E URBANISMO,Inscrições abertas para o processo seletivo da UFBA de ingresso no curso: DOUTORADO EM ARQUITETURA E URBANISMO. Vagas ofertadas: 25. Período de inscrições de 15/06/2026 a 31/07/2026. Consulte o edital completo no portal oficial da instituição.,UFBA,Doutorado Acadêmico,Engenharias e Exatas,25,2026-06-15T12:00:00Z,2026-07-31T12:00:00Z,https://sigaa.ufba.br/sigaa/public/processo_seletivo/lista.jsf?aba=p-processo&nivel=S,Encerrado,2026-06-15T12:00:00Z,UFBA SIGAA
2026-08-12T04:40:57.497927Z,PPGEEC - Edital de Seleção para Alunos Especiais de Doutorado 2026.2 - DOUTORADO EM ENGENHARIA ELÉTRICA,Inscrições abertas para o processo seletivo da UFBA de ingresso no curso: DOUTORADO EM ENGENHARIA ELÉTRICA. Vagas ofertadas: 40. Período de inscrições de 15/06/2026 a 26/06/2026. Consulte o edital completo no portal oficial da instituição.,UFBA,Doutorado Acadêmico,Engenharias e Exatas,40,2026-06-15T12:00:00Z,2026-06-26T12:00:00Z,https://sigaa.ufba.br/sigaa/public/processo_seletivo/lista.jsf?aba=p-processo&nivel=S,Encerrado,2026-06-15T12:00:00Z,UFBA SIGAA
2026-08-12T04:40:57.497927Z,Processo Seletivo em Ciência de Alimentos (2026.2) - NÍVEL DOUTORADO - DOUTORADO EM CIÊNCIA DE ALIMENTOS,Inscrições abertas para o processo seletivo da UFBA de ingresso no curso: DOUTORADO EM CIÊNCIA DE ALIMENTOS. Vagas ofertadas: 22. Período de inscrições de 10/06/2026 a 28/06/2026. Consulte o edital completo no portal oficial da instituição.,UFBA,Doutorado Acadêmico,Saúde e Biológicas,22,2026-06-10T12:00:00Z,2026-06-28T12:00:00Z,https://sigaa.ufba.br/sigaa/public/processo_seletivo/lista.jsf?aba=p-processo&nivel=S,Encerrado,2026-06-10T12:00:00Z,UFBA SIGAA
2026-08-12T04:40:57.497927Z,EDITAL N.º003/2026 DOUTORADO - DOUTORADO EM FARMÁCIA,Inscrições abertas para o processo seletivo da UFBA de ingresso no curso: DOUTORADO EM FARMÁCIA. Vagas ofertadas: 12. Período de inscrições de 04/06/2026 a 30/06/2026. Consulte o edital completo no portal oficial da instituição.,UFBA,Doutorado Acadêmico,Saúde e Biológicas,12,2026-06-04T12:00:00Z,2026-06-30T12:00:00Z,https://sigaa.ufba.br/sigaa/public/processo_seletivo/lista.jsf?aba=p-processo&nivel=S,Encerrado,2026-06-04T12:00:00Z,UFBA SIGAA
2026-08-12T04:40:57.497927Z,PPGEEC / UNIVASF - Seleção para Alunos de Mestrado 2026.2 (Turma MINTER) - DOUTORADO EM ENGENHARIA ELÉTRICA,Inscrições abertas para o processo seletivo da UFBA de ingresso no curso: DOUTORADO EM ENGENHARIA ELÉTRICA. Vagas ofertadas: 20. Período de inscrições de 03/06/2026 a 29/06/2026. Consulte o edital completo no portal oficial da instituição.,UFBA,Doutorado Acadêmico,Engenharias e Exatas,20,2026-06-03T12:00:00Z,2026-06-29T12:00:00Z,https://sigaa.ufba.br/sigaa/public/processo_seletivo/lista.jsf?aba=p-processo&nivel=S,Encerrado,2026-06-03T12:00:00Z,UFBA SIGAA
2026-08-12T04:40:57.497927Z,Edital 2026.2 de Seleção para Doutorado do PPGMCF - DOUTORADO EM MULTICÊNTRICO EM CIÊNCIAS FISIOLÓGICAS,Inscrições abertas para o processo seletivo da UFBA de ingresso no curso: DOUTORADO EM MULTICÊNTRICO EM CIÊNCIAS FISIOLÓGICAS. Vagas ofertadas: 1. Período de inscrições de 21/05/2026 a 08/06/2026. Consulte o edital completo no portal oficial da instituição.,UFBA,Doutorado Acadêmico,Saúde e Biológicas,1,2026-05-21T12:00:00Z,2026-06-08T12:00:00Z,https://sigaa.ufba.br/sigaa/public/processo_seletivo/lista.jsf?aba=p-processo&nivel=S,Encerrado,2026-05-21T12:00:00Z,UFBA SIGAA
2026-08-12T04:40:57.497927Z,PPGEEC - Edital de Seleção para Alunos Regulares de Doutorado 2026.2 - DOUTORADO EM ENGENHARIA ELÉTRICA,Inscrições abertas para o processo seletivo da UFBA de ingresso no curso: DOUTORADO EM ENGENHARIA ELÉTRICA. Vagas ofertadas: 23. Período de inscrições de 19/05/2026 a 15/06/2026. Consulte o edital completo no portal oficial da instituição.,UFBA,Doutorado Acadêmico,Engenharias e Exatas,23,2026-05-19T12:00:00Z,2026-06-15T12:00:00Z,https://sigaa.ufba.br/sigaa/public/processo_seletivo/lista.jsf?aba=p-processo&nivel=S,Encerrado,2026-05-19T12:00:00Z,UFBA SIGAA
2026-08-12T04:40:57.497927Z,SELEÇÃO PARA INGRESSO NO DOUTORADO EM QUÍMICA 2026.2 - DOUTORADO EM QUÍMICA,Inscrições abertas para o processo seletivo da UFBA de ingresso no curso: DOUTORADO EM QUÍMICA. Vagas ofertadas: 20. Período de inscrições de 18/05/2026 a 21/06/2026. Consulte o edital completo no portal oficial da instituição.,UFBA,Doutorado Acadêmico,Engenharias e Exatas,20,2026-05-18T12:00:00Z,2026-06-21T12:00:00Z,https://sigaa.ufba.br/sigaa/public/processo_seletivo/lista.jsf?aba=p-processo&nivel=S,Encerrado,2026-05-18T12:00:00Z,UFBA SIGAA
2026-08-12T04:40:57.497927Z,EDITAL PEI/UFBA 04-2026 - SELEÇÃO PARA O DOUTORADO 2026.2 - DOUTORADO EM ENGENHARIA INDUSTRIAL,Inscrições abertas para o processo seletivo da UFBA de ingresso no curso: DOUTORADO EM ENGENHARIA INDUSTRIAL. Vagas ofertadas: 15. Período de inscrições de 15/05/2026 a 10/06/2026. Consulte o edital completo no portal oficial da instituição.,UFBA,Doutorado Acadêmico,Engenharias e Exatas,15,2026-05-15T12:00:00Z,2026-06-10T12:00:00Z,https://sigaa.ufba.br/sigaa/public/processo_seletivo/lista.jsf?aba=p-processo&nivel=S,Encerrado,2026-05-15T12:00:00Z,UFBA SIGAA
2026-08-12T04:40:57.497927Z,"Seleção para o Doutorado em Matemática, ingresso em 2026.2 - DOUTORADO EM MATEMÁTICA",Inscrições abertas para o processo seletivo da UFBA de ingresso no curso: DOUTORADO EM MATEMÁTICA. Vagas ofertadas: 10. Período de inscrições de 11/05/2026 a 07/06/2026. Consulte o edital completo no portal oficial da instituição.,UFBA,Doutorado Acadêmico,Engenharias e Exatas,10,2026-05-11T12:00:00Z,2026-06-07T12:00:00Z,https://sigaa.ufba.br/sigaa/public/processo_seletivo/lista.jsf?aba=p-processo&nivel=S,Encerrado,2026-05-11T12:00:00Z,UFBA SIGAA
2026-08-12T04:40:57.497927Z,DOUTORADO PROFISSIONAL EM MÚSICA. SELEÇÃO ALUNOS REGULARES 2026.2 - DOUTORADO PROFISSIONAL EM MÚSICA,Inscrições abertas para o processo seletivo da UFBA de ingresso no curso: DOUTORADO PROFISSIONAL EM MÚSICA. Vagas ofertadas: 5. Período de inscrições de 04/05/2026 a 14/06/2026. Consulte o edital completo no portal oficial da instituição.,UFBA,Doutorado Profissional,Comunicação e Artes,5,2026-05-04T12:00:00Z,2026-06-14T12:00:00Z,https://sigaa.ufba.br/sigaa/public/processo_seletivo/lista.jsf?aba=p-processo&nivel=S,Encerrado,2026-05-04T12:00:00Z,UFBA SIGAA
2026-08-12T04:40:57.497927Z,EDITAL 05/2026 - POSPETRO PROCESSO SELETIVO PARA DOUTORADO EM GEOQUÍMICA: PETRÓL - DOUTORADO EM GEOQUÍMICA: PETRÓLEO E MEIO AMBIENTE,Inscrições abertas para o processo seletivo da UFBA de ingresso no curso: DOUTORADO EM GEOQUÍMICA: PETRÓLEO E MEIO AMBIENTE. Vagas ofertadas: 3. Período de inscrições de 27/04/2026 a 16/06/2026. Consulte o edital completo no portal oficial da instituição.,UFBA,Doutorado Acadêmico,Agrárias e Ambientais,3,2026-04-27T12:00:00Z,2026-06-16T12:00:00Z,https://sigaa.ufba.br/sigaa/public/processo_seletivo/lista.jsf?aba=p-processo&nivel=S,Encerrado,2026-04-27T12:00:00Z,UFBA SIGAA
2026-08-12T04:40:57.497927Z,Processo Seletivo 2026.2 Doutorado - Aluno Regular - DOUTORADO EM MECATRÔNICA,Inscrições abertas para o processo seletivo da UFBA de ingresso no curso: DOUTORADO EM MECATRÔNICA. Vagas ofertadas: 16. Período de inscrições de 16/04/2026 a 14/06/2026. Consulte o edital completo no portal oficial da instituição.,UFBA,Doutorado Acadêmico,Saúde e Biológicas,16,2026-04-16T12:00:00Z,2026-06-14T12:00:00Z,https://sigaa.ufba.br/sigaa/public/processo_seletivo/lista.jsf?aba=p-processo&nivel=S,Encerrado,2026-04-16T12:00:00Z,UFBA SIGAA
2026-08-13T04:44:30.366156Z,EDITAL 03/2026 - DOUTORADO PROFISSIONAL EM SAÚDE COLETIVA - DOUTORADO PROFISSIONAL EM SAÚDE COLETIVA,Inscrições abertas para o processo seletivo da UFBA de ingresso no curso: DOUTORADO PROFISSIONAL EM SAÚDE COLETIVA. Vagas ofertadas: 10. Período de inscrições de 30/06/2026 a 20/07/2026. Consulte o edital completo no portal oficial da instituição.,UFBA,Doutorado Profissional,Saúde e Biológicas,10,2026-06-30T12:00:00Z,2026-07-20T12:00:00Z,https://sigaa.ufba.br/sigaa/public/processo_seletivo/lista.jsf?aba=p-processo&nivel=S,Encerrado,2026-06-30T12:00:00Z,UFBA SIGAA
2026-08-13T04:44:30.366156Z,PROCESSO SELETIVO DO DOUTORADO ACADÊMICO TURMA 2027-1 - DOUTORADO EM ARQUITETURA E URBANISMO,Inscrições abertas para o processo seletivo da UFBA de ingresso no curso: DOUTORADO EM ARQUITETURA E URBANISMO. Vagas ofertadas: 25. Período de inscrições de 15/06/2026 a 31/07/2026. Consulte o edital completo no portal oficial da instituição.,UFBA,Doutorado Acadêmico,Engenharias e Exatas,25,2026-06-15T12:00:00Z,2026-07-31T12:00:00Z,https://sigaa.ufba.br/sigaa/public/processo_seletivo/lista.jsf?aba=p-processo&nivel=S,Encerrado,2026-06-15T12:00:00Z,UFBA SIGAA
2026-08-13T04:44:30.366156Z,PPGEEC - Edital de Seleção para Alunos Especiais de Doutorado 2026.2 - DOUTORADO EM ENGENHARIA ELÉTRICA,Inscrições abertas para o processo seletivo da UFBA de ingresso no curso: DOUTORADO EM ENGENHARIA ELÉTRICA. Vagas ofertadas: 40. Período de inscrições de 15/06/2026 a 26/06/2026. Consulte o edital completo no portal oficial da instituição.,UFBA,Doutorado Acadêmico,Engenharias e Exatas,40,2026-06-15T12:00:00Z,2026-06-26T12:00:00Z,https://sigaa.ufba.br/sigaa/public/processo_seletivo/lista.jsf?aba=p-processo&nivel=S,Encerrado,2026-06-15T12:00:00Z,UFBA SIGAA
2026-08-13T04:44:30.366156Z,Processo Seletivo em Ciência de Alimentos (2026.2) - NÍVEL DOUTORADO - DOUTORADO EM CIÊNCIA DE ALIMENTOS,Inscrições abertas para o processo seletivo da UFBA de ingresso no curso: DOUTORADO EM CIÊNCIA DE ALIMENTOS. Vagas ofertadas: 22. Período de inscrições de 10/06/2026 a 28/06/2026. Consulte o edital completo no portal oficial da instituição.,UFBA,Doutorado Acadêmico,Saúde e Biológicas,22,2026-06-10T12:00:00Z,2026-06-28T12:00:00Z,https://sigaa.ufba.br/sigaa/public/processo_seletivo/lista.jsf?aba=p-processo&nivel=S,Encerrado,2026-06-10T12:00:00Z,UFBA SIGAA
2026-08-13T04:44:30.366156Z,EDITAL N.º003/2026 DOUTORADO - DOUTORADO EM FARMÁCIA,Inscrições abertas para o processo seletivo da UFBA de ingresso no curso: DOUTORADO EM FARMÁCIA. Vagas ofertadas: 12. Período de inscrições de 04/06/2026 a 30/06/2026. Consulte o edital completo no portal oficial da instituição.,UFBA,Doutorado Acadêmico,Saúde e Biológicas,12,2026-06-04T12:00:00Z,2026-06-30T12:00:00Z,https://sigaa.ufba.br/sigaa/public/processo_seletivo/lista.jsf?aba=p-processo&nivel=S,Encerrado,2026-06-04T12:00:00Z,UFBA SIGAA
2026-08-13T04:44:30.366156Z,PPGEEC / UNIVASF - Seleção para Alunos de Mestrado 2026.2 (Turma MINTER) - DOUTORADO EM ENGENHARIA ELÉTRICA,Inscrições abertas para o processo seletivo da UFBA de ingresso no curso: DOUTORADO EM ENGENHARIA ELÉTRICA. Vagas ofertadas: 20. Período de inscrições de 03/06/2026 a 29/06/2026. Consulte o edital completo no portal oficial da instituição.,UFBA,Doutorado Acadêmico,Engenharias e Exatas,20,2026-06-03T12:00:00Z,2026-06-29T12:00:00Z,https://sigaa.ufba.br/sigaa/public/processo_seletivo/lista.jsf?aba=p-processo&nivel=S,Encerrado,2026-06-03T12:00:00Z,UFBA SIGAA
2026-08-13T04:44:30.366156Z,Edital 2026.2 de Seleção para Doutorado do PPGMCF - DOUTORADO EM MULTICÊNTRICO EM CIÊNCIAS FISIOLÓGICAS,Inscrições abertas para o processo seletivo da UFBA de ingresso no curso: DOUTORADO EM MULTICÊNTRICO EM CIÊNCIAS FISIOLÓGICAS. Vagas ofertadas: 1. Período de inscrições de 21/05/2026 a 08/06/2026. Consulte o edital completo no portal oficial da instituição.,UFBA,Doutorado Acadêmico,Saúde e Biológicas,1,2026-05-21T12:00:00Z,2026-06-08T12:00:00Z,https://sigaa.ufba.br/sigaa/public/processo_seletivo/lista.jsf?aba=p-processo&nivel=S,Encerrado,2026-05-21T12:00:00Z,UFBA SIGAA
2026-08-13T04:44:30.366156Z,PPGEEC - Edital de Seleção para Alunos Regulares de Doutorado 2026.2 - DOUTORADO EM ENGENHARIA ELÉTRICA,Inscrições abertas para o processo seletivo da UFBA de ingresso no curso: DOUTORADO EM ENGENHARIA ELÉTRICA. Vagas ofertadas: 23. Período de inscrições de 19/05/2026 a 15/06/2026. Consulte o edital completo no portal oficial da instituição.,UFBA,Doutorado Acadêmico,Engenharias e Exatas,23,2026-05-19T12:00:00Z,2026-06-15T12:00:00Z,https://sigaa.ufba.br/sigaa/public/processo_seletivo/lista.jsf?aba=p-processo&nivel=S,Encerrado,2026-05-19T12:00:00Z,UFBA SIGAA
2026-08-13T04:44:30.366156Z,SELEÇÃO PARA INGRESSO NO DOUTORADO EM QUÍMICA 2026.2 - DOUTORADO EM QUÍMICA,Inscrições abertas para o processo seletivo da UFBA de ingresso no curso: DOUTORADO EM QUÍMICA. Vagas ofertadas: 20. Período de inscrições de 18/05/2026 a 21/06/2026. Consulte o edital completo no portal oficial da instituição.,UFBA,Doutorado Acadêmico,Engenharias e Exatas,20,2026-05-18T12:00:00Z,2026-06-21T12:00:00Z,https://sigaa.ufba.br/sigaa/public/processo_seletivo/lista.jsf?aba=p-processo&nivel=S,Encerrado,2026-05-18T12:00:00Z,UFBA SIGAA
2026-08-13T04:44:30.366156Z,EDITAL PEI/UFBA 04-2026 - SELEÇÃO PARA O DOUTORADO 2026.2 - DOUTORADO EM ENGENHARIA INDUSTRIAL,Inscrições abertas para o processo seletivo da UFBA de ingresso no curso: DOUTORADO EM ENGENHARIA INDUSTRIAL. Vagas ofertadas: 15. Período de inscrições de 15/05/2026 a 10/06/2026. Consulte o edital completo no portal oficial da instituição.,UFBA,Doutorado Acadêmico,Engenharias e Exatas,15,2026-05-15T12:00:00Z,2026-06-10T12:00:00Z,https://sigaa.ufba.br/sigaa/public/processo_seletivo/lista.jsf?aba=p-processo&nivel=S,Encerrado,2026-05-15T12:00:00Z,UFBA SIGAA
2026-08-13T04:44:30.366156Z,"Seleção para o Doutorado em Matemática, ingresso em 2026.2 - DOUTORADO EM MATEMÁTICA",Inscrições abertas para o processo seletivo da UFBA de ingresso no curso: DOUTORADO EM MATEMÁTICA. Vagas ofertadas: 10. Período de inscrições de 11/05/2026 a 07/06/2026. Consulte o edital completo no portal oficial da instituição.,UFBA,Doutorado Acadêmico,Engenharias e Exatas,10,2026-05-11T12:00:00Z,2026-06-07T12:00:00Z,https://sigaa.ufba.br/sigaa/public/processo_seletivo/lista.jsf?aba=p-processo&nivel=S,Encerrado,2026-05-11T12:00:00Z,UFBA SIGAA
2026-08-13T04:44:30.366156Z,DOUTORADO PROFISSIONAL EM MÚSICA. SELEÇÃO ALUNOS REGULARES 2026.2 - DOUTORADO PROFISSIONAL EM MÚSICA,Inscrições abertas para o processo seletivo da UFBA de ingresso no curso: DOUTORADO PROFISSIONAL EM MÚSICA. Vagas ofertadas: 5. Período de inscrições de 04/05/2026 a 14/06/2026. Consulte o edital completo no portal oficial da instituição.,UFBA,Doutorado Profissional,Comunicação e Artes,5,2026-05-04T12:00:00Z,2026-06-14T12:00:00Z,https://sigaa.ufba.br/sigaa/public/processo_seletivo/lista.jsf?aba=p-processo&nivel=S,Encerrado,2026-05-04T12:00:00Z,UFBA SIGAA
2026-08-13T04:44:30.366156Z,EDITAL 05/2026 - POSPETRO PROCESSO SELETIVO PARA DOUTORADO EM GEOQUÍMICA: PETRÓL - DOUTORADO EM GEOQUÍMICA: PETRÓLEO E MEIO AMBIENTE,Inscrições abertas para o processo seletivo da UFBA de ingresso no curso: DOUTORADO EM GEOQUÍMICA: PETRÓLEO E MEIO AMBIENTE. Vagas ofertadas: 3. Período de inscrições de 27/04/2026 a 16/06/2026. Consulte o edital completo no portal oficial da instituição.,UFBA,Doutorado Acadêmico,Agrárias e Ambientais,3,2026-04-27T12:00:00Z,2026-06-16T12:00:00Z,https://sigaa.ufba.br/sigaa/public/processo_seletivo/lista.jsf?aba=p-processo&nivel=S,Encerrado,2026-04-27T12:00:00Z,UFBA SIGAA
2026-08-13T04:44:30.366156Z,Processo Seletivo 2026.2 Doutorado - Aluno Regular - DOUTORADO EM MECATRÔNICA,Inscrições abertas para o processo seletivo da UFBA de ingresso no curso: DOUTORADO EM MECATRÔNICA. Vagas ofertadas: 16. Período de inscrições de 16/04/2026 a 14/06/2026. Consulte o edital completo no portal oficial da instituição.,UFBA,Doutorado Acadêmico,Saúde e Biológicas,16,2026-04-16T12:00:00Z,2026-06-14T12:00:00Z,https://sigaa.ufba.br/sigaa/public/processo_seletivo/lista.jsf?aba=p-processo&nivel=S,Encerrado,2026-04-16T12:00:00Z,UFBA SIGAA
2026-08-14T04:41:32.403085Z,EDITAL 03/2026 - DOUTORADO PROFISSIONAL EM SAÚDE COLETIVA - DOUTORADO PROFISSIONAL EM SAÚDE COLETIVA,Inscrições abertas para o processo seletivo da UFBA de ingresso no curso: DOUTORADO PROFISSIONAL EM SAÚDE COLETIVA. Vagas ofertadas: 10. Período de inscrições de 30/06/2026 a 20/07/2026. Consulte o edital completo no portal oficial da instituição.,UFBA,Doutorado Profissional,Saúde e Biológicas,10,2026-06-30T12:00:00Z,2026-07-20T12:00:00Z,https://sigaa.ufba.br/sigaa/public/processo_seletivo/lista.jsf?aba=p-processo&nivel=S,Encerrado,2026-06-30T12:00:00Z,UFBA SIGAA
2026-08-14T04:41:32.403085Z,PROCESSO SELETIVO DO DOUTORADO ACADÊMICO TURMA 2027-1 - DOUTORADO EM ARQUITETURA E URBANISMO,Inscrições abertas para o processo seletivo da UFBA de ingresso no curso: DOUTORADO EM ARQUITETURA E URBANISMO. Vagas ofertadas: 25. Período de inscrições de 15/06/2026 a 31/07/2026. Consulte o edital completo no portal oficial da instituição.,UFBA,Doutorado Acadêmico,Engenharias e Exatas,25,2026-06-15T12:00:00Z,2026-07-31T12:00:00Z,https://sigaa.ufba.br/sigaa/public/processo_seletivo/lista.jsf?aba=p-processo&nivel=S,Encerrado,2026-06-15T12:00:00Z,UFBA SIGAA
2026-08-14T04:41:32.403085Z,PPGEEC - Edital de Seleção para Alunos Especiais de Doutorado 2026.2 - DOUTORADO EM ENGENHARIA ELÉTRICA,Inscrições abertas para o processo seletivo da UFBA de ingresso no curso: DOUTORADO EM ENGENHARIA ELÉTRICA. Vagas ofertadas: 40. Período de inscrições de 15/06/2026 a 26/06/2026. Consulte o edital completo no portal oficial da instituição.,UFBA,Doutorado Acadêmico,Engenharias e Exatas,40,2026-06-15T12:00:00Z,2026-06-26T12:00:00Z,https://sigaa.ufba.br/sigaa/public/processo_seletivo/lista.jsf?aba=p-processo&nivel=S,Encerrado,2026-06-15T12:00:00Z,UFBA SIGAA
2026-08-14T04:41:32.403085Z,Processo Seletivo em Ciência de Alimentos (2026.2) - NÍVEL DOUTORADO - DOUTORADO EM CIÊNCIA DE ALIMENTOS,Inscrições abertas para o processo seletivo da UFBA de ingresso no curso: DOUTORADO EM CIÊNCIA DE ALIMENTOS. Vagas ofertadas: 22. Período de inscrições de 10/06/2026 a 28/06/2026. Consulte o edital completo no portal oficial da instituição.,UFBA,Doutorado Acadêmico,Saúde e Biológicas,22,2026-06-10T12:00:00Z,2026-06-28T12:00:00Z,https://sigaa.ufba.br/sigaa/public/processo_seletivo/lista.jsf?aba=p-processo&nivel=S,Encerrado,2026-06-10T12:00:00Z,UFBA SIGAA
2026-08-14T04:41:32.403085Z,EDITAL N.º003/2026 DOUTORADO - DOUTORADO EM FARMÁCIA,Inscrições abertas para o processo seletivo da UFBA de ingresso no curso: DOUTORADO EM FARMÁCIA. Vagas ofertadas: 12. Período de inscrições de 04/06/2026 a 30/06/2026. Consulte o edital completo no portal oficial da instituição.,UFBA,Doutorado Acadêmico,Saúde e Biológicas,12,2026-06-04T12:00:00Z,2026-06-30T12:00:00Z,https://sigaa.ufba.br/sigaa/public/processo_seletivo/lista.jsf?aba=p-processo&nivel=S,Encerrado,2026-06-04T12:00:00Z,UFBA SIGAA
2026-08-14T04:41:32.403085Z,PPGEEC / UNIVASF - Seleção para Alunos de Mestrado 2026.2 (Turma MINTER) - DOUTORADO EM ENGENHARIA ELÉTRICA,Inscrições abertas para o processo seletivo da UFBA de ingresso no curso: DOUTORADO EM ENGENHARIA ELÉTRICA. Vagas ofertadas: 20. Período de inscrições de 03/06/2026 a 29/06/2026. Consulte o edital completo no portal oficial da instituição.,UFBA,Doutorado Acadêmico,Engenharias e Exatas,20,2026-06-03T12:00:00Z,2026-06-29T12:00:00Z,https://sigaa.ufba.br/sigaa/public/processo_seletivo/lista.jsf?aba=p-processo&nivel=S,Encerrado,2026-06-03T12:00:00Z,UFBA SIGAA
2026-08-14T04:41:32.403085Z,Edital 2026.2 de Seleção para Doutorado do PPGMCF - DOUTORADO EM MULTICÊNTRICO EM CIÊNCIAS FISIOLÓGICAS,Inscrições abertas para o processo seletivo da UFBA de ingresso no curso: DOUTORADO EM MULTICÊNTRICO EM CIÊNCIAS FISIOLÓGICAS. Vagas ofertadas: 1. Período de inscrições de 21/05/2026 a 08/06/2026. Consulte o edital completo no portal oficial da instituição.,UFBA,Doutorado Acadêmico,Saúde e Biológicas,1,2026-05-21T12:00:00Z,2026-06-08T12:00:00Z,https://sigaa.ufba.br/sigaa/public/processo_seletivo/lista.jsf?aba=p-processo&nivel=S,Encerrado,2026-05-21T12:00:00Z,UFBA SIGAA
2026-08-14T04:41:32.403085Z,PPGEEC - Edital de Seleção para Alunos Regulares de Doutorado 2026.2 - DOUTORADO EM ENGENHARIA ELÉTRICA,Inscrições abertas para o processo seletivo da UFBA de ingresso no curso: DOUTORADO EM ENGENHARIA ELÉTRICA. Vagas ofertadas: 23. Período de inscrições de 19/05/2026 a 15/06/2026. Consulte o edital completo no portal oficial da instituição.,UFBA,Doutorado Acadêmico,Engenharias e Exatas,23,2026-05-19T12:00:00Z,2026-06-15T12:00:00Z,https://sigaa.ufba.br/sigaa/public/processo_seletivo/lista.jsf?aba=p-processo&nivel=S,Encerrado,2026-05-19T12:00:00Z,UFBA SIGAA
2026-08-14T04:41:32.403085Z,SELEÇÃO PARA INGRESSO NO DOUTORADO EM QUÍMICA 2026.2 - DOUTORADO EM QUÍMICA,Inscrições abertas para o processo seletivo da UFBA de ingresso no curso: DOUTORADO EM QUÍMICA. Vagas ofertadas: 20. Período de inscrições de 18/05/2026 a 21/06/2026. Consulte o edital completo no portal oficial da instituição.,UFBA,Doutorado Acadêmico,Engenharias e Exatas,20,2026-05-18T12:00:00Z,2026-06-21T12:00:00Z,https://sigaa.ufba.br/sigaa/public/processo_seletivo/lista.jsf?aba=p-processo&nivel=S,Encerrado,2026-05-18T12:00:00Z,UFBA SIGAA
2026-08-14T04:41:32.403085Z,EDITAL PEI/UFBA 04-2026 - SELEÇÃO PARA O DOUTORADO 2026.2 - DOUTORADO EM ENGENHARIA INDUSTRIAL,Inscrições abertas para o processo seletivo da UFBA de ingresso no curso: DOUTORADO EM ENGENHARIA INDUSTRIAL. Vagas ofertadas: 15. Período de inscrições de 15/05/2026 a 10/06/2026. Consulte o edital completo no portal oficial da instituição.,UFBA,Doutorado Acadêmico,Engenharias e Exatas,15,2026-05-15T12:00:00Z,2026-06-10T12:00:00Z,https://sigaa.ufba.br/sigaa/public/processo_seletivo/lista.jsf?aba=p-processo&nivel=S,Encerrado,2026-05-15T12:00:00Z,UFBA SIGAA
2026-08-14T04:41:32.403085Z,"Seleção para o Doutorado em Matemática, ingresso em 2026.2 - DOUTORADO EM MATEMÁTICA",Inscrições abertas para o processo seletivo da UFBA de ingresso no curso: DOUTORADO EM MATEMÁTICA. Vagas ofertadas: 10. Período de inscrições de 11/05/2026 a 07/06/2026. Consulte o edital completo no portal oficial da instituição.,UFBA,Doutorado Acadêmico,Engenharias e Exatas,10,2026-05-11T12:00:00Z,2026-06-07T12:00:00Z,https://sigaa.ufba.br/sigaa/public/processo_seletivo/lista.jsf?aba=p-processo&nivel=S,Encerrado,2026-05-11T12:00:00Z,UFBA SIGAA
2026-08-14T04:41:32.403085Z,DOUTORADO PROFISSIONAL EM MÚSICA. SELEÇÃO ALUNOS REGULARES 2026.2 - DOUTORADO PROFISSIONAL EM MÚSICA,Inscrições abertas para o processo seletivo da UFBA de ingresso no curso: DOUTORADO PROFISSIONAL EM MÚSICA. Vagas ofertadas: 5. Período de inscrições de 04/05/2026 a 14/06/2026. Consulte o edital completo no portal oficial da instituição.,UFBA,Doutorado Profissional,Comunicação e Artes,5,2026-05-04T12:00:00Z,2026-06-14T12:00:00Z,https://sigaa.ufba.br/sigaa/public/processo_seletivo/lista.jsf?aba=p-processo&nivel=S,Encerrado,2026-05-04T12:00:00Z,UFBA SIGAA
2026-08-14T04:41:32.403085Z,EDITAL 05/2026 - POSPETRO PROCESSO SELETIVO PARA DOUTORADO EM GEOQUÍMICA: PETRÓL - DOUTORADO EM GEOQUÍMICA: PETRÓLEO E MEIO AMBIENTE,Inscrições abertas para o processo seletivo da UFBA de ingresso no curso: DOUTORADO EM GEOQUÍMICA: PETRÓLEO E MEIO AMBIENTE. Vagas ofertadas: 3. Período de inscrições de 27/04/2026 a 16/06/2026. Consulte o edital completo no portal oficial da instituição.,UFBA,Doutorado Acadêmico,Agrárias e Ambientais,3,2026-04-27T12:00:00Z,2026-06-16T12:00:00Z,https://sigaa.ufba.br/sigaa/public/processo_seletivo/lista.jsf?aba=p-processo&nivel=S,Encerrado,2026-04-27T12:00:00Z,UFBA SIGAA
2026-08-14T04:41:32.403085Z,Processo Seletivo 2026.2 Doutorado - Aluno Regular - DOUTORADO EM MECATRÔNICA,Inscrições abertas para o processo seletivo da UFBA de ingresso no curso: DOUTORADO EM MECATRÔNICA. Vagas ofertadas: 16. Período de inscrições de 16/04/2026 a 14/06/2026. Consulte o edital completo no portal oficial da instituição.,UFBA,Doutorado Acadêmico,Saúde e Biológicas,16,2026-04-16T12:00:00Z,2026-06-14T12:00:00Z,https://sigaa.ufba.br/sigaa/public/processo_seletivo/lista.jsf?aba=p-processo&nivel=S,Encerrado,2026-04-16T12:00:00Z,UFBA SIGAA
2026-08-15T03:29:41.783570Z,EDITAL 03/2026 - DOUTORADO PROFISSIONAL EM SAÚDE COLETIVA - DOUTORADO PROFISSIONAL EM SAÚDE COLETIVA,Inscrições abertas para o processo seletivo da UFBA de ingresso no curso: DOUTORADO PROFISSIONAL EM SAÚDE COLETIVA. Vagas ofertadas: 10. Período de inscrições de 30/06/2026 a 20/07/2026. Consulte o edital completo no portal oficial da instituição.,UFBA,Doutorado Profissional,Saúde e Biológicas,10,2026-06-30T12:00:00Z,2026-07-20T12:00:00Z,https://sigaa.ufba.br/sigaa/public/processo_seletivo/lista.jsf?aba=p-processo&nivel=S,Encerrado,2026-06-30T12:00:00Z,UFBA SIGAA
2026-08-15T03:29:41.783570Z,PROCESSO SELETIVO DO DOUTORADO ACADÊMICO TURMA 2027-1 - DOUTORADO EM ARQUITETURA E URBANISMO,Inscrições abertas para o processo seletivo da UFBA de ingresso no curso: DOUTORADO EM ARQUITETURA E URBANISMO. Vagas ofertadas: 25. Período de inscrições de 15/06/2026 a 31/07/2026. Consulte o edital completo no portal oficial da instituição.,UFBA,Doutorado Acadêmico,Engenharias e Exatas,25,2026-06-15T12:00:00Z,2026-07-31T12:00:00Z,https://sigaa.ufba.br/sigaa/public/processo_seletivo/lista.jsf?aba=p-processo&nivel=S,Encerrado,2026-06-15T12:00:00Z,UFBA SIGAA
2026-08-15T03:29:41.783570Z,PPGEEC - Edital de Seleção para Alunos Especiais de Doutorado 2026.2 - DOUTORADO EM ENGENHARIA ELÉTRICA,Inscrições abertas para o processo seletivo da UFBA de ingresso no curso: DOUTORADO EM ENGENHARIA ELÉTRICA. Vagas ofertadas: 40. Período de inscrições de 15/06/2026 a 26/06/2026. Consulte o edital completo no portal oficial da instituição.,UFBA,Doutorado Acadêmico,Engenharias e Exatas,40,2026-06-15T12:00:00Z,2026-06-26T12:00:00Z,https://sigaa.ufba.br/sigaa/public/processo_seletivo/lista.jsf?aba=p-processo&nivel=S,Encerrado,2026-06-15T12:00:00Z,UFBA SIGAA
2026-08-15T03:29:41.783570Z,Processo Seletivo em Ciência de Alimentos (2026.2) - NÍVEL DOUTORADO - DOUTORADO EM CIÊNCIA DE ALIMENTOS,Inscrições abertas para o processo seletivo da UFBA de ingresso no curso: DOUTORADO EM CIÊNCIA DE ALIMENTOS. Vagas ofertadas: 22. Período de inscrições de 10/06/2026 a 28/06/2026. Consulte o edital completo no portal oficial da instituição.,UFBA,Doutorado Acadêmico,Saúde e Biológicas,22,2026-06-10T12:00:00Z,2026-06-28T12:00:00Z,https://sigaa.ufba.br/sigaa/public/processo_seletivo/lista.jsf?aba=p-processo&nivel=S,Encerrado,2026-06-10T12:00:00Z,UFBA SIGAA
2026-08-15T03:29:41.783570Z,EDITAL N.º003/2026 DOUTORADO - DOUTORADO EM FARMÁCIA,Inscrições abertas para o processo seletivo da UFBA de ingresso no curso: DOUTORADO EM FARMÁCIA. Vagas ofertadas: 12. Período de inscrições de 04/06/2026 a 30/06/2026. Consulte o edital completo no portal oficial da instituição.,UFBA,Doutorado Acadêmico,Saúde e Biológicas,12,2026-06-04T12:00:00Z,2026-06-30T12:00:00Z,https://sigaa.ufba.br/sigaa/public/processo_seletivo/lista.jsf?aba=p-processo&nivel=S,Encerrado,2026-06-04T12:00:00Z,UFBA SIGAA
2026-08-15T03:29:41.783570Z,PPGEEC / UNIVASF - Seleção para Alunos de Mestrado 2026.2 (Turma MINTER) - DOUTORADO EM ENGENHARIA ELÉTRICA,Inscrições abertas para o processo seletivo da UFBA de ingresso no curso: DOUTORADO EM ENGENHARIA ELÉTRICA. Vagas ofertadas: 20. Período de inscrições de 03/06/2026 a 29/06/2026. Consulte o edital completo no portal oficial da instituição.,UFBA,Doutorado Acadêmico,Engenharias e Exatas,20,2026-06-03T12:00:00Z,2026-06-29T12:00:00Z,https://sigaa.ufba.br/sigaa/public/processo_seletivo/lista.jsf?aba=p-processo&nivel=S,Encerrado,2026-06-03T12:00:00Z,UFBA SIGAA
2026-08-15T03:29:41.783570Z,Edital 2026.2 de Seleção para Doutorado do PPGMCF - DOUTORADO EM MULTICÊNTRICO EM CIÊNCIAS FISIOLÓGICAS,Inscrições abertas para o processo seletivo da UFBA de ingresso no curso: DOUTORADO EM MULTICÊNTRICO EM CIÊNCIAS FISIOLÓGICAS. Vagas ofertadas: 1. Período de inscrições de 21/05/2026 a 08/06/2026. Consulte o edital completo no portal oficial da instituição.,UFBA,Doutorado Acadêmico,Saúde e Biológicas,1,2026-05-21T12:00:00Z,2026-06-08T12:00:00Z,https://sigaa.ufba.br/sigaa/public/processo_seletivo/lista.jsf?aba=p-processo&nivel=S,Encerrado,2026-05-21T12:00:00Z,UFBA SIGAA
2026-08-15T03:29:41.783570Z,PPGEEC - Edital de Seleção para Alunos Regulares de Doutorado 2026.2 - DOUTORADO EM ENGENHARIA ELÉTRICA,Inscrições abertas para o processo seletivo da UFBA de ingresso no curso: DOUTORADO EM ENGENHARIA ELÉTRICA. Vagas ofertadas: 23. Período de inscrições de 19/05/2026 a 15/06/2026. Consulte o edital completo no portal oficial da instituição.,UFBA,Doutorado Acadêmico,Engenharias e Exatas,23,2026-05-19T12:00:00Z,2026-06-15T12:00:00Z,https://sigaa.ufba.br/sigaa/public/processo_seletivo/lista.jsf?aba=p-processo&nivel=S,Encerrado,2026-05-19T12:00:00Z,UFBA SIGAA
2026-08-15T03:29:41.783570Z,SELEÇÃO PARA INGRESSO NO DOUTORADO EM QUÍMICA 2026.2 - DOUTORADO EM QUÍMICA,Inscrições abertas para o processo seletivo da UFBA de ingresso no curso: DOUTORADO EM QUÍMICA. Vagas ofertadas: 20. Período de inscrições de 18/05/2026 a 21/06/2026. Consulte o edital completo no portal oficial da instituição.,UFBA,Doutorado Acadêmico,Engenharias e Exatas,20,2026-05-18T12:00:00Z,2026-06-21T12:00:00Z,https://sigaa.ufba.br/sigaa/public/processo_seletivo/lista.jsf?aba=p-processo&nivel=S,Encerrado,2026-05-18T12:00:00Z,UFBA SIGAA
2026-08-15T03:29:41.783570Z,EDITAL PEI/UFBA 04-2026 - SELEÇÃO PARA O DOUTORADO 2026.2 - DOUTORADO EM ENGENHARIA INDUSTRIAL,Inscrições abertas para o processo seletivo da UFBA de ingresso no curso: DOUTORADO EM ENGENHARIA INDUSTRIAL. Vagas ofertadas: 15. Período de inscrições de 15/05/2026 a 10/06/2026. Consulte o edital completo no portal oficial da instituição.,UFBA,Doutorado Acadêmico,Engenharias e Exatas,15,2026-05-15T12:00:00Z,2026-06-10T12:00:00Z,https://sigaa.ufba.br/sigaa/public/processo_seletivo/lista.jsf?aba=p-processo&nivel=S,Encerrado,2026-05-15T12:00:00Z,UFBA SIGAA
2026-08-15T03:29:41.783570Z,"Seleção para o Doutorado em Matemática, ingresso em 2026.2 - DOUTORADO EM MATEMÁTICA",Inscrições abertas para o processo seletivo da UFBA de ingresso no curso: DOUTORADO EM MATEMÁTICA. Vagas ofertadas: 10. Período de inscrições de 11/05/2026 a 07/06/2026. Consulte o edital completo no portal oficial da instituição.,UFBA,Doutorado Acadêmico,Engenharias e Exatas,10,2026-05-11T12:00:00Z,2026-06-07T12:00:00Z,https://sigaa.ufba.br/sigaa/public/processo_seletivo/lista.jsf?aba=p-processo&nivel=S,Encerrado,2026-05-11T12:00:00Z,UFBA SIGAA
2026-08-15T03:29:41.783570Z,DOUTORADO PROFISSIONAL EM MÚSICA. SELEÇÃO ALUNOS REGULARES 2026.2 - DOUTORADO PROFISSIONAL EM MÚSICA,Inscrições abertas para o processo seletivo da UFBA de ingresso no curso: DOUTORADO PROFISSIONAL EM MÚSICA. Vagas ofertadas: 5. Período de inscrições de 04/05/2026 a 14/06/2026. Consulte o edital completo no portal oficial da instituição.,UFBA,Doutorado Profissional,Comunicação e Artes,5,2026-05-04T12:00:00Z,2026-06-14T12:00:00Z,https://sigaa.ufba.br/sigaa/public/processo_seletivo/lista.jsf?aba=p-processo&nivel=S,Encerrado,2026-05-04T12:00:00Z,UFBA SIGAA
2026-08-15T03:29:41.783570Z,EDITAL 05/2026 - POSPETRO PROCESSO SELETIVO PARA DOUTORADO EM GEOQUÍMICA: PETRÓL - DOUTORADO EM GEOQUÍMICA: PETRÓLEO E MEIO AMBIENTE,Inscrições abertas para o processo seletivo da UFBA de ingresso no curso: DOUTORADO EM GEOQUÍMICA: PETRÓLEO E MEIO AMBIENTE. Vagas ofertadas: 3. Período de inscrições de 27/04/2026 a 16/06/2026. Consulte o edital completo no portal oficial da instituição.,UFBA,Doutorado Acadêmico,Agrárias e Ambientais,3,2026-04-27T12:00:00Z,2026-06-16T12:00:00Z,https://sigaa.ufba.br/sigaa/public/processo_seletivo/lista.jsf?aba=p-processo&nivel=S,Encerrado,2026-04-27T12:00:00Z,UFBA SIGAA
2026-08-15T03:29:41.783570Z,Processo Seletivo 2026.2 Doutorado - Aluno Regular - DOUTORADO EM MECATRÔNICA,Inscrições abertas para o processo seletivo da UFBA de ingresso no curso: DOUTORADO EM MECATRÔNICA. Vagas ofertadas: 16. Período de inscrições de 16/04/2026 a 14/06/2026. Consulte o edital completo no portal oficial da instituição.,UFBA,Doutorado Acadêmico,Saúde e Biológicas,16,2026-04-16T12:00:00Z,2026-06-14T12:00:00Z,https://sigaa.ufba.br/sigaa/public/processo_seletivo/lista.jsf?aba=p-processo&nivel=S,Encerrado,2026-04-16T12:00:00Z,UFBA SIGAA
2026-08-16T03:39:00.817157Z,EDITAL 03/2026 - DOUTORADO PROFISSIONAL EM SAÚDE COLETIVA - DOUTORADO PROFISSIONAL EM SAÚDE COLETIVA,Inscrições abertas para o processo seletivo da UFBA de ingresso no curso: DOUTORADO PROFISSIONAL EM SAÚDE COLETIVA. Vagas ofertadas: 10. Período de inscrições de 30/06/2026 a 20/07/2026. Consulte o edital completo no portal oficial da instituição.,UFBA,Doutorado Profissional,Saúde e Biológicas,10,2026-06-30T12:00:00Z,2026-07-20T12:00:00Z,https://sigaa.ufba.br/sigaa/public/processo_seletivo/lista.jsf?aba=p-processo&nivel=S,Encerrado,2026-06-30T12:00:00Z,UFBA SIGAA
2026-08-16T03:39:00.817157Z,PROCESSO SELETIVO DO DOUTORADO ACADÊMICO TURMA 2027-1 - DOUTORADO EM ARQUITETURA E URBANISMO,Inscrições abertas para o processo seletivo da UFBA de ingresso no curso: DOUTORADO EM ARQUITETURA E URBANISMO. Vagas ofertadas: 25. Período de inscrições de 15/06/2026 a 31/07/2026. Consulte o edital completo no portal oficial da instituição.,UFBA,Doutorado Acadêmico,Engenharias e Exatas,25,2026-06-15T12:00:00Z,2026-07-31T12:00:00Z,https://sigaa.ufba.br/sigaa/public/processo_seletivo/lista.jsf?aba=p-processo&nivel=S,Encerrado,2026-06-15T12:00:00Z,UFBA SIGAA
2026-08-16T03:39:00.817157Z,PPGEEC - Edital de Seleção para Alunos Especiais de Doutorado 2026.2 - DOUTORADO EM ENGENHARIA ELÉTRICA,Inscrições abertas para o processo seletivo da UFBA de ingresso no curso: DOUTORADO EM ENGENHARIA ELÉTRICA. Vagas ofertadas: 40. Período de inscrições de 15/06/2026 a 26/06/2026. Consulte o edital completo no portal oficial da instituição.,UFBA,Doutorado Acadêmico,Engenharias e Exatas,40,2026-06-15T12:00:00Z,2026-06-26T12:00:00Z,https://sigaa.ufba.br/sigaa/public/processo_seletivo/lista.jsf?aba=p-processo&nivel=S,Encerrado,2026-06-15T12:00:00Z,UFBA SIGAA
2026-08-16T03:39:00.817157Z,Processo Seletivo em Ciência de Alimentos (2026.2) - NÍVEL DOUTORADO - DOUTORADO EM CIÊNCIA DE ALIMENTOS,Inscrições abertas para o processo seletivo da UFBA de ingresso no curso: DOUTORADO EM CIÊNCIA DE ALIMENTOS. Vagas ofertadas: 22. Período de inscrições de 10/06/2026 a 28/06/2026. Consulte o edital completo no portal oficial da instituição.,UFBA,Doutorado Acadêmico,Saúde e Biológicas,22,2026-06-10T12:00:00Z,2026-06-28T12:00:00Z,https://sigaa.ufba.br/sigaa/public/processo_seletivo/lista.jsf?aba=p-processo&nivel=S,Encerrado,2026-06-10T12:00:00Z,UFBA SIGAA
2026-08-16T03:39:00.817157Z,EDITAL N.º003/2026 DOUTORADO - DOUTORADO EM FARMÁCIA,Inscrições abertas para o processo seletivo da UFBA de ingresso no curso: DOUTORADO EM FARMÁCIA. Vagas ofertadas: 12. Período de inscrições de 04/06/2026 a 30/06/2026. Consulte o edital completo no portal oficial da instituição.,UFBA,Doutorado Acadêmico,Saúde e Biológicas,12,2026-06-04T12:00:00Z,2026-06-30T12:00:00Z,https://sigaa.ufba.br/sigaa/public/processo_seletivo/lista.jsf?aba=p-processo&nivel=S,Encerrado,2026-06-04T12:00:00Z,UFBA SIGAA
2026-08-16T03:39:00.817157Z,PPGEEC / UNIVASF - Seleção para Alunos de Mestrado 2026.2 (Turma MINTER) - DOUTORADO EM ENGENHARIA ELÉTRICA,Inscrições abertas para o processo seletivo da UFBA de ingresso no curso: DOUTORADO EM ENGENHARIA ELÉTRICA. Vagas ofertadas: 20. Período de inscrições de 03/06/2026 a 29/06/2026. Consulte o edital completo no portal oficial da instituição.,UFBA,Doutorado Acadêmico,Engenharias e Exatas,20,2026-06-03T12:00:00Z,2026-06-29T12:00:00Z,https://sigaa.ufba.br/sigaa/public/processo_seletivo/lista.jsf?aba=p-processo&nivel=S,Encerrado,2026-06-03T12:00:00Z,UFBA SIGAA
2026-08-16T03:39:00.817157Z,Edital 2026.2 de Seleção para Doutorado do PPGMCF - DOUTORADO EM MULTICÊNTRICO EM CIÊNCIAS FISIOLÓGICAS,Inscrições abertas para o processo seletivo da UFBA de ingresso no curso: DOUTORADO EM MULTICÊNTRICO EM CIÊNCIAS FISIOLÓGICAS. Vagas ofertadas: 1. Período de inscrições de 21/05/2026 a 08/06/2026. Consulte o edital completo no portal oficial da instituição.,UFBA,Doutorado Acadêmico,Saúde e Biológicas,1,2026-05-21T12:00:00Z,2026-06-08T12:00:00Z,https://sigaa.ufba.br/sigaa/public/processo_seletivo/lista.jsf?aba=p-processo&nivel=S,Encerrado,2026-05-21T12:00:00Z,UFBA SIGAA
2026-08-16T03:39:00.817157Z,PPGEEC - Edital de Seleção para Alunos Regulares de Doutorado 2026.2 - DOUTORADO EM ENGENHARIA ELÉTRICA,Inscrições abertas para o processo seletivo da UFBA de ingresso no curso: DOUTORADO EM ENGENHARIA ELÉTRICA. Vagas ofertadas: 23. Período de inscrições de 19/05/2026 a 15/06/2026. Consulte o edital completo no portal oficial da instituição.,UFBA,Doutorado Acadêmico,Engenharias e Exatas,23,2026-05-19T12:00:00Z,2026-06-15T12:00:00Z,https://sigaa.ufba.br/sigaa/public/processo_seletivo/lista.jsf?aba=p-processo&nivel=S,Encerrado,2026-05-19T12:00:00Z,UFBA SIGAA
2026-08-16T03:39:00.817157Z,SELEÇÃO PARA INGRESSO NO DOUTORADO EM QUÍMICA 2026.2 - DOUTORADO EM QUÍMICA,Inscrições abertas para o processo seletivo da UFBA de ingresso no curso: DOUTORADO EM QUÍMICA. Vagas ofertadas: 20. Período de inscrições de 18/05/2026 a 21/06/2026. Consulte o edital completo no portal oficial da instituição.,UFBA,Doutorado Acadêmico,Engenharias e Exatas,20,2026-05-18T12:00:00Z,2026-06-21T12:00:00Z,https://sigaa.ufba.br/sigaa/public/processo_seletivo/lista.jsf?aba=p-processo&nivel=S,Encerrado,2026-05-18T12:00:00Z,UFBA SIGAA
2026-08-16T03:39:00.817157Z,EDITAL PEI/UFBA 04-2026 - SELEÇÃO PARA O DOUTORADO 2026.2 - DOUTORADO EM ENGENHARIA INDUSTRIAL,Inscrições abertas para o processo seletivo da UFBA de ingresso no curso: DOUTORADO EM ENGENHARIA INDUSTRIAL. Vagas ofertadas: 15. Período de inscrições de 15/05/2026 a 10/06/2026. Consulte o edital completo no portal oficial da instituição.,UFBA,Doutorado Acadêmico,Engenharias e Exatas,15,2026-05-15T12:00:00Z,2026-06-10T12:00:00Z,https://sigaa.ufba.br/sigaa/public/processo_seletivo/lista.jsf?aba=p-processo&nivel=S,Encerrado,2026-05-15T12:00:00Z,UFBA SIGAA
2026-08-16T03:39:00.817157Z,"Seleção para o Doutorado em Matemática, ingresso em 2026.2 - DOUTORADO EM MATEMÁTICA",Inscrições abertas para o processo seletivo da UFBA de ingresso no curso: DOUTORADO EM MATEMÁTICA. Vagas ofertadas: 10. Período de inscrições de 11/05/2026 a 07/06/2026. Consulte o edital completo no portal oficial da instituição.,UFBA,Doutorado Acadêmico,Engenharias e Exatas,10,2026-05-11T12:00:00Z,2026-06-07T12:00:00Z,https://sigaa.ufba.br/sigaa/public/processo_seletivo/lista.jsf?aba=p-processo&nivel=S,Encerrado,2026-05-11T12:00:00Z,UFBA SIGAA
2026-08-16T03:39:00.817157Z,DOUTORADO PROFISSIONAL EM MÚSICA. SELEÇÃO ALUNOS REGULARES 2026.2 - DOUTORADO PROFISSIONAL EM MÚSICA,Inscrições abertas para o processo seletivo da UFBA de ingresso no curso: DOUTORADO PROFISSIONAL EM MÚSICA. Vagas ofertadas: 5. Período de inscrições de 04/05/2026 a 14/06/2026. Consulte o edital completo no portal oficial da instituição.,UFBA,Doutorado Profissional,Comunicação e Artes,5,2026-05-04T12:00:00Z,2026-06-14T12:00:00Z,https://sigaa.ufba.br/sigaa/public/processo_seletivo/lista.jsf?aba=p-processo&nivel=S,Encerrado,2026-05-04T12:00:00Z,UFBA SIGAA
2026-08-16T03:39:00.817157Z,EDITAL 05/2026 - POSPETRO PROCESSO SELETIVO PARA DOUTORADO EM GEOQUÍMICA: PETRÓL - DOUTORADO EM GEOQUÍMICA: PETRÓLEO E MEIO AMBIENTE,Inscrições abertas para o processo seletivo da UFBA de ingresso no curso: DOUTORADO EM GEOQUÍMICA: PETRÓLEO E MEIO AMBIENTE. Vagas ofertadas: 3. Período de inscrições de 27/04/2026 a 16/06/2026. Consulte o edital completo no portal oficial da instituição.,UFBA,Doutorado Acadêmico,Agrárias e Ambientais,3,2026-04-27T12:00:00Z,2026-06-16T12:00:00Z,https://sigaa.ufba.br/sigaa/public/processo_seletivo/lista.jsf?aba=p-processo&nivel=S,Encerrado,2026-04-27T12:00:00Z,UFBA SIGAA
2026-08-16T03:39:00.817157Z,Processo Seletivo 2026.2 Doutorado - Aluno Regular - DOUTORADO EM MECATRÔNICA,Inscrições abertas para o processo seletivo da UFBA de ingresso no curso: DOUTORADO EM MECATRÔNICA. Vagas ofertadas: 16. Período de inscrições de 16/04/2026 a 14/06/2026. Consulte o edital completo no portal oficial da instituição.,UFBA,Doutorado Acadêmico,Saúde e Biológicas,16,2026-04-16T12:00:00Z,2026-06-14T12:00:00Z,https://sigaa.ufba.br/sigaa/public/processo_seletivo/lista.jsf?aba=p-processo&nivel=S,Encerrado,2026-04-16T12:00:00Z,UFBA SIGAA
2026-08-17T03:40:26.341816Z,EDITAL 03/2026 - DOUTORADO PROFISSIONAL EM SAÚDE COLETIVA - DOUTORADO PROFISSIONAL EM SAÚDE COLETIVA,Inscrições abertas para o processo seletivo da UFBA de ingresso no curso: DOUTORADO PROFISSIONAL EM SAÚDE COLETIVA. Vagas ofertadas: 10. Período de inscrições de 30/06/2026 a 20/07/2026. Consulte o edital completo no portal oficial da instituição.,UFBA,Doutorado Profissional,Saúde e Biológicas,10,2026-06-30T12:00:00Z,2026-07-20T12:00:00Z,https://sigaa.ufba.br/sigaa/public/processo_seletivo/lista.jsf?aba=p-processo&nivel=S,Encerrado,2026-06-30T12:00:00Z,UFBA SIGAA
2026-08-17T03:40:26.341816Z,PROCESSO SELETIVO DO DOUTORADO ACADÊMICO TURMA 2027-1 - DOUTORADO EM ARQUITETURA E URBANISMO,Inscrições abertas para o processo seletivo da UFBA de ingresso no curso: DOUTORADO EM ARQUITETURA E URBANISMO. Vagas ofertadas: 25. Período de inscrições de 15/06/2026 a 31/07/2026. Consulte o edital completo no portal oficial da instituição.,UFBA,Doutorado Acadêmico,Engenharias e Exatas,25,2026-06-15T12:00:00Z,2026-07-31T12:00:00Z,https://sigaa.ufba.br/sigaa/public/processo_seletivo/lista.jsf?aba=p-processo&nivel=S,Encerrado,2026-06-15T12:00:00Z,UFBA SIGAA
2026-08-17T03:40:26.341816Z,PPGEEC - Edital de Seleção para Alunos Especiais de Doutorado 2026.2 - DOUTORADO EM ENGENHARIA ELÉTRICA,Inscrições abertas para o processo seletivo da UFBA de ingresso no curso: DOUTORADO EM ENGENHARIA ELÉTRICA. Vagas ofertadas: 40. Período de inscrições de 15/06/2026 a 26/06/2026. Consulte o edital completo no portal oficial da instituição.,UFBA,Doutorado Acadêmico,Engenharias e Exatas,40,2026-06-15T12:00:00Z,2026-06-26T12:00:00Z,https://sigaa.ufba.br/sigaa/public/processo_seletivo/lista.jsf?aba=p-processo&nivel=S,Encerrado,2026-06-15T12:00:00Z,UFBA SIGAA
2026-08-17T03:40:26.341816Z,Processo Seletivo em Ciência de Alimentos (2026.2) - NÍVEL DOUTORADO - DOUTORADO EM CIÊNCIA DE ALIMENTOS,Inscrições abertas para o processo seletivo da UFBA de ingresso no curso: DOUTORADO EM CIÊNCIA DE ALIMENTOS. Vagas ofertadas: 22. Período de inscrições de 10/06/2026 a 28/06/2026. Consulte o edital completo no portal oficial da instituição.,UFBA,Doutorado Acadêmico,Saúde e Biológicas,22,2026-06-10T12:00:00Z,2026-06-28T12:00:00Z,https://sigaa.ufba.br/sigaa/public/processo_seletivo/lista.jsf?aba=p-processo&nivel=S,Encerrado,2026-06-10T12:00:00Z,UFBA SIGAA
2026-08-17T03:40:26.341816Z,EDITAL N.º003/2026 DOUTORADO - DOUTORADO EM FARMÁCIA,Inscrições abertas para o processo seletivo da UFBA de ingresso no curso: DOUTORADO EM FARMÁCIA. Vagas ofertadas: 12. Período de inscrições de 04/06/2026 a 30/06/2026. Consulte o edital completo no portal oficial da instituição.,UFBA,Doutorado Acadêmico,Saúde e Biológicas,12,2026-06-04T12:00:00Z,2026-06-30T12:00:00Z,https://sigaa.ufba.br/sigaa/public/processo_seletivo/lista.jsf?aba=p-processo&nivel=S,Encerrado,2026-06-04T12:00:00Z,UFBA SIGAA
2026-08-17T03:40:26.341816Z,PPGEEC / UNIVASF - Seleção para Alunos de Mestrado 2026.2 (Turma MINTER) - DOUTORADO EM ENGENHARIA ELÉTRICA,Inscrições abertas para o processo seletivo da UFBA de ingresso no curso: DOUTORADO EM ENGENHARIA ELÉTRICA. Vagas ofertadas: 20. Período de inscrições de 03/06/2026 a 29/06/2026. Consulte o edital completo no portal oficial da instituição.,UFBA,Doutorado Acadêmico,Engenharias e Exatas,20,2026-06-03T12:00:00Z,2026-06-29T12:00:00Z,https://sigaa.ufba.br/sigaa/public/processo_seletivo/lista.jsf?aba=p-processo&nivel=S,Encerrado,2026-06-03T12:00:00Z,UFBA SIGAA
2026-08-17T03:40:26.341816Z,Edital 2026.2 de Seleção para Doutorado do PPGMCF - DOUTORADO EM MULTICÊNTRICO EM CIÊNCIAS FISIOLÓGICAS,Inscrições abertas para o processo seletivo da UFBA de ingresso no curso: DOUTORADO EM MULTICÊNTRICO EM CIÊNCIAS FISIOLÓGICAS. Vagas ofertadas: 1. Período de inscrições de 21/05/2026 a 08/06/2026. Consulte o edital completo no portal oficial da instituição.,UFBA,Doutorado Acadêmico,Saúde e Biológicas,1,2026-05-21T12:00:00Z,2026-06-08T12:00:00Z,https://sigaa.ufba.br/sigaa/public/processo_seletivo/lista.jsf?aba=p-processo&nivel=S,Encerrado,2026-05-21T12:00:00Z,UFBA SIGAA
2026-08-17T03:40:26.341816Z,PPGEEC - Edital de Seleção para Alunos Regulares de Doutorado 2026.2 - DOUTORADO EM ENGENHARIA ELÉTRICA,Inscrições abertas para o processo seletivo da UFBA de ingresso no curso: DOUTORADO EM ENGENHARIA ELÉTRICA. Vagas ofertadas: 23. Período de inscrições de 19/05/2026 a 15/06/2026. Consulte o edital completo no portal oficial da instituição.,UFBA,Doutorado Acadêmico,Engenharias e Exatas,23,2026-05-19T12:00:00Z,2026-06-15T12:00:00Z,https://sigaa.ufba.br/sigaa/public/processo_seletivo/lista.jsf?aba=p-processo&nivel=S,Encerrado,2026-05-19T12:00:00Z,UFBA SIGAA
2026-08-17T03:40:26.341816Z,SELEÇÃO PARA INGRESSO NO DOUTORADO EM QUÍMICA 2026.2 - DOUTORADO EM QUÍMICA,Inscrições abertas para o processo seletivo da UFBA de ingresso no curso: DOUTORADO EM QUÍMICA. Vagas ofertadas: 20. Período de inscrições de 18/05/2026 a 21/06/2026. Consulte o edital completo no portal oficial da instituição.,UFBA,Doutorado Acadêmico,Engenharias e Exatas,20,2026-05-18T12:00:00Z,2026-06-21T12:00:00Z,https://sigaa.ufba.br/sigaa/public/processo_seletivo/lista.jsf?aba=p-processo&nivel=S,Encerrado,2026-05-18T12:00:00Z,UFBA SIGAA
2026-08-17T03:40:26.341816Z,EDITAL PEI/UFBA 04-2026 - SELEÇÃO PARA O DOUTORADO 2026.2 - DOUTORADO EM ENGENHARIA INDUSTRIAL,Inscrições abertas para o processo seletivo da UFBA de ingresso no curso: DOUTORADO EM ENGENHARIA INDUSTRIAL. Vagas ofertadas: 15. Período de inscrições de 15/05/2026 a 10/06/2026. Consulte o edital completo no portal oficial da instituição.,UFBA,Doutorado Acadêmico,Engenharias e Exatas,15,2026-05-15T12:00:00Z,2026-06-10T12:00:00Z,https://sigaa.ufba.br/sigaa/public/processo_seletivo/lista.jsf?aba=p-processo&nivel=S,Encerrado,2026-05-15T12:00:00Z,UFBA SIGAA
2026-08-17T03:40:26.341816Z,"Seleção para o Doutorado em Matemática, ingresso em 2026.2 - DOUTORADO EM MATEMÁTICA",Inscrições abertas para o processo seletivo da UFBA de ingresso no curso: DOUTORADO EM MATEMÁTICA. Vagas ofertadas: 10. Período de inscrições de 11/05/2026 a 07/06/2026. Consulte o edital completo no portal oficial da instituição.,UFBA,Doutorado Acadêmico,Engenharias e Exatas,10,2026-05-11T12:00:00Z,2026-06-07T12:00:00Z,https://sigaa.ufba.br/sigaa/public/processo_seletivo/lista.jsf?aba=p-processo&nivel=S,Encerrado,2026-05-11T12:00:00Z,UFBA SIGAA
2026-08-17T03:40:26.341816Z,DOUTORADO PROFISSIONAL EM MÚSICA. SELEÇÃO ALUNOS REGULARES 2026.2 - DOUTORADO PROFISSIONAL EM MÚSICA,Inscrições abertas para o processo seletivo da UFBA de ingresso no curso: DOUTORADO PROFISSIONAL EM MÚSICA. Vagas ofertadas: 5. Período de inscrições de 04/05/2026 a 14/06/2026. Consulte o edital completo no portal oficial da instituição.,UFBA,Doutorado Profissional,Comunicação e Artes,5,2026-05-04T12:00:00Z,2026-06-14T12:00:00Z,https://sigaa.ufba.br/sigaa/public/processo_seletivo/lista.jsf?aba=p-processo&nivel=S,Encerrado,2026-05-04T12:00:00Z,UFBA SIGAA
2026-08-17T03:40:26.341816Z,EDITAL 05/2026 - POSPETRO PROCESSO SELETIVO PARA DOUTORADO EM GEOQUÍMICA: PETRÓL - DOUTORADO EM GEOQUÍMICA: PETRÓLEO E MEIO AMBIENTE,Inscrições abertas para o processo seletivo da UFBA de ingresso no curso: DOUTORADO EM GEOQUÍMICA: PETRÓLEO E MEIO AMBIENTE. Vagas ofertadas: 3. Período de inscrições de 27/04/2026 a 16/06/2026. Consulte o edital completo no portal oficial da instituição.,UFBA,Doutorado Acadêmico,Agrárias e Ambientais,3,2026-04-27T12:00:00Z,2026-06-16T12:00:00Z,https://sigaa.ufba.br/sigaa/public/processo_seletivo/lista.jsf?aba=p-processo&nivel=S,Encerrado,2026-04-27T12:00:00Z,UFBA SIGAA
2026-08-17T03:40:26.341816Z,Processo Seletivo 2026.2 Doutorado - Aluno Regular - DOUTORADO EM MECATRÔNICA,Inscrições abertas para o processo seletivo da UFBA de ingresso no curso: DOUTORADO EM MECATRÔNICA. Vagas ofertadas: 16. Período de inscrições de 16/04/2026 a 14/06/2026. Consulte o edital completo no portal oficial da instituição.,UFBA,Doutorado Acadêmico,Saúde e Biológicas,16,2026-04-16T12:00:00Z,2026-06-14T12:00:00Z,https://sigaa.ufba.br/sigaa/public/processo_seletivo/lista.jsf?aba=p-processo&nivel=S,Encerrado,2026-04-16T12:00:00Z,UFBA SIGAA
2026-08-18T03:35:50.244971Z,EDITAL 03/2026 - DOUTORADO PROFISSIONAL EM SAÚDE COLETIVA - DOUTORADO PROFISSIONAL EM SAÚDE COLETIVA,Inscrições abertas para o processo seletivo da UFBA de ingresso no curso: DOUTORADO PROFISSIONAL EM SAÚDE COLETIVA. Vagas ofertadas: 10. Período de inscrições de 30/06/2026 a 20/07/2026. Consulte o edital completo no portal oficial da instituição.,UFBA,Doutorado Profissional,Saúde e Biológicas,10,2026-06-30T12:00:00Z,2026-07-20T12:00:00Z,https://sigaa.ufba.br/sigaa/public/processo_seletivo/lista.jsf?aba=p-processo&nivel=S,Encerrado,2026-06-30T12:00:00Z,UFBA SIGAA
2026-08-18T03:35:50.244971Z,PROCESSO SELETIVO DO DOUTORADO ACADÊMICO TURMA 2027-1 - DOUTORADO EM ARQUITETURA E URBANISMO,Inscrições abertas para o processo seletivo da UFBA de ingresso no curso: DOUTORADO EM ARQUITETURA E URBANISMO. Vagas ofertadas: 25. Período de inscrições de 15/06/2026 a 31/07/2026. Consulte o edital completo no portal oficial da instituição.,UFBA,Doutorado Acadêmico,Engenharias e Exatas,25,2026-06-15T12:00:00Z,2026-07-31T12:00:00Z,https://sigaa.ufba.br/sigaa/public/processo_seletivo/lista.jsf?aba=p-processo&nivel=S,Encerrado,2026-06-15T12:00:00Z,UFBA SIGAA
2026-08-18T03:35:50.244971Z,PPGEEC - Edital de Seleção para Alunos Especiais de Doutorado 2026.2 - DOUTORADO EM ENGENHARIA ELÉTRICA,Inscrições abertas para o processo seletivo da UFBA de ingresso no curso: DOUTORADO EM ENGENHARIA ELÉTRICA. Vagas ofertadas: 40. Período de inscrições de 15/06/2026 a 26/06/2026. Consulte o edital completo no portal oficial da instituição.,UFBA,Doutorado Acadêmico,Engenharias e Exatas,40,2026-06-15T12:00:00Z,2026-06-26T12:00:00Z,https://sigaa.ufba.br/sigaa/public/processo_seletivo/lista.jsf?aba=p-processo&nivel=S,Encerrado,2026-06-15T12:00:00Z,UFBA SIGAA
2026-08-18T03:35:50.244971Z,Processo Seletivo em Ciência de Alimentos (2026.2) - NÍVEL DOUTORADO - DOUTORADO EM CIÊNCIA DE ALIMENTOS,Inscrições abertas para o processo seletivo da UFBA de ingresso no curso: DOUTORADO EM CIÊNCIA DE ALIMENTOS. Vagas ofertadas: 22. Período de inscrições de 10/06/2026 a 28/06/2026. Consulte o edital completo no portal oficial da instituição.,UFBA,Doutorado Acadêmico,Saúde e Biológicas,22,2026-06-10T12:00:00Z,2026-06-28T12:00:00Z,https://sigaa.ufba.br/sigaa/public/processo_seletivo/lista.jsf?aba=p-processo&nivel=S,Encerrado,2026-06-10T12:00:00Z,UFBA SIGAA
2026-08-18T03:35:50.244971Z,EDITAL N.º003/2026 DOUTORADO - DOUTORADO EM FARMÁCIA,Inscrições abertas para o processo seletivo da UFBA de ingresso no curso: DOUTORADO EM FARMÁCIA. Vagas ofertadas: 12. Período de inscrições de 04/06/2026 a 30/06/2026. Consulte o edital completo no portal oficial da instituição.,UFBA,Doutorado Acadêmico,Saúde e Biológicas,12,2026-06-04T12:00:00Z,2026-06-30T12:00:00Z,https://sigaa.ufba.br/sigaa/public/processo_seletivo/lista.jsf?aba=p-processo&nivel=S,Encerrado,2026-06-04T12:00:00Z,UFBA SIGAA
2026-08-18T03:35:50.244971Z,PPGEEC / UNIVASF - Seleção para Alunos de Mestrado 2026.2 (Turma MINTER) - DOUTORADO EM ENGENHARIA ELÉTRICA,Inscrições abertas para o processo seletivo da UFBA de ingresso no curso: DOUTORADO EM ENGENHARIA ELÉTRICA. Vagas ofertadas: 20. Período de inscrições de 03/06/2026 a 29/06/2026. Consulte o edital completo no portal oficial da instituição.,UFBA,Doutorado Acadêmico,Engenharias e Exatas,20,2026-06-03T12:00:00Z,2026-06-29T12:00:00Z,https://sigaa.ufba.br/sigaa/public/processo_seletivo/lista.jsf?aba=p-processo&nivel=S,Encerrado,2026-06-03T12:00:00Z,UFBA SIGAA
2026-08-18T03:35:50.244971Z,Edital 2026.2 de Seleção para Doutorado do PPGMCF - DOUTORADO EM MULTICÊNTRICO EM CIÊNCIAS FISIOLÓGICAS,Inscrições abertas para o processo seletivo da UFBA de ingresso no curso: DOUTORADO EM MULTICÊNTRICO EM CIÊNCIAS FISIOLÓGICAS. Vagas ofertadas: 1. Período de inscrições de 21/05/2026 a 08/06/2026. Consulte o edital completo no portal oficial da instituição.,UFBA,Doutorado Acadêmico,Saúde e Biológicas,1,2026-05-21T12:00:00Z,2026-06-08T12:00:00Z,https://sigaa.ufba.br/sigaa/public/processo_seletivo/lista.jsf?aba=p-processo&nivel=S,Encerrado,2026-05-21T12:00:00Z,UFBA SIGAA
2026-08-18T03:35:50.244971Z,PPGEEC - Edital de Seleção para Alunos Regulares de Doutorado 2026.2 - DOUTORADO EM ENGENHARIA ELÉTRICA,Inscrições abertas para o processo seletivo da UFBA de ingresso no curso: DOUTORADO EM ENGENHARIA ELÉTRICA. Vagas ofertadas: 23. Período de inscrições de 19/05/2026 a 15/06/2026. Consulte o edital completo no portal oficial da instituição.,UFBA,Doutorado Acadêmico,Engenharias e Exatas,23,2026-05-19T12:00:00Z,2026-06-15T12:00:00Z,https://sigaa.ufba.br/sigaa/public/processo_seletivo/lista.jsf?aba=p-processo&nivel=S,Encerrado,2026-05-19T12:00:00Z,UFBA SIGAA
2026-08-18T03:35:50.244971Z,SELEÇÃO PARA INGRESSO NO DOUTORADO EM QUÍMICA 2026.2 - DOUTORADO EM QUÍMICA,Inscrições abertas para o processo seletivo da UFBA de ingresso no curso: DOUTORADO EM QUÍMICA. Vagas ofertadas: 20. Período de inscrições de 18/05/2026 a 21/06/2026. Consulte o edital completo no portal oficial da instituição.,UFBA,Doutorado Acadêmico,Engenharias e Exatas,20,2026-05-18T12:00:00Z,2026-06-21T12:00:00Z,https://sigaa.ufba.br/sigaa/public/processo_seletivo/lista.jsf?aba=p-processo&nivel=S,Encerrado,2026-05-18T12:00:00Z,UFBA SIGAA
2026-08-18T03:35:50.244971Z,EDITAL PEI/UFBA 04-2026 - SELEÇÃO PARA O DOUTORADO 2026.2 - DOUTORADO EM ENGENHARIA INDUSTRIAL,Inscrições abertas para o processo seletivo da UFBA de ingresso no curso: DOUTORADO EM ENGENHARIA INDUSTRIAL. Vagas ofertadas: 15. Período de inscrições de 15/05/2026 a 10/06/2026. Consulte o edital completo no portal oficial da instituição.,UFBA,Doutorado Acadêmico,Engenharias e Exatas,15,2026-05-15T12:00:00Z,2026-06-10T12:00:00Z,https://sigaa.ufba.br/sigaa/public/processo_seletivo/lista.jsf?aba=p-processo&nivel=S,Encerrado,2026-05-15T12:00:00Z,UFBA SIGAA
2026-08-18T03:35:50.244971Z,"Seleção para o Doutorado em Matemática, ingresso em 2026.2 - DOUTORADO EM MATEMÁTICA",Inscrições abertas para o processo seletivo da UFBA de ingresso no curso: DOUTORADO EM MATEMÁTICA. Vagas ofertadas: 10. Período de inscrições de 11/05/2026 a 07/06/2026. Consulte o edital completo no portal oficial da instituição.,UFBA,Doutorado Acadêmico,Engenharias e Exatas,10,2026-05-11T12:00:00Z,2026-06-07T12:00:00Z,https://sigaa.ufba.br/sigaa/public/processo_seletivo/lista.jsf?aba=p-processo&nivel=S,Encerrado,2026-05-11T12:00:00Z,UFBA SIGAA
2026-08-18T03:35:50.244971Z,DOUTORADO PROFISSIONAL EM MÚSICA. SELEÇÃO ALUNOS REGULARES 2026.2 - DOUTORADO PROFISSIONAL EM MÚSICA,Inscrições abertas para o processo seletivo da UFBA de ingresso no curso: DOUTORADO PROFISSIONAL EM MÚSICA. Vagas ofertadas: 5. Período de inscrições de 04/05/2026 a 14/06/2026. Consulte o edital completo no portal oficial da instituição.,UFBA,Doutorado Profissional,Comunicação e Artes,5,2026-05-04T12:00:00Z,2026-06-14T12:00:00Z,https://sigaa.ufba.br/sigaa/public/processo_seletivo/lista.jsf?aba=p-processo&nivel=S,Encerrado,2026-05-04T12:00:00Z,UFBA SIGAA
2026-08-18T03:35:50.244971Z,EDITAL 05/2026 - POSPETRO PROCESSO SELETIVO PARA DOUTORADO EM GEOQUÍMICA: PETRÓL - DOUTORADO EM GEOQUÍMICA: PETRÓLEO E MEIO AMBIENTE,Inscrições abertas para o processo seletivo da UFBA de ingresso no curso: DOUTORADO EM GEOQUÍMICA: PETRÓLEO E MEIO AMBIENTE. Vagas ofertadas: 3. Período de inscrições de 27/04/2026 a 16/06/2026. Consulte o edital completo no portal oficial da instituição.,UFBA,Doutorado Acadêmico,Agrárias e Ambientais,3,2026-04-27T12:00:00Z,2026-06-16T12:00:00Z,https://sigaa.ufba.br/sigaa/public/processo_seletivo/lista.jsf?aba=p-processo&nivel=S,Encerrado,2026-04-27T12:00:00Z,UFBA SIGAA
2026-08-18T03:35:50.244971Z,Processo Seletivo 2026.2 Doutorado - Aluno Regular - DOUTORADO EM MECATRÔNICA,Inscrições abertas para o processo seletivo da UFBA de ingresso no curso: DOUTORADO EM MECATRÔNICA. Vagas ofertadas: 16. Período de inscrições de 16/04/2026 a 14/06/2026. Consulte o edital completo no portal oficial da instituição.,UFBA,Doutorado Acadêmico,Saúde e Biológicas,16,2026-04-16T12:00:00Z,2026-06-14T12:00:00Z,https://sigaa.ufba.br/sigaa/public/processo_seletivo/lista.jsf?aba=p-processo&nivel=S,Encerrado,2026-04-16T12:00:00Z,UFBA SIGAA
2026-08-19T03:37:29.038065Z,EDITAL 03/2026 - DOUTORADO PROFISSIONAL EM SAÚDE COLETIVA - DOUTORADO PROFISSIONAL EM SAÚDE COLETIVA,Inscrições abertas para o processo seletivo da UFBA de ingresso no curso: DOUTORADO PROFISSIONAL EM SAÚDE COLETIVA. Vagas ofertadas: 10. Período de inscrições de 30/06/2026 a 20/07/2026. Consulte o edital completo no portal oficial da instituição.,UFBA,Doutorado Profissional,Saúde e Biológicas,10,2026-06-30T12:00:00Z,2026-07-20T12:00:00Z,https://sigaa.ufba.br/sigaa/public/processo_seletivo/lista.jsf?aba=p-processo&nivel=S,Encerrado,2026-06-30T12:00:00Z,UFBA SIGAA
2026-08-19T03:37:29.038065Z,PROCESSO SELETIVO DO DOUTORADO ACADÊMICO TURMA 2027-1 - DOUTORADO EM ARQUITETURA E URBANISMO,Inscrições abertas para o processo seletivo da UFBA de ingresso no curso: DOUTORADO EM ARQUITETURA E URBANISMO. Vagas ofertadas: 25. Período de inscrições de 15/06/2026 a 31/07/2026. Consulte o edital completo no portal oficial da instituição.,UFBA,Doutorado Acadêmico,Engenharias e Exatas,25,2026-06-15T12:00:00Z,2026-07-31T12:00:00Z,https://sigaa.ufba.br/sigaa/public/processo_seletivo/lista.jsf?aba=p-processo&nivel=S,Encerrado,2026-06-15T12:00:00Z,UFBA SIGAA
2026-08-19T03:37:29.038065Z,PPGEEC - Edital de Seleção para Alunos Especiais de Doutorado 2026.2 - DOUTORADO EM ENGENHARIA ELÉTRICA,Inscrições abertas para o processo seletivo da UFBA de ingresso no curso: DOUTORADO EM ENGENHARIA ELÉTRICA. Vagas ofertadas: 40. Período de inscrições de 15/06/2026 a 26/06/2026. Consulte o edital completo no portal oficial da instituição.,UFBA,Doutorado Acadêmico,Engenharias e Exatas,40,2026-06-15T12:00:00Z,2026-06-26T12:00:00Z,https://sigaa.ufba.br/sigaa/public/processo_seletivo/lista.jsf?aba=p-processo&nivel=S,Encerrado,2026-06-15T12:00:00Z,UFBA SIGAA
2026-08-19T03:37:29.038065Z,Processo Seletivo em Ciência de Alimentos (2026.2) - NÍVEL DOUTORADO - DOUTORADO EM CIÊNCIA DE ALIMENTOS,Inscrições abertas para o processo seletivo da UFBA de ingresso no curso: DOUTORADO EM CIÊNCIA DE ALIMENTOS. Vagas ofertadas: 22. Período de inscrições de 10/06/2026 a 28/06/2026. Consulte o edital completo no portal oficial da instituição.,UFBA,Doutorado Acadêmico,Saúde e Biológicas,22,2026-06-10T12:00:00Z,2026-06-28T12:00:00Z,https://sigaa.ufba.br/sigaa/public/processo_seletivo/lista.jsf?aba=p-processo&nivel=S,Encerrado,2026-06-10T12:00:00Z,UFBA SIGAA
2026-08-19T03:37:29.038065Z,EDITAL N.º003/2026 DOUTORADO - DOUTORADO EM FARMÁCIA,Inscrições abertas para o processo seletivo da UFBA de ingresso no curso: DOUTORADO EM FARMÁCIA. Vagas ofertadas: 12. Período de inscrições de 04/06/2026 a 30/06/2026. Consulte o edital completo no portal oficial da instituição.,UFBA,Doutorado Acadêmico,Saúde e Biológicas,12,2026-06-04T12:00:00Z,2026-06-30T12:00:00Z,https://sigaa.ufba.br/sigaa/public/processo_seletivo/lista.jsf?aba=p-processo&nivel=S,Encerrado,2026-06-04T12:00:00Z,UFBA SIGAA
2026-08-19T03:37:29.038065Z,PPGEEC / UNIVASF - Seleção para Alunos de Mestrado 2026.2 (Turma MINTER) - DOUTORADO EM ENGENHARIA ELÉTRICA,Inscrições abertas para o processo seletivo da UFBA de ingresso no curso: DOUTORADO EM ENGENHARIA ELÉTRICA. Vagas ofertadas: 20. Período de inscrições de 03/06/2026 a 29/06/2026. Consulte o edital completo no portal oficial da instituição.,UFBA,Doutorado Acadêmico,Engenharias e Exatas,20,2026-06-03T12:00:00Z,2026-06-29T12:00:00Z,https://sigaa.ufba.br/sigaa/public/processo_seletivo/lista.jsf?aba=p-processo&nivel=S,Encerrado,2026-06-03T12:00:00Z,UFBA SIGAA
2026-08-19T03:37:29.038065Z,Edital 2026.2 de Seleção para Doutorado do PPGMCF - DOUTORADO EM MULTICÊNTRICO EM CIÊNCIAS FISIOLÓGICAS,Inscrições abertas para o processo seletivo da UFBA de ingresso no curso: DOUTORADO EM MULTICÊNTRICO EM CIÊNCIAS FISIOLÓGICAS. Vagas ofertadas: 1. Período de inscrições de 21/05/2026 a 08/06/2026. Consulte o edital completo no portal oficial da instituição.,UFBA,Doutorado Acadêmico,Saúde e Biológicas,1,2026-05-21T12:00:00Z,2026-06-08T12:00:00Z,https://sigaa.ufba.br/sigaa/public/processo_seletivo/lista.jsf?aba=p-processo&nivel=S,Encerrado,2026-05-21T12:00:00Z,UFBA SIGAA
2026-08-19T03:37:29.038065Z,PPGEEC - Edital de Seleção para Alunos Regulares de Doutorado 2026.2 - DOUTORADO EM ENGENHARIA ELÉTRICA,Inscrições abertas para o processo seletivo da UFBA de ingresso no curso: DOUTORADO EM ENGENHARIA ELÉTRICA. Vagas ofertadas: 23. Período de inscrições de 19/05/2026 a 15/06/2026. Consulte o edital completo no portal oficial da instituição.,UFBA,Doutorado Acadêmico,Engenharias e Exatas,23,2026-05-19T12:00:00Z,2026-06-15T12:00:00Z,https://sigaa.ufba.br/sigaa/public/processo_seletivo/lista.jsf?aba=p-processo&nivel=S,Encerrado,2026-05-19T12:00:00Z,UFBA SIGAA
2026-08-19T03:37:29.038065Z,SELEÇÃO PARA INGRESSO NO DOUTORADO EM QUÍMICA 2026.2 - DOUTORADO EM QUÍMICA,Inscrições abertas para o processo seletivo da UFBA de ingresso no curso: DOUTORADO EM QUÍMICA. Vagas ofertadas: 20. Período de inscrições de 18/05/2026 a 21/06/2026. Consulte o edital completo no portal oficial da instituição.,UFBA,Doutorado Acadêmico,Engenharias e Exatas,20,2026-05-18T12:00:00Z,2026-06-21T12:00:00Z,https://sigaa.ufba.br/sigaa/public/processo_seletivo/lista.jsf?aba=p-processo&nivel=S,Encerrado,2026-05-18T12:00:00Z,UFBA SIGAA
2026-08-19T03:37:29.038065Z,EDITAL PEI/UFBA 04-2026 - SELEÇÃO PARA O DOUTORADO 2026.2 - DOUTORADO EM ENGENHARIA INDUSTRIAL,Inscrições abertas para o processo seletivo da UFBA de ingresso no curso: DOUTORADO EM ENGENHARIA INDUSTRIAL. Vagas ofertadas: 15. Período de inscrições de 15/05/2026 a 10/06/2026. Consulte o edital completo no portal oficial da instituição.,UFBA,Doutorado Acadêmico,Engenharias e Exatas,15,2026-05-15T12:00:00Z,2026-06-10T12:00:00Z,https://sigaa.ufba.br/sigaa/public/processo_seletivo/lista.jsf?aba=p-processo&nivel=S,Encerrado,2026-05-15T12:00:00Z,UFBA SIGAA
2026-08-19T03:37:29.038065Z,"Seleção para o Doutorado em Matemática, ingresso em 2026.2 - DOUTORADO EM MATEMÁTICA",Inscrições abertas para o processo seletivo da UFBA de ingresso no curso: DOUTORADO EM MATEMÁTICA. Vagas ofertadas: 10. Período de inscrições de 11/05/2026 a 07/06/2026. Consulte o edital completo no portal oficial da instituição.,UFBA,Doutorado Acadêmico,Engenharias e Exatas,10,2026-05-11T12:00:00Z,2026-06-07T12:00:00Z,https://sigaa.ufba.br/sigaa/public/processo_seletivo/lista.jsf?aba=p-processo&nivel=S,Encerrado,2026-05-11T12:00:00Z,UFBA SIGAA
2026-08-19T03:37:29.038065Z,DOUTORADO PROFISSIONAL EM MÚSICA. SELEÇÃO ALUNOS REGULARES 2026.2 - DOUTORADO PROFISSIONAL EM MÚSICA,Inscrições abertas para o processo seletivo da UFBA de ingresso no curso: DOUTORADO PROFISSIONAL EM MÚSICA. Vagas ofertadas: 5. Período de inscrições de 04/05/2026 a 14/06/2026. Consulte o edital completo no portal oficial da instituição.,UFBA,Doutorado Profissional,Comunicação e Artes,5,2026-05-04T12:00:00Z,2026-06-14T12:00:00Z,https://sigaa.ufba.br/sigaa/public/processo_seletivo/lista.jsf?aba=p-processo&nivel=S,Encerrado,2026-05-04T12:00:00Z,UFBA SIGAA
2026-08-19T03:37:29.038065Z,EDITAL 05/2026 - POSPETRO PROCESSO SELETIVO PARA DOUTORADO EM GEOQUÍMICA: PETRÓL - DOUTORADO EM GEOQUÍMICA: PETRÓLEO E MEIO AMBIENTE,Inscrições abertas para o processo seletivo da UFBA de ingresso no curso: DOUTORADO EM GEOQUÍMICA: PETRÓLEO E MEIO AMBIENTE. Vagas ofertadas: 3. Período de inscrições de 27/04/2026 a 16/06/2026. Consulte o edital completo no portal oficial da instituição.,UFBA,Doutorado Acadêmico,Agrárias e Ambientais,3,2026-04-27T12:00:00Z,2026-06-16T12:00:00Z,https://sigaa.ufba.br/sigaa/public/processo_seletivo/lista.jsf?aba=p-processo&nivel=S,Encerrado,2026-04-27T12:00:00Z,UFBA SIGAA
2026-08-19T03:37:29.038065Z,Processo Seletivo 2026.2 Doutorado - Aluno Regular - DOUTORADO EM MECATRÔNICA,Inscrições abertas para o processo seletivo da UFBA de ingresso no curso: DOUTORADO EM MECATRÔNICA. Vagas ofertadas: 16. Período de inscrições de 16/04/2026 a 14/06/2026. Consulte o edital completo no portal oficial da instituição.,UFBA,Doutorado Acadêmico,Saúde e Biológicas,16,2026-04-16T12:00:00Z,2026-06-14T12:00:00Z,https://sigaa.ufba.br/sigaa/public/processo_seletivo/lista.jsf?aba=p-processo&nivel=S,Encerrado,2026-04-16T12:00:00Z,UFBA SIGAA
2026-08-20T03:37:57.870108Z,EDITAL 03/2026 - DOUTORADO PROFISSIONAL EM SAÚDE COLETIVA - DOUTORADO PROFISSIONAL EM SAÚDE COLETIVA,Inscrições abertas para o processo seletivo da UFBA de ingresso no curso: DOUTORADO PROFISSIONAL EM SAÚDE COLETIVA. Vagas ofertadas: 10. Período de inscrições de 30/06/2026 a 20/07/2026. Consulte o edital completo no portal oficial da instituição.,UFBA,Doutorado Profissional,Saúde e Biológicas,10,2026-06-30T12:00:00Z,2026-07-20T12:00:00Z,https://sigaa.ufba.br/sigaa/public/processo_seletivo/lista.jsf?aba=p-processo&nivel=S,Encerrado,2026-06-30T12:00:00Z,UFBA SIGAA
2026-08-20T03:37:57.870108Z,PROCESSO SELETIVO DO DOUTORADO ACADÊMICO TURMA 2027-1 - DOUTORADO EM ARQUITETURA E URBANISMO,Inscrições abertas para o processo seletivo da UFBA de ingresso no curso: DOUTORADO EM ARQUITETURA E URBANISMO. Vagas ofertadas: 25. Período de inscrições de 15/06/2026 a 31/07/2026. Consulte o edital completo no portal oficial da instituição.,UFBA,Doutorado Acadêmico,Engenharias e Exatas,25,2026-06-15T12:00:00Z,2026-07-31T12:00:00Z,https://sigaa.ufba.br/sigaa/public/processo_seletivo/lista.jsf?aba=p-processo&nivel=S,Encerrado,2026-06-15T12:00:00Z,UFBA SIGAA
2026-08-20T03:37:57.870108Z,PPGEEC - Edital de Seleção para Alunos Especiais de Doutorado 2026.2 - DOUTORADO EM ENGENHARIA ELÉTRICA,Inscrições abertas para o processo seletivo da UFBA de ingresso no curso: DOUTORADO EM ENGENHARIA ELÉTRICA. Vagas ofertadas: 40. Período de inscrições de 15/06/2026 a 26/06/2026. Consulte o edital completo no portal oficial da instituição.,UFBA,Doutorado Acadêmico,Engenharias e Exatas,40,2026-06-15T12:00:00Z,2026-06-26T12:00:00Z,https://sigaa.ufba.br/sigaa/public/processo_seletivo/lista.jsf?aba=p-processo&nivel=S,Encerrado,2026-06-15T12:00:00Z,UFBA SIGAA
2026-08-20T03:37:57.870108Z,Processo Seletivo em Ciência de Alimentos (2026.2) - NÍVEL DOUTORADO - DOUTORADO EM CIÊNCIA DE ALIMENTOS,Inscrições abertas para o processo seletivo da UFBA de ingresso no curso: DOUTORADO EM CIÊNCIA DE ALIMENTOS. Vagas ofertadas: 22. Período de inscrições de 10/06/2026 a 28/06/2026. Consulte o edital completo no portal oficial da instituição.,UFBA,Doutorado Acadêmico,Saúde e Biológicas,22,2026-06-10T12:00:00Z,2026-06-28T12:00:00Z,https://sigaa.ufba.br/sigaa/public/processo_seletivo/lista.jsf?aba=p-processo&nivel=S,Encerrado,2026-06-10T12:00:00Z,UFBA SIGAA
2026-08-20T03:37:57.870108Z,EDITAL N.º003/2026 DOUTORADO - DOUTORADO EM FARMÁCIA,Inscrições abertas para o processo seletivo da UFBA de ingresso no curso: DOUTORADO EM FARMÁCIA. Vagas ofertadas: 12. Período de inscrições de 04/06/2026 a 30/06/2026. Consulte o edital completo no portal oficial da instituição.,UFBA,Doutorado Acadêmico,Saúde e Biológicas,12,2026-06-04T12:00:00Z,2026-06-30T12:00:00Z,https://sigaa.ufba.br/sigaa/public/processo_seletivo/lista.jsf?aba=p-processo&nivel=S,Encerrado,2026-06-04T12:00:00Z,UFBA SIGAA
2026-08-20T03:37:57.870108Z,PPGEEC / UNIVASF - Seleção para Alunos de Mestrado 2026.2 (Turma MINTER) - DOUTORADO EM ENGENHARIA ELÉTRICA,Inscrições abertas para o processo seletivo da UFBA de ingresso no curso: DOUTORADO EM ENGENHARIA ELÉTRICA. Vagas ofertadas: 20. Período de inscrições de 03/06/2026 a 29/06/2026. Consulte o edital completo no portal oficial da instituição.,UFBA,Doutorado Acadêmico,Engenharias e Exatas,20,2026-06-03T12:00:00Z,2026-06-29T12:00:00Z,https://sigaa.ufba.br/sigaa/public/processo_seletivo/lista.jsf?aba=p-processo&nivel=S,Encerrado,2026-06-03T12:00:00Z,UFBA SIGAA
2026-08-20T03:37:57.870108Z,Edital 2026.2 de Seleção para Doutorado do PPGMCF - DOUTORADO EM MULTICÊNTRICO EM CIÊNCIAS FISIOLÓGICAS,Inscrições abertas para o processo seletivo da UFBA de ingresso no curso: DOUTORADO EM MULTICÊNTRICO EM CIÊNCIAS FISIOLÓGICAS. Vagas ofertadas: 1. Período de inscrições de 21/05/2026 a 08/06/2026. Consulte o edital completo no portal oficial da instituição.,UFBA,Doutorado Acadêmico,Saúde e Biológicas,1,2026-05-21T12:00:00Z,2026-06-08T12:00:00Z,https://sigaa.ufba.br/sigaa/public/processo_seletivo/lista.jsf?aba=p-processo&nivel=S,Encerrado,2026-05-21T12:00:00Z,UFBA SIGAA
2026-08-20T03:37:57.870108Z,PPGEEC - Edital de Seleção para Alunos Regulares de Doutorado 2026.2 - DOUTORADO EM ENGENHARIA ELÉTRICA,Inscrições abertas para o processo seletivo da UFBA de ingresso no curso: DOUTORADO EM ENGENHARIA ELÉTRICA. Vagas ofertadas: 23. Período de inscrições de 19/05/2026 a 15/06/2026. Consulte o edital completo no portal oficial da instituição.,UFBA,Doutorado Acadêmico,Engenharias e Exatas,23,2026-05-19T12:00:00Z,2026-06-15T12:00:00Z,https://sigaa.ufba.br/sigaa/public/processo_seletivo/lista.jsf?aba=p-processo&nivel=S,Encerrado,2026-05-19T12:00:00Z,UFBA SIGAA
2026-08-20T03:37:57.870108Z,SELEÇÃO PARA INGRESSO NO DOUTORADO EM QUÍMICA 2026.2 - DOUTORADO EM QUÍMICA,Inscrições abertas para o processo seletivo da UFBA de ingresso no curso: DOUTORADO EM QUÍMICA. Vagas ofertadas: 20. Período de inscrições de 18/05/2026 a 21/06/2026. Consulte o edital completo no portal oficial da instituição.,UFBA,Doutorado Acadêmico,Engenharias e Exatas,20,2026-05-18T12:00:00Z,2026-06-21T12:00:00Z,https://sigaa.ufba.br/sigaa/public/processo_seletivo/lista.jsf?aba=p-processo&nivel=S,Encerrado,2026-05-18T12:00:00Z,UFBA SIGAA
2026-08-20T03:37:57.870108Z,EDITAL PEI/UFBA 04-2026 - SELEÇÃO PARA O DOUTORADO 2026.2 - DOUTORADO EM ENGENHARIA INDUSTRIAL,Inscrições abertas para o processo seletivo da UFBA de ingresso no curso: DOUTORADO EM ENGENHARIA INDUSTRIAL. Vagas ofertadas: 15. Período de inscrições de 15/05/2026 a 10/06/2026. Consulte o edital completo no portal oficial da instituição.,UFBA,Doutorado Acadêmico,Engenharias e Exatas,15,2026-05-15T12:00:00Z,2026-06-10T12:00:00Z,https://sigaa.ufba.br/sigaa/public/processo_seletivo/lista.jsf?aba=p-processo&nivel=S,Encerrado,2026-05-15T12:00:00Z,UFBA SIGAA
2026-08-20T03:37:57.870108Z,"Seleção para o Doutorado em Matemática, ingresso em 2026.2 - DOUTORADO EM MATEMÁTICA",Inscrições abertas para o processo seletivo da UFBA de ingresso no curso: DOUTORADO EM MATEMÁTICA. Vagas ofertadas: 10. Período de inscrições de 11/05/2026 a 07/06/2026. Consulte o edital completo no portal oficial da instituição.,UFBA,Doutorado Acadêmico,Engenharias e Exatas,10,2026-05-11T12:00:00Z,2026-06-07T12:00:00Z,https://sigaa.ufba.br/sigaa/public/processo_seletivo/lista.jsf?aba=p-processo&nivel=S,Encerrado,2026-05-11T12:00:00Z,UFBA SIGAA
2026-08-20T03:37:57.870108Z,DOUTORADO PROFISSIONAL EM MÚSICA. SELEÇÃO ALUNOS REGULARES 2026.2 - DOUTORADO PROFISSIONAL EM MÚSICA,Inscrições abertas para o processo seletivo da UFBA de ingresso no curso: DOUTORADO PROFISSIONAL EM MÚSICA. Vagas ofertadas: 5. Período de inscrições de 04/05/2026 a 14/06/2026. Consulte o edital completo no portal oficial da instituição.,UFBA,Doutorado Profissional,Comunicação e Artes,5,2026-05-04T12:00:00Z,2026-06-14T12:00:00Z,https://sigaa.ufba.br/sigaa/public/processo_seletivo/lista.jsf?aba=p-processo&nivel=S,Encerrado,2026-05-04T12:00:00Z,UFBA SIGAA
2026-08-20T03:37:57.870108Z,EDITAL 05/2026 - POSPETRO PROCESSO SELETIVO PARA DOUTORADO EM GEOQUÍMICA: PETRÓL - DOUTORADO EM GEOQUÍMICA: PETRÓLEO E MEIO AMBIENTE,Inscrições abertas para o processo seletivo da UFBA de ingresso no curso: DOUTORADO EM GEOQUÍMICA: PETRÓLEO E MEIO AMBIENTE. Vagas ofertadas: 3. Período de inscrições de 27/04/2026 a 16/06/2026. Consulte o edital completo no portal oficial da instituição.,UFBA,Doutorado Acadêmico,Agrárias e Ambientais,3,2026-04-27T12:00:00Z,2026-06-16T12:00:00Z,https://sigaa.ufba.br/sigaa/public/processo_seletivo/lista.jsf?aba=p-processo&nivel=S,Encerrado,2026-04-27T12:00:00Z,UFBA SIGAA
2026-08-20T03:37:57.870108Z,Processo Seletivo 2026.2 Doutorado - Aluno Regular - DOUTORADO EM MECATRÔNICA,Inscrições abertas para o processo seletivo da UFBA de ingresso no curso: DOUTORADO EM MECATRÔNICA. Vagas ofertadas: 16. Período de inscrições de 16/04/2026 a 14/06/2026. Consulte o edital completo no portal oficial da instituição.,UFBA,Doutorado Acadêmico,Saúde e Biológicas,16,2026-04-16T12:00:00Z,2026-06-14T12:00:00Z,https://sigaa.ufba.br/sigaa/public/processo_seletivo/lista.jsf?aba=p-processo&nivel=S,Encerrado,2026-04-16T12:00:00Z,UFBA SIGAA
2026-08-21T03:41:18.769652Z,EDITAL 03/2026 - DOUTORADO PROFISSIONAL EM SAÚDE COLETIVA - DOUTORADO PROFISSIONAL EM SAÚDE COLETIVA,Inscrições abertas para o processo seletivo da UFBA de ingresso no curso: DOUTORADO PROFISSIONAL EM SAÚDE COLETIVA. Vagas ofertadas: 10. Período de inscrições de 30/06/2026 a 20/07/2026. Consulte o edital completo no portal oficial da instituição.,UFBA,Doutorado Profissional,Saúde e Biológicas,10,2026-06-30T12:00:00Z,2026-07-20T12:00:00Z,https://sigaa.ufba.br/sigaa/public/processo_seletivo/lista.jsf?aba=p-processo&nivel=S,Encerrado,2026-06-30T12:00:00Z,UFBA SIGAA
2026-08-21T03:41:18.769652Z,PROCESSO SELETIVO DO DOUTORADO ACADÊMICO TURMA 2027-1 - DOUTORADO EM ARQUITETURA E URBANISMO,Inscrições abertas para o processo seletivo da UFBA de ingresso no curso: DOUTORADO EM ARQUITETURA E URBANISMO. Vagas ofertadas: 25. Período de inscrições de 15/06/2026 a 31/07/2026. Consulte o edital completo no portal oficial da instituição.,UFBA,Doutorado Acadêmico,Engenharias e Exatas,25,2026-06-15T12:00:00Z,2026-07-31T12:00:00Z,https://sigaa.ufba.br/sigaa/public/processo_seletivo/lista.jsf?aba=p-processo&nivel=S,Encerrado,2026-06-15T12:00:00Z,UFBA SIGAA
2026-08-21T03:41:18.769652Z,PPGEEC - Edital de Seleção para Alunos Especiais de Doutorado 2026.2 - DOUTORADO EM ENGENHARIA ELÉTRICA,Inscrições abertas para o processo seletivo da UFBA de ingresso no curso: DOUTORADO EM ENGENHARIA ELÉTRICA. Vagas ofertadas: 40. Período de inscrições de 15/06/2026 a 26/06/2026. Consulte o edital completo no portal oficial da instituição.,UFBA,Doutorado Acadêmico,Engenharias e Exatas,40,2026-06-15T12:00:00Z,2026-06-26T12:00:00Z,https://sigaa.ufba.br/sigaa/public/processo_seletivo/lista.jsf?aba=p-processo&nivel=S,Encerrado,2026-06-15T12:00:00Z,UFBA SIGAA
2026-08-21T03:41:18.769652Z,Processo Seletivo em Ciência de Alimentos (2026.2) - NÍVEL DOUTORADO - DOUTORADO EM CIÊNCIA DE ALIMENTOS,Inscrições abertas para o processo seletivo da UFBA de ingresso no curso: DOUTORADO EM CIÊNCIA DE ALIMENTOS. Vagas ofertadas: 22. Período de inscrições de 10/06/2026 a 28/06/2026. Consulte o edital completo no portal oficial da instituição.,UFBA,Doutorado Acadêmico,Saúde e Biológicas,22,2026-06-10T12:00:00Z,2026-06-28T12:00:00Z,https://sigaa.ufba.br/sigaa/public/processo_seletivo/lista.jsf?aba=p-processo&nivel=S,Encerrado,2026-06-10T12:00:00Z,UFBA SIGAA
2026-08-21T03:41:18.769652Z,EDITAL N.º003/2026 DOUTORADO - DOUTORADO EM FARMÁCIA,Inscrições abertas para o processo seletivo da UFBA de ingresso no curso: DOUTORADO EM FARMÁCIA. Vagas ofertadas: 12. Período de inscrições de 04/06/2026 a 30/06/2026. Consulte o edital completo no portal oficial da instituição.,UFBA,Doutorado Acadêmico,Saúde e Biológicas,12,2026-06-04T12:00:00Z,2026-06-30T12:00:00Z,https://sigaa.ufba.br/sigaa/public/processo_seletivo/lista.jsf?aba=p-processo&nivel=S,Encerrado,2026-06-04T12:00:00Z,UFBA SIGAA
2026-08-21T03:41:18.769652Z,PPGEEC / UNIVASF - Seleção para Alunos de Mestrado 2026.2 (Turma MINTER) - DOUTORADO EM ENGENHARIA ELÉTRICA,Inscrições abertas para o processo seletivo da UFBA de ingresso no curso: DOUTORADO EM ENGENHARIA ELÉTRICA. Vagas ofertadas: 20. Período de inscrições de 03/06/2026 a 29/06/2026. Consulte o edital completo no portal oficial da instituição.,UFBA,Doutorado Acadêmico,Engenharias e Exatas,20,2026-06-03T12:00:00Z,2026-06-29T12:00:00Z,https://sigaa.ufba.br/sigaa/public/processo_seletivo/lista.jsf?aba=p-processo&nivel=S,Encerrado,2026-06-03T12:00:00Z,UFBA SIGAA
2026-08-21T03:41:18.769652Z,Edital 2026.2 de Seleção para Doutorado do PPGMCF - DOUTORADO EM MULTICÊNTRICO EM CIÊNCIAS FISIOLÓGICAS,Inscrições abertas para o processo seletivo da UFBA de ingresso no curso: DOUTORADO EM MULTICÊNTRICO EM CIÊNCIAS FISIOLÓGICAS. Vagas ofertadas: 1. Período de inscrições de 21/05/2026 a 08/06/2026. Consulte o edital completo no portal oficial da instituição.,UFBA,Doutorado Acadêmico,Saúde e Biológicas,1,2026-05-21T12:00:00Z,2026-06-08T12:00:00Z,https://sigaa.ufba.br/sigaa/public/processo_seletivo/lista.jsf?aba=p-processo&nivel=S,Encerrado,2026-05-21T12:00:00Z,UFBA SIGAA
2026-08-21T03:41:18.769652Z,PPGEEC - Edital de Seleção para Alunos Regulares de Doutorado 2026.2 - DOUTORADO EM ENGENHARIA ELÉTRICA,Inscrições abertas para o processo seletivo da UFBA de ingresso no curso: DOUTORADO EM ENGENHARIA ELÉTRICA. Vagas ofertadas: 23. Período de inscrições de 19/05/2026 a 15/06/2026. Consulte o edital completo no portal oficial da instituição.,UFBA,Doutorado Acadêmico,Engenharias e Exatas,23,2026-05-19T12:00:00Z,2026-06-15T12:00:00Z,https://sigaa.ufba.br/sigaa/public/processo_seletivo/lista.jsf?aba=p-processo&nivel=S,Encerrado,2026-05-19T12:00:00Z,UFBA SIGAA
2026-08-21T03:41:18.769652Z,SELEÇÃO PARA INGRESSO NO DOUTORADO EM QUÍMICA 2026.2 - DOUTORADO EM QUÍMICA,Inscrições abertas para o processo seletivo da UFBA de ingresso no curso: DOUTORADO EM QUÍMICA. Vagas ofertadas: 20. Período de inscrições de 18/05/2026 a 21/06/2026. Consulte o edital completo no portal oficial da instituição.,UFBA,Doutorado Acadêmico,Engenharias e Exatas,20,2026-05-18T12:00:00Z,2026-06-21T12:00:00Z,https://sigaa.ufba.br/sigaa/public/processo_seletivo/lista.jsf?aba=p-processo&nivel=S,Encerrado,2026-05-18T12:00:00Z,UFBA SIGAA
2026-08-21T03:41:18.769652Z,EDITAL PEI/UFBA 04-2026 - SELEÇÃO PARA O DOUTORADO 2026.2 - DOUTORADO EM ENGENHARIA INDUSTRIAL,Inscrições abertas para o processo seletivo da UFBA de ingresso no curso: DOUTORADO EM ENGENHARIA INDUSTRIAL. Vagas ofertadas: 15. Período de inscrições de 15/05/2026 a 10/06/2026. Consulte o edital completo no portal oficial da instituição.,UFBA,Doutorado Acadêmico,Engenharias e Exatas,15,2026-05-15T12:00:00Z,2026-06-10T12:00:00Z,https://sigaa.ufba.br/sigaa/public/processo_seletivo/lista.jsf?aba=p-processo&nivel=S,Encerrado,2026-05-15T12:00:00Z,UFBA SIGAA
2026-08-21T03:41:18.769652Z,"Seleção para o Doutorado em Matemática, ingresso em 2026.2 - DOUTORADO EM MATEMÁTICA",Inscrições abertas para o processo seletivo da UFBA de ingresso no curso: DOUTORADO EM MATEMÁTICA. Vagas ofertadas: 10. Período de inscrições de 11/05/2026 a 07/06/2026. Consulte o edital completo no portal oficial da instituição.,UFBA,Doutorado Acadêmico,Engenharias e Exatas,10,2026-05-11T12:00:00Z,2026-06-07T12:00:00Z,https://sigaa.ufba.br/sigaa/public/processo_seletivo/lista.jsf?aba=p-processo&nivel=S,Encerrado,2026-05-11T12:00:00Z,UFBA SIGAA
2026-08-21T03:41:18.769652Z,DOUTORADO PROFISSIONAL EM MÚSICA. SELEÇÃO ALUNOS REGULARES 2026.2 - DOUTORADO PROFISSIONAL EM MÚSICA,Inscrições abertas para o processo seletivo da UFBA de ingresso no curso: DOUTORADO PROFISSIONAL EM MÚSICA. Vagas ofertadas: 5. Período de inscrições de 04/05/2026 a 14/06/2026. Consulte o edital completo no portal oficial da instituição.,UFBA,Doutorado Profissional,Comunicação e Artes,5,2026-05-04T12:00:00Z,2026-06-14T12:00:00Z,https://sigaa.ufba.br/sigaa/public/processo_seletivo/lista.jsf?aba=p-processo&nivel=S,Encerrado,2026-05-04T12:00:00Z,UFBA SIGAA
2026-08-21T03:41:18.769652Z,EDITAL 05/2026 - POSPETRO PROCESSO SELETIVO PARA DOUTORADO EM GEOQUÍMICA: PETRÓL - DOUTORADO EM GEOQUÍMICA: PETRÓLEO E MEIO AMBIENTE,Inscrições abertas para o processo seletivo da UFBA de ingresso no curso: DOUTORADO EM GEOQUÍMICA: PETRÓLEO E MEIO AMBIENTE. Vagas ofertadas: 3. Período de inscrições de 27/04/2026 a 16/06/2026. Consulte o edital completo no portal oficial da instituição.,UFBA,Doutorado Acadêmico,Agrárias e Ambientais,3,2026-04-27T12:00:00Z,2026-06-16T12:00:00Z,https://sigaa.ufba.br/sigaa/public/processo_seletivo/lista.jsf?aba=p-processo&nivel=S,Encerrado,2026-04-27T12:00:00Z,UFBA SIGAA
2026-08-21T03:41:18.769652Z,Processo Seletivo 2026.2 Doutorado - Aluno Regular - DOUTORADO EM MECATRÔNICA,Inscrições abertas para o processo seletivo da UFBA de ingresso no curso: DOUTORADO EM MECATRÔNICA. Vagas ofertadas: 16. Período de inscrições de 16/04/2026 a 14/06/2026. Consulte o edital completo no portal oficial da instituição.,UFBA,Doutorado Acadêmico,Saúde e Biológicas,16,2026-04-16T12:00:00Z,2026-06-14T12:00:00Z,https://sigaa.ufba.br/sigaa/public/processo_seletivo/lista.jsf?aba=p-processo&nivel=S,Encerrado,2026-04-16T12:00:00Z,UFBA SIGAA
2026-08-22T03:33:40.968839Z,EDITAL 03/2026 - DOUTORADO PROFISSIONAL EM SAÚDE COLETIVA - DOUTORADO PROFISSIONAL EM SAÚDE COLETIVA,Inscrições abertas para o processo seletivo da UFBA de ingresso no curso: DOUTORADO PROFISSIONAL EM SAÚDE COLETIVA. Vagas ofertadas: 10. Período de inscrições de 30/06/2026 a 20/07/2026. Consulte o edital completo no portal oficial da instituição.,UFBA,Doutorado Profissional,Saúde e Biológicas,10,2026-06-30T12:00:00Z,2026-07-20T12:00:00Z,https://sigaa.ufba.br/sigaa/public/processo_seletivo/lista.jsf?aba=p-processo&nivel=S,Encerrado,2026-06-30T12:00:00Z,UFBA SIGAA
2026-08-22T03:33:40.968839Z,PROCESSO SELETIVO DO DOUTORADO ACADÊMICO TURMA 2027-1 - DOUTORADO EM ARQUITETURA E URBANISMO,Inscrições abertas para o processo seletivo da UFBA de ingresso no curso: DOUTORADO EM ARQUITETURA E URBANISMO. Vagas ofertadas: 25. Período de inscrições de 15/06/2026 a 31/07/2026. Consulte o edital completo no portal oficial da instituição.,UFBA,Doutorado Acadêmico,Engenharias e Exatas,25,2026-06-15T12:00:00Z,2026-07-31T12:00:00Z,https://sigaa.ufba.br/sigaa/public/processo_seletivo/lista.jsf?aba=p-processo&nivel=S,Encerrado,2026-06-15T12:00:00Z,UFBA SIGAA
2026-08-22T03:33:40.968839Z,PPGEEC - Edital de Seleção para Alunos Especiais de Doutorado 2026.2 - DOUTORADO EM ENGENHARIA ELÉTRICA,Inscrições abertas para o processo seletivo da UFBA de ingresso no curso: DOUTORADO EM ENGENHARIA ELÉTRICA. Vagas ofertadas: 40. Período de inscrições de 15/06/2026 a 26/06/2026. Consulte o edital completo no portal oficial da instituição.,UFBA,Doutorado Acadêmico,Engenharias e Exatas,40,2026-06-15T12:00:00Z,2026-06-26T12:00:00Z,https://sigaa.ufba.br/sigaa/public/processo_seletivo/lista.jsf?aba=p-processo&nivel=S,Encerrado,2026-06-15T12:00:00Z,UFBA SIGAA
2026-08-22T03:33:40.968839Z,Processo Seletivo em Ciência de Alimentos (2026.2) - NÍVEL DOUTORADO - DOUTORADO EM CIÊNCIA DE ALIMENTOS,Inscrições abertas para o processo seletivo da UFBA de ingresso no curso: DOUTORADO EM CIÊNCIA DE ALIMENTOS. Vagas ofertadas: 22. Período de inscrições de 10/06/2026 a 28/06/2026. Consulte o edital completo no portal oficial da instituição.,UFBA,Doutorado Acadêmico,Saúde e Biológicas,22,2026-06-10T12:00:00Z,2026-06-28T12:00:00Z,https://sigaa.ufba.br/sigaa/public/processo_seletivo/lista.jsf?aba=p-processo&nivel=S,Encerrado,2026-06-10T12:00:00Z,UFBA SIGAA
2026-08-22T03:33:40.968839Z,EDITAL N.º003/2026 DOUTORADO - DOUTORADO EM FARMÁCIA,Inscrições abertas para o processo seletivo da UFBA de ingresso no curso: DOUTORADO EM FARMÁCIA. Vagas ofertadas: 12. Período de inscrições de 04/06/2026 a 30/06/2026. Consulte o edital completo no portal oficial da instituição.,UFBA,Doutorado Acadêmico,Saúde e Biológicas,12,2026-06-04T12:00:00Z,2026-06-30T12:00:00Z,https://sigaa.ufba.br/sigaa/public/processo_seletivo/lista.jsf?aba=p-processo&nivel=S,Encerrado,2026-06-04T12:00:00Z,UFBA SIGAA
2026-08-22T03:33:40.968839Z,PPGEEC / UNIVASF - Seleção para Alunos de Mestrado 2026.2 (Turma MINTER) - DOUTORADO EM ENGENHARIA ELÉTRICA,Inscrições abertas para o processo seletivo da UFBA de ingresso no curso: DOUTORADO EM ENGENHARIA ELÉTRICA. Vagas ofertadas: 20. Período de inscrições de 03/06/2026 a 29/06/2026. Consulte o edital completo no portal oficial da instituição.,UFBA,Doutorado Acadêmico,Engenharias e Exatas,20,2026-06-03T12:00:00Z,2026-06-29T12:00:00Z,https://sigaa.ufba.br/sigaa/public/processo_seletivo/lista.jsf?aba=p-processo&nivel=S,Encerrado,2026-06-03T12:00:00Z,UFBA SIGAA
2026-08-22T03:33:40.968839Z,Edital 2026.2 de Seleção para Doutorado do PPGMCF - DOUTORADO EM MULTICÊNTRICO EM CIÊNCIAS FISIOLÓGICAS,Inscrições abertas para o processo seletivo da UFBA de ingresso no curso: DOUTORADO EM MULTICÊNTRICO EM CIÊNCIAS FISIOLÓGICAS. Vagas ofertadas: 1. Período de inscrições de 21/05/2026 a 08/06/2026. Consulte o edital completo no portal oficial da instituição.,UFBA,Doutorado Acadêmico,Saúde e Biológicas,1,2026-05-21T12:00:00Z,2026-06-08T12:00:00Z,https://sigaa.ufba.br/sigaa/public/processo_seletivo/lista.jsf?aba=p-processo&nivel=S,Encerrado,2026-05-21T12:00:00Z,UFBA SIGAA
2026-08-22T03:33:40.968839Z,PPGEEC - Edital de Seleção para Alunos Regulares de Doutorado 2026.2 - DOUTORADO EM ENGENHARIA ELÉTRICA,Inscrições abertas para o processo seletivo da UFBA de ingresso no curso: DOUTORADO EM ENGENHARIA ELÉTRICA. Vagas ofertadas: 23. Período de inscrições de 19/05/2026 a 15/06/2026. Consulte o edital completo no portal oficial da instituição.,UFBA,Doutorado Acadêmico,Engenharias e Exatas,23,2026-05-19T12:00:00Z,2026-06-15T12:00:00Z,https://sigaa.ufba.br/sigaa/public/processo_seletivo/lista.jsf?aba=p-processo&nivel=S,Encerrado,2026-05-19T12:00:00Z,UFBA SIGAA
2026-08-22T03:33:40.968839Z,SELEÇÃO PARA INGRESSO NO DOUTORADO EM QUÍMICA 2026.2 - DOUTORADO EM QUÍMICA,Inscrições abertas para o processo seletivo da UFBA de ingresso no curso: DOUTORADO EM QUÍMICA. Vagas ofertadas: 20. Período de inscrições de 18/05/2026 a 21/06/2026. Consulte o edital completo no portal oficial da instituição.,UFBA,Doutorado Acadêmico,Engenharias e Exatas,20,2026-05-18T12:00:00Z,2026-06-21T12:00:00Z,https://sigaa.ufba.br/sigaa/public/processo_seletivo/lista.jsf?aba=p-processo&nivel=S,Encerrado,2026-05-18T12:00:00Z,UFBA SIGAA
2026-08-22T03:33:40.968839Z,EDITAL PEI/UFBA 04-2026 - SELEÇÃO PARA O DOUTORADO 2026.2 - DOUTORADO EM ENGENHARIA INDUSTRIAL,Inscrições abertas para o processo seletivo da UFBA de ingresso no curso: DOUTORADO EM ENGENHARIA INDUSTRIAL. Vagas ofertadas: 15. Período de inscrições de 15/05/2026 a 10/06/2026. Consulte o edital completo no portal oficial da instituição.,UFBA,Doutorado Acadêmico,Engenharias e Exatas,15,2026-05-15T12:00:00Z,2026-06-10T12:00:00Z,https://sigaa.ufba.br/sigaa/public/processo_seletivo/lista.jsf?aba=p-processo&nivel=S,Encerrado,2026-05-15T12:00:00Z,UFBA SIGAA
2026-08-22T03:33:40.968839Z,"Seleção para o Doutorado em Matemática, ingresso em 2026.2 - DOUTORADO EM MATEMÁTICA",Inscrições abertas para o processo seletivo da UFBA de ingresso no curso: DOUTORADO EM MATEMÁTICA. Vagas ofertadas: 10. Período de inscrições de 11/05/2026 a 07/06/2026. Consulte o edital completo no portal oficial da instituição.,UFBA,Doutorado Acadêmico,Engenharias e Exatas,10,2026-05-11T12:00:00Z,2026-06-07T12:00:00Z,https://sigaa.ufba.br/sigaa/public/processo_seletivo/lista.jsf?aba=p-processo&nivel=S,Encerrado,2026-05-11T12:00:00Z,UFBA SIGAA
2026-08-22T03:33:40.968839Z,DOUTORADO PROFISSIONAL EM MÚSICA. SELEÇÃO ALUNOS REGULARES 2026.2 - DOUTORADO PROFISSIONAL EM MÚSICA,Inscrições abertas para o processo seletivo da UFBA de ingresso no curso: DOUTORADO PROFISSIONAL EM MÚSICA. Vagas ofertadas: 5. Período de inscrições de 04/05/2026 a 14/06/2026. Consulte o edital completo no portal oficial da instituição.,UFBA,Doutorado Profissional,Comunicação e Artes,5,2026-05-04T12:00:00Z,2026-06-14T12:00:00Z,https://sigaa.ufba.br/sigaa/public/processo_seletivo/lista.jsf?aba=p-processo&nivel=S,Encerrado,2026-05-04T12:00:00Z,UFBA SIGAA
2026-08-22T03:33:40.968839Z,EDITAL 05/2026 - POSPETRO PROCESSO SELETIVO PARA DOUTORADO EM GEOQUÍMICA: PETRÓL - DOUTORADO EM GEOQUÍMICA: PETRÓLEO E MEIO AMBIENTE,Inscrições abertas para o processo seletivo da UFBA de ingresso no curso: DOUTORADO EM GEOQUÍMICA: PETRÓLEO E MEIO AMBIENTE. Vagas ofertadas: 3. Período de inscrições de 27/04/2026 a 16/06/2026. Consulte o edital completo no portal oficial da instituição.,UFBA,Doutorado Acadêmico,Agrárias e Ambientais,3,2026-04-27T12:00:00Z,2026-06-16T12:00:00Z,https://sigaa.ufba.br/sigaa/public/processo_seletivo/lista.jsf?aba=p-processo&nivel=S,Encerrado,2026-04-27T12:00:00Z,UFBA SIGAA
2026-08-22T03:33:40.968839Z,Processo Seletivo 2026.2 Doutorado - Aluno Regular - DOUTORADO EM MECATRÔNICA,Inscrições abertas para o processo seletivo da UFBA de ingresso no curso: DOUTORADO EM MECATRÔNICA. Vagas ofertadas: 16. Período de inscrições de 16/04/2026 a 14/06/2026. Consulte o edital completo no portal oficial da instituição.,UFBA,Doutorado Acadêmico,Saúde e Biológicas,16,2026-04-16T12:00:00Z,2026-06-14T12:00:00Z,https://sigaa.ufba.br/sigaa/public/processo_seletivo/lista.jsf?aba=p-processo&nivel=S,Encerrado,2026-04-16T12:00:00Z,UFBA SIGAA
2026-08-23T03:41:19.821820Z,EDITAL 03/2026 - DOUTORADO PROFISSIONAL EM SAÚDE COLETIVA - DOUTORADO PROFISSIONAL EM SAÚDE COLETIVA,Inscrições abertas para o processo seletivo da UFBA de ingresso no curso: DOUTORADO PROFISSIONAL EM SAÚDE COLETIVA. Vagas ofertadas: 10. Período de inscrições de 30/06/2026 a 20/07/2026. Consulte o edital completo no portal oficial da instituição.,UFBA,Doutorado Profissional,Saúde e Biológicas,10,2026-06-30T12:00:00Z,2026-07-20T12:00:00Z,https://sigaa.ufba.br/sigaa/public/processo_seletivo/lista.jsf?aba=p-processo&nivel=S,Encerrado,2026-06-30T12:00:00Z,UFBA SIGAA
2026-08-23T03:41:19.821820Z,PROCESSO SELETIVO DO DOUTORADO ACADÊMICO TURMA 2027-1 - DOUTORADO EM ARQUITETURA E URBANISMO,Inscrições abertas para o processo seletivo da UFBA de ingresso no curso: DOUTORADO EM ARQUITETURA E URBANISMO. Vagas ofertadas: 25. Período de inscrições de 15/06/2026 a 31/07/2026. Consulte o edital completo no portal oficial da instituição.,UFBA,Doutorado Acadêmico,Engenharias e Exatas,25,2026-06-15T12:00:00Z,2026-07-31T12:00:00Z,https://sigaa.ufba.br/sigaa/public/processo_seletivo/lista.jsf?aba=p-processo&nivel=S,Encerrado,2026-06-15T12:00:00Z,UFBA SIGAA
2026-08-23T03:41:19.821820Z,PPGEEC - Edital de Seleção para Alunos Especiais de Doutorado 2026.2 - DOUTORADO EM ENGENHARIA ELÉTRICA,Inscrições abertas para o processo seletivo da UFBA de ingresso no curso: DOUTORADO EM ENGENHARIA ELÉTRICA. Vagas ofertadas: 40. Período de inscrições de 15/06/2026 a 26/06/2026. Consulte o edital completo no portal oficial da instituição.,UFBA,Doutorado Acadêmico,Engenharias e Exatas,40,2026-06-15T12:00:00Z,2026-06-26T12:00:00Z,https://sigaa.ufba.br/sigaa/public/processo_seletivo/lista.jsf?aba=p-processo&nivel=S,Encerrado,2026-06-15T12:00:00Z,UFBA SIGAA
2026-08-23T03:41:19.821820Z,Processo Seletivo em Ciência de Alimentos (2026.2) - NÍVEL DOUTORADO - DOUTORADO EM CIÊNCIA DE ALIMENTOS,Inscrições abertas para o processo seletivo da UFBA de ingresso no curso: DOUTORADO EM CIÊNCIA DE ALIMENTOS. Vagas ofertadas: 22. Período de inscrições de 10/06/2026 a 28/06/2026. Consulte o edital completo no portal oficial da instituição.,UFBA,Doutorado Acadêmico,Saúde e Biológicas,22,2026-06-10T12:00:00Z,2026-06-28T12:00:00Z,https://sigaa.ufba.br/sigaa/public/processo_seletivo/lista.jsf?aba=p-processo&nivel=S,Encerrado,2026-06-10T12:00:00Z,UFBA SIGAA
2026-08-23T03:41:19.821820Z,EDITAL N.º003/2026 DOUTORADO - DOUTORADO EM FARMÁCIA,Inscrições abertas para o processo seletivo da UFBA de ingresso no curso: DOUTORADO EM FARMÁCIA. Vagas ofertadas: 12. Período de inscrições de 04/06/2026 a 30/06/2026. Consulte o edital completo no portal oficial da instituição.,UFBA,Doutorado Acadêmico,Saúde e Biológicas,12,2026-06-04T12:00:00Z,2026-06-30T12:00:00Z,https://sigaa.ufba.br/sigaa/public/processo_seletivo/lista.jsf?aba=p-processo&nivel=S,Encerrado,2026-06-04T12:00:00Z,UFBA SIGAA
2026-08-23T03:41:19.821820Z,PPGEEC / UNIVASF - Seleção para Alunos de Mestrado 2026.2 (Turma MINTER) - DOUTORADO EM ENGENHARIA ELÉTRICA,Inscrições abertas para o processo seletivo da UFBA de ingresso no curso: DOUTORADO EM ENGENHARIA ELÉTRICA. Vagas ofertadas: 20. Período de inscrições de 03/06/2026 a 29/06/2026. Consulte o edital completo no portal oficial da instituição.,UFBA,Doutorado Acadêmico,Engenharias e Exatas,20,2026-06-03T12:00:00Z,2026-06-29T12:00:00Z,https://sigaa.ufba.br/sigaa/public/processo_seletivo/lista.jsf?aba=p-processo&nivel=S,Encerrado,2026-06-03T12:00:00Z,UFBA SIGAA
2026-08-23T03:41:19.821820Z,Edital 2026.2 de Seleção para Doutorado do PPGMCF - DOUTORADO EM MULTICÊNTRICO EM CIÊNCIAS FISIOLÓGICAS,Inscrições abertas para o processo seletivo da UFBA de ingresso no curso: DOUTORADO EM MULTICÊNTRICO EM CIÊNCIAS FISIOLÓGICAS. Vagas ofertadas: 1. Período de inscrições de 21/05/2026 a 08/06/2026. Consulte o edital completo no portal oficial da instituição.,UFBA,Doutorado Acadêmico,Saúde e Biológicas,1,2026-05-21T12:00:00Z,2026-06-08T12:00:00Z,https://sigaa.ufba.br/sigaa/public/processo_seletivo/lista.jsf?aba=p-processo&nivel=S,Encerrado,2026-05-21T12:00:00Z,UFBA SIGAA
2026-08-23T03:41:19.821820Z,PPGEEC - Edital de Seleção para Alunos Regulares de Doutorado 2026.2 - DOUTORADO EM ENGENHARIA ELÉTRICA,Inscrições abertas para o processo seletivo da UFBA de ingresso no curso: DOUTORADO EM ENGENHARIA ELÉTRICA. Vagas ofertadas: 23. Período de inscrições de 19/05/2026 a 15/06/2026. Consulte o edital completo no portal oficial da instituição.,UFBA,Doutorado Acadêmico,Engenharias e Exatas,23,2026-05-19T12:00:00Z,2026-06-15T12:00:00Z,https://sigaa.ufba.br/sigaa/public/processo_seletivo/lista.jsf?aba=p-processo&nivel=S,Encerrado,2026-05-19T12:00:00Z,UFBA SIGAA
2026-08-23T03:41:19.821820Z,SELEÇÃO PARA INGRESSO NO DOUTORADO EM QUÍMICA 2026.2 - DOUTORADO EM QUÍMICA,Inscrições abertas para o processo seletivo da UFBA de ingresso no curso: DOUTORADO EM QUÍMICA. Vagas ofertadas: 20. Período de inscrições de 18/05/2026 a 21/06/2026. Consulte o edital completo no portal oficial da instituição.,UFBA,Doutorado Acadêmico,Engenharias e Exatas,20,2026-05-18T12:00:00Z,2026-06-21T12:00:00Z,https://sigaa.ufba.br/sigaa/public/processo_seletivo/lista.jsf?aba=p-processo&nivel=S,Encerrado,2026-05-18T12:00:00Z,UFBA SIGAA
2026-08-23T03:41:19.821820Z,EDITAL PEI/UFBA 04-2026 - SELEÇÃO PARA O DOUTORADO 2026.2 - DOUTORADO EM ENGENHARIA INDUSTRIAL,Inscrições abertas para o processo seletivo da UFBA de ingresso no curso: DOUTORADO EM ENGENHARIA INDUSTRIAL. Vagas ofertadas: 15. Período de inscrições de 15/05/2026 a 10/06/2026. Consulte o edital completo no portal oficial da instituição.,UFBA,Doutorado Acadêmico,Engenharias e Exatas,15,2026-05-15T12:00:00Z,2026-06-10T12:00:00Z,https://sigaa.ufba.br/sigaa/public/processo_seletivo/lista.jsf?aba=p-processo&nivel=S,Encerrado,2026-05-15T12:00:00Z,UFBA SIGAA
2026-08-23T03:41:19.821820Z,"Seleção para o Doutorado em Matemática, ingresso em 2026.2 - DOUTORADO EM MATEMÁTICA",Inscrições abertas para o processo seletivo da UFBA de ingresso no curso: DOUTORADO EM MATEMÁTICA. Vagas ofertadas: 10. Período de inscrições de 11/05/2026 a 07/06/2026. Consulte o edital completo no portal oficial da instituição.,UFBA,Doutorado Acadêmico,Engenharias e Exatas,10,2026-05-11T12:00:00Z,2026-06-07T12:00:00Z,https://sigaa.ufba.br/sigaa/public/processo_seletivo/lista.jsf?aba=p-processo&nivel=S,Encerrado,2026-05-11T12:00:00Z,UFBA SIGAA
2026-08-23T03:41:19.821820Z,DOUTORADO PROFISSIONAL EM MÚSICA. SELEÇÃO ALUNOS REGULARES 2026.2 - DOUTORADO PROFISSIONAL EM MÚSICA,Inscrições abertas para o processo seletivo da UFBA de ingresso no curso: DOUTORADO PROFISSIONAL EM MÚSICA. Vagas ofertadas: 5. Período de inscrições de 04/05/2026 a 14/06/2026. Consulte o edital completo no portal oficial da instituição.,UFBA,Doutorado Profissional,Comunicação e Artes,5,2026-05-04T12:00:00Z,2026-06-14T12:00:00Z,https://sigaa.ufba.br/sigaa/public/processo_seletivo/lista.jsf?aba=p-processo&nivel=S,Encerrado,2026-05-04T12:00:00Z,UFBA SIGAA
2026-08-23T03:41:19.821820Z,EDITAL 05/2026 - POSPETRO PROCESSO SELETIVO PARA DOUTORADO EM GEOQUÍMICA: PETRÓL - DOUTORADO EM GEOQUÍMICA: PETRÓLEO E MEIO AMBIENTE,Inscrições abertas para o processo seletivo da UFBA de ingresso no curso: DOUTORADO EM GEOQUÍMICA: PETRÓLEO E MEIO AMBIENTE. Vagas ofertadas: 3. Período de inscrições de 27/04/2026 a 16/06/2026. Consulte o edital completo no portal oficial da instituição.,UFBA,Doutorado Acadêmico,Agrárias e Ambientais,3,2026-04-27T12:00:00Z,2026-06-16T12:00:00Z,https://sigaa.ufba.br/sigaa/public/processo_seletivo/lista.jsf?aba=p-processo&nivel=S,Encerrado,2026-04-27T12:00:00Z,UFBA SIGAA
2026-08-23T03:41:19.821820Z,Processo Seletivo 2026.2 Doutorado - Aluno Regular - DOUTORADO EM MECATRÔNICA,Inscrições abertas para o processo seletivo da UFBA de ingresso no curso: DOUTORADO EM MECATRÔNICA. Vagas ofertadas: 16. Período de inscrições de 16/04/2026 a 14/06/2026. Consulte o edital completo no portal oficial da instituição.,UFBA,Doutorado Acadêmico,Saúde e Biológicas,16,2026-04-16T12:00:00Z,2026-06-14T12:00:00Z,https://sigaa.ufba.br/sigaa/public/processo_seletivo/lista.jsf?aba=p-processo&nivel=S,Encerrado,2026-04-16T12:00:00Z,UFBA SIGAA
2026-08-24T03:44:27.142737Z,EDITAL 03/2026 - DOUTORADO PROFISSIONAL EM SAÚDE COLETIVA - DOUTORADO PROFISSIONAL EM SAÚDE COLETIVA,Inscrições abertas para o processo seletivo da UFBA de ingresso no curso: DOUTORADO PROFISSIONAL EM SAÚDE COLETIVA. Vagas ofertadas: 10. Período de inscrições de 30/06/2026 a 20/07/2026. Consulte o edital completo no portal oficial da instituição.,UFBA,Doutorado Profissional,Saúde e Biológicas,10,2026-06-30T12:00:00Z,2026-07-20T12:00:00Z,https://sigaa.ufba.br/sigaa/public/processo_seletivo/lista.jsf?aba=p-processo&nivel=S,Encerrado,2026-06-30T12:00:00Z,UFBA SIGAA
2026-08-24T03:44:27.142737Z,PROCESSO SELETIVO DO DOUTORADO ACADÊMICO TURMA 2027-1 - DOUTORADO EM ARQUITETURA E URBANISMO,Inscrições abertas para o processo seletivo da UFBA de ingresso no curso: DOUTORADO EM ARQUITETURA E URBANISMO. Vagas ofertadas: 25. Período de inscrições de 15/06/2026 a 31/07/2026. Consulte o edital completo no portal oficial da instituição.,UFBA,Doutorado Acadêmico,Engenharias e Exatas,25,2026-06-15T12:00:00Z,2026-07-31T12:00:00Z,https://sigaa.ufba.br/sigaa/public/processo_seletivo/lista.jsf?aba=p-processo&nivel=S,Encerrado,2026-06-15T12:00:00Z,UFBA SIGAA
2026-08-24T03:44:27.142737Z,PPGEEC - Edital de Seleção para Alunos Especiais de Doutorado 2026.2 - DOUTORADO EM ENGENHARIA ELÉTRICA,Inscrições abertas para o processo seletivo da UFBA de ingresso no curso: DOUTORADO EM ENGENHARIA ELÉTRICA. Vagas ofertadas: 40. Período de inscrições de 15/06/2026 a 26/06/2026. Consulte o edital completo no portal oficial da instituição.,UFBA,Doutorado Acadêmico,Engenharias e Exatas,40,2026-06-15T12:00:00Z,2026-06-26T12:00:00Z,https://sigaa.ufba.br/sigaa/public/processo_seletivo/lista.jsf?aba=p-processo&nivel=S,Encerrado,2026-06-15T12:00:00Z,UFBA SIGAA
2026-08-24T03:44:27.142737Z,Processo Seletivo em Ciência de Alimentos (2026.2) - NÍVEL DOUTORADO - DOUTORADO EM CIÊNCIA DE ALIMENTOS,Inscrições abertas para o processo seletivo da UFBA de ingresso no curso: DOUTORADO EM CIÊNCIA DE ALIMENTOS. Vagas ofertadas: 22. Período de inscrições de 10/06/2026 a 28/06/2026. Consulte o edital completo no portal oficial da instituição.,UFBA,Doutorado Acadêmico,Saúde e Biológicas,22,2026-06-10T12:00:00Z,2026-06-28T12:00:00Z,https://sigaa.ufba.br/sigaa/public/processo_seletivo/lista.jsf?aba=p-processo&nivel=S,Encerrado,2026-06-10T12:00:00Z,UFBA SIGAA
2026-08-24T03:44:27.142737Z,EDITAL N.º003/2026 DOUTORADO - DOUTORADO EM FARMÁCIA,Inscrições abertas para o processo seletivo da UFBA de ingresso no curso: DOUTORADO EM FARMÁCIA. Vagas ofertadas: 12. Período de inscrições de 04/06/2026 a 30/06/2026. Consulte o edital completo no portal oficial da instituição.,UFBA,Doutorado Acadêmico,Saúde e Biológicas,12,2026-06-04T12:00:00Z,2026-06-30T12:00:00Z,https://sigaa.ufba.br/sigaa/public/processo_seletivo/lista.jsf?aba=p-processo&nivel=S,Encerrado,2026-06-04T12:00:00Z,UFBA SIGAA
2026-08-24T03:44:27.142737Z,PPGEEC / UNIVASF - Seleção para Alunos de Mestrado 2026.2 (Turma MINTER) - DOUTORADO EM ENGENHARIA ELÉTRICA,Inscrições abertas para o processo seletivo da UFBA de ingresso no curso: DOUTORADO EM ENGENHARIA ELÉTRICA. Vagas ofertadas: 20. Período de inscrições de 03/06/2026 a 29/06/2026. Consulte o edital completo no portal oficial da instituição.,UFBA,Doutorado Acadêmico,Engenharias e Exatas,20,2026-06-03T12:00:00Z,2026-06-29T12:00:00Z,https://sigaa.ufba.br/sigaa/public/processo_seletivo/lista.jsf?aba=p-processo&nivel=S,Encerrado,2026-06-03T12:00:00Z,UFBA SIGAA
2026-08-24T03:44:27.142737Z,Edital 2026.2 de Seleção para Doutorado do PPGMCF - DOUTORADO EM MULTICÊNTRICO EM CIÊNCIAS FISIOLÓGICAS,Inscrições abertas para o processo seletivo da UFBA de ingresso no curso: DOUTORADO EM MULTICÊNTRICO EM CIÊNCIAS FISIOLÓGICAS. Vagas ofertadas: 1. Período de inscrições de 21/05/2026 a 08/06/2026. Consulte o edital completo no portal oficial da instituição.,UFBA,Doutorado Acadêmico,Saúde e Biológicas,1,2026-05-21T12:00:00Z,2026-06-08T12:00:00Z,https://sigaa.ufba.br/sigaa/public/processo_seletivo/lista.jsf?aba=p-processo&nivel=S,Encerrado,2026-05-21T12:00:00Z,UFBA SIGAA
2026-08-24T03:44:27.142737Z,PPGEEC - Edital de Seleção para Alunos Regulares de Doutorado 2026.2 - DOUTORADO EM ENGENHARIA ELÉTRICA,Inscrições abertas para o processo seletivo da UFBA de ingresso no curso: DOUTORADO EM ENGENHARIA ELÉTRICA. Vagas ofertadas: 23. Período de inscrições de 19/05/2026 a 15/06/2026. Consulte o edital completo no portal oficial da instituição.,UFBA,Doutorado Acadêmico,Engenharias e Exatas,23,2026-05-19T12:00:00Z,2026-06-15T12:00:00Z,https://sigaa.ufba.br/sigaa/public/processo_seletivo/lista.jsf?aba=p-processo&nivel=S,Encerrado,2026-05-19T12:00:00Z,UFBA SIGAA
2026-08-24T03:44:27.142737Z,SELEÇÃO PARA INGRESSO NO DOUTORADO EM QUÍMICA 2026.2 - DOUTORADO EM QUÍMICA,Inscrições abertas para o processo seletivo da UFBA de ingresso no curso: DOUTORADO EM QUÍMICA. Vagas ofertadas: 20. Período de inscrições de 18/05/2026 a 21/06/2026. Consulte o edital completo no portal oficial da instituição.,UFBA,Doutorado Acadêmico,Engenharias e Exatas,20,2026-05-18T12:00:00Z,2026-06-21T12:00:00Z,https://sigaa.ufba.br/sigaa/public/processo_seletivo/lista.jsf?aba=p-processo&nivel=S,Encerrado,2026-05-18T12:00:00Z,UFBA SIGAA
2026-08-24T03:44:27.142737Z,EDITAL PEI/UFBA 04-2026 - SELEÇÃO PARA O DOUTORADO 2026.2 - DOUTORADO EM ENGENHARIA INDUSTRIAL,Inscrições abertas para o processo seletivo da UFBA de ingresso no curso: DOUTORADO EM ENGENHARIA INDUSTRIAL. Vagas ofertadas: 15. Período de inscrições de 15/05/2026 a 10/06/2026. Consulte o edital completo no portal oficial da instituição.,UFBA,Doutorado Acadêmico,Engenharias e Exatas,15,2026-05-15T12:00:00Z,2026-06-10T12:00:00Z,https://sigaa.ufba.br/sigaa/public/processo_seletivo/lista.jsf?aba=p-processo&nivel=S,Encerrado,2026-05-15T12:00:00Z,UFBA SIGAA
2026-08-24T03:44:27.142737Z,"Seleção para o Doutorado em Matemática, ingresso em 2026.2 - DOUTORADO EM MATEMÁTICA",Inscrições abertas para o processo seletivo da UFBA de ingresso no curso: DOUTORADO EM MATEMÁTICA. Vagas ofertadas: 10. Período de inscrições de 11/05/2026 a 07/06/2026. Consulte o edital completo no portal oficial da instituição.,UFBA,Doutorado Acadêmico,Engenharias e Exatas,10,2026-05-11T12:00:00Z,2026-06-07T12:00:00Z,https://sigaa.ufba.br/sigaa/public/processo_seletivo/lista.jsf?aba=p-processo&nivel=S,Encerrado,2026-05-11T12:00:00Z,UFBA SIGAA
2026-08-24T03:44:27.142737Z,DOUTORADO PROFISSIONAL EM MÚSICA. SELEÇÃO ALUNOS REGULARES 2026.2 - DOUTORADO PROFISSIONAL EM MÚSICA,Inscrições abertas para o processo seletivo da UFBA de ingresso no curso: DOUTORADO PROFISSIONAL EM MÚSICA. Vagas ofertadas: 5. Período de inscrições de 04/05/2026 a 14/06/2026. Consulte o edital completo no portal oficial da instituição.,UFBA,Doutorado Profissional,Comunicação e Artes,5,2026-05-04T12:00:00Z,2026-06-14T12:00:00Z,https://sigaa.ufba.br/sigaa/public/processo_seletivo/lista.jsf?aba=p-processo&nivel=S,Encerrado,2026-05-04T12:00:00Z,UFBA SIGAA
2026-08-24T03:44:27.142737Z,EDITAL 05/2026 - POSPETRO PROCESSO SELETIVO PARA DOUTORADO EM GEOQUÍMICA: PETRÓL - DOUTORADO EM GEOQUÍMICA: PETRÓLEO E MEIO AMBIENTE,Inscrições abertas para o processo seletivo da UFBA de ingresso no curso: DOUTORADO EM GEOQUÍMICA: PETRÓLEO E MEIO AMBIENTE. Vagas ofertadas: 3. Período de inscrições de 27/04/2026 a 16/06/2026. Consulte o edital completo no portal oficial da instituição.,UFBA,Doutorado Acadêmico,Agrárias e Ambientais,3,2026-04-27T12:00:00Z,2026-06-16T12:00:00Z,https://sigaa.ufba.br/sigaa/public/processo_seletivo/lista.jsf?aba=p-processo&nivel=S,Encerrado,2026-04-27T12:00:00Z,UFBA SIGAA
2026-08-24T03:44:27.142737Z,Processo Seletivo 2026.2 Doutorado - Aluno Regular - DOUTORADO EM MECATRÔNICA,Inscrições abertas para o processo seletivo da UFBA de ingresso no curso: DOUTORADO EM MECATRÔNICA. Vagas ofertadas: 16. Período de inscrições de 16/04/2026 a 14/06/2026. Consulte o edital completo no portal oficial da instituição.,UFBA,Doutorado Acadêmico,Saúde e Biológicas,16,2026-04-16T12:00:00Z,2026-06-14T12:00:00Z,https://sigaa.ufba.br/sigaa/public/processo_seletivo/lista.jsf?aba=p-processo&nivel=S,Encerrado,2026-04-16T12:00:00Z,UFBA SIGAA
2026-08-25T03:39:26.485646Z,EDITAL 03/2026 - DOUTORADO PROFISSIONAL EM SAÚDE COLETIVA - DOUTORADO PROFISSIONAL EM SAÚDE COLETIVA,Inscrições abertas para o processo seletivo da UFBA de ingresso no curso: DOUTORADO PROFISSIONAL EM SAÚDE COLETIVA. Vagas ofertadas: 10. Período de inscrições de 30/06/2026 a 20/07/2026. Consulte o edital completo no portal oficial da instituição.,UFBA,Doutorado Profissional,Saúde e Biológicas,10,2026-06-30T12:00:00Z,2026-07-20T12:00:00Z,https://sigaa.ufba.br/sigaa/public/processo_seletivo/lista.jsf?aba=p-processo&nivel=S,Encerrado,2026-06-30T12:00:00Z,UFBA SIGAA
2026-08-25T03:39:26.485646Z,PROCESSO SELETIVO DO DOUTORADO ACADÊMICO TURMA 2027-1 - DOUTORADO EM ARQUITETURA E URBANISMO,Inscrições abertas para o processo seletivo da UFBA de ingresso no curso: DOUTORADO EM ARQUITETURA E URBANISMO. Vagas ofertadas: 25. Período de inscrições de 15/06/2026 a 31/07/2026. Consulte o edital completo no portal oficial da instituição.,UFBA,Doutorado Acadêmico,Engenharias e Exatas,25,2026-06-15T12:00:00Z,2026-07-31T12:00:00Z,https://sigaa.ufba.br/sigaa/public/processo_seletivo/lista.jsf?aba=p-processo&nivel=S,Encerrado,2026-06-15T12:00:00Z,UFBA SIGAA
2026-08-25T03:39:26.485646Z,PPGEEC - Edital de Seleção para Alunos Especiais de Doutorado 2026.2 - DOUTORADO EM ENGENHARIA ELÉTRICA,Inscrições abertas para o processo seletivo da UFBA de ingresso no curso: DOUTORADO EM ENGENHARIA ELÉTRICA. Vagas ofertadas: 40. Período de inscrições de 15/06/2026 a 26/06/2026. Consulte o edital completo no portal oficial da instituição.,UFBA,Doutorado Acadêmico,Engenharias e Exatas,40,2026-06-15T12:00:00Z,2026-06-26T12:00:00Z,https://sigaa.ufba.br/sigaa/public/processo_seletivo/lista.jsf?aba=p-processo&nivel=S,Encerrado,2026-06-15T12:00:00Z,UFBA SIGAA
2026-08-25T03:39:26.485646Z,Processo Seletivo em Ciência de Alimentos (2026.2) - NÍVEL DOUTORADO - DOUTORADO EM CIÊNCIA DE ALIMENTOS,Inscrições abertas para o processo seletivo da UFBA de ingresso no curso: DOUTORADO EM CIÊNCIA DE ALIMENTOS. Vagas ofertadas: 22. Período de inscrições de 10/06/2026 a 28/06/2026. Consulte o edital completo no portal oficial da instituição.,UFBA,Doutorado Acadêmico,Saúde e Biológicas,22,2026-06-10T12:00:00Z,2026-06-28T12:00:00Z,https://sigaa.ufba.br/sigaa/public/processo_seletivo/lista.jsf?aba=p-processo&nivel=S,Encerrado,2026-06-10T12:00:00Z,UFBA SIGAA
2026-08-25T03:39:26.485646Z,EDITAL N.º003/2026 DOUTORADO - DOUTORADO EM FARMÁCIA,Inscrições abertas para o processo seletivo da UFBA de ingresso no curso: DOUTORADO EM FARMÁCIA. Vagas ofertadas: 12. Período de inscrições de 04/06/2026 a 30/06/2026. Consulte o edital completo no portal oficial da instituição.,UFBA,Doutorado Acadêmico,Saúde e Biológicas,12,2026-06-04T12:00:00Z,2026-06-30T12:00:00Z,https://sigaa.ufba.br/sigaa/public/processo_seletivo/lista.jsf?aba=p-processo&nivel=S,Encerrado,2026-06-04T12:00:00Z,UFBA SIGAA
2026-08-25T03:39:26.485646Z,PPGEEC / UNIVASF - Seleção para Alunos de Mestrado 2026.2 (Turma MINTER) - DOUTORADO EM ENGENHARIA ELÉTRICA,Inscrições abertas para o processo seletivo da UFBA de ingresso no curso: DOUTORADO EM ENGENHARIA ELÉTRICA. Vagas ofertadas: 20. Período de inscrições de 03/06/2026 a 29/06/2026. Consulte o edital completo no portal oficial da instituição.,UFBA,Doutorado Acadêmico,Engenharias e Exatas,20,2026-06-03T12:00:00Z,2026-06-29T12:00:00Z,https://sigaa.ufba.br/sigaa/public/processo_seletivo/lista.jsf?aba=p-processo&nivel=S,Encerrado,2026-06-03T12:00:00Z,UFBA SIGAA
2026-08-25T03:39:26.485646Z,Edital 2026.2 de Seleção para Doutorado do PPGMCF - DOUTORADO EM MULTICÊNTRICO EM CIÊNCIAS FISIOLÓGICAS,Inscrições abertas para o processo seletivo da UFBA de ingresso no curso: DOUTORADO EM MULTICÊNTRICO EM CIÊNCIAS FISIOLÓGICAS. Vagas ofertadas: 1. Período de inscrições de 21/05/2026 a 08/06/2026. Consulte o edital completo no portal oficial da instituição.,UFBA,Doutorado Acadêmico,Saúde e Biológicas,1,2026-05-21T12:00:00Z,2026-06-08T12:00:00Z,https://sigaa.ufba.br/sigaa/public/processo_seletivo/lista.jsf?aba=p-processo&nivel=S,Encerrado,2026-05-21T12:00:00Z,UFBA SIGAA
2026-08-25T03:39:26.485646Z,PPGEEC - Edital de Seleção para Alunos Regulares de Doutorado 2026.2 - DOUTORADO EM ENGENHARIA ELÉTRICA,Inscrições abertas para o processo seletivo da UFBA de ingresso no curso: DOUTORADO EM ENGENHARIA ELÉTRICA. Vagas ofertadas: 23. Período de inscrições de 19/05/2026 a 15/06/2026. Consulte o edital completo no portal oficial da instituição.,UFBA,Doutorado Acadêmico,Engenharias e Exatas,23,2026-05-19T12:00:00Z,2026-06-15T12:00:00Z,https://sigaa.ufba.br/sigaa/public/processo_seletivo/lista.jsf?aba=p-processo&nivel=S,Encerrado,2026-05-19T12:00:00Z,UFBA SIGAA
2026-08-25T03:39:26.485646Z,SELEÇÃO PARA INGRESSO NO DOUTORADO EM QUÍMICA 2026.2 - DOUTORADO EM QUÍMICA,Inscrições abertas para o processo seletivo da UFBA de ingresso no curso: DOUTORADO EM QUÍMICA. Vagas ofertadas: 20. Período de inscrições de 18/05/2026 a 21/06/2026. Consulte o edital completo no portal oficial da instituição.,UFBA,Doutorado Acadêmico,Engenharias e Exatas,20,2026-05-18T12:00:00Z,2026-06-21T12:00:00Z,https://sigaa.ufba.br/sigaa/public/processo_seletivo/lista.jsf?aba=p-processo&nivel=S,Encerrado,2026-05-18T12:00:00Z,UFBA SIGAA
2026-08-25T03:39:26.485646Z,EDITAL PEI/UFBA 04-2026 - SELEÇÃO PARA O DOUTORADO 2026.2 - DOUTORADO EM ENGENHARIA INDUSTRIAL,Inscrições abertas para o processo seletivo da UFBA de ingresso no curso: DOUTORADO EM ENGENHARIA INDUSTRIAL. Vagas ofertadas: 15. Período de inscrições de 15/05/2026 a 10/06/2026. Consulte o edital completo no portal oficial da instituição.,UFBA,Doutorado Acadêmico,Engenharias e Exatas,15,2026-05-15T12:00:00Z,2026-06-10T12:00:00Z,https://sigaa.ufba.br/sigaa/public/processo_seletivo/lista.jsf?aba=p-processo&nivel=S,Encerrado,2026-05-15T12:00:00Z,UFBA SIGAA
2026-08-25T03:39:26.485646Z,"Seleção para o Doutorado em Matemática, ingresso em 2026.2 - DOUTORADO EM MATEMÁTICA",Inscrições abertas para o processo seletivo da UFBA de ingresso no curso: DOUTORADO EM MATEMÁTICA. Vagas ofertadas: 10. Período de inscrições de 11/05/2026 a 07/06/2026. Consulte o edital completo no portal oficial da instituição.,UFBA,Doutorado Acadêmico,Engenharias e Exatas,10,2026-05-11T12:00:00Z,2026-06-07T12:00:00Z,https://sigaa.ufba.br/sigaa/public/processo_seletivo/lista.jsf?aba=p-processo&nivel=S,Encerrado,2026-05-11T12:00:00Z,UFBA SIGAA
2026-08-25T03:39:26.485646Z,DOUTORADO PROFISSIONAL EM MÚSICA. SELEÇÃO ALUNOS REGULARES 2026.2 - DOUTORADO PROFISSIONAL EM MÚSICA,Inscrições abertas para o processo seletivo da UFBA de ingresso no curso: DOUTORADO PROFISSIONAL EM MÚSICA. Vagas ofertadas: 5. Período de inscrições de 04/05/2026 a 14/06/2026. Consulte o edital completo no portal oficial da instituição.,UFBA,Doutorado Profissional,Comunicação e Artes,5,2026-05-04T12:00:00Z,2026-06-14T12:00:00Z,https://sigaa.ufba.br/sigaa/public/processo_seletivo/lista.jsf?aba=p-processo&nivel=S,Encerrado,2026-05-04T12:00:00Z,UFBA SIGAA
2026-08-25T03:39:26.485646Z,EDITAL 05/2026 - POSPETRO PROCESSO SELETIVO PARA DOUTORADO EM GEOQUÍMICA: PETRÓL - DOUTORADO EM GEOQUÍMICA: PETRÓLEO E MEIO AMBIENTE,Inscrições abertas para o processo seletivo da UFBA de ingresso no curso: DOUTORADO EM GEOQUÍMICA: PETRÓLEO E MEIO AMBIENTE. Vagas ofertadas: 3. Período de inscrições de 27/04/2026 a 16/06/2026. Consulte o edital completo no portal oficial da instituição.,UFBA,Doutorado Acadêmico,Agrárias e Ambientais,3,2026-04-27T12:00:00Z,2026-06-16T12:00:00Z,https://sigaa.ufba.br/sigaa/public/processo_seletivo/lista.jsf?aba=p-processo&nivel=S,Encerrado,2026-04-27T12:00:00Z,UFBA SIGAA
2026-08-25T03:39:26.485646Z,Processo Seletivo 2026.2 Doutorado - Aluno Regular - DOUTORADO EM MECATRÔNICA,Inscrições abertas para o processo seletivo da UFBA de ingresso no curso: DOUTORADO EM MECATRÔNICA. Vagas ofertadas: 16. Período de inscrições de 16/04/2026 a 14/06/2026. Consulte o edital completo no portal oficial da instituição.,UFBA,Doutorado Acadêmico,Saúde e Biológicas,16,2026-04-16T12:00:00Z,2026-06-14T12:00:00Z,https://sigaa.ufba.br/sigaa/public/processo_seletivo/lista.jsf?aba=p-processo&nivel=S,Encerrado,2026-04-16T12:00:00Z,UFBA SIGAA
2026-08-26T03:43:50.592103Z,EDITAL 03/2026 - DOUTORADO PROFISSIONAL EM SAÚDE COLETIVA - DOUTORADO PROFISSIONAL EM SAÚDE COLETIVA,Inscrições abertas para o processo seletivo da UFBA de ingresso no curso: DOUTORADO PROFISSIONAL EM SAÚDE COLETIVA. Vagas ofertadas: 10. Período de inscrições de 30/06/2026 a 20/07/2026. Consulte o edital completo no portal oficial da instituição.,UFBA,Doutorado Profissional,Saúde e Biológicas,10,2026-06-30T12:00:00Z,2026-07-20T12:00:00Z,https://sigaa.ufba.br/sigaa/public/processo_seletivo/lista.jsf?aba=p-processo&nivel=S,Encerrado,2026-06-30T12:00:00Z,UFBA SIGAA
2026-08-26T03:43:50.592103Z,PROCESSO SELETIVO DO DOUTORADO ACADÊMICO TURMA 2027-1 - DOUTORADO EM ARQUITETURA E URBANISMO,Inscrições abertas para o processo seletivo da UFBA de ingresso no curso: DOUTORADO EM ARQUITETURA E URBANISMO. Vagas ofertadas: 25. Período de inscrições de 15/06/2026 a 31/07/2026. Consulte o edital completo no portal oficial da instituição.,UFBA,Doutorado Acadêmico,Engenharias e Exatas,25,2026-06-15T12:00:00Z,2026-07-31T12:00:00Z,https://sigaa.ufba.br/sigaa/public/processo_seletivo/lista.jsf?aba=p-processo&nivel=S,Encerrado,2026-06-15T12:00:00Z,UFBA SIGAA
2026-08-26T03:43:50.592103Z,PPGEEC - Edital de Seleção para Alunos Especiais de Doutorado 2026.2 - DOUTORADO EM ENGENHARIA ELÉTRICA,Inscrições abertas para o processo seletivo da UFBA de ingresso no curso: DOUTORADO EM ENGENHARIA ELÉTRICA. Vagas ofertadas: 40. Período de inscrições de 15/06/2026 a 26/06/2026. Consulte o edital completo no portal oficial da instituição.,UFBA,Doutorado Acadêmico,Engenharias e Exatas,40,2026-06-15T12:00:00Z,2026-06-26T12:00:00Z,https://sigaa.ufba.br/sigaa/public/processo_seletivo/lista.jsf?aba=p-processo&nivel=S,Encerrado,2026-06-15T12:00:00Z,UFBA SIGAA
2026-08-26T03:43:50.592103Z,Processo Seletivo em Ciência de Alimentos (2026.2) - NÍVEL DOUTORADO - DOUTORADO EM CIÊNCIA DE ALIMENTOS,Inscrições abertas para o processo seletivo da UFBA de ingresso no curso: DOUTORADO EM CIÊNCIA DE ALIMENTOS. Vagas ofertadas: 22. Período de inscrições de 10/06/2026 a 28/06/2026. Consulte o edital completo no portal oficial da instituição.,UFBA,Doutorado Acadêmico,Saúde e Biológicas,22,2026-06-10T12:00:00Z,2026-06-28T12:00:00Z,https://sigaa.ufba.br/sigaa/public/processo_seletivo/lista.jsf?aba=p-processo&nivel=S,Encerrado,2026-06-10T12:00:00Z,UFBA SIGAA
2026-08-26T03:43:50.592103Z,EDITAL N.º003/2026 DOUTORADO - DOUTORADO EM FARMÁCIA,Inscrições abertas para o processo seletivo da UFBA de ingresso no curso: DOUTORADO EM FARMÁCIA. Vagas ofertadas: 12. Período de inscrições de 04/06/2026 a 30/06/2026. Consulte o edital completo no portal oficial da instituição.,UFBA,Doutorado Acadêmico,Saúde e Biológicas,12,2026-06-04T12:00:00Z,2026-06-30T12:00:00Z,https://sigaa.ufba.br/sigaa/public/processo_seletivo/lista.jsf?aba=p-processo&nivel=S,Encerrado,2026-06-04T12:00:00Z,UFBA SIGAA
2026-08-26T03:43:50.592103Z,PPGEEC / UNIVASF - Seleção para Alunos de Mestrado 2026.2 (Turma MINTER) - DOUTORADO EM ENGENHARIA ELÉTRICA,Inscrições abertas para o processo seletivo da UFBA de ingresso no curso: DOUTORADO EM ENGENHARIA ELÉTRICA. Vagas ofertadas: 20. Período de inscrições de 03/06/2026 a 29/06/2026. Consulte o edital completo no portal oficial da instituição.,UFBA,Doutorado Acadêmico,Engenharias e Exatas,20,2026-06-03T12:00:00Z,2026-06-29T12:00:00Z,https://sigaa.ufba.br/sigaa/public/processo_seletivo/lista.jsf?aba=p-processo&nivel=S,Encerrado,2026-06-03T12:00:00Z,UFBA SIGAA
2026-08-26T03:43:50.592103Z,Edital 2026.2 de Seleção para Doutorado do PPGMCF - DOUTORADO EM MULTICÊNTRICO EM CIÊNCIAS FISIOLÓGICAS,Inscrições abertas para o processo seletivo da UFBA de ingresso no curso: DOUTORADO EM MULTICÊNTRICO EM CIÊNCIAS FISIOLÓGICAS. Vagas ofertadas: 1. Período de inscrições de 21/05/2026 a 08/06/2026. Consulte o edital completo no portal oficial da instituição.,UFBA,Doutorado Acadêmico,Saúde e Biológicas,1,2026-05-21T12:00:00Z,2026-06-08T12:00:00Z,https://sigaa.ufba.br/sigaa/public/processo_seletivo/lista.jsf?aba=p-processo&nivel=S,Encerrado,2026-05-21T12:00:00Z,UFBA SIGAA
2026-08-26T03:43:50.592103Z,PPGEEC - Edital de Seleção para Alunos Regulares de Doutorado 2026.2 - DOUTORADO EM ENGENHARIA ELÉTRICA,Inscrições abertas para o processo seletivo da UFBA de ingresso no curso: DOUTORADO EM ENGENHARIA ELÉTRICA. Vagas ofertadas: 23. Período de inscrições de 19/05/2026 a 15/06/2026. Consulte o edital completo no portal oficial da instituição.,UFBA,Doutorado Acadêmico,Engenharias e Exatas,23,2026-05-19T12:00:00Z,2026-06-15T12:00:00Z,https://sigaa.ufba.br/sigaa/public/processo_seletivo/lista.jsf?aba=p-processo&nivel=S,Encerrado,2026-05-19T12:00:00Z,UFBA SIGAA
2026-08-26T03:43:50.592103Z,SELEÇÃO PARA INGRESSO NO DOUTORADO EM QUÍMICA 2026.2 - DOUTORADO EM QUÍMICA,Inscrições abertas para o processo seletivo da UFBA de ingresso no curso: DOUTORADO EM QUÍMICA. Vagas ofertadas: 20. Período de inscrições de 18/05/2026 a 21/06/2026. Consulte o edital completo no portal oficial da instituição.,UFBA,Doutorado Acadêmico,Engenharias e Exatas,20,2026-05-18T12:00:00Z,2026-06-21T12:00:00Z,https://sigaa.ufba.br/sigaa/public/processo_seletivo/lista.jsf?aba=p-processo&nivel=S,Encerrado,2026-05-18T12:00:00Z,UFBA SIGAA
2026-08-26T03:43:50.592103Z,EDITAL PEI/UFBA 04-2026 - SELEÇÃO PARA O DOUTORADO 2026.2 - DOUTORADO EM ENGENHARIA INDUSTRIAL,Inscrições abertas para o processo seletivo da UFBA de ingresso no curso: DOUTORADO EM ENGENHARIA INDUSTRIAL. Vagas ofertadas: 15. Período de inscrições de 15/05/2026 a 10/06/2026. Consulte o edital completo no portal oficial da instituição.,UFBA,Doutorado Acadêmico,Engenharias e Exatas,15,2026-05-15T12:00:00Z,2026-06-10T12:00:00Z,https://sigaa.ufba.br/sigaa/public/processo_seletivo/lista.jsf?aba=p-processo&nivel=S,Encerrado,2026-05-15T12:00:00Z,UFBA SIGAA
2026-08-26T03:43:50.592103Z,"Seleção para o Doutorado em Matemática, ingresso em 2026.2 - DOUTORADO EM MATEMÁTICA",Inscrições abertas para o processo seletivo da UFBA de ingresso no curso: DOUTORADO EM MATEMÁTICA. Vagas ofertadas: 10. Período de inscrições de 11/05/2026 a 07/06/2026. Consulte o edital completo no portal oficial da instituição.,UFBA,Doutorado Acadêmico,Engenharias e Exatas,10,2026-05-11T12:00:00Z,2026-06-07T12:00:00Z,https://sigaa.ufba.br/sigaa/public/processo_seletivo/lista.jsf?aba=p-processo&nivel=S,Encerrado,2026-05-11T12:00:00Z,UFBA SIGAA
2026-08-26T03:43:50.592103Z,DOUTORADO PROFISSIONAL EM MÚSICA. SELEÇÃO ALUNOS REGULARES 2026.2 - DOUTORADO PROFISSIONAL EM MÚSICA,Inscrições abertas para o processo seletivo da UFBA de ingresso no curso: DOUTORADO PROFISSIONAL EM MÚSICA. Vagas ofertadas: 5. Período de inscrições de 04/05/2026 a 14/06/2026. Consulte o edital completo no portal oficial da instituição.,UFBA,Doutorado Profissional,Comunicação e Artes,5,2026-05-04T12:00:00Z,2026-06-14T12:00:00Z,https://sigaa.ufba.br/sigaa/public/processo_seletivo/lista.jsf?aba=p-processo&nivel=S,Encerrado,2026-05-04T12:00:00Z,UFBA SIGAA
2026-08-26T03:43:50.592103Z,EDITAL 05/2026 - POSPETRO PROCESSO SELETIVO PARA DOUTORADO EM GEOQUÍMICA: PETRÓL - DOUTORADO EM GEOQUÍMICA: PETRÓLEO E MEIO AMBIENTE,Inscrições abertas para o processo seletivo da UFBA de ingresso no curso: DOUTORADO EM GEOQUÍMICA: PETRÓLEO E MEIO AMBIENTE. Vagas ofertadas: 3. Período de inscrições de 27/04/2026 a 16/06/2026. Consulte o edital completo no portal oficial da instituição.,UFBA,Doutorado Acadêmico,Agrárias e Ambientais,3,2026-04-27T12:00:00Z,2026-06-16T12:00:00Z,https://sigaa.ufba.br/sigaa/public/processo_seletivo/lista.jsf?aba=p-processo&nivel=S,Encerrado,2026-04-27T12:00:00Z,UFBA SIGAA
2026-08-26T03:43:50.592103Z,Processo Seletivo 2026.2 Doutorado - Aluno Regular - DOUTORADO EM MECATRÔNICA,Inscrições abertas para o processo seletivo da UFBA de ingresso no curso: DOUTORADO EM MECATRÔNICA. Vagas ofertadas: 16. Período de inscrições de 16/04/2026 a 14/06/2026. Consulte o edital completo no portal oficial da instituição.,UFBA,Doutorado Acadêmico,Saúde e Biológicas,16,2026-04-16T12:00:00Z,2026-06-14T12:00:00Z,https://sigaa.ufba.br/sigaa/public/processo_seletivo/lista.jsf?aba=p-processo&nivel=S,Encerrado,2026-04-16T12:00:00Z,UFBA SIGAA
2026-08-27T13:18:55.432968Z,EDITAL 03/2026 - DOUTORADO PROFISSIONAL EM SAÚDE COLETIVA - DOUTORADO PROFISSIONAL EM SAÚDE COLETIVA,Inscrições abertas para o processo seletivo da UFBA de ingresso no curso: DOUTORADO PROFISSIONAL EM SAÚDE COLETIVA. Vagas ofertadas: 10. Período de inscrições de 30/06/2026 a 20/07/2026. Consulte o edital completo no portal oficial da instituição.,UFBA,Doutorado Profissional,Saúde e Biológicas,10,2026-06-30T12:00:00Z,2026-07-20T12:00:00Z,https://sigaa.ufba.br/sigaa/public/processo_seletivo/lista.jsf?aba=p-processo&nivel=S,Encerrado,2026-06-30T12:00:00Z,UFBA SIGAA
2026-08-27T13:18:55.432968Z,PROCESSO SELETIVO DO DOUTORADO ACADÊMICO TURMA 2027-1 - DOUTORADO EM ARQUITETURA E URBANISMO,Inscrições abertas para o processo seletivo da UFBA de ingresso no curso: DOUTORADO EM ARQUITETURA E URBANISMO. Vagas ofertadas: 25. Período de inscrições de 15/06/2026 a 31/07/2026. Consulte o edital completo no portal oficial da instituição.,UFBA,Doutorado Acadêmico,Engenharias e Exatas,25,2026-06-15T12:00:00Z,2026-07-31T12:00:00Z,https://sigaa.ufba.br/sigaa/public/processo_seletivo/lista.jsf?aba=p-processo&nivel=S,Encerrado,2026-06-15T12:00:00Z,UFBA SIGAA
2026-08-27T13:18:55.432968Z,PPGEEC - Edital de Seleção para Alunos Especiais de Doutorado 2026.2 - DOUTORADO EM ENGENHARIA ELÉTRICA,Inscrições abertas para o processo seletivo da UFBA de ingresso no curso: DOUTORADO EM ENGENHARIA ELÉTRICA. Vagas ofertadas: 40. Período de inscrições de 15/06/2026 a 26/06/2026. Consulte o edital completo no portal oficial da instituição.,UFBA,Doutorado Acadêmico,Engenharias e Exatas,40,2026-06-15T12:00:00Z,2026-06-26T12:00:00Z,https://sigaa.ufba.br/sigaa/public/processo_seletivo/lista.jsf?aba=p-processo&nivel=S,Encerrado,2026-06-15T12:00:00Z,UFBA SIGAA
2026-08-27T13:18:55.432968Z,Processo Seletivo em Ciência de Alimentos (2026.2) - NÍVEL DOUTORADO - DOUTORADO EM CIÊNCIA DE ALIMENTOS,Inscrições abertas para o processo seletivo da UFBA de ingresso no curso: DOUTORADO EM CIÊNCIA DE ALIMENTOS. Vagas ofertadas: 22. Período de inscrições de 10/06/2026 a 28/06/2026. Consulte o edital completo no portal oficial da instituição.,UFBA,Doutorado Acadêmico,Saúde e Biológicas,22,2026-06-10T12:00:00Z,2026-06-28T12:00:00Z,https://sigaa.ufba.br/sigaa/public/processo_seletivo/lista.jsf?aba=p-processo&nivel=S,Encerrado,2026-06-10T12:00:00Z,UFBA SIGAA
2026-08-27T13:18:55.432968Z,EDITAL N.º003/2026 DOUTORADO - DOUTORADO EM FARMÁCIA,Inscrições abertas para o processo seletivo da UFBA de ingresso no curso: DOUTORADO EM FARMÁCIA. Vagas ofertadas: 12. Período de inscrições de 04/06/2026 a 30/06/2026. Consulte o edital completo no portal oficial da instituição.,UFBA,Doutorado Acadêmico,Saúde e Biológicas,12,2026-06-04T12:00:00Z,2026-06-30T12:00:00Z,https://sigaa.ufba.br/sigaa/public/processo_seletivo/lista.jsf?aba=p-processo&nivel=S,Encerrado,2026-06-04T12:00:00Z,UFBA SIGAA
2026-08-27T13:18:55.432968Z,PPGEEC / UNIVASF - Seleção para Alunos de Mestrado 2026.2 (Turma MINTER) - DOUTORADO EM ENGENHARIA ELÉTRICA,Inscrições abertas para o processo seletivo da UFBA de ingresso no curso: DOUTORADO EM ENGENHARIA ELÉTRICA. Vagas ofertadas: 20. Período de inscrições de 03/06/2026 a 29/06/2026. Consulte o edital completo no portal oficial da instituição.,UFBA,Doutorado Acadêmico,Engenharias e Exatas,20,2026-06-03T12:00:00Z,2026-06-29T12:00:00Z,https://sigaa.ufba.br/sigaa/public/processo_seletivo/lista.jsf?aba=p-processo&nivel=S,Encerrado,2026-06-03T12:00:00Z,UFBA SIGAA
2026-08-27T13:18:55.432968Z,Edital 2026.2 de Seleção para Doutorado do PPGMCF - DOUTORADO EM MULTICÊNTRICO EM CIÊNCIAS FISIOLÓGICAS,Inscrições abertas para o processo seletivo da UFBA de ingresso no curso: DOUTORADO EM MULTICÊNTRICO EM CIÊNCIAS FISIOLÓGICAS. Vagas ofertadas: 1. Período de inscrições de 21/05/2026 a 08/06/2026. Consulte o edital completo no portal oficial da instituição.,UFBA,Doutorado Acadêmico,Saúde e Biológicas,1,2026-05-21T12:00:00Z,2026-06-08T12:00:00Z,https://sigaa.ufba.br/sigaa/public/processo_seletivo/lista.jsf?aba=p-processo&nivel=S,Encerrado,2026-05-21T12:00:00Z,UFBA SIGAA
2026-08-27T13:18:55.432968Z,PPGEEC - Edital de Seleção para Alunos Regulares de Doutorado 2026.2 - DOUTORADO EM ENGENHARIA ELÉTRICA,Inscrições abertas para o processo seletivo da UFBA de ingresso no curso: DOUTORADO EM ENGENHARIA ELÉTRICA. Vagas ofertadas: 23. Período de inscrições de 19/05/2026 a 15/06/2026. Consulte o edital completo no portal oficial da instituição.,UFBA,Doutorado Acadêmico,Engenharias e Exatas,23,2026-05-19T12:00:00Z,2026-06-15T12:00:00Z,https://sigaa.ufba.br/sigaa/public/processo_seletivo/lista.jsf?aba=p-processo&nivel=S,Encerrado,2026-05-19T12:00:00Z,UFBA SIGAA
2026-08-27T13:18:55.432968Z,SELEÇÃO PARA INGRESSO NO DOUTORADO EM QUÍMICA 2026.2 - DOUTORADO EM QUÍMICA,Inscrições abertas para o processo seletivo da UFBA de ingresso no curso: DOUTORADO EM QUÍMICA. Vagas ofertadas: 20. Período de inscrições de 18/05/2026 a 21/06/2026. Consulte o edital completo no portal oficial da instituição.,UFBA,Doutorado Acadêmico,Engenharias e Exatas,20,2026-05-18T12:00:00Z,2026-06-21T12:00:00Z,https://sigaa.ufba.br/sigaa/public/processo_seletivo/lista.jsf?aba=p-processo&nivel=S,Encerrado,2026-05-18T12:00:00Z,UFBA SIGAA
2026-08-27T13:18:55.432968Z,EDITAL PEI/UFBA 04-2026 - SELEÇÃO PARA O DOUTORADO 2026.2 - DOUTORADO EM ENGENHARIA INDUSTRIAL,Inscrições abertas para o processo seletivo da UFBA de ingresso no curso: DOUTORADO EM ENGENHARIA INDUSTRIAL. Vagas ofertadas: 15. Período de inscrições de 15/05/2026 a 10/06/2026. Consulte o edital completo no portal oficial da instituição.,UFBA,Doutorado Acadêmico,Engenharias e Exatas,15,2026-05-15T12:00:00Z,2026-06-10T12:00:00Z,https://sigaa.ufba.br/sigaa/public/processo_seletivo/lista.jsf?aba=p-processo&nivel=S,Encerrado,2026-05-15T12:00:00Z,UFBA SIGAA
2026-08-27T13:18:55.432968Z,"Seleção para o Doutorado em Matemática, ingresso em 2026.2 - DOUTORADO EM MATEMÁTICA",Inscrições abertas para o processo seletivo da UFBA de ingresso no curso: DOUTORADO EM MATEMÁTICA. Vagas ofertadas: 10. Período de inscrições de 11/05/2026 a 07/06/2026. Consulte o edital completo no portal oficial da instituição.,UFBA,Doutorado Acadêmico,Engenharias e Exatas,10,2026-05-11T12:00:00Z,2026-06-07T12:00:00Z,https://sigaa.ufba.br/sigaa/public/processo_seletivo/lista.jsf?aba=p-processo&nivel=S,Encerrado,2026-05-11T12:00:00Z,UFBA SIGAA
2026-08-27T13:18:55.432968Z,DOUTORADO PROFISSIONAL EM MÚSICA. SELEÇÃO ALUNOS REGULARES 2026.2 - DOUTORADO PROFISSIONAL EM MÚSICA,Inscrições abertas para o processo seletivo da UFBA de ingresso no curso: DOUTORADO PROFISSIONAL EM MÚSICA. Vagas ofertadas: 5. Período de inscrições de 04/05/2026 a 14/06/2026. Consulte o edital completo no portal oficial da instituição.,UFBA,Doutorado Profissional,Comunicação e Artes,5,2026-05-04T12:00:00Z,2026-06-14T12:00:00Z,https://sigaa.ufba.br/sigaa/public/processo_seletivo/lista.jsf?aba=p-processo&nivel=S,Encerrado,2026-05-04T12:00:00Z,UFBA SIGAA
2026-08-27T13:18:55.432968Z,EDITAL 05/2026 - POSPETRO PROCESSO SELETIVO PARA DOUTORADO EM GEOQUÍMICA: PETRÓL - DOUTORADO EM GEOQUÍMICA: PETRÓLEO E MEIO AMBIENTE,Inscrições abertas para o processo seletivo da UFBA de ingresso no curso: DOUTORADO EM GEOQUÍMICA: PETRÓLEO E MEIO AMBIENTE. Vagas ofertadas: 3. Período de inscrições de 27/04/2026 a 16/06/2026. Consulte o edital completo no portal oficial da instituição.,UFBA,Doutorado Acadêmico,Agrárias e Ambientais,3,2026-04-27T12:00:00Z,2026-06-16T12:00:00Z,https://sigaa.ufba.br/sigaa/public/processo_seletivo/lista.jsf?aba=p-processo&nivel=S,Encerrado,2026-04-27T12:00:00Z,UFBA SIGAA
2026-08-27T13:18:55.432968Z,Processo Seletivo 2026.2 Doutorado - Aluno Regular - DOUTORADO EM MECATRÔNICA,Inscrições abertas para o processo seletivo da UFBA de ingresso no curso: DOUTORADO EM MECATRÔNICA. Vagas ofertadas: 16. Período de inscrições de 16/04/2026 a 14/06/2026. Consulte o edital completo no portal oficial da instituição.,UFBA,Doutorado Acadêmico,Saúde e Biológicas,16,2026-04-16T12:00:00Z,2026-06-14T12:00:00Z,https://sigaa.ufba.br/sigaa/public/processo_seletivo/lista.jsf?aba=p-processo&nivel=S,Encerrado,2026-04-16T12:00:00Z,UFBA SIGAA
