data_coleta,titulo,resumo,instituicao,nivel,area,vagas,inscricoes_inicio,inscricoes_fim,url,status,data_publicacao,fonte
2026-09-01T08:05:37.318535Z,Edital nº 01 - Processo Seletivo Aluno Especial Doutorado 2026.2 - DOUTORADO EM ESTATÍSTICA E CIÊNCIAS DE DADOS,Inscrições abertas para o processo seletivo da UFBA de ingresso no curso: DOUTORADO EM ESTATÍSTICA E CIÊNCIAS DE DADOS. Vagas ofertadas: 5. Período de inscrições de 15/06/2026 a 10/07/2026. Consulte o edital completo no portal oficial da instituição.,UFBA,Doutorado - Aluno Especial,Engenharias e Exatas,5,2026-06-15T12:00:00Z,2026-07-10T12:00:00Z,https://sigaa.ufba.br/sigaa/public/processo_seletivo/lista.jsf?aba=p-processo&nivel=S,Encerrado,2026-06-15T12:00:00Z,UFBA SIGAA
2026-09-01T08:05:37.318535Z,Edital nº 01 - Processo Seletivo Aluno Especial Mestrado 2026.2 - MESTRADO EM ESTATÍSTICA E CIÊNCIAS DE DADOS,Inscrições abertas para o processo seletivo da UFBA de ingresso no curso: MESTRADO EM ESTATÍSTICA E CIÊNCIAS DE DADOS. Vagas ofertadas: 13. Período de inscrições de 15/06/2026 a 10/07/2026. Consulte o edital completo no portal oficial da instituição.,UFBA,Mestrado - Aluno Especial,Engenharias e Exatas,13,2026-06-15T12:00:00Z,2026-07-10T12:00:00Z,https://sigaa.ufba.br/sigaa/public/processo_seletivo/lista.jsf?aba=p-processo&nivel=S,Encerrado,2026-06-15T12:00:00Z,UFBA SIGAA
2026-09-01T08:05:37.318535Z,EDITAL DE ALUNO ESPECIAL 2026.2 DOUTORADO - DOUTORADO EM ARQUITETURA E URBANISMO,Inscrições abertas para o processo seletivo da UFBA de ingresso no curso: DOUTORADO EM ARQUITETURA E URBANISMO. Vagas ofertadas: 50. Período de inscrições de 12/06/2026 a 18/06/2026. Consulte o edital completo no portal oficial da instituição.,UFBA,Doutorado - Aluno Especial,Engenharias e Exatas,50,2026-06-12T12:00:00Z,2026-06-18T12:00:00Z,https://sigaa.ufba.br/sigaa/public/processo_seletivo/lista.jsf?aba=p-processo&nivel=S,Encerrado,2026-06-12T12:00:00Z,UFBA SIGAA
2026-09-01T08:05:37.318535Z,EDITAL DE ALUNO ESPECIAL 2026.2 MESTRADO - MESTRADO EM ARQUITETURA E URBANISMO,Inscrições abertas para o processo seletivo da UFBA de ingresso no curso: MESTRADO EM ARQUITETURA E URBANISMO. Vagas ofertadas: 50. Período de inscrições de 12/06/2026 a 18/06/2026. Consulte o edital completo no portal oficial da instituição.,UFBA,Mestrado - Aluno Especial,Engenharias e Exatas,50,2026-06-12T12:00:00Z,2026-06-18T12:00:00Z,https://sigaa.ufba.br/sigaa/public/processo_seletivo/lista.jsf?aba=p-processo&nivel=S,Encerrado,2026-06-12T12:00:00Z,UFBA SIGAA
2026-09-01T08:05:37.318535Z,PROCESSO SELETIVO IC-PGCOMP DOUTORADO PARA ALUNO ESPECIAL 2026.2 - DOUTORADO EM CIÊNCIA DA COMPUTAÇÃO,Inscrições abertas para o processo seletivo da UFBA de ingresso no curso: DOUTORADO EM CIÊNCIA DA COMPUTAÇÃO. Vagas ofertadas: 30. Período de inscrições de 12/06/2026 a 19/06/2026. Consulte o edital completo no portal oficial da instituição.,UFBA,Doutorado - Aluno Especial,Tecnologia e Informática,30,2026-06-12T12:00:00Z,2026-06-19T12:00:00Z,https://sigaa.ufba.br/sigaa/public/processo_seletivo/lista.jsf?aba=p-processo&nivel=S,Encerrado,2026-06-12T12:00:00Z,UFBA SIGAA
2026-09-01T08:05:37.318535Z,PROCESSO SELETIVO IC-PGCOMP MESTRADO PARA ALUNO ESPECIAL 2026.2 - MESTRADO EM CIÊNCIA DA COMPUTAÇÃO,Inscrições abertas para o processo seletivo da UFBA de ingresso no curso: MESTRADO EM CIÊNCIA DA COMPUTAÇÃO. Vagas ofertadas: 70. Período de inscrições de 12/06/2026 a 19/06/2026. Consulte o edital completo no portal oficial da instituição.,UFBA,Mestrado - Aluno Especial,Tecnologia e Informática,70,2026-06-12T12:00:00Z,2026-06-19T12:00:00Z,https://sigaa.ufba.br/sigaa/public/processo_seletivo/lista.jsf?aba=p-processo&nivel=S,Encerrado,2026-06-12T12:00:00Z,UFBA SIGAA
2026-09-01T08:05:37.318535Z,EDITAL nº 02/2026 - SELEÇÃO PARA ALUNO ESPECIAL - SEMESTRE LETIVO 2026.2 - MESTRADO EM EDUCAÇÃO,Inscrições abertas para o processo seletivo da UFBA de ingresso no curso: MESTRADO EM EDUCAÇÃO. Vagas ofertadas: 102. Período de inscrições de 09/06/2026 a 12/06/2026. Consulte o edital completo no portal oficial da instituição.,UFBA,Mestrado - Aluno Especial,Educação,102,2026-06-09T12:00:00Z,2026-06-12T12:00:00Z,https://sigaa.ufba.br/sigaa/public/processo_seletivo/lista.jsf?aba=p-processo&nivel=S,Encerrado,2026-06-09T12:00:00Z,UFBA SIGAA
2026-09-01T08:05:37.318535Z,PROCESSO SELETIVO PARA INGRESSO DE ALUNO ESPECIAL DOUTORADO- PGENF 2026.2 - DOUTORADO EM ENFERMAGEM E SAÚDE,Inscrições abertas para o processo seletivo da UFBA de ingresso no curso: DOUTORADO EM ENFERMAGEM E SAÚDE. Vagas ofertadas: 30. Período de inscrições de 09/06/2026 a 15/06/2026. Consulte o edital completo no portal oficial da instituição.,UFBA,Doutorado - Aluno Especial,Saúde e Biológicas,30,2026-06-09T12:00:00Z,2026-06-15T12:00:00Z,https://sigaa.ufba.br/sigaa/public/processo_seletivo/lista.jsf?aba=p-processo&nivel=S,Encerrado,2026-06-09T12:00:00Z,UFBA SIGAA
2026-09-01T08:05:37.318535Z,PROCESSO SELETIVO PARA INGRESSO DE ALUNO ESPECIAL MESTRADO- PGENF 2026.2 - MESTRADO EM ENFERMAGEM E SAÚDE,Inscrições abertas para o processo seletivo da UFBA de ingresso no curso: MESTRADO EM ENFERMAGEM E SAÚDE. Vagas ofertadas: 60. Período de inscrições de 09/06/2026 a 15/06/2026. Consulte o edital completo no portal oficial da instituição.,UFBA,Mestrado - Aluno Especial,Saúde e Biológicas,60,2026-06-09T12:00:00Z,2026-06-15T12:00:00Z,https://sigaa.ufba.br/sigaa/public/processo_seletivo/lista.jsf?aba=p-processo&nivel=S,Encerrado,2026-06-09T12:00:00Z,UFBA SIGAA
2026-09-01T08:05:37.318535Z,SELEÇÃO DE ALUNO/A ESPECIAL DO PPGCS - 2026.2 - MESTRADO EM CIÊNCIAS SOCIAIS,Inscrições abertas para o processo seletivo da UFBA de ingresso no curso: MESTRADO EM CIÊNCIAS SOCIAIS. Vagas ofertadas: 45. Período de inscrições de 05/06/2026 a 12/06/2026. Consulte o edital completo no portal oficial da instituição.,UFBA,Mestrado - Aluno Especial,Saúde e Biológicas,45,2026-06-05T12:00:00Z,2026-06-12T12:00:00Z,https://sigaa.ufba.br/sigaa/public/processo_seletivo/lista.jsf?aba=p-processo&nivel=S,Encerrado,2026-06-05T12:00:00Z,UFBA SIGAA
2026-09-01T08:05:37.318535Z,SELEÇÃO PARA ALUNO ESPECIAL PPGCONT 2026.2 - MESTRADO EM CONTABILIDADE,Inscrições abertas para o processo seletivo da UFBA de ingresso no curso: MESTRADO EM CONTABILIDADE. Vagas ofertadas: 80. Período de inscrições de 05/06/2026 a 12/06/2026. Consulte o edital completo no portal oficial da instituição.,UFBA,Mestrado - Aluno Especial,Saúde e Biológicas,80,2026-06-05T12:00:00Z,2026-06-12T12:00:00Z,https://sigaa.ufba.br/sigaa/public/processo_seletivo/lista.jsf?aba=p-processo&nivel=S,Encerrado,2026-06-05T12:00:00Z,UFBA SIGAA
2026-09-01T08:05:37.318535Z,function dpf(f) {var adp = f.adp;if (adp != null) {for (var i = 0;i EDITAL Nº 01/2026 - SELEÇÃO ALUNO ESPECIAL – SEMESTRE LETIVO 2026.1 - ESTUDOS DE L,Inscrições abertas para o processo seletivo da UNILAB de ingresso no curso: ESTUDOS DE LINGUAGEM: CONTEXTOS LUSÓFONOS BRASIL-ÁFRICA. Vagas ofertadas: 10. Período de inscrições de 01/07/2026 a 17/07/2026. Consulte o edital completo no portal oficial da instituição.,UNILAB,Mestrado - Aluno Especial,Saúde e Biológicas,10,2026-07-01T12:00:00Z,2026-07-17T12:00:00Z,https://sigaa.unilab.edu.br/sigaa/public/processo_seletivo/lista.jsf?aba=p-processo&nivel=S,Encerrado,2026-07-01T12:00:00Z,UNILAB SIGAA
2026-09-01T08:05:37.318535Z,049/2026AE - Química Aplicada - Stricto Sensu Mestrado - Aluno Especial,Inscrições para o processo seletivo da UNEB: 049/2026AE - Química Aplicada - Stricto Sensu Mestrado - Aluno Especial. Período de inscrições de 15/06/2026 a 10/07/2026. Consulte o edital completo no portal SSPPG UNEB.,UNEB,Mestrado - Aluno Especial,Engenharias e Exatas,15,2026-06-15T12:00:00Z,2026-07-10T23:59:59Z,https://ssppg.uneb.br/inicio/editalExterno/1561?selecao=1561,Encerrado,2026-06-15T12:00:00Z,UNEB SSPPG
2026-09-01T08:05:37.318535Z,050/2026AE - Educação e Contemporaneidade - Stricto Sensu Mestrado/Doutorado - Aluno Especial,Inscrições para o processo seletivo da UNEB: 050/2026AE - Educação e Contemporaneidade - Stricto Sensu Mestrado/Doutorado - Aluno Especial. Período de inscrições de 15/06/2026 a 06/07/2026. Consulte o edital completo no portal SSPPG UNEB.,UNEB,Doutorado - Aluno Especial,Educação,15,2026-06-15T12:00:00Z,2026-07-06T23:59:59Z,https://ssppg.uneb.br/inicio/editalExterno/1559?selecao=1559,Encerrado,2026-06-15T12:00:00Z,UNEB SSPPG
2026-09-01T08:05:37.318535Z,038/2026AE - Intervenção Educativa e Social - Stricto Sensu Mestrado - Aluno Especial,Inscrições para o processo seletivo da UNEB: 038/2026AE - Intervenção Educativa e Social - Stricto Sensu Mestrado - Aluno Especial. Período de inscrições de 15/06/2026 a 06/07/2026. Consulte o edital completo no portal SSPPG UNEB.,UNEB,Mestrado - Aluno Especial,Educação,15,2026-06-15T12:00:00Z,2026-07-06T23:59:59Z,https://ssppg.uneb.br/inicio/editalExterno/1554?selecao=1554,Encerrado,2026-06-15T12:00:00Z,UNEB SSPPG
2026-09-01T08:05:37.318535Z,053/2026AEME - Crítica Cultural - Stricto Sensu Mestrado - Aluno Especial,Inscrições para o processo seletivo da UNEB: 053/2026AEME - Crítica Cultural - Stricto Sensu Mestrado - Aluno Especial. Período de inscrições de 23/06/2026 a 06/07/2026. Consulte o edital completo no portal SSPPG UNEB.,UNEB,Mestrado - Aluno Especial,Educação,15,2026-06-23T12:00:00Z,2026-07-06T23:59:59Z,https://ssppg.uneb.br/inicio/editalExterno/1565?selecao=1565,Encerrado,2026-06-23T12:00:00Z,UNEB SSPPG
2026-09-01T08:05:37.318535Z,053/2026AEDO - Crítica Cultural - Stricto Sensu Doutorado - Aluno Especial,Inscrições para o processo seletivo da UNEB: 053/2026AEDO - Crítica Cultural - Stricto Sensu Doutorado - Aluno Especial. Período de inscrições de 23/06/2026 a 06/07/2026. Consulte o edital completo no portal SSPPG UNEB.,UNEB,Doutorado - Aluno Especial,Educação,15,2026-06-23T12:00:00Z,2026-07-06T23:59:59Z,https://ssppg.uneb.br/inicio/editalExterno/1567?selecao=1567,Encerrado,2026-06-23T12:00:00Z,UNEB SSPPG
2026-09-01T08:05:37.318535Z,055/2026AE - Educação e Diversidade - Stricto Sensu Mestrado - Aluno Especial,Inscrições para o processo seletivo da UNEB: 055/2026AE - Educação e Diversidade - Stricto Sensu Mestrado - Aluno Especial. Período de inscrições de 25/06/2026 a 08/07/2026. Consulte o edital completo no portal SSPPG UNEB.,UNEB,Mestrado - Aluno Especial,Educação,15,2026-06-25T12:00:00Z,2026-07-08T23:59:59Z,https://ssppg.uneb.br/inicio/editalExterno/1560?selecao=1560,Encerrado,2026-06-25T12:00:00Z,UNEB SSPPG
2026-09-01T08:05:37.318535Z,054/2026AE - ESTUDOS TERRITORIAIS - Stricto Sensu Mestrado - Aluno Especial,Inscrições para o processo seletivo da UNEB: 054/2026AE - ESTUDOS TERRITORIAIS - Stricto Sensu Mestrado - Aluno Especial. Período de inscrições de 25/06/2026 a 06/07/2026. Consulte o edital completo no portal SSPPG UNEB.,UNEB,Mestrado - Aluno Especial,Educação,15,2026-06-25T12:00:00Z,2026-07-06T23:59:59Z,https://ssppg.uneb.br/inicio/editalExterno/1557?selecao=1557,Encerrado,2026-06-25T12:00:00Z,UNEB SSPPG
2026-09-01T08:05:37.318535Z,"056/2026AE - ENSINO, LINGUAGEM E SOCIEDADE - Stricto Sensu Mestrado - Aluno Especial","Inscrições para o processo seletivo da UNEB: 056/2026AE - ENSINO, LINGUAGEM E SOCIEDADE - Stricto Sensu Mestrado - Aluno Especial. Período de inscrições de 26/06/2026 a 09/07/2026. Consulte o edital completo no portal SSPPG UNEB.",UNEB,Mestrado - Aluno Especial,Educação,15,2026-06-26T12:00:00Z,2026-07-09T23:59:59Z,https://ssppg.uneb.br/inicio/editalExterno/1564?selecao=1564,Encerrado,2026-06-26T12:00:00Z,UNEB SSPPG
2026-09-01T08:05:37.318535Z,048/2026AE - Estudo de Linguagens - Stricto Sensu Mestrado/Doutorado - Aluno Especial,Inscrições para o processo seletivo da UNEB: 048/2026AE - Estudo de Linguagens - Stricto Sensu Mestrado/Doutorado - Aluno Especial. Período de inscrições de 29/06/2026 a 10/07/2026. Consulte o edital completo no portal SSPPG UNEB.,UNEB,Doutorado - Aluno Especial,Humanas e Sociais,15,2026-06-29T12:00:00Z,2026-07-10T23:59:59Z,https://ssppg.uneb.br/inicio/editalExterno/1563?selecao=1563,Encerrado,2026-06-29T12:00:00Z,UNEB SSPPG
2026-09-01T08:05:37.318535Z,061/2026AE - Educação e Formação Docente - Stricto Sensu Mestrado - Aluno Especial,Inscrições para o processo seletivo da UNEB: 061/2026AE - Educação e Formação Docente - Stricto Sensu Mestrado - Aluno Especial. Período de inscrições de 29/06/2026 a 10/07/2026. Consulte o edital completo no portal SSPPG UNEB.,UNEB,Mestrado - Aluno Especial,Educação,15,2026-06-29T12:00:00Z,2026-07-10T23:59:59Z,https://ssppg.uneb.br/inicio/editalExterno/1570?selecao=1570,Encerrado,2026-06-29T12:00:00Z,UNEB SSPPG
2026-09-01T08:05:37.318535Z,"058/2026AE - Estudos Africanos, Povos Indígenas e Culturas Negras - Stricto Sensu Mestrado - Aluno Especial","Inscrições para o processo seletivo da UNEB: 058/2026AE - Estudos Africanos, Povos Indígenas e Culturas Negras - Stricto Sensu Mestrado - Aluno Especial. Período de inscrições de 29/06/2026 a 10/07/2026. Consulte o edital completo no portal SSPPG UNEB.",UNEB,Mestrado - Aluno Especial,Educação,15,2026-06-29T12:00:00Z,2026-07-10T23:59:59Z,https://ssppg.uneb.br/inicio/editalExterno/1562?selecao=1562,Encerrado,2026-06-29T12:00:00Z,UNEB SSPPG
2026-09-01T08:05:37.318535Z,064/2026AE - Estudos Africanos e Representações da África - Stricto Sensu Mestrado - Aluno Especial,Inscrições para o processo seletivo da UNEB: 064/2026AE - Estudos Africanos e Representações da África - Stricto Sensu Mestrado - Aluno Especial. Período de inscrições de 03/07/2026 a 13/07/2026. Consulte o edital completo no portal SSPPG UNEB.,UNEB,Mestrado - Aluno Especial,Educação,15,2026-07-03T12:00:00Z,2026-07-13T23:59:59Z,https://ssppg.uneb.br/inicio/editalExterno/1576?selecao=1576,Encerrado,2026-07-03T12:00:00Z,UNEB SSPPG
2026-09-01T08:05:37.318535Z,059/20262AE - Ecologia Humana e Gestão Socioambiental - Stricto Sensu Mestrado/Doutorado - Aluno Especial,Inscrições para o processo seletivo da UNEB: 059/20262AE - Ecologia Humana e Gestão Socioambiental - Stricto Sensu Mestrado/Doutorado - Aluno Especial. Período de inscrições de 03/07/2026 a 10/07/2026. Consulte o edital completo no portal SSPPG UNEB.,UNEB,Doutorado - Aluno Especial,Gestão e Negócios,15,2026-07-03T12:00:00Z,2026-07-10T23:59:59Z,https://ssppg.uneb.br/inicio/editalExterno/1568?selecao=1568,Encerrado,2026-07-03T12:00:00Z,UNEB SSPPG
2026-09-01T08:05:37.318535Z,044/2026AE - Programa de Pós-Graduação em Letras - Stricto Sensu Mestrado - Aluno Especial,Inscrições para o processo seletivo da UNEB: 044/2026AE - Programa de Pós-Graduação em Letras - Stricto Sensu Mestrado - Aluno Especial. Período de inscrições de 03/07/2026 a 10/07/2026. Consulte o edital completo no portal SSPPG UNEB.,UNEB,Mestrado - Aluno Especial,Humanas e Sociais,15,2026-07-03T12:00:00Z,2026-07-10T23:59:59Z,https://ssppg.uneb.br/inicio/editalExterno/1558?selecao=1558,Encerrado,2026-07-03T12:00:00Z,UNEB SSPPG
2026-09-01T08:05:37.318535Z,063/2026AE - Ciências Farmacêuticas - Stricto Sensu Mestrado - Aluno Especial,Inscrições para o processo seletivo da UNEB: 063/2026AE - Ciências Farmacêuticas - Stricto Sensu Mestrado - Aluno Especial. Período de inscrições de 03/07/2026 a 13/07/2026. Consulte o edital completo no portal SSPPG UNEB.,UNEB,Mestrado - Aluno Especial,Educação,15,2026-07-03T12:00:00Z,2026-07-13T23:59:59Z,https://ssppg.uneb.br/inicio/editalExterno/1569?selecao=1569,Encerrado,2026-07-03T12:00:00Z,UNEB SSPPG
2026-09-02T07:25:13.780400Z,Edital nº 01 - Processo Seletivo Aluno Especial Doutorado 2026.2 - DOUTORADO EM ESTATÍSTICA E CIÊNCIAS DE DADOS,Inscrições abertas para o processo seletivo da UFBA de ingresso no curso: DOUTORADO EM ESTATÍSTICA E CIÊNCIAS DE DADOS. Vagas ofertadas: 5. Período de inscrições de 15/06/2026 a 10/07/2026. Consulte o edital completo no portal oficial da instituição.,UFBA,Doutorado - Aluno Especial,Engenharias e Exatas,5,2026-06-15T12:00:00Z,2026-07-10T12:00:00Z,https://sigaa.ufba.br/sigaa/public/processo_seletivo/lista.jsf?aba=p-processo&nivel=S,Encerrado,2026-06-15T12:00:00Z,UFBA SIGAA
2026-09-02T07:25:13.780400Z,Edital nº 01 - Processo Seletivo Aluno Especial Mestrado 2026.2 - MESTRADO EM ESTATÍSTICA E CIÊNCIAS DE DADOS,Inscrições abertas para o processo seletivo da UFBA de ingresso no curso: MESTRADO EM ESTATÍSTICA E CIÊNCIAS DE DADOS. Vagas ofertadas: 13. Período de inscrições de 15/06/2026 a 10/07/2026. Consulte o edital completo no portal oficial da instituição.,UFBA,Mestrado - Aluno Especial,Engenharias e Exatas,13,2026-06-15T12:00:00Z,2026-07-10T12:00:00Z,https://sigaa.ufba.br/sigaa/public/processo_seletivo/lista.jsf?aba=p-processo&nivel=S,Encerrado,2026-06-15T12:00:00Z,UFBA SIGAA
2026-09-02T07:25:13.780400Z,EDITAL DE ALUNO ESPECIAL 2026.2 DOUTORADO - DOUTORADO EM ARQUITETURA E URBANISMO,Inscrições abertas para o processo seletivo da UFBA de ingresso no curso: DOUTORADO EM ARQUITETURA E URBANISMO. Vagas ofertadas: 50. Período de inscrições de 12/06/2026 a 18/06/2026. Consulte o edital completo no portal oficial da instituição.,UFBA,Doutorado - Aluno Especial,Engenharias e Exatas,50,2026-06-12T12:00:00Z,2026-06-18T12:00:00Z,https://sigaa.ufba.br/sigaa/public/processo_seletivo/lista.jsf?aba=p-processo&nivel=S,Encerrado,2026-06-12T12:00:00Z,UFBA SIGAA
2026-09-02T07:25:13.780400Z,EDITAL DE ALUNO ESPECIAL 2026.2 MESTRADO - MESTRADO EM ARQUITETURA E URBANISMO,Inscrições abertas para o processo seletivo da UFBA de ingresso no curso: MESTRADO EM ARQUITETURA E URBANISMO. Vagas ofertadas: 50. Período de inscrições de 12/06/2026 a 18/06/2026. Consulte o edital completo no portal oficial da instituição.,UFBA,Mestrado - Aluno Especial,Engenharias e Exatas,50,2026-06-12T12:00:00Z,2026-06-18T12:00:00Z,https://sigaa.ufba.br/sigaa/public/processo_seletivo/lista.jsf?aba=p-processo&nivel=S,Encerrado,2026-06-12T12:00:00Z,UFBA SIGAA
2026-09-02T07:25:13.780400Z,PROCESSO SELETIVO IC-PGCOMP DOUTORADO PARA ALUNO ESPECIAL 2026.2 - DOUTORADO EM CIÊNCIA DA COMPUTAÇÃO,Inscrições abertas para o processo seletivo da UFBA de ingresso no curso: DOUTORADO EM CIÊNCIA DA COMPUTAÇÃO. Vagas ofertadas: 30. Período de inscrições de 12/06/2026 a 19/06/2026. Consulte o edital completo no portal oficial da instituição.,UFBA,Doutorado - Aluno Especial,Tecnologia e Informática,30,2026-06-12T12:00:00Z,2026-06-19T12:00:00Z,https://sigaa.ufba.br/sigaa/public/processo_seletivo/lista.jsf?aba=p-processo&nivel=S,Encerrado,2026-06-12T12:00:00Z,UFBA SIGAA
2026-09-02T07:25:13.780400Z,PROCESSO SELETIVO IC-PGCOMP MESTRADO PARA ALUNO ESPECIAL 2026.2 - MESTRADO EM CIÊNCIA DA COMPUTAÇÃO,Inscrições abertas para o processo seletivo da UFBA de ingresso no curso: MESTRADO EM CIÊNCIA DA COMPUTAÇÃO. Vagas ofertadas: 70. Período de inscrições de 12/06/2026 a 19/06/2026. Consulte o edital completo no portal oficial da instituição.,UFBA,Mestrado - Aluno Especial,Tecnologia e Informática,70,2026-06-12T12:00:00Z,2026-06-19T12:00:00Z,https://sigaa.ufba.br/sigaa/public/processo_seletivo/lista.jsf?aba=p-processo&nivel=S,Encerrado,2026-06-12T12:00:00Z,UFBA SIGAA
2026-09-02T07:25:13.780400Z,EDITAL nº 02/2026 - SELEÇÃO PARA ALUNO ESPECIAL - SEMESTRE LETIVO 2026.2 - MESTRADO EM EDUCAÇÃO,Inscrições abertas para o processo seletivo da UFBA de ingresso no curso: MESTRADO EM EDUCAÇÃO. Vagas ofertadas: 102. Período de inscrições de 09/06/2026 a 12/06/2026. Consulte o edital completo no portal oficial da instituição.,UFBA,Mestrado - Aluno Especial,Educação,102,2026-06-09T12:00:00Z,2026-06-12T12:00:00Z,https://sigaa.ufba.br/sigaa/public/processo_seletivo/lista.jsf?aba=p-processo&nivel=S,Encerrado,2026-06-09T12:00:00Z,UFBA SIGAA
2026-09-02T07:25:13.780400Z,PROCESSO SELETIVO PARA INGRESSO DE ALUNO ESPECIAL DOUTORADO- PGENF 2026.2 - DOUTORADO EM ENFERMAGEM E SAÚDE,Inscrições abertas para o processo seletivo da UFBA de ingresso no curso: DOUTORADO EM ENFERMAGEM E SAÚDE. Vagas ofertadas: 30. Período de inscrições de 09/06/2026 a 15/06/2026. Consulte o edital completo no portal oficial da instituição.,UFBA,Doutorado - Aluno Especial,Saúde e Biológicas,30,2026-06-09T12:00:00Z,2026-06-15T12:00:00Z,https://sigaa.ufba.br/sigaa/public/processo_seletivo/lista.jsf?aba=p-processo&nivel=S,Encerrado,2026-06-09T12:00:00Z,UFBA SIGAA
2026-09-02T07:25:13.780400Z,PROCESSO SELETIVO PARA INGRESSO DE ALUNO ESPECIAL MESTRADO- PGENF 2026.2 - MESTRADO EM ENFERMAGEM E SAÚDE,Inscrições abertas para o processo seletivo da UFBA de ingresso no curso: MESTRADO EM ENFERMAGEM E SAÚDE. Vagas ofertadas: 60. Período de inscrições de 09/06/2026 a 15/06/2026. Consulte o edital completo no portal oficial da instituição.,UFBA,Mestrado - Aluno Especial,Saúde e Biológicas,60,2026-06-09T12:00:00Z,2026-06-15T12:00:00Z,https://sigaa.ufba.br/sigaa/public/processo_seletivo/lista.jsf?aba=p-processo&nivel=S,Encerrado,2026-06-09T12:00:00Z,UFBA SIGAA
2026-09-02T07:25:13.780400Z,SELEÇÃO DE ALUNO/A ESPECIAL DO PPGCS - 2026.2 - MESTRADO EM CIÊNCIAS SOCIAIS,Inscrições abertas para o processo seletivo da UFBA de ingresso no curso: MESTRADO EM CIÊNCIAS SOCIAIS. Vagas ofertadas: 45. Período de inscrições de 05/06/2026 a 12/06/2026. Consulte o edital completo no portal oficial da instituição.,UFBA,Mestrado - Aluno Especial,Saúde e Biológicas,45,2026-06-05T12:00:00Z,2026-06-12T12:00:00Z,https://sigaa.ufba.br/sigaa/public/processo_seletivo/lista.jsf?aba=p-processo&nivel=S,Encerrado,2026-06-05T12:00:00Z,UFBA SIGAA
2026-09-02T07:25:13.780400Z,SELEÇÃO PARA ALUNO ESPECIAL PPGCONT 2026.2 - MESTRADO EM CONTABILIDADE,Inscrições abertas para o processo seletivo da UFBA de ingresso no curso: MESTRADO EM CONTABILIDADE. Vagas ofertadas: 80. Período de inscrições de 05/06/2026 a 12/06/2026. Consulte o edital completo no portal oficial da instituição.,UFBA,Mestrado - Aluno Especial,Saúde e Biológicas,80,2026-06-05T12:00:00Z,2026-06-12T12:00:00Z,https://sigaa.ufba.br/sigaa/public/processo_seletivo/lista.jsf?aba=p-processo&nivel=S,Encerrado,2026-06-05T12:00:00Z,UFBA SIGAA
2026-09-02T07:25:13.780400Z,function dpf(f) {var adp = f.adp;if (adp != null) {for (var i = 0;i EDITAL Nº 01/2026 - SELEÇÃO ALUNO ESPECIAL – SEMESTRE LETIVO 2026.1 - ESTUDOS DE L,Inscrições abertas para o processo seletivo da UNILAB de ingresso no curso: ESTUDOS DE LINGUAGEM: CONTEXTOS LUSÓFONOS BRASIL-ÁFRICA. Vagas ofertadas: 10. Período de inscrições de 01/07/2026 a 17/07/2026. Consulte o edital completo no portal oficial da instituição.,UNILAB,Mestrado - Aluno Especial,Saúde e Biológicas,10,2026-07-01T12:00:00Z,2026-07-17T12:00:00Z,https://sigaa.unilab.edu.br/sigaa/public/processo_seletivo/lista.jsf?aba=p-processo&nivel=S,Encerrado,2026-07-01T12:00:00Z,UNILAB SIGAA
2026-09-02T07:25:13.780400Z,049/2026AE - Química Aplicada - Stricto Sensu Mestrado - Aluno Especial,Inscrições para o processo seletivo da UNEB: 049/2026AE - Química Aplicada - Stricto Sensu Mestrado - Aluno Especial. Período de inscrições de 15/06/2026 a 10/07/2026. Consulte o edital completo no portal SSPPG UNEB.,UNEB,Mestrado - Aluno Especial,Engenharias e Exatas,15,2026-06-15T12:00:00Z,2026-07-10T23:59:59Z,https://ssppg.uneb.br/inicio/editalExterno/1561?selecao=1561,Encerrado,2026-06-15T12:00:00Z,UNEB SSPPG
2026-09-02T07:25:13.780400Z,050/2026AE - Educação e Contemporaneidade - Stricto Sensu Mestrado/Doutorado - Aluno Especial,Inscrições para o processo seletivo da UNEB: 050/2026AE - Educação e Contemporaneidade - Stricto Sensu Mestrado/Doutorado - Aluno Especial. Período de inscrições de 15/06/2026 a 06/07/2026. Consulte o edital completo no portal SSPPG UNEB.,UNEB,Doutorado - Aluno Especial,Educação,15,2026-06-15T12:00:00Z,2026-07-06T23:59:59Z,https://ssppg.uneb.br/inicio/editalExterno/1559?selecao=1559,Encerrado,2026-06-15T12:00:00Z,UNEB SSPPG
2026-09-02T07:25:13.780400Z,038/2026AE - Intervenção Educativa e Social - Stricto Sensu Mestrado - Aluno Especial,Inscrições para o processo seletivo da UNEB: 038/2026AE - Intervenção Educativa e Social - Stricto Sensu Mestrado - Aluno Especial. Período de inscrições de 15/06/2026 a 06/07/2026. Consulte o edital completo no portal SSPPG UNEB.,UNEB,Mestrado - Aluno Especial,Educação,15,2026-06-15T12:00:00Z,2026-07-06T23:59:59Z,https://ssppg.uneb.br/inicio/editalExterno/1554?selecao=1554,Encerrado,2026-06-15T12:00:00Z,UNEB SSPPG
2026-09-02T07:25:13.780400Z,053/2026AEME - Crítica Cultural - Stricto Sensu Mestrado - Aluno Especial,Inscrições para o processo seletivo da UNEB: 053/2026AEME - Crítica Cultural - Stricto Sensu Mestrado - Aluno Especial. Período de inscrições de 23/06/2026 a 06/07/2026. Consulte o edital completo no portal SSPPG UNEB.,UNEB,Mestrado - Aluno Especial,Educação,15,2026-06-23T12:00:00Z,2026-07-06T23:59:59Z,https://ssppg.uneb.br/inicio/editalExterno/1565?selecao=1565,Encerrado,2026-06-23T12:00:00Z,UNEB SSPPG
2026-09-02T07:25:13.780400Z,053/2026AEDO - Crítica Cultural - Stricto Sensu Doutorado - Aluno Especial,Inscrições para o processo seletivo da UNEB: 053/2026AEDO - Crítica Cultural - Stricto Sensu Doutorado - Aluno Especial. Período de inscrições de 23/06/2026 a 06/07/2026. Consulte o edital completo no portal SSPPG UNEB.,UNEB,Doutorado - Aluno Especial,Educação,15,2026-06-23T12:00:00Z,2026-07-06T23:59:59Z,https://ssppg.uneb.br/inicio/editalExterno/1567?selecao=1567,Encerrado,2026-06-23T12:00:00Z,UNEB SSPPG
2026-09-02T07:25:13.780400Z,055/2026AE - Educação e Diversidade - Stricto Sensu Mestrado - Aluno Especial,Inscrições para o processo seletivo da UNEB: 055/2026AE - Educação e Diversidade - Stricto Sensu Mestrado - Aluno Especial. Período de inscrições de 25/06/2026 a 08/07/2026. Consulte o edital completo no portal SSPPG UNEB.,UNEB,Mestrado - Aluno Especial,Educação,15,2026-06-25T12:00:00Z,2026-07-08T23:59:59Z,https://ssppg.uneb.br/inicio/editalExterno/1560?selecao=1560,Encerrado,2026-06-25T12:00:00Z,UNEB SSPPG
2026-09-02T07:25:13.780400Z,054/2026AE - ESTUDOS TERRITORIAIS - Stricto Sensu Mestrado - Aluno Especial,Inscrições para o processo seletivo da UNEB: 054/2026AE - ESTUDOS TERRITORIAIS - Stricto Sensu Mestrado - Aluno Especial. Período de inscrições de 25/06/2026 a 06/07/2026. Consulte o edital completo no portal SSPPG UNEB.,UNEB,Mestrado - Aluno Especial,Educação,15,2026-06-25T12:00:00Z,2026-07-06T23:59:59Z,https://ssppg.uneb.br/inicio/editalExterno/1557?selecao=1557,Encerrado,2026-06-25T12:00:00Z,UNEB SSPPG
2026-09-02T07:25:13.780400Z,"056/2026AE - ENSINO, LINGUAGEM E SOCIEDADE - Stricto Sensu Mestrado - Aluno Especial","Inscrições para o processo seletivo da UNEB: 056/2026AE - ENSINO, LINGUAGEM E SOCIEDADE - Stricto Sensu Mestrado - Aluno Especial. Período de inscrições de 26/06/2026 a 09/07/2026. Consulte o edital completo no portal SSPPG UNEB.",UNEB,Mestrado - Aluno Especial,Educação,15,2026-06-26T12:00:00Z,2026-07-09T23:59:59Z,https://ssppg.uneb.br/inicio/editalExterno/1564?selecao=1564,Encerrado,2026-06-26T12:00:00Z,UNEB SSPPG
2026-09-02T07:25:13.780400Z,048/2026AE - Estudo de Linguagens - Stricto Sensu Mestrado/Doutorado - Aluno Especial,Inscrições para o processo seletivo da UNEB: 048/2026AE - Estudo de Linguagens - Stricto Sensu Mestrado/Doutorado - Aluno Especial. Período de inscrições de 29/06/2026 a 10/07/2026. Consulte o edital completo no portal SSPPG UNEB.,UNEB,Doutorado - Aluno Especial,Humanas e Sociais,15,2026-06-29T12:00:00Z,2026-07-10T23:59:59Z,https://ssppg.uneb.br/inicio/editalExterno/1563?selecao=1563,Encerrado,2026-06-29T12:00:00Z,UNEB SSPPG
2026-09-02T07:25:13.780400Z,061/2026AE - Educação e Formação Docente - Stricto Sensu Mestrado - Aluno Especial,Inscrições para o processo seletivo da UNEB: 061/2026AE - Educação e Formação Docente - Stricto Sensu Mestrado - Aluno Especial. Período de inscrições de 29/06/2026 a 10/07/2026. Consulte o edital completo no portal SSPPG UNEB.,UNEB,Mestrado - Aluno Especial,Educação,15,2026-06-29T12:00:00Z,2026-07-10T23:59:59Z,https://ssppg.uneb.br/inicio/editalExterno/1570?selecao=1570,Encerrado,2026-06-29T12:00:00Z,UNEB SSPPG
2026-09-02T07:25:13.780400Z,"058/2026AE - Estudos Africanos, Povos Indígenas e Culturas Negras - Stricto Sensu Mestrado - Aluno Especial","Inscrições para o processo seletivo da UNEB: 058/2026AE - Estudos Africanos, Povos Indígenas e Culturas Negras - Stricto Sensu Mestrado - Aluno Especial. Período de inscrições de 29/06/2026 a 10/07/2026. Consulte o edital completo no portal SSPPG UNEB.",UNEB,Mestrado - Aluno Especial,Educação,15,2026-06-29T12:00:00Z,2026-07-10T23:59:59Z,https://ssppg.uneb.br/inicio/editalExterno/1562?selecao=1562,Encerrado,2026-06-29T12:00:00Z,UNEB SSPPG
2026-09-02T07:25:13.780400Z,064/2026AE - Estudos Africanos e Representações da África - Stricto Sensu Mestrado - Aluno Especial,Inscrições para o processo seletivo da UNEB: 064/2026AE - Estudos Africanos e Representações da África - Stricto Sensu Mestrado - Aluno Especial. Período de inscrições de 03/07/2026 a 13/07/2026. Consulte o edital completo no portal SSPPG UNEB.,UNEB,Mestrado - Aluno Especial,Educação,15,2026-07-03T12:00:00Z,2026-07-13T23:59:59Z,https://ssppg.uneb.br/inicio/editalExterno/1576?selecao=1576,Encerrado,2026-07-03T12:00:00Z,UNEB SSPPG
2026-09-02T07:25:13.780400Z,059/20262AE - Ecologia Humana e Gestão Socioambiental - Stricto Sensu Mestrado/Doutorado - Aluno Especial,Inscrições para o processo seletivo da UNEB: 059/20262AE - Ecologia Humana e Gestão Socioambiental - Stricto Sensu Mestrado/Doutorado - Aluno Especial. Período de inscrições de 03/07/2026 a 10/07/2026. Consulte o edital completo no portal SSPPG UNEB.,UNEB,Doutorado - Aluno Especial,Gestão e Negócios,15,2026-07-03T12:00:00Z,2026-07-10T23:59:59Z,https://ssppg.uneb.br/inicio/editalExterno/1568?selecao=1568,Encerrado,2026-07-03T12:00:00Z,UNEB SSPPG
2026-09-02T07:25:13.780400Z,044/2026AE - Programa de Pós-Graduação em Letras - Stricto Sensu Mestrado - Aluno Especial,Inscrições para o processo seletivo da UNEB: 044/2026AE - Programa de Pós-Graduação em Letras - Stricto Sensu Mestrado - Aluno Especial. Período de inscrições de 03/07/2026 a 10/07/2026. Consulte o edital completo no portal SSPPG UNEB.,UNEB,Mestrado - Aluno Especial,Humanas e Sociais,15,2026-07-03T12:00:00Z,2026-07-10T23:59:59Z,https://ssppg.uneb.br/inicio/editalExterno/1558?selecao=1558,Encerrado,2026-07-03T12:00:00Z,UNEB SSPPG
2026-09-02T07:25:13.780400Z,063/2026AE - Ciências Farmacêuticas - Stricto Sensu Mestrado - Aluno Especial,Inscrições para o processo seletivo da UNEB: 063/2026AE - Ciências Farmacêuticas - Stricto Sensu Mestrado - Aluno Especial. Período de inscrições de 03/07/2026 a 13/07/2026. Consulte o edital completo no portal SSPPG UNEB.,UNEB,Mestrado - Aluno Especial,Educação,15,2026-07-03T12:00:00Z,2026-07-13T23:59:59Z,https://ssppg.uneb.br/inicio/editalExterno/1569?selecao=1569,Encerrado,2026-07-03T12:00:00Z,UNEB SSPPG
2026-09-03T07:28:53.971115Z,Edital nº 01 - Processo Seletivo Aluno Especial Doutorado 2026.2 - DOUTORADO EM ESTATÍSTICA E CIÊNCIAS DE DADOS,Inscrições abertas para o processo seletivo da UFBA de ingresso no curso: DOUTORADO EM ESTATÍSTICA E CIÊNCIAS DE DADOS. Vagas ofertadas: 5. Período de inscrições de 15/06/2026 a 10/07/2026. Consulte o edital completo no portal oficial da instituição.,UFBA,Doutorado - Aluno Especial,Engenharias e Exatas,5,2026-06-15T12:00:00Z,2026-07-10T12:00:00Z,https://sigaa.ufba.br/sigaa/public/processo_seletivo/lista.jsf?aba=p-processo&nivel=S,Encerrado,2026-06-15T12:00:00Z,UFBA SIGAA
2026-09-03T07:28:53.971115Z,Edital nº 01 - Processo Seletivo Aluno Especial Mestrado 2026.2 - MESTRADO EM ESTATÍSTICA E CIÊNCIAS DE DADOS,Inscrições abertas para o processo seletivo da UFBA de ingresso no curso: MESTRADO EM ESTATÍSTICA E CIÊNCIAS DE DADOS. Vagas ofertadas: 13. Período de inscrições de 15/06/2026 a 10/07/2026. Consulte o edital completo no portal oficial da instituição.,UFBA,Mestrado - Aluno Especial,Engenharias e Exatas,13,2026-06-15T12:00:00Z,2026-07-10T12:00:00Z,https://sigaa.ufba.br/sigaa/public/processo_seletivo/lista.jsf?aba=p-processo&nivel=S,Encerrado,2026-06-15T12:00:00Z,UFBA SIGAA
2026-09-03T07:28:53.971115Z,EDITAL DE ALUNO ESPECIAL 2026.2 DOUTORADO - DOUTORADO EM ARQUITETURA E URBANISMO,Inscrições abertas para o processo seletivo da UFBA de ingresso no curso: DOUTORADO EM ARQUITETURA E URBANISMO. Vagas ofertadas: 50. Período de inscrições de 12/06/2026 a 18/06/2026. Consulte o edital completo no portal oficial da instituição.,UFBA,Doutorado - Aluno Especial,Engenharias e Exatas,50,2026-06-12T12:00:00Z,2026-06-18T12:00:00Z,https://sigaa.ufba.br/sigaa/public/processo_seletivo/lista.jsf?aba=p-processo&nivel=S,Encerrado,2026-06-12T12:00:00Z,UFBA SIGAA
2026-09-03T07:28:53.971115Z,EDITAL DE ALUNO ESPECIAL 2026.2 MESTRADO - MESTRADO EM ARQUITETURA E URBANISMO,Inscrições abertas para o processo seletivo da UFBA de ingresso no curso: MESTRADO EM ARQUITETURA E URBANISMO. Vagas ofertadas: 50. Período de inscrições de 12/06/2026 a 18/06/2026. Consulte o edital completo no portal oficial da instituição.,UFBA,Mestrado - Aluno Especial,Engenharias e Exatas,50,2026-06-12T12:00:00Z,2026-06-18T12:00:00Z,https://sigaa.ufba.br/sigaa/public/processo_seletivo/lista.jsf?aba=p-processo&nivel=S,Encerrado,2026-06-12T12:00:00Z,UFBA SIGAA
2026-09-03T07:28:53.971115Z,PROCESSO SELETIVO IC-PGCOMP DOUTORADO PARA ALUNO ESPECIAL 2026.2 - DOUTORADO EM CIÊNCIA DA COMPUTAÇÃO,Inscrições abertas para o processo seletivo da UFBA de ingresso no curso: DOUTORADO EM CIÊNCIA DA COMPUTAÇÃO. Vagas ofertadas: 30. Período de inscrições de 12/06/2026 a 19/06/2026. Consulte o edital completo no portal oficial da instituição.,UFBA,Doutorado - Aluno Especial,Tecnologia e Informática,30,2026-06-12T12:00:00Z,2026-06-19T12:00:00Z,https://sigaa.ufba.br/sigaa/public/processo_seletivo/lista.jsf?aba=p-processo&nivel=S,Encerrado,2026-06-12T12:00:00Z,UFBA SIGAA
2026-09-03T07:28:53.971115Z,PROCESSO SELETIVO IC-PGCOMP MESTRADO PARA ALUNO ESPECIAL 2026.2 - MESTRADO EM CIÊNCIA DA COMPUTAÇÃO,Inscrições abertas para o processo seletivo da UFBA de ingresso no curso: MESTRADO EM CIÊNCIA DA COMPUTAÇÃO. Vagas ofertadas: 70. Período de inscrições de 12/06/2026 a 19/06/2026. Consulte o edital completo no portal oficial da instituição.,UFBA,Mestrado - Aluno Especial,Tecnologia e Informática,70,2026-06-12T12:00:00Z,2026-06-19T12:00:00Z,https://sigaa.ufba.br/sigaa/public/processo_seletivo/lista.jsf?aba=p-processo&nivel=S,Encerrado,2026-06-12T12:00:00Z,UFBA SIGAA
2026-09-03T07:28:53.971115Z,EDITAL nº 02/2026 - SELEÇÃO PARA ALUNO ESPECIAL - SEMESTRE LETIVO 2026.2 - MESTRADO EM EDUCAÇÃO,Inscrições abertas para o processo seletivo da UFBA de ingresso no curso: MESTRADO EM EDUCAÇÃO. Vagas ofertadas: 102. Período de inscrições de 09/06/2026 a 12/06/2026. Consulte o edital completo no portal oficial da instituição.,UFBA,Mestrado - Aluno Especial,Educação,102,2026-06-09T12:00:00Z,2026-06-12T12:00:00Z,https://sigaa.ufba.br/sigaa/public/processo_seletivo/lista.jsf?aba=p-processo&nivel=S,Encerrado,2026-06-09T12:00:00Z,UFBA SIGAA
2026-09-03T07:28:53.971115Z,PROCESSO SELETIVO PARA INGRESSO DE ALUNO ESPECIAL DOUTORADO- PGENF 2026.2 - DOUTORADO EM ENFERMAGEM E SAÚDE,Inscrições abertas para o processo seletivo da UFBA de ingresso no curso: DOUTORADO EM ENFERMAGEM E SAÚDE. Vagas ofertadas: 30. Período de inscrições de 09/06/2026 a 15/06/2026. Consulte o edital completo no portal oficial da instituição.,UFBA,Doutorado - Aluno Especial,Saúde e Biológicas,30,2026-06-09T12:00:00Z,2026-06-15T12:00:00Z,https://sigaa.ufba.br/sigaa/public/processo_seletivo/lista.jsf?aba=p-processo&nivel=S,Encerrado,2026-06-09T12:00:00Z,UFBA SIGAA
2026-09-03T07:28:53.971115Z,PROCESSO SELETIVO PARA INGRESSO DE ALUNO ESPECIAL MESTRADO- PGENF 2026.2 - MESTRADO EM ENFERMAGEM E SAÚDE,Inscrições abertas para o processo seletivo da UFBA de ingresso no curso: MESTRADO EM ENFERMAGEM E SAÚDE. Vagas ofertadas: 60. Período de inscrições de 09/06/2026 a 15/06/2026. Consulte o edital completo no portal oficial da instituição.,UFBA,Mestrado - Aluno Especial,Saúde e Biológicas,60,2026-06-09T12:00:00Z,2026-06-15T12:00:00Z,https://sigaa.ufba.br/sigaa/public/processo_seletivo/lista.jsf?aba=p-processo&nivel=S,Encerrado,2026-06-09T12:00:00Z,UFBA SIGAA
2026-09-03T07:28:53.971115Z,SELEÇÃO DE ALUNO/A ESPECIAL DO PPGCS - 2026.2 - MESTRADO EM CIÊNCIAS SOCIAIS,Inscrições abertas para o processo seletivo da UFBA de ingresso no curso: MESTRADO EM CIÊNCIAS SOCIAIS. Vagas ofertadas: 45. Período de inscrições de 05/06/2026 a 12/06/2026. Consulte o edital completo no portal oficial da instituição.,UFBA,Mestrado - Aluno Especial,Saúde e Biológicas,45,2026-06-05T12:00:00Z,2026-06-12T12:00:00Z,https://sigaa.ufba.br/sigaa/public/processo_seletivo/lista.jsf?aba=p-processo&nivel=S,Encerrado,2026-06-05T12:00:00Z,UFBA SIGAA
2026-09-03T07:28:53.971115Z,SELEÇÃO PARA ALUNO ESPECIAL PPGCONT 2026.2 - MESTRADO EM CONTABILIDADE,Inscrições abertas para o processo seletivo da UFBA de ingresso no curso: MESTRADO EM CONTABILIDADE. Vagas ofertadas: 80. Período de inscrições de 05/06/2026 a 12/06/2026. Consulte o edital completo no portal oficial da instituição.,UFBA,Mestrado - Aluno Especial,Saúde e Biológicas,80,2026-06-05T12:00:00Z,2026-06-12T12:00:00Z,https://sigaa.ufba.br/sigaa/public/processo_seletivo/lista.jsf?aba=p-processo&nivel=S,Encerrado,2026-06-05T12:00:00Z,UFBA SIGAA
2026-09-03T07:28:53.971115Z,function dpf(f) {var adp = f.adp;if (adp != null) {for (var i = 0;i EDITAL Nº 01/2026 - SELEÇÃO ALUNO ESPECIAL – SEMESTRE LETIVO 2026.1 - ESTUDOS DE L,Inscrições abertas para o processo seletivo da UNILAB de ingresso no curso: ESTUDOS DE LINGUAGEM: CONTEXTOS LUSÓFONOS BRASIL-ÁFRICA. Vagas ofertadas: 10. Período de inscrições de 01/07/2026 a 17/07/2026. Consulte o edital completo no portal oficial da instituição.,UNILAB,Mestrado - Aluno Especial,Saúde e Biológicas,10,2026-07-01T12:00:00Z,2026-07-17T12:00:00Z,https://sigaa.unilab.edu.br/sigaa/public/processo_seletivo/lista.jsf?aba=p-processo&nivel=S,Encerrado,2026-07-01T12:00:00Z,UNILAB SIGAA
2026-09-03T07:28:53.971115Z,049/2026AE - Química Aplicada - Stricto Sensu Mestrado - Aluno Especial,Inscrições para o processo seletivo da UNEB: 049/2026AE - Química Aplicada - Stricto Sensu Mestrado - Aluno Especial. Período de inscrições de 15/06/2026 a 10/07/2026. Consulte o edital completo no portal SSPPG UNEB.,UNEB,Mestrado - Aluno Especial,Engenharias e Exatas,15,2026-06-15T12:00:00Z,2026-07-10T23:59:59Z,https://ssppg.uneb.br/inicio/editalExterno/1561?selecao=1561,Encerrado,2026-06-15T12:00:00Z,UNEB SSPPG
2026-09-03T07:28:53.971115Z,050/2026AE - Educação e Contemporaneidade - Stricto Sensu Mestrado/Doutorado - Aluno Especial,Inscrições para o processo seletivo da UNEB: 050/2026AE - Educação e Contemporaneidade - Stricto Sensu Mestrado/Doutorado - Aluno Especial. Período de inscrições de 15/06/2026 a 06/07/2026. Consulte o edital completo no portal SSPPG UNEB.,UNEB,Doutorado - Aluno Especial,Educação,15,2026-06-15T12:00:00Z,2026-07-06T23:59:59Z,https://ssppg.uneb.br/inicio/editalExterno/1559?selecao=1559,Encerrado,2026-06-15T12:00:00Z,UNEB SSPPG
2026-09-03T07:28:53.971115Z,038/2026AE - Intervenção Educativa e Social - Stricto Sensu Mestrado - Aluno Especial,Inscrições para o processo seletivo da UNEB: 038/2026AE - Intervenção Educativa e Social - Stricto Sensu Mestrado - Aluno Especial. Período de inscrições de 15/06/2026 a 06/07/2026. Consulte o edital completo no portal SSPPG UNEB.,UNEB,Mestrado - Aluno Especial,Educação,15,2026-06-15T12:00:00Z,2026-07-06T23:59:59Z,https://ssppg.uneb.br/inicio/editalExterno/1554?selecao=1554,Encerrado,2026-06-15T12:00:00Z,UNEB SSPPG
2026-09-03T07:28:53.971115Z,053/2026AEME - Crítica Cultural - Stricto Sensu Mestrado - Aluno Especial,Inscrições para o processo seletivo da UNEB: 053/2026AEME - Crítica Cultural - Stricto Sensu Mestrado - Aluno Especial. Período de inscrições de 23/06/2026 a 06/07/2026. Consulte o edital completo no portal SSPPG UNEB.,UNEB,Mestrado - Aluno Especial,Educação,15,2026-06-23T12:00:00Z,2026-07-06T23:59:59Z,https://ssppg.uneb.br/inicio/editalExterno/1565?selecao=1565,Encerrado,2026-06-23T12:00:00Z,UNEB SSPPG
2026-09-03T07:28:53.971115Z,053/2026AEDO - Crítica Cultural - Stricto Sensu Doutorado - Aluno Especial,Inscrições para o processo seletivo da UNEB: 053/2026AEDO - Crítica Cultural - Stricto Sensu Doutorado - Aluno Especial. Período de inscrições de 23/06/2026 a 06/07/2026. Consulte o edital completo no portal SSPPG UNEB.,UNEB,Doutorado - Aluno Especial,Educação,15,2026-06-23T12:00:00Z,2026-07-06T23:59:59Z,https://ssppg.uneb.br/inicio/editalExterno/1567?selecao=1567,Encerrado,2026-06-23T12:00:00Z,UNEB SSPPG
2026-09-03T07:28:53.971115Z,055/2026AE - Educação e Diversidade - Stricto Sensu Mestrado - Aluno Especial,Inscrições para o processo seletivo da UNEB: 055/2026AE - Educação e Diversidade - Stricto Sensu Mestrado - Aluno Especial. Período de inscrições de 25/06/2026 a 08/07/2026. Consulte o edital completo no portal SSPPG UNEB.,UNEB,Mestrado - Aluno Especial,Educação,15,2026-06-25T12:00:00Z,2026-07-08T23:59:59Z,https://ssppg.uneb.br/inicio/editalExterno/1560?selecao=1560,Encerrado,2026-06-25T12:00:00Z,UNEB SSPPG
2026-09-03T07:28:53.971115Z,054/2026AE - ESTUDOS TERRITORIAIS - Stricto Sensu Mestrado - Aluno Especial,Inscrições para o processo seletivo da UNEB: 054/2026AE - ESTUDOS TERRITORIAIS - Stricto Sensu Mestrado - Aluno Especial. Período de inscrições de 25/06/2026 a 06/07/2026. Consulte o edital completo no portal SSPPG UNEB.,UNEB,Mestrado - Aluno Especial,Educação,15,2026-06-25T12:00:00Z,2026-07-06T23:59:59Z,https://ssppg.uneb.br/inicio/editalExterno/1557?selecao=1557,Encerrado,2026-06-25T12:00:00Z,UNEB SSPPG
2026-09-03T07:28:53.971115Z,"056/2026AE - ENSINO, LINGUAGEM E SOCIEDADE - Stricto Sensu Mestrado - Aluno Especial","Inscrições para o processo seletivo da UNEB: 056/2026AE - ENSINO, LINGUAGEM E SOCIEDADE - Stricto Sensu Mestrado - Aluno Especial. Período de inscrições de 26/06/2026 a 09/07/2026. Consulte o edital completo no portal SSPPG UNEB.",UNEB,Mestrado - Aluno Especial,Educação,15,2026-06-26T12:00:00Z,2026-07-09T23:59:59Z,https://ssppg.uneb.br/inicio/editalExterno/1564?selecao=1564,Encerrado,2026-06-26T12:00:00Z,UNEB SSPPG
2026-09-03T07:28:53.971115Z,048/2026AE - Estudo de Linguagens - Stricto Sensu Mestrado/Doutorado - Aluno Especial,Inscrições para o processo seletivo da UNEB: 048/2026AE - Estudo de Linguagens - Stricto Sensu Mestrado/Doutorado - Aluno Especial. Período de inscrições de 29/06/2026 a 10/07/2026. Consulte o edital completo no portal SSPPG UNEB.,UNEB,Doutorado - Aluno Especial,Humanas e Sociais,15,2026-06-29T12:00:00Z,2026-07-10T23:59:59Z,https://ssppg.uneb.br/inicio/editalExterno/1563?selecao=1563,Encerrado,2026-06-29T12:00:00Z,UNEB SSPPG
2026-09-03T07:28:53.971115Z,061/2026AE - Educação e Formação Docente - Stricto Sensu Mestrado - Aluno Especial,Inscrições para o processo seletivo da UNEB: 061/2026AE - Educação e Formação Docente - Stricto Sensu Mestrado - Aluno Especial. Período de inscrições de 29/06/2026 a 10/07/2026. Consulte o edital completo no portal SSPPG UNEB.,UNEB,Mestrado - Aluno Especial,Educação,15,2026-06-29T12:00:00Z,2026-07-10T23:59:59Z,https://ssppg.uneb.br/inicio/editalExterno/1570?selecao=1570,Encerrado,2026-06-29T12:00:00Z,UNEB SSPPG
2026-09-03T07:28:53.971115Z,"058/2026AE - Estudos Africanos, Povos Indígenas e Culturas Negras - Stricto Sensu Mestrado - Aluno Especial","Inscrições para o processo seletivo da UNEB: 058/2026AE - Estudos Africanos, Povos Indígenas e Culturas Negras - Stricto Sensu Mestrado - Aluno Especial. Período de inscrições de 29/06/2026 a 10/07/2026. Consulte o edital completo no portal SSPPG UNEB.",UNEB,Mestrado - Aluno Especial,Educação,15,2026-06-29T12:00:00Z,2026-07-10T23:59:59Z,https://ssppg.uneb.br/inicio/editalExterno/1562?selecao=1562,Encerrado,2026-06-29T12:00:00Z,UNEB SSPPG
2026-09-03T07:28:53.971115Z,064/2026AE - Estudos Africanos e Representações da África - Stricto Sensu Mestrado - Aluno Especial,Inscrições para o processo seletivo da UNEB: 064/2026AE - Estudos Africanos e Representações da África - Stricto Sensu Mestrado - Aluno Especial. Período de inscrições de 03/07/2026 a 13/07/2026. Consulte o edital completo no portal SSPPG UNEB.,UNEB,Mestrado - Aluno Especial,Educação,15,2026-07-03T12:00:00Z,2026-07-13T23:59:59Z,https://ssppg.uneb.br/inicio/editalExterno/1576?selecao=1576,Encerrado,2026-07-03T12:00:00Z,UNEB SSPPG
2026-09-03T07:28:53.971115Z,059/20262AE - Ecologia Humana e Gestão Socioambiental - Stricto Sensu Mestrado/Doutorado - Aluno Especial,Inscrições para o processo seletivo da UNEB: 059/20262AE - Ecologia Humana e Gestão Socioambiental - Stricto Sensu Mestrado/Doutorado - Aluno Especial. Período de inscrições de 03/07/2026 a 10/07/2026. Consulte o edital completo no portal SSPPG UNEB.,UNEB,Doutorado - Aluno Especial,Gestão e Negócios,15,2026-07-03T12:00:00Z,2026-07-10T23:59:59Z,https://ssppg.uneb.br/inicio/editalExterno/1568?selecao=1568,Encerrado,2026-07-03T12:00:00Z,UNEB SSPPG
2026-09-03T07:28:53.971115Z,044/2026AE - Programa de Pós-Graduação em Letras - Stricto Sensu Mestrado - Aluno Especial,Inscrições para o processo seletivo da UNEB: 044/2026AE - Programa de Pós-Graduação em Letras - Stricto Sensu Mestrado - Aluno Especial. Período de inscrições de 03/07/2026 a 10/07/2026. Consulte o edital completo no portal SSPPG UNEB.,UNEB,Mestrado - Aluno Especial,Humanas e Sociais,15,2026-07-03T12:00:00Z,2026-07-10T23:59:59Z,https://ssppg.uneb.br/inicio/editalExterno/1558?selecao=1558,Encerrado,2026-07-03T12:00:00Z,UNEB SSPPG
2026-09-03T07:28:53.971115Z,063/2026AE - Ciências Farmacêuticas - Stricto Sensu Mestrado - Aluno Especial,Inscrições para o processo seletivo da UNEB: 063/2026AE - Ciências Farmacêuticas - Stricto Sensu Mestrado - Aluno Especial. Período de inscrições de 03/07/2026 a 13/07/2026. Consulte o edital completo no portal SSPPG UNEB.,UNEB,Mestrado - Aluno Especial,Educação,15,2026-07-03T12:00:00Z,2026-07-13T23:59:59Z,https://ssppg.uneb.br/inicio/editalExterno/1569?selecao=1569,Encerrado,2026-07-03T12:00:00Z,UNEB SSPPG
2026-09-04T07:30:53.434670Z,Edital nº 01 - Processo Seletivo Aluno Especial Doutorado 2026.2 - DOUTORADO EM ESTATÍSTICA E CIÊNCIAS DE DADOS,Inscrições abertas para o processo seletivo da UFBA de ingresso no curso: DOUTORADO EM ESTATÍSTICA E CIÊNCIAS DE DADOS. Vagas ofertadas: 5. Período de inscrições de 15/06/2026 a 10/07/2026. Consulte o edital completo no portal oficial da instituição.,UFBA,Doutorado - Aluno Especial,Engenharias e Exatas,5,2026-06-15T12:00:00Z,2026-07-10T12:00:00Z,https://sigaa.ufba.br/sigaa/public/processo_seletivo/lista.jsf?aba=p-processo&nivel=S,Encerrado,2026-06-15T12:00:00Z,UFBA SIGAA
2026-09-04T07:30:53.434670Z,Edital nº 01 - Processo Seletivo Aluno Especial Mestrado 2026.2 - MESTRADO EM ESTATÍSTICA E CIÊNCIAS DE DADOS,Inscrições abertas para o processo seletivo da UFBA de ingresso no curso: MESTRADO EM ESTATÍSTICA E CIÊNCIAS DE DADOS. Vagas ofertadas: 13. Período de inscrições de 15/06/2026 a 10/07/2026. Consulte o edital completo no portal oficial da instituição.,UFBA,Mestrado - Aluno Especial,Engenharias e Exatas,13,2026-06-15T12:00:00Z,2026-07-10T12:00:00Z,https://sigaa.ufba.br/sigaa/public/processo_seletivo/lista.jsf?aba=p-processo&nivel=S,Encerrado,2026-06-15T12:00:00Z,UFBA SIGAA
2026-09-04T07:30:53.434670Z,EDITAL DE ALUNO ESPECIAL 2026.2 DOUTORADO - DOUTORADO EM ARQUITETURA E URBANISMO,Inscrições abertas para o processo seletivo da UFBA de ingresso no curso: DOUTORADO EM ARQUITETURA E URBANISMO. Vagas ofertadas: 50. Período de inscrições de 12/06/2026 a 18/06/2026. Consulte o edital completo no portal oficial da instituição.,UFBA,Doutorado - Aluno Especial,Engenharias e Exatas,50,2026-06-12T12:00:00Z,2026-06-18T12:00:00Z,https://sigaa.ufba.br/sigaa/public/processo_seletivo/lista.jsf?aba=p-processo&nivel=S,Encerrado,2026-06-12T12:00:00Z,UFBA SIGAA
2026-09-04T07:30:53.434670Z,EDITAL DE ALUNO ESPECIAL 2026.2 MESTRADO - MESTRADO EM ARQUITETURA E URBANISMO,Inscrições abertas para o processo seletivo da UFBA de ingresso no curso: MESTRADO EM ARQUITETURA E URBANISMO. Vagas ofertadas: 50. Período de inscrições de 12/06/2026 a 18/06/2026. Consulte o edital completo no portal oficial da instituição.,UFBA,Mestrado - Aluno Especial,Engenharias e Exatas,50,2026-06-12T12:00:00Z,2026-06-18T12:00:00Z,https://sigaa.ufba.br/sigaa/public/processo_seletivo/lista.jsf?aba=p-processo&nivel=S,Encerrado,2026-06-12T12:00:00Z,UFBA SIGAA
2026-09-04T07:30:53.434670Z,PROCESSO SELETIVO IC-PGCOMP DOUTORADO PARA ALUNO ESPECIAL 2026.2 - DOUTORADO EM CIÊNCIA DA COMPUTAÇÃO,Inscrições abertas para o processo seletivo da UFBA de ingresso no curso: DOUTORADO EM CIÊNCIA DA COMPUTAÇÃO. Vagas ofertadas: 30. Período de inscrições de 12/06/2026 a 19/06/2026. Consulte o edital completo no portal oficial da instituição.,UFBA,Doutorado - Aluno Especial,Tecnologia e Informática,30,2026-06-12T12:00:00Z,2026-06-19T12:00:00Z,https://sigaa.ufba.br/sigaa/public/processo_seletivo/lista.jsf?aba=p-processo&nivel=S,Encerrado,2026-06-12T12:00:00Z,UFBA SIGAA
2026-09-04T07:30:53.434670Z,PROCESSO SELETIVO IC-PGCOMP MESTRADO PARA ALUNO ESPECIAL 2026.2 - MESTRADO EM CIÊNCIA DA COMPUTAÇÃO,Inscrições abertas para o processo seletivo da UFBA de ingresso no curso: MESTRADO EM CIÊNCIA DA COMPUTAÇÃO. Vagas ofertadas: 70. Período de inscrições de 12/06/2026 a 19/06/2026. Consulte o edital completo no portal oficial da instituição.,UFBA,Mestrado - Aluno Especial,Tecnologia e Informática,70,2026-06-12T12:00:00Z,2026-06-19T12:00:00Z,https://sigaa.ufba.br/sigaa/public/processo_seletivo/lista.jsf?aba=p-processo&nivel=S,Encerrado,2026-06-12T12:00:00Z,UFBA SIGAA
2026-09-04T07:30:53.434670Z,EDITAL nº 02/2026 - SELEÇÃO PARA ALUNO ESPECIAL - SEMESTRE LETIVO 2026.2 - MESTRADO EM EDUCAÇÃO,Inscrições abertas para o processo seletivo da UFBA de ingresso no curso: MESTRADO EM EDUCAÇÃO. Vagas ofertadas: 102. Período de inscrições de 09/06/2026 a 12/06/2026. Consulte o edital completo no portal oficial da instituição.,UFBA,Mestrado - Aluno Especial,Educação,102,2026-06-09T12:00:00Z,2026-06-12T12:00:00Z,https://sigaa.ufba.br/sigaa/public/processo_seletivo/lista.jsf?aba=p-processo&nivel=S,Encerrado,2026-06-09T12:00:00Z,UFBA SIGAA
2026-09-04T07:30:53.434670Z,PROCESSO SELETIVO PARA INGRESSO DE ALUNO ESPECIAL DOUTORADO- PGENF 2026.2 - DOUTORADO EM ENFERMAGEM E SAÚDE,Inscrições abertas para o processo seletivo da UFBA de ingresso no curso: DOUTORADO EM ENFERMAGEM E SAÚDE. Vagas ofertadas: 30. Período de inscrições de 09/06/2026 a 15/06/2026. Consulte o edital completo no portal oficial da instituição.,UFBA,Doutorado - Aluno Especial,Saúde e Biológicas,30,2026-06-09T12:00:00Z,2026-06-15T12:00:00Z,https://sigaa.ufba.br/sigaa/public/processo_seletivo/lista.jsf?aba=p-processo&nivel=S,Encerrado,2026-06-09T12:00:00Z,UFBA SIGAA
2026-09-04T07:30:53.434670Z,PROCESSO SELETIVO PARA INGRESSO DE ALUNO ESPECIAL MESTRADO- PGENF 2026.2 - MESTRADO EM ENFERMAGEM E SAÚDE,Inscrições abertas para o processo seletivo da UFBA de ingresso no curso: MESTRADO EM ENFERMAGEM E SAÚDE. Vagas ofertadas: 60. Período de inscrições de 09/06/2026 a 15/06/2026. Consulte o edital completo no portal oficial da instituição.,UFBA,Mestrado - Aluno Especial,Saúde e Biológicas,60,2026-06-09T12:00:00Z,2026-06-15T12:00:00Z,https://sigaa.ufba.br/sigaa/public/processo_seletivo/lista.jsf?aba=p-processo&nivel=S,Encerrado,2026-06-09T12:00:00Z,UFBA SIGAA
2026-09-04T07:30:53.434670Z,SELEÇÃO DE ALUNO/A ESPECIAL DO PPGCS - 2026.2 - MESTRADO EM CIÊNCIAS SOCIAIS,Inscrições abertas para o processo seletivo da UFBA de ingresso no curso: MESTRADO EM CIÊNCIAS SOCIAIS. Vagas ofertadas: 45. Período de inscrições de 05/06/2026 a 12/06/2026. Consulte o edital completo no portal oficial da instituição.,UFBA,Mestrado - Aluno Especial,Saúde e Biológicas,45,2026-06-05T12:00:00Z,2026-06-12T12:00:00Z,https://sigaa.ufba.br/sigaa/public/processo_seletivo/lista.jsf?aba=p-processo&nivel=S,Encerrado,2026-06-05T12:00:00Z,UFBA SIGAA
2026-09-04T07:30:53.434670Z,SELEÇÃO PARA ALUNO ESPECIAL PPGCONT 2026.2 - MESTRADO EM CONTABILIDADE,Inscrições abertas para o processo seletivo da UFBA de ingresso no curso: MESTRADO EM CONTABILIDADE. Vagas ofertadas: 80. Período de inscrições de 05/06/2026 a 12/06/2026. Consulte o edital completo no portal oficial da instituição.,UFBA,Mestrado - Aluno Especial,Saúde e Biológicas,80,2026-06-05T12:00:00Z,2026-06-12T12:00:00Z,https://sigaa.ufba.br/sigaa/public/processo_seletivo/lista.jsf?aba=p-processo&nivel=S,Encerrado,2026-06-05T12:00:00Z,UFBA SIGAA
2026-09-04T07:30:53.434670Z,function dpf(f) {var adp = f.adp;if (adp != null) {for (var i = 0;i EDITAL Nº 01/2026 - SELEÇÃO ALUNO ESPECIAL – SEMESTRE LETIVO 2026.1 - ESTUDOS DE L,Inscrições abertas para o processo seletivo da UNILAB de ingresso no curso: ESTUDOS DE LINGUAGEM: CONTEXTOS LUSÓFONOS BRASIL-ÁFRICA. Vagas ofertadas: 10. Período de inscrições de 01/07/2026 a 17/07/2026. Consulte o edital completo no portal oficial da instituição.,UNILAB,Mestrado - Aluno Especial,Saúde e Biológicas,10,2026-07-01T12:00:00Z,2026-07-17T12:00:00Z,https://sigaa.unilab.edu.br/sigaa/public/processo_seletivo/lista.jsf?aba=p-processo&nivel=S,Encerrado,2026-07-01T12:00:00Z,UNILAB SIGAA
2026-09-04T07:30:53.434670Z,049/2026AE - Química Aplicada - Stricto Sensu Mestrado - Aluno Especial,Inscrições para o processo seletivo da UNEB: 049/2026AE - Química Aplicada - Stricto Sensu Mestrado - Aluno Especial. Período de inscrições de 15/06/2026 a 10/07/2026. Consulte o edital completo no portal SSPPG UNEB.,UNEB,Mestrado - Aluno Especial,Engenharias e Exatas,15,2026-06-15T12:00:00Z,2026-07-10T23:59:59Z,https://ssppg.uneb.br/inicio/editalExterno/1561?selecao=1561,Encerrado,2026-06-15T12:00:00Z,UNEB SSPPG
2026-09-04T07:30:53.434670Z,050/2026AE - Educação e Contemporaneidade - Stricto Sensu Mestrado/Doutorado - Aluno Especial,Inscrições para o processo seletivo da UNEB: 050/2026AE - Educação e Contemporaneidade - Stricto Sensu Mestrado/Doutorado - Aluno Especial. Período de inscrições de 15/06/2026 a 06/07/2026. Consulte o edital completo no portal SSPPG UNEB.,UNEB,Doutorado - Aluno Especial,Educação,15,2026-06-15T12:00:00Z,2026-07-06T23:59:59Z,https://ssppg.uneb.br/inicio/editalExterno/1559?selecao=1559,Encerrado,2026-06-15T12:00:00Z,UNEB SSPPG
2026-09-04T07:30:53.434670Z,038/2026AE - Intervenção Educativa e Social - Stricto Sensu Mestrado - Aluno Especial,Inscrições para o processo seletivo da UNEB: 038/2026AE - Intervenção Educativa e Social - Stricto Sensu Mestrado - Aluno Especial. Período de inscrições de 15/06/2026 a 06/07/2026. Consulte o edital completo no portal SSPPG UNEB.,UNEB,Mestrado - Aluno Especial,Educação,15,2026-06-15T12:00:00Z,2026-07-06T23:59:59Z,https://ssppg.uneb.br/inicio/editalExterno/1554?selecao=1554,Encerrado,2026-06-15T12:00:00Z,UNEB SSPPG
2026-09-04T07:30:53.434670Z,053/2026AEME - Crítica Cultural - Stricto Sensu Mestrado - Aluno Especial,Inscrições para o processo seletivo da UNEB: 053/2026AEME - Crítica Cultural - Stricto Sensu Mestrado - Aluno Especial. Período de inscrições de 23/06/2026 a 06/07/2026. Consulte o edital completo no portal SSPPG UNEB.,UNEB,Mestrado - Aluno Especial,Educação,15,2026-06-23T12:00:00Z,2026-07-06T23:59:59Z,https://ssppg.uneb.br/inicio/editalExterno/1565?selecao=1565,Encerrado,2026-06-23T12:00:00Z,UNEB SSPPG
2026-09-04T07:30:53.434670Z,053/2026AEDO - Crítica Cultural - Stricto Sensu Doutorado - Aluno Especial,Inscrições para o processo seletivo da UNEB: 053/2026AEDO - Crítica Cultural - Stricto Sensu Doutorado - Aluno Especial. Período de inscrições de 23/06/2026 a 06/07/2026. Consulte o edital completo no portal SSPPG UNEB.,UNEB,Doutorado - Aluno Especial,Educação,15,2026-06-23T12:00:00Z,2026-07-06T23:59:59Z,https://ssppg.uneb.br/inicio/editalExterno/1567?selecao=1567,Encerrado,2026-06-23T12:00:00Z,UNEB SSPPG
2026-09-04T07:30:53.434670Z,055/2026AE - Educação e Diversidade - Stricto Sensu Mestrado - Aluno Especial,Inscrições para o processo seletivo da UNEB: 055/2026AE - Educação e Diversidade - Stricto Sensu Mestrado - Aluno Especial. Período de inscrições de 25/06/2026 a 08/07/2026. Consulte o edital completo no portal SSPPG UNEB.,UNEB,Mestrado - Aluno Especial,Educação,15,2026-06-25T12:00:00Z,2026-07-08T23:59:59Z,https://ssppg.uneb.br/inicio/editalExterno/1560?selecao=1560,Encerrado,2026-06-25T12:00:00Z,UNEB SSPPG
2026-09-04T07:30:53.434670Z,054/2026AE - ESTUDOS TERRITORIAIS - Stricto Sensu Mestrado - Aluno Especial,Inscrições para o processo seletivo da UNEB: 054/2026AE - ESTUDOS TERRITORIAIS - Stricto Sensu Mestrado - Aluno Especial. Período de inscrições de 25/06/2026 a 06/07/2026. Consulte o edital completo no portal SSPPG UNEB.,UNEB,Mestrado - Aluno Especial,Educação,15,2026-06-25T12:00:00Z,2026-07-06T23:59:59Z,https://ssppg.uneb.br/inicio/editalExterno/1557?selecao=1557,Encerrado,2026-06-25T12:00:00Z,UNEB SSPPG
2026-09-04T07:30:53.434670Z,"056/2026AE - ENSINO, LINGUAGEM E SOCIEDADE - Stricto Sensu Mestrado - Aluno Especial","Inscrições para o processo seletivo da UNEB: 056/2026AE - ENSINO, LINGUAGEM E SOCIEDADE - Stricto Sensu Mestrado - Aluno Especial. Período de inscrições de 26/06/2026 a 09/07/2026. Consulte o edital completo no portal SSPPG UNEB.",UNEB,Mestrado - Aluno Especial,Educação,15,2026-06-26T12:00:00Z,2026-07-09T23:59:59Z,https://ssppg.uneb.br/inicio/editalExterno/1564?selecao=1564,Encerrado,2026-06-26T12:00:00Z,UNEB SSPPG
2026-09-04T07:30:53.434670Z,048/2026AE - Estudo de Linguagens - Stricto Sensu Mestrado/Doutorado - Aluno Especial,Inscrições para o processo seletivo da UNEB: 048/2026AE - Estudo de Linguagens - Stricto Sensu Mestrado/Doutorado - Aluno Especial. Período de inscrições de 29/06/2026 a 10/07/2026. Consulte o edital completo no portal SSPPG UNEB.,UNEB,Doutorado - Aluno Especial,Humanas e Sociais,15,2026-06-29T12:00:00Z,2026-07-10T23:59:59Z,https://ssppg.uneb.br/inicio/editalExterno/1563?selecao=1563,Encerrado,2026-06-29T12:00:00Z,UNEB SSPPG
2026-09-04T07:30:53.434670Z,061/2026AE - Educação e Formação Docente - Stricto Sensu Mestrado - Aluno Especial,Inscrições para o processo seletivo da UNEB: 061/2026AE - Educação e Formação Docente - Stricto Sensu Mestrado - Aluno Especial. Período de inscrições de 29/06/2026 a 10/07/2026. Consulte o edital completo no portal SSPPG UNEB.,UNEB,Mestrado - Aluno Especial,Educação,15,2026-06-29T12:00:00Z,2026-07-10T23:59:59Z,https://ssppg.uneb.br/inicio/editalExterno/1570?selecao=1570,Encerrado,2026-06-29T12:00:00Z,UNEB SSPPG
2026-09-04T07:30:53.434670Z,"058/2026AE - Estudos Africanos, Povos Indígenas e Culturas Negras - Stricto Sensu Mestrado - Aluno Especial","Inscrições para o processo seletivo da UNEB: 058/2026AE - Estudos Africanos, Povos Indígenas e Culturas Negras - Stricto Sensu Mestrado - Aluno Especial. Período de inscrições de 29/06/2026 a 10/07/2026. Consulte o edital completo no portal SSPPG UNEB.",UNEB,Mestrado - Aluno Especial,Educação,15,2026-06-29T12:00:00Z,2026-07-10T23:59:59Z,https://ssppg.uneb.br/inicio/editalExterno/1562?selecao=1562,Encerrado,2026-06-29T12:00:00Z,UNEB SSPPG
2026-09-04T07:30:53.434670Z,064/2026AE - Estudos Africanos e Representações da África - Stricto Sensu Mestrado - Aluno Especial,Inscrições para o processo seletivo da UNEB: 064/2026AE - Estudos Africanos e Representações da África - Stricto Sensu Mestrado - Aluno Especial. Período de inscrições de 03/07/2026 a 13/07/2026. Consulte o edital completo no portal SSPPG UNEB.,UNEB,Mestrado - Aluno Especial,Educação,15,2026-07-03T12:00:00Z,2026-07-13T23:59:59Z,https://ssppg.uneb.br/inicio/editalExterno/1576?selecao=1576,Encerrado,2026-07-03T12:00:00Z,UNEB SSPPG
2026-09-04T07:30:53.434670Z,059/20262AE - Ecologia Humana e Gestão Socioambiental - Stricto Sensu Mestrado/Doutorado - Aluno Especial,Inscrições para o processo seletivo da UNEB: 059/20262AE - Ecologia Humana e Gestão Socioambiental - Stricto Sensu Mestrado/Doutorado - Aluno Especial. Período de inscrições de 03/07/2026 a 10/07/2026. Consulte o edital completo no portal SSPPG UNEB.,UNEB,Doutorado - Aluno Especial,Gestão e Negócios,15,2026-07-03T12:00:00Z,2026-07-10T23:59:59Z,https://ssppg.uneb.br/inicio/editalExterno/1568?selecao=1568,Encerrado,2026-07-03T12:00:00Z,UNEB SSPPG
2026-09-04T07:30:53.434670Z,044/2026AE - Programa de Pós-Graduação em Letras - Stricto Sensu Mestrado - Aluno Especial,Inscrições para o processo seletivo da UNEB: 044/2026AE - Programa de Pós-Graduação em Letras - Stricto Sensu Mestrado - Aluno Especial. Período de inscrições de 03/07/2026 a 10/07/2026. Consulte o edital completo no portal SSPPG UNEB.,UNEB,Mestrado - Aluno Especial,Humanas e Sociais,15,2026-07-03T12:00:00Z,2026-07-10T23:59:59Z,https://ssppg.uneb.br/inicio/editalExterno/1558?selecao=1558,Encerrado,2026-07-03T12:00:00Z,UNEB SSPPG
2026-09-04T07:30:53.434670Z,063/2026AE - Ciências Farmacêuticas - Stricto Sensu Mestrado - Aluno Especial,Inscrições para o processo seletivo da UNEB: 063/2026AE - Ciências Farmacêuticas - Stricto Sensu Mestrado - Aluno Especial. Período de inscrições de 03/07/2026 a 13/07/2026. Consulte o edital completo no portal SSPPG UNEB.,UNEB,Mestrado - Aluno Especial,Educação,15,2026-07-03T12:00:00Z,2026-07-13T23:59:59Z,https://ssppg.uneb.br/inicio/editalExterno/1569?selecao=1569,Encerrado,2026-07-03T12:00:00Z,UNEB SSPPG
2026-09-05T07:12:01.934109Z,Edital nº 01 - Processo Seletivo Aluno Especial Doutorado 2026.2 - DOUTORADO EM ESTATÍSTICA E CIÊNCIAS DE DADOS,Inscrições abertas para o processo seletivo da UFBA de ingresso no curso: DOUTORADO EM ESTATÍSTICA E CIÊNCIAS DE DADOS. Vagas ofertadas: 5. Período de inscrições de 15/06/2026 a 10/07/2026. Consulte o edital completo no portal oficial da instituição.,UFBA,Doutorado - Aluno Especial,Engenharias e Exatas,5,2026-06-15T12:00:00Z,2026-07-10T12:00:00Z,https://sigaa.ufba.br/sigaa/public/processo_seletivo/lista.jsf?aba=p-processo&nivel=S,Encerrado,2026-06-15T12:00:00Z,UFBA SIGAA
2026-09-05T07:12:01.934109Z,Edital nº 01 - Processo Seletivo Aluno Especial Mestrado 2026.2 - MESTRADO EM ESTATÍSTICA E CIÊNCIAS DE DADOS,Inscrições abertas para o processo seletivo da UFBA de ingresso no curso: MESTRADO EM ESTATÍSTICA E CIÊNCIAS DE DADOS. Vagas ofertadas: 13. Período de inscrições de 15/06/2026 a 10/07/2026. Consulte o edital completo no portal oficial da instituição.,UFBA,Mestrado - Aluno Especial,Engenharias e Exatas,13,2026-06-15T12:00:00Z,2026-07-10T12:00:00Z,https://sigaa.ufba.br/sigaa/public/processo_seletivo/lista.jsf?aba=p-processo&nivel=S,Encerrado,2026-06-15T12:00:00Z,UFBA SIGAA
2026-09-05T07:12:01.934109Z,EDITAL DE ALUNO ESPECIAL 2026.2 DOUTORADO - DOUTORADO EM ARQUITETURA E URBANISMO,Inscrições abertas para o processo seletivo da UFBA de ingresso no curso: DOUTORADO EM ARQUITETURA E URBANISMO. Vagas ofertadas: 50. Período de inscrições de 12/06/2026 a 18/06/2026. Consulte o edital completo no portal oficial da instituição.,UFBA,Doutorado - Aluno Especial,Engenharias e Exatas,50,2026-06-12T12:00:00Z,2026-06-18T12:00:00Z,https://sigaa.ufba.br/sigaa/public/processo_seletivo/lista.jsf?aba=p-processo&nivel=S,Encerrado,2026-06-12T12:00:00Z,UFBA SIGAA
2026-09-05T07:12:01.934109Z,EDITAL DE ALUNO ESPECIAL 2026.2 MESTRADO - MESTRADO EM ARQUITETURA E URBANISMO,Inscrições abertas para o processo seletivo da UFBA de ingresso no curso: MESTRADO EM ARQUITETURA E URBANISMO. Vagas ofertadas: 50. Período de inscrições de 12/06/2026 a 18/06/2026. Consulte o edital completo no portal oficial da instituição.,UFBA,Mestrado - Aluno Especial,Engenharias e Exatas,50,2026-06-12T12:00:00Z,2026-06-18T12:00:00Z,https://sigaa.ufba.br/sigaa/public/processo_seletivo/lista.jsf?aba=p-processo&nivel=S,Encerrado,2026-06-12T12:00:00Z,UFBA SIGAA
2026-09-05T07:12:01.934109Z,PROCESSO SELETIVO IC-PGCOMP DOUTORADO PARA ALUNO ESPECIAL 2026.2 - DOUTORADO EM CIÊNCIA DA COMPUTAÇÃO,Inscrições abertas para o processo seletivo da UFBA de ingresso no curso: DOUTORADO EM CIÊNCIA DA COMPUTAÇÃO. Vagas ofertadas: 30. Período de inscrições de 12/06/2026 a 19/06/2026. Consulte o edital completo no portal oficial da instituição.,UFBA,Doutorado - Aluno Especial,Tecnologia e Informática,30,2026-06-12T12:00:00Z,2026-06-19T12:00:00Z,https://sigaa.ufba.br/sigaa/public/processo_seletivo/lista.jsf?aba=p-processo&nivel=S,Encerrado,2026-06-12T12:00:00Z,UFBA SIGAA
2026-09-05T07:12:01.934109Z,PROCESSO SELETIVO IC-PGCOMP MESTRADO PARA ALUNO ESPECIAL 2026.2 - MESTRADO EM CIÊNCIA DA COMPUTAÇÃO,Inscrições abertas para o processo seletivo da UFBA de ingresso no curso: MESTRADO EM CIÊNCIA DA COMPUTAÇÃO. Vagas ofertadas: 70. Período de inscrições de 12/06/2026 a 19/06/2026. Consulte o edital completo no portal oficial da instituição.,UFBA,Mestrado - Aluno Especial,Tecnologia e Informática,70,2026-06-12T12:00:00Z,2026-06-19T12:00:00Z,https://sigaa.ufba.br/sigaa/public/processo_seletivo/lista.jsf?aba=p-processo&nivel=S,Encerrado,2026-06-12T12:00:00Z,UFBA SIGAA
2026-09-05T07:12:01.934109Z,EDITAL nº 02/2026 - SELEÇÃO PARA ALUNO ESPECIAL - SEMESTRE LETIVO 2026.2 - MESTRADO EM EDUCAÇÃO,Inscrições abertas para o processo seletivo da UFBA de ingresso no curso: MESTRADO EM EDUCAÇÃO. Vagas ofertadas: 102. Período de inscrições de 09/06/2026 a 12/06/2026. Consulte o edital completo no portal oficial da instituição.,UFBA,Mestrado - Aluno Especial,Educação,102,2026-06-09T12:00:00Z,2026-06-12T12:00:00Z,https://sigaa.ufba.br/sigaa/public/processo_seletivo/lista.jsf?aba=p-processo&nivel=S,Encerrado,2026-06-09T12:00:00Z,UFBA SIGAA
2026-09-05T07:12:01.934109Z,PROCESSO SELETIVO PARA INGRESSO DE ALUNO ESPECIAL DOUTORADO- PGENF 2026.2 - DOUTORADO EM ENFERMAGEM E SAÚDE,Inscrições abertas para o processo seletivo da UFBA de ingresso no curso: DOUTORADO EM ENFERMAGEM E SAÚDE. Vagas ofertadas: 30. Período de inscrições de 09/06/2026 a 15/06/2026. Consulte o edital completo no portal oficial da instituição.,UFBA,Doutorado - Aluno Especial,Saúde e Biológicas,30,2026-06-09T12:00:00Z,2026-06-15T12:00:00Z,https://sigaa.ufba.br/sigaa/public/processo_seletivo/lista.jsf?aba=p-processo&nivel=S,Encerrado,2026-06-09T12:00:00Z,UFBA SIGAA
2026-09-05T07:12:01.934109Z,PROCESSO SELETIVO PARA INGRESSO DE ALUNO ESPECIAL MESTRADO- PGENF 2026.2 - MESTRADO EM ENFERMAGEM E SAÚDE,Inscrições abertas para o processo seletivo da UFBA de ingresso no curso: MESTRADO EM ENFERMAGEM E SAÚDE. Vagas ofertadas: 60. Período de inscrições de 09/06/2026 a 15/06/2026. Consulte o edital completo no portal oficial da instituição.,UFBA,Mestrado - Aluno Especial,Saúde e Biológicas,60,2026-06-09T12:00:00Z,2026-06-15T12:00:00Z,https://sigaa.ufba.br/sigaa/public/processo_seletivo/lista.jsf?aba=p-processo&nivel=S,Encerrado,2026-06-09T12:00:00Z,UFBA SIGAA
2026-09-05T07:12:01.934109Z,SELEÇÃO DE ALUNO/A ESPECIAL DO PPGCS - 2026.2 - MESTRADO EM CIÊNCIAS SOCIAIS,Inscrições abertas para o processo seletivo da UFBA de ingresso no curso: MESTRADO EM CIÊNCIAS SOCIAIS. Vagas ofertadas: 45. Período de inscrições de 05/06/2026 a 12/06/2026. Consulte o edital completo no portal oficial da instituição.,UFBA,Mestrado - Aluno Especial,Saúde e Biológicas,45,2026-06-05T12:00:00Z,2026-06-12T12:00:00Z,https://sigaa.ufba.br/sigaa/public/processo_seletivo/lista.jsf?aba=p-processo&nivel=S,Encerrado,2026-06-05T12:00:00Z,UFBA SIGAA
2026-09-05T07:12:01.934109Z,SELEÇÃO PARA ALUNO ESPECIAL PPGCONT 2026.2 - MESTRADO EM CONTABILIDADE,Inscrições abertas para o processo seletivo da UFBA de ingresso no curso: MESTRADO EM CONTABILIDADE. Vagas ofertadas: 80. Período de inscrições de 05/06/2026 a 12/06/2026. Consulte o edital completo no portal oficial da instituição.,UFBA,Mestrado - Aluno Especial,Saúde e Biológicas,80,2026-06-05T12:00:00Z,2026-06-12T12:00:00Z,https://sigaa.ufba.br/sigaa/public/processo_seletivo/lista.jsf?aba=p-processo&nivel=S,Encerrado,2026-06-05T12:00:00Z,UFBA SIGAA
2026-09-05T07:12:01.934109Z,function dpf(f) {var adp = f.adp;if (adp != null) {for (var i = 0;i EDITAL Nº 01/2026 - SELEÇÃO ALUNO ESPECIAL – SEMESTRE LETIVO 2026.1 - ESTUDOS DE L,Inscrições abertas para o processo seletivo da UNILAB de ingresso no curso: ESTUDOS DE LINGUAGEM: CONTEXTOS LUSÓFONOS BRASIL-ÁFRICA. Vagas ofertadas: 10. Período de inscrições de 01/07/2026 a 17/07/2026. Consulte o edital completo no portal oficial da instituição.,UNILAB,Mestrado - Aluno Especial,Saúde e Biológicas,10,2026-07-01T12:00:00Z,2026-07-17T12:00:00Z,https://sigaa.unilab.edu.br/sigaa/public/processo_seletivo/lista.jsf?aba=p-processo&nivel=S,Encerrado,2026-07-01T12:00:00Z,UNILAB SIGAA
2026-09-05T07:12:01.934109Z,049/2026AE - Química Aplicada - Stricto Sensu Mestrado - Aluno Especial,Inscrições para o processo seletivo da UNEB: 049/2026AE - Química Aplicada - Stricto Sensu Mestrado - Aluno Especial. Período de inscrições de 15/06/2026 a 10/07/2026. Consulte o edital completo no portal SSPPG UNEB.,UNEB,Mestrado - Aluno Especial,Engenharias e Exatas,15,2026-06-15T12:00:00Z,2026-07-10T23:59:59Z,https://ssppg.uneb.br/inicio/editalExterno/1561?selecao=1561,Encerrado,2026-06-15T12:00:00Z,UNEB SSPPG
2026-09-05T07:12:01.934109Z,050/2026AE - Educação e Contemporaneidade - Stricto Sensu Mestrado/Doutorado - Aluno Especial,Inscrições para o processo seletivo da UNEB: 050/2026AE - Educação e Contemporaneidade - Stricto Sensu Mestrado/Doutorado - Aluno Especial. Período de inscrições de 15/06/2026 a 06/07/2026. Consulte o edital completo no portal SSPPG UNEB.,UNEB,Doutorado - Aluno Especial,Educação,15,2026-06-15T12:00:00Z,2026-07-06T23:59:59Z,https://ssppg.uneb.br/inicio/editalExterno/1559?selecao=1559,Encerrado,2026-06-15T12:00:00Z,UNEB SSPPG
2026-09-05T07:12:01.934109Z,038/2026AE - Intervenção Educativa e Social - Stricto Sensu Mestrado - Aluno Especial,Inscrições para o processo seletivo da UNEB: 038/2026AE - Intervenção Educativa e Social - Stricto Sensu Mestrado - Aluno Especial. Período de inscrições de 15/06/2026 a 06/07/2026. Consulte o edital completo no portal SSPPG UNEB.,UNEB,Mestrado - Aluno Especial,Educação,15,2026-06-15T12:00:00Z,2026-07-06T23:59:59Z,https://ssppg.uneb.br/inicio/editalExterno/1554?selecao=1554,Encerrado,2026-06-15T12:00:00Z,UNEB SSPPG
2026-09-05T07:12:01.934109Z,053/2026AEME - Crítica Cultural - Stricto Sensu Mestrado - Aluno Especial,Inscrições para o processo seletivo da UNEB: 053/2026AEME - Crítica Cultural - Stricto Sensu Mestrado - Aluno Especial. Período de inscrições de 23/06/2026 a 06/07/2026. Consulte o edital completo no portal SSPPG UNEB.,UNEB,Mestrado - Aluno Especial,Educação,15,2026-06-23T12:00:00Z,2026-07-06T23:59:59Z,https://ssppg.uneb.br/inicio/editalExterno/1565?selecao=1565,Encerrado,2026-06-23T12:00:00Z,UNEB SSPPG
2026-09-05T07:12:01.934109Z,053/2026AEDO - Crítica Cultural - Stricto Sensu Doutorado - Aluno Especial,Inscrições para o processo seletivo da UNEB: 053/2026AEDO - Crítica Cultural - Stricto Sensu Doutorado - Aluno Especial. Período de inscrições de 23/06/2026 a 06/07/2026. Consulte o edital completo no portal SSPPG UNEB.,UNEB,Doutorado - Aluno Especial,Educação,15,2026-06-23T12:00:00Z,2026-07-06T23:59:59Z,https://ssppg.uneb.br/inicio/editalExterno/1567?selecao=1567,Encerrado,2026-06-23T12:00:00Z,UNEB SSPPG
2026-09-05T07:12:01.934109Z,055/2026AE - Educação e Diversidade - Stricto Sensu Mestrado - Aluno Especial,Inscrições para o processo seletivo da UNEB: 055/2026AE - Educação e Diversidade - Stricto Sensu Mestrado - Aluno Especial. Período de inscrições de 25/06/2026 a 08/07/2026. Consulte o edital completo no portal SSPPG UNEB.,UNEB,Mestrado - Aluno Especial,Educação,15,2026-06-25T12:00:00Z,2026-07-08T23:59:59Z,https://ssppg.uneb.br/inicio/editalExterno/1560?selecao=1560,Encerrado,2026-06-25T12:00:00Z,UNEB SSPPG
2026-09-05T07:12:01.934109Z,054/2026AE - ESTUDOS TERRITORIAIS - Stricto Sensu Mestrado - Aluno Especial,Inscrições para o processo seletivo da UNEB: 054/2026AE - ESTUDOS TERRITORIAIS - Stricto Sensu Mestrado - Aluno Especial. Período de inscrições de 25/06/2026 a 06/07/2026. Consulte o edital completo no portal SSPPG UNEB.,UNEB,Mestrado - Aluno Especial,Educação,15,2026-06-25T12:00:00Z,2026-07-06T23:59:59Z,https://ssppg.uneb.br/inicio/editalExterno/1557?selecao=1557,Encerrado,2026-06-25T12:00:00Z,UNEB SSPPG
2026-09-05T07:12:01.934109Z,"056/2026AE - ENSINO, LINGUAGEM E SOCIEDADE - Stricto Sensu Mestrado - Aluno Especial","Inscrições para o processo seletivo da UNEB: 056/2026AE - ENSINO, LINGUAGEM E SOCIEDADE - Stricto Sensu Mestrado - Aluno Especial. Período de inscrições de 26/06/2026 a 09/07/2026. Consulte o edital completo no portal SSPPG UNEB.",UNEB,Mestrado - Aluno Especial,Educação,15,2026-06-26T12:00:00Z,2026-07-09T23:59:59Z,https://ssppg.uneb.br/inicio/editalExterno/1564?selecao=1564,Encerrado,2026-06-26T12:00:00Z,UNEB SSPPG
2026-09-05T07:12:01.934109Z,048/2026AE - Estudo de Linguagens - Stricto Sensu Mestrado/Doutorado - Aluno Especial,Inscrições para o processo seletivo da UNEB: 048/2026AE - Estudo de Linguagens - Stricto Sensu Mestrado/Doutorado - Aluno Especial. Período de inscrições de 29/06/2026 a 10/07/2026. Consulte o edital completo no portal SSPPG UNEB.,UNEB,Doutorado - Aluno Especial,Humanas e Sociais,15,2026-06-29T12:00:00Z,2026-07-10T23:59:59Z,https://ssppg.uneb.br/inicio/editalExterno/1563?selecao=1563,Encerrado,2026-06-29T12:00:00Z,UNEB SSPPG
2026-09-05T07:12:01.934109Z,061/2026AE - Educação e Formação Docente - Stricto Sensu Mestrado - Aluno Especial,Inscrições para o processo seletivo da UNEB: 061/2026AE - Educação e Formação Docente - Stricto Sensu Mestrado - Aluno Especial. Período de inscrições de 29/06/2026 a 10/07/2026. Consulte o edital completo no portal SSPPG UNEB.,UNEB,Mestrado - Aluno Especial,Educação,15,2026-06-29T12:00:00Z,2026-07-10T23:59:59Z,https://ssppg.uneb.br/inicio/editalExterno/1570?selecao=1570,Encerrado,2026-06-29T12:00:00Z,UNEB SSPPG
2026-09-05T07:12:01.934109Z,"058/2026AE - Estudos Africanos, Povos Indígenas e Culturas Negras - Stricto Sensu Mestrado - Aluno Especial","Inscrições para o processo seletivo da UNEB: 058/2026AE - Estudos Africanos, Povos Indígenas e Culturas Negras - Stricto Sensu Mestrado - Aluno Especial. Período de inscrições de 29/06/2026 a 10/07/2026. Consulte o edital completo no portal SSPPG UNEB.",UNEB,Mestrado - Aluno Especial,Educação,15,2026-06-29T12:00:00Z,2026-07-10T23:59:59Z,https://ssppg.uneb.br/inicio/editalExterno/1562?selecao=1562,Encerrado,2026-06-29T12:00:00Z,UNEB SSPPG
2026-09-05T07:12:01.934109Z,064/2026AE - Estudos Africanos e Representações da África - Stricto Sensu Mestrado - Aluno Especial,Inscrições para o processo seletivo da UNEB: 064/2026AE - Estudos Africanos e Representações da África - Stricto Sensu Mestrado - Aluno Especial. Período de inscrições de 03/07/2026 a 13/07/2026. Consulte o edital completo no portal SSPPG UNEB.,UNEB,Mestrado - Aluno Especial,Educação,15,2026-07-03T12:00:00Z,2026-07-13T23:59:59Z,https://ssppg.uneb.br/inicio/editalExterno/1576?selecao=1576,Encerrado,2026-07-03T12:00:00Z,UNEB SSPPG
2026-09-05T07:12:01.934109Z,059/20262AE - Ecologia Humana e Gestão Socioambiental - Stricto Sensu Mestrado/Doutorado - Aluno Especial,Inscrições para o processo seletivo da UNEB: 059/20262AE - Ecologia Humana e Gestão Socioambiental - Stricto Sensu Mestrado/Doutorado - Aluno Especial. Período de inscrições de 03/07/2026 a 10/07/2026. Consulte o edital completo no portal SSPPG UNEB.,UNEB,Doutorado - Aluno Especial,Gestão e Negócios,15,2026-07-03T12:00:00Z,2026-07-10T23:59:59Z,https://ssppg.uneb.br/inicio/editalExterno/1568?selecao=1568,Encerrado,2026-07-03T12:00:00Z,UNEB SSPPG
2026-09-05T07:12:01.934109Z,044/2026AE - Programa de Pós-Graduação em Letras - Stricto Sensu Mestrado - Aluno Especial,Inscrições para o processo seletivo da UNEB: 044/2026AE - Programa de Pós-Graduação em Letras - Stricto Sensu Mestrado - Aluno Especial. Período de inscrições de 03/07/2026 a 10/07/2026. Consulte o edital completo no portal SSPPG UNEB.,UNEB,Mestrado - Aluno Especial,Humanas e Sociais,15,2026-07-03T12:00:00Z,2026-07-10T23:59:59Z,https://ssppg.uneb.br/inicio/editalExterno/1558?selecao=1558,Encerrado,2026-07-03T12:00:00Z,UNEB SSPPG
2026-09-05T07:12:01.934109Z,063/2026AE - Ciências Farmacêuticas - Stricto Sensu Mestrado - Aluno Especial,Inscrições para o processo seletivo da UNEB: 063/2026AE - Ciências Farmacêuticas - Stricto Sensu Mestrado - Aluno Especial. Período de inscrições de 03/07/2026 a 13/07/2026. Consulte o edital completo no portal SSPPG UNEB.,UNEB,Mestrado - Aluno Especial,Educação,15,2026-07-03T12:00:00Z,2026-07-13T23:59:59Z,https://ssppg.uneb.br/inicio/editalExterno/1569?selecao=1569,Encerrado,2026-07-03T12:00:00Z,UNEB SSPPG
2026-09-06T07:24:23.047742Z,Edital nº 01 - Processo Seletivo Aluno Especial Doutorado 2026.2 - DOUTORADO EM ESTATÍSTICA E CIÊNCIAS DE DADOS,Inscrições abertas para o processo seletivo da UFBA de ingresso no curso: DOUTORADO EM ESTATÍSTICA E CIÊNCIAS DE DADOS. Vagas ofertadas: 5. Período de inscrições de 15/06/2026 a 10/07/2026. Consulte o edital completo no portal oficial da instituição.,UFBA,Doutorado - Aluno Especial,Engenharias e Exatas,5,2026-06-15T12:00:00Z,2026-07-10T12:00:00Z,https://sigaa.ufba.br/sigaa/public/processo_seletivo/lista.jsf?aba=p-processo&nivel=S,Encerrado,2026-06-15T12:00:00Z,UFBA SIGAA
2026-09-06T07:24:23.047742Z,Edital nº 01 - Processo Seletivo Aluno Especial Mestrado 2026.2 - MESTRADO EM ESTATÍSTICA E CIÊNCIAS DE DADOS,Inscrições abertas para o processo seletivo da UFBA de ingresso no curso: MESTRADO EM ESTATÍSTICA E CIÊNCIAS DE DADOS. Vagas ofertadas: 13. Período de inscrições de 15/06/2026 a 10/07/2026. Consulte o edital completo no portal oficial da instituição.,UFBA,Mestrado - Aluno Especial,Engenharias e Exatas,13,2026-06-15T12:00:00Z,2026-07-10T12:00:00Z,https://sigaa.ufba.br/sigaa/public/processo_seletivo/lista.jsf?aba=p-processo&nivel=S,Encerrado,2026-06-15T12:00:00Z,UFBA SIGAA
2026-09-06T07:24:23.047742Z,EDITAL DE ALUNO ESPECIAL 2026.2 DOUTORADO - DOUTORADO EM ARQUITETURA E URBANISMO,Inscrições abertas para o processo seletivo da UFBA de ingresso no curso: DOUTORADO EM ARQUITETURA E URBANISMO. Vagas ofertadas: 50. Período de inscrições de 12/06/2026 a 18/06/2026. Consulte o edital completo no portal oficial da instituição.,UFBA,Doutorado - Aluno Especial,Engenharias e Exatas,50,2026-06-12T12:00:00Z,2026-06-18T12:00:00Z,https://sigaa.ufba.br/sigaa/public/processo_seletivo/lista.jsf?aba=p-processo&nivel=S,Encerrado,2026-06-12T12:00:00Z,UFBA SIGAA
2026-09-06T07:24:23.047742Z,EDITAL DE ALUNO ESPECIAL 2026.2 MESTRADO - MESTRADO EM ARQUITETURA E URBANISMO,Inscrições abertas para o processo seletivo da UFBA de ingresso no curso: MESTRADO EM ARQUITETURA E URBANISMO. Vagas ofertadas: 50. Período de inscrições de 12/06/2026 a 18/06/2026. Consulte o edital completo no portal oficial da instituição.,UFBA,Mestrado - Aluno Especial,Engenharias e Exatas,50,2026-06-12T12:00:00Z,2026-06-18T12:00:00Z,https://sigaa.ufba.br/sigaa/public/processo_seletivo/lista.jsf?aba=p-processo&nivel=S,Encerrado,2026-06-12T12:00:00Z,UFBA SIGAA
2026-09-06T07:24:23.047742Z,PROCESSO SELETIVO IC-PGCOMP DOUTORADO PARA ALUNO ESPECIAL 2026.2 - DOUTORADO EM CIÊNCIA DA COMPUTAÇÃO,Inscrições abertas para o processo seletivo da UFBA de ingresso no curso: DOUTORADO EM CIÊNCIA DA COMPUTAÇÃO. Vagas ofertadas: 30. Período de inscrições de 12/06/2026 a 19/06/2026. Consulte o edital completo no portal oficial da instituição.,UFBA,Doutorado - Aluno Especial,Tecnologia e Informática,30,2026-06-12T12:00:00Z,2026-06-19T12:00:00Z,https://sigaa.ufba.br/sigaa/public/processo_seletivo/lista.jsf?aba=p-processo&nivel=S,Encerrado,2026-06-12T12:00:00Z,UFBA SIGAA
2026-09-06T07:24:23.047742Z,PROCESSO SELETIVO IC-PGCOMP MESTRADO PARA ALUNO ESPECIAL 2026.2 - MESTRADO EM CIÊNCIA DA COMPUTAÇÃO,Inscrições abertas para o processo seletivo da UFBA de ingresso no curso: MESTRADO EM CIÊNCIA DA COMPUTAÇÃO. Vagas ofertadas: 70. Período de inscrições de 12/06/2026 a 19/06/2026. Consulte o edital completo no portal oficial da instituição.,UFBA,Mestrado - Aluno Especial,Tecnologia e Informática,70,2026-06-12T12:00:00Z,2026-06-19T12:00:00Z,https://sigaa.ufba.br/sigaa/public/processo_seletivo/lista.jsf?aba=p-processo&nivel=S,Encerrado,2026-06-12T12:00:00Z,UFBA SIGAA
2026-09-06T07:24:23.047742Z,EDITAL nº 02/2026 - SELEÇÃO PARA ALUNO ESPECIAL - SEMESTRE LETIVO 2026.2 - MESTRADO EM EDUCAÇÃO,Inscrições abertas para o processo seletivo da UFBA de ingresso no curso: MESTRADO EM EDUCAÇÃO. Vagas ofertadas: 102. Período de inscrições de 09/06/2026 a 12/06/2026. Consulte o edital completo no portal oficial da instituição.,UFBA,Mestrado - Aluno Especial,Educação,102,2026-06-09T12:00:00Z,2026-06-12T12:00:00Z,https://sigaa.ufba.br/sigaa/public/processo_seletivo/lista.jsf?aba=p-processo&nivel=S,Encerrado,2026-06-09T12:00:00Z,UFBA SIGAA
2026-09-06T07:24:23.047742Z,PROCESSO SELETIVO PARA INGRESSO DE ALUNO ESPECIAL DOUTORADO- PGENF 2026.2 - DOUTORADO EM ENFERMAGEM E SAÚDE,Inscrições abertas para o processo seletivo da UFBA de ingresso no curso: DOUTORADO EM ENFERMAGEM E SAÚDE. Vagas ofertadas: 30. Período de inscrições de 09/06/2026 a 15/06/2026. Consulte o edital completo no portal oficial da instituição.,UFBA,Doutorado - Aluno Especial,Saúde e Biológicas,30,2026-06-09T12:00:00Z,2026-06-15T12:00:00Z,https://sigaa.ufba.br/sigaa/public/processo_seletivo/lista.jsf?aba=p-processo&nivel=S,Encerrado,2026-06-09T12:00:00Z,UFBA SIGAA
2026-09-06T07:24:23.047742Z,PROCESSO SELETIVO PARA INGRESSO DE ALUNO ESPECIAL MESTRADO- PGENF 2026.2 - MESTRADO EM ENFERMAGEM E SAÚDE,Inscrições abertas para o processo seletivo da UFBA de ingresso no curso: MESTRADO EM ENFERMAGEM E SAÚDE. Vagas ofertadas: 60. Período de inscrições de 09/06/2026 a 15/06/2026. Consulte o edital completo no portal oficial da instituição.,UFBA,Mestrado - Aluno Especial,Saúde e Biológicas,60,2026-06-09T12:00:00Z,2026-06-15T12:00:00Z,https://sigaa.ufba.br/sigaa/public/processo_seletivo/lista.jsf?aba=p-processo&nivel=S,Encerrado,2026-06-09T12:00:00Z,UFBA SIGAA
2026-09-06T07:24:23.047742Z,SELEÇÃO DE ALUNO/A ESPECIAL DO PPGCS - 2026.2 - MESTRADO EM CIÊNCIAS SOCIAIS,Inscrições abertas para o processo seletivo da UFBA de ingresso no curso: MESTRADO EM CIÊNCIAS SOCIAIS. Vagas ofertadas: 45. Período de inscrições de 05/06/2026 a 12/06/2026. Consulte o edital completo no portal oficial da instituição.,UFBA,Mestrado - Aluno Especial,Saúde e Biológicas,45,2026-06-05T12:00:00Z,2026-06-12T12:00:00Z,https://sigaa.ufba.br/sigaa/public/processo_seletivo/lista.jsf?aba=p-processo&nivel=S,Encerrado,2026-06-05T12:00:00Z,UFBA SIGAA
2026-09-06T07:24:23.047742Z,SELEÇÃO PARA ALUNO ESPECIAL PPGCONT 2026.2 - MESTRADO EM CONTABILIDADE,Inscrições abertas para o processo seletivo da UFBA de ingresso no curso: MESTRADO EM CONTABILIDADE. Vagas ofertadas: 80. Período de inscrições de 05/06/2026 a 12/06/2026. Consulte o edital completo no portal oficial da instituição.,UFBA,Mestrado - Aluno Especial,Saúde e Biológicas,80,2026-06-05T12:00:00Z,2026-06-12T12:00:00Z,https://sigaa.ufba.br/sigaa/public/processo_seletivo/lista.jsf?aba=p-processo&nivel=S,Encerrado,2026-06-05T12:00:00Z,UFBA SIGAA
2026-09-06T07:24:23.047742Z,function dpf(f) {var adp = f.adp;if (adp != null) {for (var i = 0;i EDITAL Nº 01/2026 - SELEÇÃO ALUNO ESPECIAL – SEMESTRE LETIVO 2026.1 - ESTUDOS DE L,Inscrições abertas para o processo seletivo da UNILAB de ingresso no curso: ESTUDOS DE LINGUAGEM: CONTEXTOS LUSÓFONOS BRASIL-ÁFRICA. Vagas ofertadas: 10. Período de inscrições de 01/07/2026 a 17/07/2026. Consulte o edital completo no portal oficial da instituição.,UNILAB,Mestrado - Aluno Especial,Saúde e Biológicas,10,2026-07-01T12:00:00Z,2026-07-17T12:00:00Z,https://sigaa.unilab.edu.br/sigaa/public/processo_seletivo/lista.jsf?aba=p-processo&nivel=S,Encerrado,2026-07-01T12:00:00Z,UNILAB SIGAA
2026-09-06T07:24:23.047742Z,049/2026AE - Química Aplicada - Stricto Sensu Mestrado - Aluno Especial,Inscrições para o processo seletivo da UNEB: 049/2026AE - Química Aplicada - Stricto Sensu Mestrado - Aluno Especial. Período de inscrições de 15/06/2026 a 10/07/2026. Consulte o edital completo no portal SSPPG UNEB.,UNEB,Mestrado - Aluno Especial,Engenharias e Exatas,15,2026-06-15T12:00:00Z,2026-07-10T23:59:59Z,https://ssppg.uneb.br/inicio/editalExterno/1561?selecao=1561,Encerrado,2026-06-15T12:00:00Z,UNEB SSPPG
2026-09-06T07:24:23.047742Z,050/2026AE - Educação e Contemporaneidade - Stricto Sensu Mestrado/Doutorado - Aluno Especial,Inscrições para o processo seletivo da UNEB: 050/2026AE - Educação e Contemporaneidade - Stricto Sensu Mestrado/Doutorado - Aluno Especial. Período de inscrições de 15/06/2026 a 06/07/2026. Consulte o edital completo no portal SSPPG UNEB.,UNEB,Doutorado - Aluno Especial,Educação,15,2026-06-15T12:00:00Z,2026-07-06T23:59:59Z,https://ssppg.uneb.br/inicio/editalExterno/1559?selecao=1559,Encerrado,2026-06-15T12:00:00Z,UNEB SSPPG
2026-09-06T07:24:23.047742Z,038/2026AE - Intervenção Educativa e Social - Stricto Sensu Mestrado - Aluno Especial,Inscrições para o processo seletivo da UNEB: 038/2026AE - Intervenção Educativa e Social - Stricto Sensu Mestrado - Aluno Especial. Período de inscrições de 15/06/2026 a 06/07/2026. Consulte o edital completo no portal SSPPG UNEB.,UNEB,Mestrado - Aluno Especial,Educação,15,2026-06-15T12:00:00Z,2026-07-06T23:59:59Z,https://ssppg.uneb.br/inicio/editalExterno/1554?selecao=1554,Encerrado,2026-06-15T12:00:00Z,UNEB SSPPG
2026-09-06T07:24:23.047742Z,053/2026AEME - Crítica Cultural - Stricto Sensu Mestrado - Aluno Especial,Inscrições para o processo seletivo da UNEB: 053/2026AEME - Crítica Cultural - Stricto Sensu Mestrado - Aluno Especial. Período de inscrições de 23/06/2026 a 06/07/2026. Consulte o edital completo no portal SSPPG UNEB.,UNEB,Mestrado - Aluno Especial,Educação,15,2026-06-23T12:00:00Z,2026-07-06T23:59:59Z,https://ssppg.uneb.br/inicio/editalExterno/1565?selecao=1565,Encerrado,2026-06-23T12:00:00Z,UNEB SSPPG
2026-09-06T07:24:23.047742Z,053/2026AEDO - Crítica Cultural - Stricto Sensu Doutorado - Aluno Especial,Inscrições para o processo seletivo da UNEB: 053/2026AEDO - Crítica Cultural - Stricto Sensu Doutorado - Aluno Especial. Período de inscrições de 23/06/2026 a 06/07/2026. Consulte o edital completo no portal SSPPG UNEB.,UNEB,Doutorado - Aluno Especial,Educação,15,2026-06-23T12:00:00Z,2026-07-06T23:59:59Z,https://ssppg.uneb.br/inicio/editalExterno/1567?selecao=1567,Encerrado,2026-06-23T12:00:00Z,UNEB SSPPG
2026-09-06T07:24:23.047742Z,055/2026AE - Educação e Diversidade - Stricto Sensu Mestrado - Aluno Especial,Inscrições para o processo seletivo da UNEB: 055/2026AE - Educação e Diversidade - Stricto Sensu Mestrado - Aluno Especial. Período de inscrições de 25/06/2026 a 08/07/2026. Consulte o edital completo no portal SSPPG UNEB.,UNEB,Mestrado - Aluno Especial,Educação,15,2026-06-25T12:00:00Z,2026-07-08T23:59:59Z,https://ssppg.uneb.br/inicio/editalExterno/1560?selecao=1560,Encerrado,2026-06-25T12:00:00Z,UNEB SSPPG
2026-09-06T07:24:23.047742Z,054/2026AE - ESTUDOS TERRITORIAIS - Stricto Sensu Mestrado - Aluno Especial,Inscrições para o processo seletivo da UNEB: 054/2026AE - ESTUDOS TERRITORIAIS - Stricto Sensu Mestrado - Aluno Especial. Período de inscrições de 25/06/2026 a 06/07/2026. Consulte o edital completo no portal SSPPG UNEB.,UNEB,Mestrado - Aluno Especial,Educação,15,2026-06-25T12:00:00Z,2026-07-06T23:59:59Z,https://ssppg.uneb.br/inicio/editalExterno/1557?selecao=1557,Encerrado,2026-06-25T12:00:00Z,UNEB SSPPG
2026-09-06T07:24:23.047742Z,"056/2026AE - ENSINO, LINGUAGEM E SOCIEDADE - Stricto Sensu Mestrado - Aluno Especial","Inscrições para o processo seletivo da UNEB: 056/2026AE - ENSINO, LINGUAGEM E SOCIEDADE - Stricto Sensu Mestrado - Aluno Especial. Período de inscrições de 26/06/2026 a 09/07/2026. Consulte o edital completo no portal SSPPG UNEB.",UNEB,Mestrado - Aluno Especial,Educação,15,2026-06-26T12:00:00Z,2026-07-09T23:59:59Z,https://ssppg.uneb.br/inicio/editalExterno/1564?selecao=1564,Encerrado,2026-06-26T12:00:00Z,UNEB SSPPG
2026-09-06T07:24:23.047742Z,048/2026AE - Estudo de Linguagens - Stricto Sensu Mestrado/Doutorado - Aluno Especial,Inscrições para o processo seletivo da UNEB: 048/2026AE - Estudo de Linguagens - Stricto Sensu Mestrado/Doutorado - Aluno Especial. Período de inscrições de 29/06/2026 a 10/07/2026. Consulte o edital completo no portal SSPPG UNEB.,UNEB,Doutorado - Aluno Especial,Humanas e Sociais,15,2026-06-29T12:00:00Z,2026-07-10T23:59:59Z,https://ssppg.uneb.br/inicio/editalExterno/1563?selecao=1563,Encerrado,2026-06-29T12:00:00Z,UNEB SSPPG
2026-09-06T07:24:23.047742Z,061/2026AE - Educação e Formação Docente - Stricto Sensu Mestrado - Aluno Especial,Inscrições para o processo seletivo da UNEB: 061/2026AE - Educação e Formação Docente - Stricto Sensu Mestrado - Aluno Especial. Período de inscrições de 29/06/2026 a 10/07/2026. Consulte o edital completo no portal SSPPG UNEB.,UNEB,Mestrado - Aluno Especial,Educação,15,2026-06-29T12:00:00Z,2026-07-10T23:59:59Z,https://ssppg.uneb.br/inicio/editalExterno/1570?selecao=1570,Encerrado,2026-06-29T12:00:00Z,UNEB SSPPG
2026-09-06T07:24:23.047742Z,"058/2026AE - Estudos Africanos, Povos Indígenas e Culturas Negras - Stricto Sensu Mestrado - Aluno Especial","Inscrições para o processo seletivo da UNEB: 058/2026AE - Estudos Africanos, Povos Indígenas e Culturas Negras - Stricto Sensu Mestrado - Aluno Especial. Período de inscrições de 29/06/2026 a 10/07/2026. Consulte o edital completo no portal SSPPG UNEB.",UNEB,Mestrado - Aluno Especial,Educação,15,2026-06-29T12:00:00Z,2026-07-10T23:59:59Z,https://ssppg.uneb.br/inicio/editalExterno/1562?selecao=1562,Encerrado,2026-06-29T12:00:00Z,UNEB SSPPG
2026-09-06T07:24:23.047742Z,064/2026AE - Estudos Africanos e Representações da África - Stricto Sensu Mestrado - Aluno Especial,Inscrições para o processo seletivo da UNEB: 064/2026AE - Estudos Africanos e Representações da África - Stricto Sensu Mestrado - Aluno Especial. Período de inscrições de 03/07/2026 a 13/07/2026. Consulte o edital completo no portal SSPPG UNEB.,UNEB,Mestrado - Aluno Especial,Educação,15,2026-07-03T12:00:00Z,2026-07-13T23:59:59Z,https://ssppg.uneb.br/inicio/editalExterno/1576?selecao=1576,Encerrado,2026-07-03T12:00:00Z,UNEB SSPPG
2026-09-06T07:24:23.047742Z,059/20262AE - Ecologia Humana e Gestão Socioambiental - Stricto Sensu Mestrado/Doutorado - Aluno Especial,Inscrições para o processo seletivo da UNEB: 059/20262AE - Ecologia Humana e Gestão Socioambiental - Stricto Sensu Mestrado/Doutorado - Aluno Especial. Período de inscrições de 03/07/2026 a 10/07/2026. Consulte o edital completo no portal SSPPG UNEB.,UNEB,Doutorado - Aluno Especial,Gestão e Negócios,15,2026-07-03T12:00:00Z,2026-07-10T23:59:59Z,https://ssppg.uneb.br/inicio/editalExterno/1568?selecao=1568,Encerrado,2026-07-03T12:00:00Z,UNEB SSPPG
2026-09-06T07:24:23.047742Z,044/2026AE - Programa de Pós-Graduação em Letras - Stricto Sensu Mestrado - Aluno Especial,Inscrições para o processo seletivo da UNEB: 044/2026AE - Programa de Pós-Graduação em Letras - Stricto Sensu Mestrado - Aluno Especial. Período de inscrições de 03/07/2026 a 10/07/2026. Consulte o edital completo no portal SSPPG UNEB.,UNEB,Mestrado - Aluno Especial,Humanas e Sociais,15,2026-07-03T12:00:00Z,2026-07-10T23:59:59Z,https://ssppg.uneb.br/inicio/editalExterno/1558?selecao=1558,Encerrado,2026-07-03T12:00:00Z,UNEB SSPPG
2026-09-06T07:24:23.047742Z,063/2026AE - Ciências Farmacêuticas - Stricto Sensu Mestrado - Aluno Especial,Inscrições para o processo seletivo da UNEB: 063/2026AE - Ciências Farmacêuticas - Stricto Sensu Mestrado - Aluno Especial. Período de inscrições de 03/07/2026 a 13/07/2026. Consulte o edital completo no portal SSPPG UNEB.,UNEB,Mestrado - Aluno Especial,Educação,15,2026-07-03T12:00:00Z,2026-07-13T23:59:59Z,https://ssppg.uneb.br/inicio/editalExterno/1569?selecao=1569,Encerrado,2026-07-03T12:00:00Z,UNEB SSPPG
2026-09-07T07:40:10.239398Z,Edital nº 01 - Processo Seletivo Aluno Especial Doutorado 2026.2 - DOUTORADO EM ESTATÍSTICA E CIÊNCIAS DE DADOS,Inscrições abertas para o processo seletivo da UFBA de ingresso no curso: DOUTORADO EM ESTATÍSTICA E CIÊNCIAS DE DADOS. Vagas ofertadas: 5. Período de inscrições de 15/06/2026 a 10/07/2026. Consulte o edital completo no portal oficial da instituição.,UFBA,Doutorado - Aluno Especial,Engenharias e Exatas,5,2026-06-15T12:00:00Z,2026-07-10T12:00:00Z,https://sigaa.ufba.br/sigaa/public/processo_seletivo/lista.jsf?aba=p-processo&nivel=S,Encerrado,2026-06-15T12:00:00Z,UFBA SIGAA
2026-09-07T07:40:10.239398Z,Edital nº 01 - Processo Seletivo Aluno Especial Mestrado 2026.2 - MESTRADO EM ESTATÍSTICA E CIÊNCIAS DE DADOS,Inscrições abertas para o processo seletivo da UFBA de ingresso no curso: MESTRADO EM ESTATÍSTICA E CIÊNCIAS DE DADOS. Vagas ofertadas: 13. Período de inscrições de 15/06/2026 a 10/07/2026. Consulte o edital completo no portal oficial da instituição.,UFBA,Mestrado - Aluno Especial,Engenharias e Exatas,13,2026-06-15T12:00:00Z,2026-07-10T12:00:00Z,https://sigaa.ufba.br/sigaa/public/processo_seletivo/lista.jsf?aba=p-processo&nivel=S,Encerrado,2026-06-15T12:00:00Z,UFBA SIGAA
2026-09-07T07:40:10.239398Z,EDITAL DE ALUNO ESPECIAL 2026.2 DOUTORADO - DOUTORADO EM ARQUITETURA E URBANISMO,Inscrições abertas para o processo seletivo da UFBA de ingresso no curso: DOUTORADO EM ARQUITETURA E URBANISMO. Vagas ofertadas: 50. Período de inscrições de 12/06/2026 a 18/06/2026. Consulte o edital completo no portal oficial da instituição.,UFBA,Doutorado - Aluno Especial,Engenharias e Exatas,50,2026-06-12T12:00:00Z,2026-06-18T12:00:00Z,https://sigaa.ufba.br/sigaa/public/processo_seletivo/lista.jsf?aba=p-processo&nivel=S,Encerrado,2026-06-12T12:00:00Z,UFBA SIGAA
2026-09-07T07:40:10.239398Z,EDITAL DE ALUNO ESPECIAL 2026.2 MESTRADO - MESTRADO EM ARQUITETURA E URBANISMO,Inscrições abertas para o processo seletivo da UFBA de ingresso no curso: MESTRADO EM ARQUITETURA E URBANISMO. Vagas ofertadas: 50. Período de inscrições de 12/06/2026 a 18/06/2026. Consulte o edital completo no portal oficial da instituição.,UFBA,Mestrado - Aluno Especial,Engenharias e Exatas,50,2026-06-12T12:00:00Z,2026-06-18T12:00:00Z,https://sigaa.ufba.br/sigaa/public/processo_seletivo/lista.jsf?aba=p-processo&nivel=S,Encerrado,2026-06-12T12:00:00Z,UFBA SIGAA
2026-09-07T07:40:10.239398Z,PROCESSO SELETIVO IC-PGCOMP DOUTORADO PARA ALUNO ESPECIAL 2026.2 - DOUTORADO EM CIÊNCIA DA COMPUTAÇÃO,Inscrições abertas para o processo seletivo da UFBA de ingresso no curso: DOUTORADO EM CIÊNCIA DA COMPUTAÇÃO. Vagas ofertadas: 30. Período de inscrições de 12/06/2026 a 19/06/2026. Consulte o edital completo no portal oficial da instituição.,UFBA,Doutorado - Aluno Especial,Tecnologia e Informática,30,2026-06-12T12:00:00Z,2026-06-19T12:00:00Z,https://sigaa.ufba.br/sigaa/public/processo_seletivo/lista.jsf?aba=p-processo&nivel=S,Encerrado,2026-06-12T12:00:00Z,UFBA SIGAA
2026-09-07T07:40:10.239398Z,PROCESSO SELETIVO IC-PGCOMP MESTRADO PARA ALUNO ESPECIAL 2026.2 - MESTRADO EM CIÊNCIA DA COMPUTAÇÃO,Inscrições abertas para o processo seletivo da UFBA de ingresso no curso: MESTRADO EM CIÊNCIA DA COMPUTAÇÃO. Vagas ofertadas: 70. Período de inscrições de 12/06/2026 a 19/06/2026. Consulte o edital completo no portal oficial da instituição.,UFBA,Mestrado - Aluno Especial,Tecnologia e Informática,70,2026-06-12T12:00:00Z,2026-06-19T12:00:00Z,https://sigaa.ufba.br/sigaa/public/processo_seletivo/lista.jsf?aba=p-processo&nivel=S,Encerrado,2026-06-12T12:00:00Z,UFBA SIGAA
2026-09-07T07:40:10.239398Z,EDITAL nº 02/2026 - SELEÇÃO PARA ALUNO ESPECIAL - SEMESTRE LETIVO 2026.2 - MESTRADO EM EDUCAÇÃO,Inscrições abertas para o processo seletivo da UFBA de ingresso no curso: MESTRADO EM EDUCAÇÃO. Vagas ofertadas: 102. Período de inscrições de 09/06/2026 a 12/06/2026. Consulte o edital completo no portal oficial da instituição.,UFBA,Mestrado - Aluno Especial,Educação,102,2026-06-09T12:00:00Z,2026-06-12T12:00:00Z,https://sigaa.ufba.br/sigaa/public/processo_seletivo/lista.jsf?aba=p-processo&nivel=S,Encerrado,2026-06-09T12:00:00Z,UFBA SIGAA
2026-09-07T07:40:10.239398Z,PROCESSO SELETIVO PARA INGRESSO DE ALUNO ESPECIAL DOUTORADO- PGENF 2026.2 - DOUTORADO EM ENFERMAGEM E SAÚDE,Inscrições abertas para o processo seletivo da UFBA de ingresso no curso: DOUTORADO EM ENFERMAGEM E SAÚDE. Vagas ofertadas: 30. Período de inscrições de 09/06/2026 a 15/06/2026. Consulte o edital completo no portal oficial da instituição.,UFBA,Doutorado - Aluno Especial,Saúde e Biológicas,30,2026-06-09T12:00:00Z,2026-06-15T12:00:00Z,https://sigaa.ufba.br/sigaa/public/processo_seletivo/lista.jsf?aba=p-processo&nivel=S,Encerrado,2026-06-09T12:00:00Z,UFBA SIGAA
2026-09-07T07:40:10.239398Z,PROCESSO SELETIVO PARA INGRESSO DE ALUNO ESPECIAL MESTRADO- PGENF 2026.2 - MESTRADO EM ENFERMAGEM E SAÚDE,Inscrições abertas para o processo seletivo da UFBA de ingresso no curso: MESTRADO EM ENFERMAGEM E SAÚDE. Vagas ofertadas: 60. Período de inscrições de 09/06/2026 a 15/06/2026. Consulte o edital completo no portal oficial da instituição.,UFBA,Mestrado - Aluno Especial,Saúde e Biológicas,60,2026-06-09T12:00:00Z,2026-06-15T12:00:00Z,https://sigaa.ufba.br/sigaa/public/processo_seletivo/lista.jsf?aba=p-processo&nivel=S,Encerrado,2026-06-09T12:00:00Z,UFBA SIGAA
2026-09-07T07:40:10.239398Z,SELEÇÃO DE ALUNO/A ESPECIAL DO PPGCS - 2026.2 - MESTRADO EM CIÊNCIAS SOCIAIS,Inscrições abertas para o processo seletivo da UFBA de ingresso no curso: MESTRADO EM CIÊNCIAS SOCIAIS. Vagas ofertadas: 45. Período de inscrições de 05/06/2026 a 12/06/2026. Consulte o edital completo no portal oficial da instituição.,UFBA,Mestrado - Aluno Especial,Saúde e Biológicas,45,2026-06-05T12:00:00Z,2026-06-12T12:00:00Z,https://sigaa.ufba.br/sigaa/public/processo_seletivo/lista.jsf?aba=p-processo&nivel=S,Encerrado,2026-06-05T12:00:00Z,UFBA SIGAA
2026-09-07T07:40:10.239398Z,SELEÇÃO PARA ALUNO ESPECIAL PPGCONT 2026.2 - MESTRADO EM CONTABILIDADE,Inscrições abertas para o processo seletivo da UFBA de ingresso no curso: MESTRADO EM CONTABILIDADE. Vagas ofertadas: 80. Período de inscrições de 05/06/2026 a 12/06/2026. Consulte o edital completo no portal oficial da instituição.,UFBA,Mestrado - Aluno Especial,Saúde e Biológicas,80,2026-06-05T12:00:00Z,2026-06-12T12:00:00Z,https://sigaa.ufba.br/sigaa/public/processo_seletivo/lista.jsf?aba=p-processo&nivel=S,Encerrado,2026-06-05T12:00:00Z,UFBA SIGAA
2026-09-07T07:40:10.239398Z,function dpf(f) {var adp = f.adp;if (adp != null) {for (var i = 0;i EDITAL Nº 01/2026 - SELEÇÃO ALUNO ESPECIAL – SEMESTRE LETIVO 2026.1 - ESTUDOS DE L,Inscrições abertas para o processo seletivo da UNILAB de ingresso no curso: ESTUDOS DE LINGUAGEM: CONTEXTOS LUSÓFONOS BRASIL-ÁFRICA. Vagas ofertadas: 10. Período de inscrições de 01/07/2026 a 17/07/2026. Consulte o edital completo no portal oficial da instituição.,UNILAB,Mestrado - Aluno Especial,Saúde e Biológicas,10,2026-07-01T12:00:00Z,2026-07-17T12:00:00Z,https://sigaa.unilab.edu.br/sigaa/public/processo_seletivo/lista.jsf?aba=p-processo&nivel=S,Encerrado,2026-07-01T12:00:00Z,UNILAB SIGAA
2026-09-07T07:40:10.239398Z,049/2026AE - Química Aplicada - Stricto Sensu Mestrado - Aluno Especial,Inscrições para o processo seletivo da UNEB: 049/2026AE - Química Aplicada - Stricto Sensu Mestrado - Aluno Especial. Período de inscrições de 15/06/2026 a 10/07/2026. Consulte o edital completo no portal SSPPG UNEB.,UNEB,Mestrado - Aluno Especial,Engenharias e Exatas,15,2026-06-15T12:00:00Z,2026-07-10T23:59:59Z,https://ssppg.uneb.br/inicio/editalExterno/1561?selecao=1561,Encerrado,2026-06-15T12:00:00Z,UNEB SSPPG
2026-09-07T07:40:10.239398Z,050/2026AE - Educação e Contemporaneidade - Stricto Sensu Mestrado/Doutorado - Aluno Especial,Inscrições para o processo seletivo da UNEB: 050/2026AE - Educação e Contemporaneidade - Stricto Sensu Mestrado/Doutorado - Aluno Especial. Período de inscrições de 15/06/2026 a 06/07/2026. Consulte o edital completo no portal SSPPG UNEB.,UNEB,Doutorado - Aluno Especial,Educação,15,2026-06-15T12:00:00Z,2026-07-06T23:59:59Z,https://ssppg.uneb.br/inicio/editalExterno/1559?selecao=1559,Encerrado,2026-06-15T12:00:00Z,UNEB SSPPG
2026-09-07T07:40:10.239398Z,038/2026AE - Intervenção Educativa e Social - Stricto Sensu Mestrado - Aluno Especial,Inscrições para o processo seletivo da UNEB: 038/2026AE - Intervenção Educativa e Social - Stricto Sensu Mestrado - Aluno Especial. Período de inscrições de 15/06/2026 a 06/07/2026. Consulte o edital completo no portal SSPPG UNEB.,UNEB,Mestrado - Aluno Especial,Educação,15,2026-06-15T12:00:00Z,2026-07-06T23:59:59Z,https://ssppg.uneb.br/inicio/editalExterno/1554?selecao=1554,Encerrado,2026-06-15T12:00:00Z,UNEB SSPPG
2026-09-07T07:40:10.239398Z,053/2026AEME - Crítica Cultural - Stricto Sensu Mestrado - Aluno Especial,Inscrições para o processo seletivo da UNEB: 053/2026AEME - Crítica Cultural - Stricto Sensu Mestrado - Aluno Especial. Período de inscrições de 23/06/2026 a 06/07/2026. Consulte o edital completo no portal SSPPG UNEB.,UNEB,Mestrado - Aluno Especial,Educação,15,2026-06-23T12:00:00Z,2026-07-06T23:59:59Z,https://ssppg.uneb.br/inicio/editalExterno/1565?selecao=1565,Encerrado,2026-06-23T12:00:00Z,UNEB SSPPG
2026-09-07T07:40:10.239398Z,053/2026AEDO - Crítica Cultural - Stricto Sensu Doutorado - Aluno Especial,Inscrições para o processo seletivo da UNEB: 053/2026AEDO - Crítica Cultural - Stricto Sensu Doutorado - Aluno Especial. Período de inscrições de 23/06/2026 a 06/07/2026. Consulte o edital completo no portal SSPPG UNEB.,UNEB,Doutorado - Aluno Especial,Educação,15,2026-06-23T12:00:00Z,2026-07-06T23:59:59Z,https://ssppg.uneb.br/inicio/editalExterno/1567?selecao=1567,Encerrado,2026-06-23T12:00:00Z,UNEB SSPPG
2026-09-07T07:40:10.239398Z,055/2026AE - Educação e Diversidade - Stricto Sensu Mestrado - Aluno Especial,Inscrições para o processo seletivo da UNEB: 055/2026AE - Educação e Diversidade - Stricto Sensu Mestrado - Aluno Especial. Período de inscrições de 25/06/2026 a 08/07/2026. Consulte o edital completo no portal SSPPG UNEB.,UNEB,Mestrado - Aluno Especial,Educação,15,2026-06-25T12:00:00Z,2026-07-08T23:59:59Z,https://ssppg.uneb.br/inicio/editalExterno/1560?selecao=1560,Encerrado,2026-06-25T12:00:00Z,UNEB SSPPG
2026-09-07T07:40:10.239398Z,054/2026AE - ESTUDOS TERRITORIAIS - Stricto Sensu Mestrado - Aluno Especial,Inscrições para o processo seletivo da UNEB: 054/2026AE - ESTUDOS TERRITORIAIS - Stricto Sensu Mestrado - Aluno Especial. Período de inscrições de 25/06/2026 a 06/07/2026. Consulte o edital completo no portal SSPPG UNEB.,UNEB,Mestrado - Aluno Especial,Educação,15,2026-06-25T12:00:00Z,2026-07-06T23:59:59Z,https://ssppg.uneb.br/inicio/editalExterno/1557?selecao=1557,Encerrado,2026-06-25T12:00:00Z,UNEB SSPPG
2026-09-07T07:40:10.239398Z,"056/2026AE - ENSINO, LINGUAGEM E SOCIEDADE - Stricto Sensu Mestrado - Aluno Especial","Inscrições para o processo seletivo da UNEB: 056/2026AE - ENSINO, LINGUAGEM E SOCIEDADE - Stricto Sensu Mestrado - Aluno Especial. Período de inscrições de 26/06/2026 a 09/07/2026. Consulte o edital completo no portal SSPPG UNEB.",UNEB,Mestrado - Aluno Especial,Educação,15,2026-06-26T12:00:00Z,2026-07-09T23:59:59Z,https://ssppg.uneb.br/inicio/editalExterno/1564?selecao=1564,Encerrado,2026-06-26T12:00:00Z,UNEB SSPPG
2026-09-07T07:40:10.239398Z,048/2026AE - Estudo de Linguagens - Stricto Sensu Mestrado/Doutorado - Aluno Especial,Inscrições para o processo seletivo da UNEB: 048/2026AE - Estudo de Linguagens - Stricto Sensu Mestrado/Doutorado - Aluno Especial. Período de inscrições de 29/06/2026 a 10/07/2026. Consulte o edital completo no portal SSPPG UNEB.,UNEB,Doutorado - Aluno Especial,Humanas e Sociais,15,2026-06-29T12:00:00Z,2026-07-10T23:59:59Z,https://ssppg.uneb.br/inicio/editalExterno/1563?selecao=1563,Encerrado,2026-06-29T12:00:00Z,UNEB SSPPG
2026-09-07T07:40:10.239398Z,061/2026AE - Educação e Formação Docente - Stricto Sensu Mestrado - Aluno Especial,Inscrições para o processo seletivo da UNEB: 061/2026AE - Educação e Formação Docente - Stricto Sensu Mestrado - Aluno Especial. Período de inscrições de 29/06/2026 a 10/07/2026. Consulte o edital completo no portal SSPPG UNEB.,UNEB,Mestrado - Aluno Especial,Educação,15,2026-06-29T12:00:00Z,2026-07-10T23:59:59Z,https://ssppg.uneb.br/inicio/editalExterno/1570?selecao=1570,Encerrado,2026-06-29T12:00:00Z,UNEB SSPPG
2026-09-07T07:40:10.239398Z,"058/2026AE - Estudos Africanos, Povos Indígenas e Culturas Negras - Stricto Sensu Mestrado - Aluno Especial","Inscrições para o processo seletivo da UNEB: 058/2026AE - Estudos Africanos, Povos Indígenas e Culturas Negras - Stricto Sensu Mestrado - Aluno Especial. Período de inscrições de 29/06/2026 a 10/07/2026. Consulte o edital completo no portal SSPPG UNEB.",UNEB,Mestrado - Aluno Especial,Educação,15,2026-06-29T12:00:00Z,2026-07-10T23:59:59Z,https://ssppg.uneb.br/inicio/editalExterno/1562?selecao=1562,Encerrado,2026-06-29T12:00:00Z,UNEB SSPPG
2026-09-07T07:40:10.239398Z,064/2026AE - Estudos Africanos e Representações da África - Stricto Sensu Mestrado - Aluno Especial,Inscrições para o processo seletivo da UNEB: 064/2026AE - Estudos Africanos e Representações da África - Stricto Sensu Mestrado - Aluno Especial. Período de inscrições de 03/07/2026 a 13/07/2026. Consulte o edital completo no portal SSPPG UNEB.,UNEB,Mestrado - Aluno Especial,Educação,15,2026-07-03T12:00:00Z,2026-07-13T23:59:59Z,https://ssppg.uneb.br/inicio/editalExterno/1576?selecao=1576,Encerrado,2026-07-03T12:00:00Z,UNEB SSPPG
2026-09-07T07:40:10.239398Z,059/20262AE - Ecologia Humana e Gestão Socioambiental - Stricto Sensu Mestrado/Doutorado - Aluno Especial,Inscrições para o processo seletivo da UNEB: 059/20262AE - Ecologia Humana e Gestão Socioambiental - Stricto Sensu Mestrado/Doutorado - Aluno Especial. Período de inscrições de 03/07/2026 a 10/07/2026. Consulte o edital completo no portal SSPPG UNEB.,UNEB,Doutorado - Aluno Especial,Gestão e Negócios,15,2026-07-03T12:00:00Z,2026-07-10T23:59:59Z,https://ssppg.uneb.br/inicio/editalExterno/1568?selecao=1568,Encerrado,2026-07-03T12:00:00Z,UNEB SSPPG
2026-09-07T07:40:10.239398Z,044/2026AE - Programa de Pós-Graduação em Letras - Stricto Sensu Mestrado - Aluno Especial,Inscrições para o processo seletivo da UNEB: 044/2026AE - Programa de Pós-Graduação em Letras - Stricto Sensu Mestrado - Aluno Especial. Período de inscrições de 03/07/2026 a 10/07/2026. Consulte o edital completo no portal SSPPG UNEB.,UNEB,Mestrado - Aluno Especial,Humanas e Sociais,15,2026-07-03T12:00:00Z,2026-07-10T23:59:59Z,https://ssppg.uneb.br/inicio/editalExterno/1558?selecao=1558,Encerrado,2026-07-03T12:00:00Z,UNEB SSPPG
2026-09-07T07:40:10.239398Z,063/2026AE - Ciências Farmacêuticas - Stricto Sensu Mestrado - Aluno Especial,Inscrições para o processo seletivo da UNEB: 063/2026AE - Ciências Farmacêuticas - Stricto Sensu Mestrado - Aluno Especial. Período de inscrições de 03/07/2026 a 13/07/2026. Consulte o edital completo no portal SSPPG UNEB.,UNEB,Mestrado - Aluno Especial,Educação,15,2026-07-03T12:00:00Z,2026-07-13T23:59:59Z,https://ssppg.uneb.br/inicio/editalExterno/1569?selecao=1569,Encerrado,2026-07-03T12:00:00Z,UNEB SSPPG
2026-09-08T07:31:58.179916Z,Edital nº 01 - Processo Seletivo Aluno Especial Doutorado 2026.2 - DOUTORADO EM ESTATÍSTICA E CIÊNCIAS DE DADOS,Inscrições abertas para o processo seletivo da UFBA de ingresso no curso: DOUTORADO EM ESTATÍSTICA E CIÊNCIAS DE DADOS. Vagas ofertadas: 5. Período de inscrições de 15/06/2026 a 10/07/2026. Consulte o edital completo no portal oficial da instituição.,UFBA,Doutorado - Aluno Especial,Engenharias e Exatas,5,2026-06-15T12:00:00Z,2026-07-10T12:00:00Z,https://sigaa.ufba.br/sigaa/public/processo_seletivo/lista.jsf?aba=p-processo&nivel=S,Encerrado,2026-06-15T12:00:00Z,UFBA SIGAA
2026-09-08T07:31:58.179916Z,Edital nº 01 - Processo Seletivo Aluno Especial Mestrado 2026.2 - MESTRADO EM ESTATÍSTICA E CIÊNCIAS DE DADOS,Inscrições abertas para o processo seletivo da UFBA de ingresso no curso: MESTRADO EM ESTATÍSTICA E CIÊNCIAS DE DADOS. Vagas ofertadas: 13. Período de inscrições de 15/06/2026 a 10/07/2026. Consulte o edital completo no portal oficial da instituição.,UFBA,Mestrado - Aluno Especial,Engenharias e Exatas,13,2026-06-15T12:00:00Z,2026-07-10T12:00:00Z,https://sigaa.ufba.br/sigaa/public/processo_seletivo/lista.jsf?aba=p-processo&nivel=S,Encerrado,2026-06-15T12:00:00Z,UFBA SIGAA
2026-09-08T07:31:58.179916Z,EDITAL DE ALUNO ESPECIAL 2026.2 DOUTORADO - DOUTORADO EM ARQUITETURA E URBANISMO,Inscrições abertas para o processo seletivo da UFBA de ingresso no curso: DOUTORADO EM ARQUITETURA E URBANISMO. Vagas ofertadas: 50. Período de inscrições de 12/06/2026 a 18/06/2026. Consulte o edital completo no portal oficial da instituição.,UFBA,Doutorado - Aluno Especial,Engenharias e Exatas,50,2026-06-12T12:00:00Z,2026-06-18T12:00:00Z,https://sigaa.ufba.br/sigaa/public/processo_seletivo/lista.jsf?aba=p-processo&nivel=S,Encerrado,2026-06-12T12:00:00Z,UFBA SIGAA
2026-09-08T07:31:58.179916Z,EDITAL DE ALUNO ESPECIAL 2026.2 MESTRADO - MESTRADO EM ARQUITETURA E URBANISMO,Inscrições abertas para o processo seletivo da UFBA de ingresso no curso: MESTRADO EM ARQUITETURA E URBANISMO. Vagas ofertadas: 50. Período de inscrições de 12/06/2026 a 18/06/2026. Consulte o edital completo no portal oficial da instituição.,UFBA,Mestrado - Aluno Especial,Engenharias e Exatas,50,2026-06-12T12:00:00Z,2026-06-18T12:00:00Z,https://sigaa.ufba.br/sigaa/public/processo_seletivo/lista.jsf?aba=p-processo&nivel=S,Encerrado,2026-06-12T12:00:00Z,UFBA SIGAA
2026-09-08T07:31:58.179916Z,PROCESSO SELETIVO IC-PGCOMP DOUTORADO PARA ALUNO ESPECIAL 2026.2 - DOUTORADO EM CIÊNCIA DA COMPUTAÇÃO,Inscrições abertas para o processo seletivo da UFBA de ingresso no curso: DOUTORADO EM CIÊNCIA DA COMPUTAÇÃO. Vagas ofertadas: 30. Período de inscrições de 12/06/2026 a 19/06/2026. Consulte o edital completo no portal oficial da instituição.,UFBA,Doutorado - Aluno Especial,Tecnologia e Informática,30,2026-06-12T12:00:00Z,2026-06-19T12:00:00Z,https://sigaa.ufba.br/sigaa/public/processo_seletivo/lista.jsf?aba=p-processo&nivel=S,Encerrado,2026-06-12T12:00:00Z,UFBA SIGAA
2026-09-08T07:31:58.179916Z,PROCESSO SELETIVO IC-PGCOMP MESTRADO PARA ALUNO ESPECIAL 2026.2 - MESTRADO EM CIÊNCIA DA COMPUTAÇÃO,Inscrições abertas para o processo seletivo da UFBA de ingresso no curso: MESTRADO EM CIÊNCIA DA COMPUTAÇÃO. Vagas ofertadas: 70. Período de inscrições de 12/06/2026 a 19/06/2026. Consulte o edital completo no portal oficial da instituição.,UFBA,Mestrado - Aluno Especial,Tecnologia e Informática,70,2026-06-12T12:00:00Z,2026-06-19T12:00:00Z,https://sigaa.ufba.br/sigaa/public/processo_seletivo/lista.jsf?aba=p-processo&nivel=S,Encerrado,2026-06-12T12:00:00Z,UFBA SIGAA
2026-09-08T07:31:58.179916Z,EDITAL nº 02/2026 - SELEÇÃO PARA ALUNO ESPECIAL - SEMESTRE LETIVO 2026.2 - MESTRADO EM EDUCAÇÃO,Inscrições abertas para o processo seletivo da UFBA de ingresso no curso: MESTRADO EM EDUCAÇÃO. Vagas ofertadas: 102. Período de inscrições de 09/06/2026 a 12/06/2026. Consulte o edital completo no portal oficial da instituição.,UFBA,Mestrado - Aluno Especial,Educação,102,2026-06-09T12:00:00Z,2026-06-12T12:00:00Z,https://sigaa.ufba.br/sigaa/public/processo_seletivo/lista.jsf?aba=p-processo&nivel=S,Encerrado,2026-06-09T12:00:00Z,UFBA SIGAA
2026-09-08T07:31:58.179916Z,PROCESSO SELETIVO PARA INGRESSO DE ALUNO ESPECIAL DOUTORADO- PGENF 2026.2 - DOUTORADO EM ENFERMAGEM E SAÚDE,Inscrições abertas para o processo seletivo da UFBA de ingresso no curso: DOUTORADO EM ENFERMAGEM E SAÚDE. Vagas ofertadas: 30. Período de inscrições de 09/06/2026 a 15/06/2026. Consulte o edital completo no portal oficial da instituição.,UFBA,Doutorado - Aluno Especial,Saúde e Biológicas,30,2026-06-09T12:00:00Z,2026-06-15T12:00:00Z,https://sigaa.ufba.br/sigaa/public/processo_seletivo/lista.jsf?aba=p-processo&nivel=S,Encerrado,2026-06-09T12:00:00Z,UFBA SIGAA
2026-09-08T07:31:58.179916Z,PROCESSO SELETIVO PARA INGRESSO DE ALUNO ESPECIAL MESTRADO- PGENF 2026.2 - MESTRADO EM ENFERMAGEM E SAÚDE,Inscrições abertas para o processo seletivo da UFBA de ingresso no curso: MESTRADO EM ENFERMAGEM E SAÚDE. Vagas ofertadas: 60. Período de inscrições de 09/06/2026 a 15/06/2026. Consulte o edital completo no portal oficial da instituição.,UFBA,Mestrado - Aluno Especial,Saúde e Biológicas,60,2026-06-09T12:00:00Z,2026-06-15T12:00:00Z,https://sigaa.ufba.br/sigaa/public/processo_seletivo/lista.jsf?aba=p-processo&nivel=S,Encerrado,2026-06-09T12:00:00Z,UFBA SIGAA
2026-09-08T07:31:58.179916Z,SELEÇÃO DE ALUNO/A ESPECIAL DO PPGCS - 2026.2 - MESTRADO EM CIÊNCIAS SOCIAIS,Inscrições abertas para o processo seletivo da UFBA de ingresso no curso: MESTRADO EM CIÊNCIAS SOCIAIS. Vagas ofertadas: 45. Período de inscrições de 05/06/2026 a 12/06/2026. Consulte o edital completo no portal oficial da instituição.,UFBA,Mestrado - Aluno Especial,Saúde e Biológicas,45,2026-06-05T12:00:00Z,2026-06-12T12:00:00Z,https://sigaa.ufba.br/sigaa/public/processo_seletivo/lista.jsf?aba=p-processo&nivel=S,Encerrado,2026-06-05T12:00:00Z,UFBA SIGAA
2026-09-08T07:31:58.179916Z,SELEÇÃO PARA ALUNO ESPECIAL PPGCONT 2026.2 - MESTRADO EM CONTABILIDADE,Inscrições abertas para o processo seletivo da UFBA de ingresso no curso: MESTRADO EM CONTABILIDADE. Vagas ofertadas: 80. Período de inscrições de 05/06/2026 a 12/06/2026. Consulte o edital completo no portal oficial da instituição.,UFBA,Mestrado - Aluno Especial,Saúde e Biológicas,80,2026-06-05T12:00:00Z,2026-06-12T12:00:00Z,https://sigaa.ufba.br/sigaa/public/processo_seletivo/lista.jsf?aba=p-processo&nivel=S,Encerrado,2026-06-05T12:00:00Z,UFBA SIGAA
2026-09-08T07:31:58.179916Z,function dpf(f) {var adp = f.adp;if (adp != null) {for (var i = 0;i EDITAL Nº 01/2026 - SELEÇÃO ALUNO ESPECIAL – SEMESTRE LETIVO 2026.1 - ESTUDOS DE L,Inscrições abertas para o processo seletivo da UNILAB de ingresso no curso: ESTUDOS DE LINGUAGEM: CONTEXTOS LUSÓFONOS BRASIL-ÁFRICA. Vagas ofertadas: 10. Período de inscrições de 01/07/2026 a 17/07/2026. Consulte o edital completo no portal oficial da instituição.,UNILAB,Mestrado - Aluno Especial,Saúde e Biológicas,10,2026-07-01T12:00:00Z,2026-07-17T12:00:00Z,https://sigaa.unilab.edu.br/sigaa/public/processo_seletivo/lista.jsf?aba=p-processo&nivel=S,Encerrado,2026-07-01T12:00:00Z,UNILAB SIGAA
2026-09-08T07:31:58.179916Z,049/2026AE - Química Aplicada - Stricto Sensu Mestrado - Aluno Especial,Inscrições para o processo seletivo da UNEB: 049/2026AE - Química Aplicada - Stricto Sensu Mestrado - Aluno Especial. Período de inscrições de 15/06/2026 a 10/07/2026. Consulte o edital completo no portal SSPPG UNEB.,UNEB,Mestrado - Aluno Especial,Engenharias e Exatas,15,2026-06-15T12:00:00Z,2026-07-10T23:59:59Z,https://ssppg.uneb.br/inicio/editalExterno/1561?selecao=1561,Encerrado,2026-06-15T12:00:00Z,UNEB SSPPG
2026-09-08T07:31:58.179916Z,050/2026AE - Educação e Contemporaneidade - Stricto Sensu Mestrado/Doutorado - Aluno Especial,Inscrições para o processo seletivo da UNEB: 050/2026AE - Educação e Contemporaneidade - Stricto Sensu Mestrado/Doutorado - Aluno Especial. Período de inscrições de 15/06/2026 a 06/07/2026. Consulte o edital completo no portal SSPPG UNEB.,UNEB,Doutorado - Aluno Especial,Educação,15,2026-06-15T12:00:00Z,2026-07-06T23:59:59Z,https://ssppg.uneb.br/inicio/editalExterno/1559?selecao=1559,Encerrado,2026-06-15T12:00:00Z,UNEB SSPPG
2026-09-08T07:31:58.179916Z,038/2026AE - Intervenção Educativa e Social - Stricto Sensu Mestrado - Aluno Especial,Inscrições para o processo seletivo da UNEB: 038/2026AE - Intervenção Educativa e Social - Stricto Sensu Mestrado - Aluno Especial. Período de inscrições de 15/06/2026 a 06/07/2026. Consulte o edital completo no portal SSPPG UNEB.,UNEB,Mestrado - Aluno Especial,Educação,15,2026-06-15T12:00:00Z,2026-07-06T23:59:59Z,https://ssppg.uneb.br/inicio/editalExterno/1554?selecao=1554,Encerrado,2026-06-15T12:00:00Z,UNEB SSPPG
2026-09-08T07:31:58.179916Z,053/2026AEME - Crítica Cultural - Stricto Sensu Mestrado - Aluno Especial,Inscrições para o processo seletivo da UNEB: 053/2026AEME - Crítica Cultural - Stricto Sensu Mestrado - Aluno Especial. Período de inscrições de 23/06/2026 a 06/07/2026. Consulte o edital completo no portal SSPPG UNEB.,UNEB,Mestrado - Aluno Especial,Educação,15,2026-06-23T12:00:00Z,2026-07-06T23:59:59Z,https://ssppg.uneb.br/inicio/editalExterno/1565?selecao=1565,Encerrado,2026-06-23T12:00:00Z,UNEB SSPPG
2026-09-08T07:31:58.179916Z,053/2026AEDO - Crítica Cultural - Stricto Sensu Doutorado - Aluno Especial,Inscrições para o processo seletivo da UNEB: 053/2026AEDO - Crítica Cultural - Stricto Sensu Doutorado - Aluno Especial. Período de inscrições de 23/06/2026 a 06/07/2026. Consulte o edital completo no portal SSPPG UNEB.,UNEB,Doutorado - Aluno Especial,Educação,15,2026-06-23T12:00:00Z,2026-07-06T23:59:59Z,https://ssppg.uneb.br/inicio/editalExterno/1567?selecao=1567,Encerrado,2026-06-23T12:00:00Z,UNEB SSPPG
2026-09-08T07:31:58.179916Z,055/2026AE - Educação e Diversidade - Stricto Sensu Mestrado - Aluno Especial,Inscrições para o processo seletivo da UNEB: 055/2026AE - Educação e Diversidade - Stricto Sensu Mestrado - Aluno Especial. Período de inscrições de 25/06/2026 a 08/07/2026. Consulte o edital completo no portal SSPPG UNEB.,UNEB,Mestrado - Aluno Especial,Educação,15,2026-06-25T12:00:00Z,2026-07-08T23:59:59Z,https://ssppg.uneb.br/inicio/editalExterno/1560?selecao=1560,Encerrado,2026-06-25T12:00:00Z,UNEB SSPPG
2026-09-08T07:31:58.179916Z,054/2026AE - ESTUDOS TERRITORIAIS - Stricto Sensu Mestrado - Aluno Especial,Inscrições para o processo seletivo da UNEB: 054/2026AE - ESTUDOS TERRITORIAIS - Stricto Sensu Mestrado - Aluno Especial. Período de inscrições de 25/06/2026 a 06/07/2026. Consulte o edital completo no portal SSPPG UNEB.,UNEB,Mestrado - Aluno Especial,Educação,15,2026-06-25T12:00:00Z,2026-07-06T23:59:59Z,https://ssppg.uneb.br/inicio/editalExterno/1557?selecao=1557,Encerrado,2026-06-25T12:00:00Z,UNEB SSPPG
2026-09-08T07:31:58.179916Z,"056/2026AE - ENSINO, LINGUAGEM E SOCIEDADE - Stricto Sensu Mestrado - Aluno Especial","Inscrições para o processo seletivo da UNEB: 056/2026AE - ENSINO, LINGUAGEM E SOCIEDADE - Stricto Sensu Mestrado - Aluno Especial. Período de inscrições de 26/06/2026 a 09/07/2026. Consulte o edital completo no portal SSPPG UNEB.",UNEB,Mestrado - Aluno Especial,Educação,15,2026-06-26T12:00:00Z,2026-07-09T23:59:59Z,https://ssppg.uneb.br/inicio/editalExterno/1564?selecao=1564,Encerrado,2026-06-26T12:00:00Z,UNEB SSPPG
2026-09-08T07:31:58.179916Z,048/2026AE - Estudo de Linguagens - Stricto Sensu Mestrado/Doutorado - Aluno Especial,Inscrições para o processo seletivo da UNEB: 048/2026AE - Estudo de Linguagens - Stricto Sensu Mestrado/Doutorado - Aluno Especial. Período de inscrições de 29/06/2026 a 10/07/2026. Consulte o edital completo no portal SSPPG UNEB.,UNEB,Doutorado - Aluno Especial,Humanas e Sociais,15,2026-06-29T12:00:00Z,2026-07-10T23:59:59Z,https://ssppg.uneb.br/inicio/editalExterno/1563?selecao=1563,Encerrado,2026-06-29T12:00:00Z,UNEB SSPPG
2026-09-08T07:31:58.179916Z,061/2026AE - Educação e Formação Docente - Stricto Sensu Mestrado - Aluno Especial,Inscrições para o processo seletivo da UNEB: 061/2026AE - Educação e Formação Docente - Stricto Sensu Mestrado - Aluno Especial. Período de inscrições de 29/06/2026 a 10/07/2026. Consulte o edital completo no portal SSPPG UNEB.,UNEB,Mestrado - Aluno Especial,Educação,15,2026-06-29T12:00:00Z,2026-07-10T23:59:59Z,https://ssppg.uneb.br/inicio/editalExterno/1570?selecao=1570,Encerrado,2026-06-29T12:00:00Z,UNEB SSPPG
2026-09-08T07:31:58.179916Z,"058/2026AE - Estudos Africanos, Povos Indígenas e Culturas Negras - Stricto Sensu Mestrado - Aluno Especial","Inscrições para o processo seletivo da UNEB: 058/2026AE - Estudos Africanos, Povos Indígenas e Culturas Negras - Stricto Sensu Mestrado - Aluno Especial. Período de inscrições de 29/06/2026 a 10/07/2026. Consulte o edital completo no portal SSPPG UNEB.",UNEB,Mestrado - Aluno Especial,Educação,15,2026-06-29T12:00:00Z,2026-07-10T23:59:59Z,https://ssppg.uneb.br/inicio/editalExterno/1562?selecao=1562,Encerrado,2026-06-29T12:00:00Z,UNEB SSPPG
2026-09-08T07:31:58.179916Z,064/2026AE - Estudos Africanos e Representações da África - Stricto Sensu Mestrado - Aluno Especial,Inscrições para o processo seletivo da UNEB: 064/2026AE - Estudos Africanos e Representações da África - Stricto Sensu Mestrado - Aluno Especial. Período de inscrições de 03/07/2026 a 13/07/2026. Consulte o edital completo no portal SSPPG UNEB.,UNEB,Mestrado - Aluno Especial,Educação,15,2026-07-03T12:00:00Z,2026-07-13T23:59:59Z,https://ssppg.uneb.br/inicio/editalExterno/1576?selecao=1576,Encerrado,2026-07-03T12:00:00Z,UNEB SSPPG
2026-09-08T07:31:58.179916Z,059/20262AE - Ecologia Humana e Gestão Socioambiental - Stricto Sensu Mestrado/Doutorado - Aluno Especial,Inscrições para o processo seletivo da UNEB: 059/20262AE - Ecologia Humana e Gestão Socioambiental - Stricto Sensu Mestrado/Doutorado - Aluno Especial. Período de inscrições de 03/07/2026 a 10/07/2026. Consulte o edital completo no portal SSPPG UNEB.,UNEB,Doutorado - Aluno Especial,Gestão e Negócios,15,2026-07-03T12:00:00Z,2026-07-10T23:59:59Z,https://ssppg.uneb.br/inicio/editalExterno/1568?selecao=1568,Encerrado,2026-07-03T12:00:00Z,UNEB SSPPG
2026-09-08T07:31:58.179916Z,044/2026AE - Programa de Pós-Graduação em Letras - Stricto Sensu Mestrado - Aluno Especial,Inscrições para o processo seletivo da UNEB: 044/2026AE - Programa de Pós-Graduação em Letras - Stricto Sensu Mestrado - Aluno Especial. Período de inscrições de 03/07/2026 a 10/07/2026. Consulte o edital completo no portal SSPPG UNEB.,UNEB,Mestrado - Aluno Especial,Humanas e Sociais,15,2026-07-03T12:00:00Z,2026-07-10T23:59:59Z,https://ssppg.uneb.br/inicio/editalExterno/1558?selecao=1558,Encerrado,2026-07-03T12:00:00Z,UNEB SSPPG
2026-09-08T07:31:58.179916Z,063/2026AE - Ciências Farmacêuticas - Stricto Sensu Mestrado - Aluno Especial,Inscrições para o processo seletivo da UNEB: 063/2026AE - Ciências Farmacêuticas - Stricto Sensu Mestrado - Aluno Especial. Período de inscrições de 03/07/2026 a 13/07/2026. Consulte o edital completo no portal SSPPG UNEB.,UNEB,Mestrado - Aluno Especial,Educação,15,2026-07-03T12:00:00Z,2026-07-13T23:59:59Z,https://ssppg.uneb.br/inicio/editalExterno/1569?selecao=1569,Encerrado,2026-07-03T12:00:00Z,UNEB SSPPG
2026-09-09T07:40:01.409879Z,Edital nº 01 - Processo Seletivo Aluno Especial Doutorado 2026.2 - DOUTORADO EM ESTATÍSTICA E CIÊNCIAS DE DADOS,Inscrições abertas para o processo seletivo da UFBA de ingresso no curso: DOUTORADO EM ESTATÍSTICA E CIÊNCIAS DE DADOS. Vagas ofertadas: 5. Período de inscrições de 15/06/2026 a 10/07/2026. Consulte o edital completo no portal oficial da instituição.,UFBA,Doutorado - Aluno Especial,Engenharias e Exatas,5,2026-06-15T12:00:00Z,2026-07-10T12:00:00Z,https://sigaa.ufba.br/sigaa/public/processo_seletivo/lista.jsf?aba=p-processo&nivel=S,Encerrado,2026-06-15T12:00:00Z,UFBA SIGAA
2026-09-09T07:40:01.409879Z,Edital nº 01 - Processo Seletivo Aluno Especial Mestrado 2026.2 - MESTRADO EM ESTATÍSTICA E CIÊNCIAS DE DADOS,Inscrições abertas para o processo seletivo da UFBA de ingresso no curso: MESTRADO EM ESTATÍSTICA E CIÊNCIAS DE DADOS. Vagas ofertadas: 13. Período de inscrições de 15/06/2026 a 10/07/2026. Consulte o edital completo no portal oficial da instituição.,UFBA,Mestrado - Aluno Especial,Engenharias e Exatas,13,2026-06-15T12:00:00Z,2026-07-10T12:00:00Z,https://sigaa.ufba.br/sigaa/public/processo_seletivo/lista.jsf?aba=p-processo&nivel=S,Encerrado,2026-06-15T12:00:00Z,UFBA SIGAA
2026-09-09T07:40:01.409879Z,EDITAL DE ALUNO ESPECIAL 2026.2 DOUTORADO - DOUTORADO EM ARQUITETURA E URBANISMO,Inscrições abertas para o processo seletivo da UFBA de ingresso no curso: DOUTORADO EM ARQUITETURA E URBANISMO. Vagas ofertadas: 50. Período de inscrições de 12/06/2026 a 18/06/2026. Consulte o edital completo no portal oficial da instituição.,UFBA,Doutorado - Aluno Especial,Engenharias e Exatas,50,2026-06-12T12:00:00Z,2026-06-18T12:00:00Z,https://sigaa.ufba.br/sigaa/public/processo_seletivo/lista.jsf?aba=p-processo&nivel=S,Encerrado,2026-06-12T12:00:00Z,UFBA SIGAA
2026-09-09T07:40:01.409879Z,EDITAL DE ALUNO ESPECIAL 2026.2 MESTRADO - MESTRADO EM ARQUITETURA E URBANISMO,Inscrições abertas para o processo seletivo da UFBA de ingresso no curso: MESTRADO EM ARQUITETURA E URBANISMO. Vagas ofertadas: 50. Período de inscrições de 12/06/2026 a 18/06/2026. Consulte o edital completo no portal oficial da instituição.,UFBA,Mestrado - Aluno Especial,Engenharias e Exatas,50,2026-06-12T12:00:00Z,2026-06-18T12:00:00Z,https://sigaa.ufba.br/sigaa/public/processo_seletivo/lista.jsf?aba=p-processo&nivel=S,Encerrado,2026-06-12T12:00:00Z,UFBA SIGAA
2026-09-09T07:40:01.409879Z,PROCESSO SELETIVO IC-PGCOMP DOUTORADO PARA ALUNO ESPECIAL 2026.2 - DOUTORADO EM CIÊNCIA DA COMPUTAÇÃO,Inscrições abertas para o processo seletivo da UFBA de ingresso no curso: DOUTORADO EM CIÊNCIA DA COMPUTAÇÃO. Vagas ofertadas: 30. Período de inscrições de 12/06/2026 a 19/06/2026. Consulte o edital completo no portal oficial da instituição.,UFBA,Doutorado - Aluno Especial,Tecnologia e Informática,30,2026-06-12T12:00:00Z,2026-06-19T12:00:00Z,https://sigaa.ufba.br/sigaa/public/processo_seletivo/lista.jsf?aba=p-processo&nivel=S,Encerrado,2026-06-12T12:00:00Z,UFBA SIGAA
2026-09-09T07:40:01.409879Z,PROCESSO SELETIVO IC-PGCOMP MESTRADO PARA ALUNO ESPECIAL 2026.2 - MESTRADO EM CIÊNCIA DA COMPUTAÇÃO,Inscrições abertas para o processo seletivo da UFBA de ingresso no curso: MESTRADO EM CIÊNCIA DA COMPUTAÇÃO. Vagas ofertadas: 70. Período de inscrições de 12/06/2026 a 19/06/2026. Consulte o edital completo no portal oficial da instituição.,UFBA,Mestrado - Aluno Especial,Tecnologia e Informática,70,2026-06-12T12:00:00Z,2026-06-19T12:00:00Z,https://sigaa.ufba.br/sigaa/public/processo_seletivo/lista.jsf?aba=p-processo&nivel=S,Encerrado,2026-06-12T12:00:00Z,UFBA SIGAA
2026-09-09T07:40:01.409879Z,EDITAL nº 02/2026 - SELEÇÃO PARA ALUNO ESPECIAL - SEMESTRE LETIVO 2026.2 - MESTRADO EM EDUCAÇÃO,Inscrições abertas para o processo seletivo da UFBA de ingresso no curso: MESTRADO EM EDUCAÇÃO. Vagas ofertadas: 102. Período de inscrições de 09/06/2026 a 12/06/2026. Consulte o edital completo no portal oficial da instituição.,UFBA,Mestrado - Aluno Especial,Educação,102,2026-06-09T12:00:00Z,2026-06-12T12:00:00Z,https://sigaa.ufba.br/sigaa/public/processo_seletivo/lista.jsf?aba=p-processo&nivel=S,Encerrado,2026-06-09T12:00:00Z,UFBA SIGAA
2026-09-09T07:40:01.409879Z,PROCESSO SELETIVO PARA INGRESSO DE ALUNO ESPECIAL DOUTORADO- PGENF 2026.2 - DOUTORADO EM ENFERMAGEM E SAÚDE,Inscrições abertas para o processo seletivo da UFBA de ingresso no curso: DOUTORADO EM ENFERMAGEM E SAÚDE. Vagas ofertadas: 30. Período de inscrições de 09/06/2026 a 15/06/2026. Consulte o edital completo no portal oficial da instituição.,UFBA,Doutorado - Aluno Especial,Saúde e Biológicas,30,2026-06-09T12:00:00Z,2026-06-15T12:00:00Z,https://sigaa.ufba.br/sigaa/public/processo_seletivo/lista.jsf?aba=p-processo&nivel=S,Encerrado,2026-06-09T12:00:00Z,UFBA SIGAA
2026-09-09T07:40:01.409879Z,PROCESSO SELETIVO PARA INGRESSO DE ALUNO ESPECIAL MESTRADO- PGENF 2026.2 - MESTRADO EM ENFERMAGEM E SAÚDE,Inscrições abertas para o processo seletivo da UFBA de ingresso no curso: MESTRADO EM ENFERMAGEM E SAÚDE. Vagas ofertadas: 60. Período de inscrições de 09/06/2026 a 15/06/2026. Consulte o edital completo no portal oficial da instituição.,UFBA,Mestrado - Aluno Especial,Saúde e Biológicas,60,2026-06-09T12:00:00Z,2026-06-15T12:00:00Z,https://sigaa.ufba.br/sigaa/public/processo_seletivo/lista.jsf?aba=p-processo&nivel=S,Encerrado,2026-06-09T12:00:00Z,UFBA SIGAA
2026-09-09T07:40:01.409879Z,SELEÇÃO DE ALUNO/A ESPECIAL DO PPGCS - 2026.2 - MESTRADO EM CIÊNCIAS SOCIAIS,Inscrições abertas para o processo seletivo da UFBA de ingresso no curso: MESTRADO EM CIÊNCIAS SOCIAIS. Vagas ofertadas: 45. Período de inscrições de 05/06/2026 a 12/06/2026. Consulte o edital completo no portal oficial da instituição.,UFBA,Mestrado - Aluno Especial,Saúde e Biológicas,45,2026-06-05T12:00:00Z,2026-06-12T12:00:00Z,https://sigaa.ufba.br/sigaa/public/processo_seletivo/lista.jsf?aba=p-processo&nivel=S,Encerrado,2026-06-05T12:00:00Z,UFBA SIGAA
2026-09-09T07:40:01.409879Z,SELEÇÃO PARA ALUNO ESPECIAL PPGCONT 2026.2 - MESTRADO EM CONTABILIDADE,Inscrições abertas para o processo seletivo da UFBA de ingresso no curso: MESTRADO EM CONTABILIDADE. Vagas ofertadas: 80. Período de inscrições de 05/06/2026 a 12/06/2026. Consulte o edital completo no portal oficial da instituição.,UFBA,Mestrado - Aluno Especial,Saúde e Biológicas,80,2026-06-05T12:00:00Z,2026-06-12T12:00:00Z,https://sigaa.ufba.br/sigaa/public/processo_seletivo/lista.jsf?aba=p-processo&nivel=S,Encerrado,2026-06-05T12:00:00Z,UFBA SIGAA
2026-09-09T07:40:01.409879Z,function dpf(f) {var adp = f.adp;if (adp != null) {for (var i = 0;i EDITAL Nº 01/2026 - SELEÇÃO ALUNO ESPECIAL – SEMESTRE LETIVO 2026.1 - ESTUDOS DE L,Inscrições abertas para o processo seletivo da UNILAB de ingresso no curso: ESTUDOS DE LINGUAGEM: CONTEXTOS LUSÓFONOS BRASIL-ÁFRICA. Vagas ofertadas: 10. Período de inscrições de 01/07/2026 a 17/07/2026. Consulte o edital completo no portal oficial da instituição.,UNILAB,Mestrado - Aluno Especial,Saúde e Biológicas,10,2026-07-01T12:00:00Z,2026-07-17T12:00:00Z,https://sigaa.unilab.edu.br/sigaa/public/processo_seletivo/lista.jsf?aba=p-processo&nivel=S,Encerrado,2026-07-01T12:00:00Z,UNILAB SIGAA
2026-09-09T07:40:01.409879Z,049/2026AE - Química Aplicada - Stricto Sensu Mestrado - Aluno Especial,Inscrições para o processo seletivo da UNEB: 049/2026AE - Química Aplicada - Stricto Sensu Mestrado - Aluno Especial. Período de inscrições de 15/06/2026 a 10/07/2026. Consulte o edital completo no portal SSPPG UNEB.,UNEB,Mestrado - Aluno Especial,Engenharias e Exatas,15,2026-06-15T12:00:00Z,2026-07-10T23:59:59Z,https://ssppg.uneb.br/inicio/editalExterno/1561?selecao=1561,Encerrado,2026-06-15T12:00:00Z,UNEB SSPPG
2026-09-09T07:40:01.409879Z,050/2026AE - Educação e Contemporaneidade - Stricto Sensu Mestrado/Doutorado - Aluno Especial,Inscrições para o processo seletivo da UNEB: 050/2026AE - Educação e Contemporaneidade - Stricto Sensu Mestrado/Doutorado - Aluno Especial. Período de inscrições de 15/06/2026 a 06/07/2026. Consulte o edital completo no portal SSPPG UNEB.,UNEB,Doutorado - Aluno Especial,Educação,15,2026-06-15T12:00:00Z,2026-07-06T23:59:59Z,https://ssppg.uneb.br/inicio/editalExterno/1559?selecao=1559,Encerrado,2026-06-15T12:00:00Z,UNEB SSPPG
2026-09-09T07:40:01.409879Z,038/2026AE - Intervenção Educativa e Social - Stricto Sensu Mestrado - Aluno Especial,Inscrições para o processo seletivo da UNEB: 038/2026AE - Intervenção Educativa e Social - Stricto Sensu Mestrado - Aluno Especial. Período de inscrições de 15/06/2026 a 06/07/2026. Consulte o edital completo no portal SSPPG UNEB.,UNEB,Mestrado - Aluno Especial,Educação,15,2026-06-15T12:00:00Z,2026-07-06T23:59:59Z,https://ssppg.uneb.br/inicio/editalExterno/1554?selecao=1554,Encerrado,2026-06-15T12:00:00Z,UNEB SSPPG
2026-09-09T07:40:01.409879Z,053/2026AEME - Crítica Cultural - Stricto Sensu Mestrado - Aluno Especial,Inscrições para o processo seletivo da UNEB: 053/2026AEME - Crítica Cultural - Stricto Sensu Mestrado - Aluno Especial. Período de inscrições de 23/06/2026 a 06/07/2026. Consulte o edital completo no portal SSPPG UNEB.,UNEB,Mestrado - Aluno Especial,Educação,15,2026-06-23T12:00:00Z,2026-07-06T23:59:59Z,https://ssppg.uneb.br/inicio/editalExterno/1565?selecao=1565,Encerrado,2026-06-23T12:00:00Z,UNEB SSPPG
2026-09-09T07:40:01.409879Z,053/2026AEDO - Crítica Cultural - Stricto Sensu Doutorado - Aluno Especial,Inscrições para o processo seletivo da UNEB: 053/2026AEDO - Crítica Cultural - Stricto Sensu Doutorado - Aluno Especial. Período de inscrições de 23/06/2026 a 06/07/2026. Consulte o edital completo no portal SSPPG UNEB.,UNEB,Doutorado - Aluno Especial,Educação,15,2026-06-23T12:00:00Z,2026-07-06T23:59:59Z,https://ssppg.uneb.br/inicio/editalExterno/1567?selecao=1567,Encerrado,2026-06-23T12:00:00Z,UNEB SSPPG
2026-09-09T07:40:01.409879Z,055/2026AE - Educação e Diversidade - Stricto Sensu Mestrado - Aluno Especial,Inscrições para o processo seletivo da UNEB: 055/2026AE - Educação e Diversidade - Stricto Sensu Mestrado - Aluno Especial. Período de inscrições de 25/06/2026 a 08/07/2026. Consulte o edital completo no portal SSPPG UNEB.,UNEB,Mestrado - Aluno Especial,Educação,15,2026-06-25T12:00:00Z,2026-07-08T23:59:59Z,https://ssppg.uneb.br/inicio/editalExterno/1560?selecao=1560,Encerrado,2026-06-25T12:00:00Z,UNEB SSPPG
2026-09-09T07:40:01.409879Z,054/2026AE - ESTUDOS TERRITORIAIS - Stricto Sensu Mestrado - Aluno Especial,Inscrições para o processo seletivo da UNEB: 054/2026AE - ESTUDOS TERRITORIAIS - Stricto Sensu Mestrado - Aluno Especial. Período de inscrições de 25/06/2026 a 06/07/2026. Consulte o edital completo no portal SSPPG UNEB.,UNEB,Mestrado - Aluno Especial,Educação,15,2026-06-25T12:00:00Z,2026-07-06T23:59:59Z,https://ssppg.uneb.br/inicio/editalExterno/1557?selecao=1557,Encerrado,2026-06-25T12:00:00Z,UNEB SSPPG
2026-09-09T07:40:01.409879Z,"056/2026AE - ENSINO, LINGUAGEM E SOCIEDADE - Stricto Sensu Mestrado - Aluno Especial","Inscrições para o processo seletivo da UNEB: 056/2026AE - ENSINO, LINGUAGEM E SOCIEDADE - Stricto Sensu Mestrado - Aluno Especial. Período de inscrições de 26/06/2026 a 09/07/2026. Consulte o edital completo no portal SSPPG UNEB.",UNEB,Mestrado - Aluno Especial,Educação,15,2026-06-26T12:00:00Z,2026-07-09T23:59:59Z,https://ssppg.uneb.br/inicio/editalExterno/1564?selecao=1564,Encerrado,2026-06-26T12:00:00Z,UNEB SSPPG
2026-09-09T07:40:01.409879Z,048/2026AE - Estudo de Linguagens - Stricto Sensu Mestrado/Doutorado - Aluno Especial,Inscrições para o processo seletivo da UNEB: 048/2026AE - Estudo de Linguagens - Stricto Sensu Mestrado/Doutorado - Aluno Especial. Período de inscrições de 29/06/2026 a 10/07/2026. Consulte o edital completo no portal SSPPG UNEB.,UNEB,Doutorado - Aluno Especial,Humanas e Sociais,15,2026-06-29T12:00:00Z,2026-07-10T23:59:59Z,https://ssppg.uneb.br/inicio/editalExterno/1563?selecao=1563,Encerrado,2026-06-29T12:00:00Z,UNEB SSPPG
2026-09-09T07:40:01.409879Z,061/2026AE - Educação e Formação Docente - Stricto Sensu Mestrado - Aluno Especial,Inscrições para o processo seletivo da UNEB: 061/2026AE - Educação e Formação Docente - Stricto Sensu Mestrado - Aluno Especial. Período de inscrições de 29/06/2026 a 10/07/2026. Consulte o edital completo no portal SSPPG UNEB.,UNEB,Mestrado - Aluno Especial,Educação,15,2026-06-29T12:00:00Z,2026-07-10T23:59:59Z,https://ssppg.uneb.br/inicio/editalExterno/1570?selecao=1570,Encerrado,2026-06-29T12:00:00Z,UNEB SSPPG
2026-09-09T07:40:01.409879Z,"058/2026AE - Estudos Africanos, Povos Indígenas e Culturas Negras - Stricto Sensu Mestrado - Aluno Especial","Inscrições para o processo seletivo da UNEB: 058/2026AE - Estudos Africanos, Povos Indígenas e Culturas Negras - Stricto Sensu Mestrado - Aluno Especial. Período de inscrições de 29/06/2026 a 10/07/2026. Consulte o edital completo no portal SSPPG UNEB.",UNEB,Mestrado - Aluno Especial,Educação,15,2026-06-29T12:00:00Z,2026-07-10T23:59:59Z,https://ssppg.uneb.br/inicio/editalExterno/1562?selecao=1562,Encerrado,2026-06-29T12:00:00Z,UNEB SSPPG
2026-09-09T07:40:01.409879Z,064/2026AE - Estudos Africanos e Representações da África - Stricto Sensu Mestrado - Aluno Especial,Inscrições para o processo seletivo da UNEB: 064/2026AE - Estudos Africanos e Representações da África - Stricto Sensu Mestrado - Aluno Especial. Período de inscrições de 03/07/2026 a 13/07/2026. Consulte o edital completo no portal SSPPG UNEB.,UNEB,Mestrado - Aluno Especial,Educação,15,2026-07-03T12:00:00Z,2026-07-13T23:59:59Z,https://ssppg.uneb.br/inicio/editalExterno/1576?selecao=1576,Encerrado,2026-07-03T12:00:00Z,UNEB SSPPG
2026-09-09T07:40:01.409879Z,059/20262AE - Ecologia Humana e Gestão Socioambiental - Stricto Sensu Mestrado/Doutorado - Aluno Especial,Inscrições para o processo seletivo da UNEB: 059/20262AE - Ecologia Humana e Gestão Socioambiental - Stricto Sensu Mestrado/Doutorado - Aluno Especial. Período de inscrições de 03/07/2026 a 10/07/2026. Consulte o edital completo no portal SSPPG UNEB.,UNEB,Doutorado - Aluno Especial,Gestão e Negócios,15,2026-07-03T12:00:00Z,2026-07-10T23:59:59Z,https://ssppg.uneb.br/inicio/editalExterno/1568?selecao=1568,Encerrado,2026-07-03T12:00:00Z,UNEB SSPPG
2026-09-09T07:40:01.409879Z,044/2026AE - Programa de Pós-Graduação em Letras - Stricto Sensu Mestrado - Aluno Especial,Inscrições para o processo seletivo da UNEB: 044/2026AE - Programa de Pós-Graduação em Letras - Stricto Sensu Mestrado - Aluno Especial. Período de inscrições de 03/07/2026 a 10/07/2026. Consulte o edital completo no portal SSPPG UNEB.,UNEB,Mestrado - Aluno Especial,Humanas e Sociais,15,2026-07-03T12:00:00Z,2026-07-10T23:59:59Z,https://ssppg.uneb.br/inicio/editalExterno/1558?selecao=1558,Encerrado,2026-07-03T12:00:00Z,UNEB SSPPG
2026-09-09T07:40:01.409879Z,063/2026AE - Ciências Farmacêuticas - Stricto Sensu Mestrado - Aluno Especial,Inscrições para o processo seletivo da UNEB: 063/2026AE - Ciências Farmacêuticas - Stricto Sensu Mestrado - Aluno Especial. Período de inscrições de 03/07/2026 a 13/07/2026. Consulte o edital completo no portal SSPPG UNEB.,UNEB,Mestrado - Aluno Especial,Educação,15,2026-07-03T12:00:00Z,2026-07-13T23:59:59Z,https://ssppg.uneb.br/inicio/editalExterno/1569?selecao=1569,Encerrado,2026-07-03T12:00:00Z,UNEB SSPPG
2026-09-10T07:36:34.404026Z,Edital nº 01 - Processo Seletivo Aluno Especial Doutorado 2026.2 - DOUTORADO EM ESTATÍSTICA E CIÊNCIAS DE DADOS,Inscrições abertas para o processo seletivo da UFBA de ingresso no curso: DOUTORADO EM ESTATÍSTICA E CIÊNCIAS DE DADOS. Vagas ofertadas: 5. Período de inscrições de 15/06/2026 a 10/07/2026. Consulte o edital completo no portal oficial da instituição.,UFBA,Doutorado - Aluno Especial,Engenharias e Exatas,5,2026-06-15T12:00:00Z,2026-07-10T12:00:00Z,https://sigaa.ufba.br/sigaa/public/processo_seletivo/lista.jsf?aba=p-processo&nivel=S,Encerrado,2026-06-15T12:00:00Z,UFBA SIGAA
2026-09-10T07:36:34.404026Z,Edital nº 01 - Processo Seletivo Aluno Especial Mestrado 2026.2 - MESTRADO EM ESTATÍSTICA E CIÊNCIAS DE DADOS,Inscrições abertas para o processo seletivo da UFBA de ingresso no curso: MESTRADO EM ESTATÍSTICA E CIÊNCIAS DE DADOS. Vagas ofertadas: 13. Período de inscrições de 15/06/2026 a 10/07/2026. Consulte o edital completo no portal oficial da instituição.,UFBA,Mestrado - Aluno Especial,Engenharias e Exatas,13,2026-06-15T12:00:00Z,2026-07-10T12:00:00Z,https://sigaa.ufba.br/sigaa/public/processo_seletivo/lista.jsf?aba=p-processo&nivel=S,Encerrado,2026-06-15T12:00:00Z,UFBA SIGAA
2026-09-10T07:36:34.404026Z,EDITAL DE ALUNO ESPECIAL 2026.2 DOUTORADO - DOUTORADO EM ARQUITETURA E URBANISMO,Inscrições abertas para o processo seletivo da UFBA de ingresso no curso: DOUTORADO EM ARQUITETURA E URBANISMO. Vagas ofertadas: 50. Período de inscrições de 12/06/2026 a 18/06/2026. Consulte o edital completo no portal oficial da instituição.,UFBA,Doutorado - Aluno Especial,Engenharias e Exatas,50,2026-06-12T12:00:00Z,2026-06-18T12:00:00Z,https://sigaa.ufba.br/sigaa/public/processo_seletivo/lista.jsf?aba=p-processo&nivel=S,Encerrado,2026-06-12T12:00:00Z,UFBA SIGAA
2026-09-10T07:36:34.404026Z,EDITAL DE ALUNO ESPECIAL 2026.2 MESTRADO - MESTRADO EM ARQUITETURA E URBANISMO,Inscrições abertas para o processo seletivo da UFBA de ingresso no curso: MESTRADO EM ARQUITETURA E URBANISMO. Vagas ofertadas: 50. Período de inscrições de 12/06/2026 a 18/06/2026. Consulte o edital completo no portal oficial da instituição.,UFBA,Mestrado - Aluno Especial,Engenharias e Exatas,50,2026-06-12T12:00:00Z,2026-06-18T12:00:00Z,https://sigaa.ufba.br/sigaa/public/processo_seletivo/lista.jsf?aba=p-processo&nivel=S,Encerrado,2026-06-12T12:00:00Z,UFBA SIGAA
2026-09-10T07:36:34.404026Z,PROCESSO SELETIVO IC-PGCOMP DOUTORADO PARA ALUNO ESPECIAL 2026.2 - DOUTORADO EM CIÊNCIA DA COMPUTAÇÃO,Inscrições abertas para o processo seletivo da UFBA de ingresso no curso: DOUTORADO EM CIÊNCIA DA COMPUTAÇÃO. Vagas ofertadas: 30. Período de inscrições de 12/06/2026 a 19/06/2026. Consulte o edital completo no portal oficial da instituição.,UFBA,Doutorado - Aluno Especial,Tecnologia e Informática,30,2026-06-12T12:00:00Z,2026-06-19T12:00:00Z,https://sigaa.ufba.br/sigaa/public/processo_seletivo/lista.jsf?aba=p-processo&nivel=S,Encerrado,2026-06-12T12:00:00Z,UFBA SIGAA
2026-09-10T07:36:34.404026Z,PROCESSO SELETIVO IC-PGCOMP MESTRADO PARA ALUNO ESPECIAL 2026.2 - MESTRADO EM CIÊNCIA DA COMPUTAÇÃO,Inscrições abertas para o processo seletivo da UFBA de ingresso no curso: MESTRADO EM CIÊNCIA DA COMPUTAÇÃO. Vagas ofertadas: 70. Período de inscrições de 12/06/2026 a 19/06/2026. Consulte o edital completo no portal oficial da instituição.,UFBA,Mestrado - Aluno Especial,Tecnologia e Informática,70,2026-06-12T12:00:00Z,2026-06-19T12:00:00Z,https://sigaa.ufba.br/sigaa/public/processo_seletivo/lista.jsf?aba=p-processo&nivel=S,Encerrado,2026-06-12T12:00:00Z,UFBA SIGAA
2026-09-10T07:36:34.404026Z,EDITAL nº 02/2026 - SELEÇÃO PARA ALUNO ESPECIAL - SEMESTRE LETIVO 2026.2 - MESTRADO EM EDUCAÇÃO,Inscrições abertas para o processo seletivo da UFBA de ingresso no curso: MESTRADO EM EDUCAÇÃO. Vagas ofertadas: 102. Período de inscrições de 09/06/2026 a 12/06/2026. Consulte o edital completo no portal oficial da instituição.,UFBA,Mestrado - Aluno Especial,Educação,102,2026-06-09T12:00:00Z,2026-06-12T12:00:00Z,https://sigaa.ufba.br/sigaa/public/processo_seletivo/lista.jsf?aba=p-processo&nivel=S,Encerrado,2026-06-09T12:00:00Z,UFBA SIGAA
2026-09-10T07:36:34.404026Z,PROCESSO SELETIVO PARA INGRESSO DE ALUNO ESPECIAL DOUTORADO- PGENF 2026.2 - DOUTORADO EM ENFERMAGEM E SAÚDE,Inscrições abertas para o processo seletivo da UFBA de ingresso no curso: DOUTORADO EM ENFERMAGEM E SAÚDE. Vagas ofertadas: 30. Período de inscrições de 09/06/2026 a 15/06/2026. Consulte o edital completo no portal oficial da instituição.,UFBA,Doutorado - Aluno Especial,Saúde e Biológicas,30,2026-06-09T12:00:00Z,2026-06-15T12:00:00Z,https://sigaa.ufba.br/sigaa/public/processo_seletivo/lista.jsf?aba=p-processo&nivel=S,Encerrado,2026-06-09T12:00:00Z,UFBA SIGAA
2026-09-10T07:36:34.404026Z,PROCESSO SELETIVO PARA INGRESSO DE ALUNO ESPECIAL MESTRADO- PGENF 2026.2 - MESTRADO EM ENFERMAGEM E SAÚDE,Inscrições abertas para o processo seletivo da UFBA de ingresso no curso: MESTRADO EM ENFERMAGEM E SAÚDE. Vagas ofertadas: 60. Período de inscrições de 09/06/2026 a 15/06/2026. Consulte o edital completo no portal oficial da instituição.,UFBA,Mestrado - Aluno Especial,Saúde e Biológicas,60,2026-06-09T12:00:00Z,2026-06-15T12:00:00Z,https://sigaa.ufba.br/sigaa/public/processo_seletivo/lista.jsf?aba=p-processo&nivel=S,Encerrado,2026-06-09T12:00:00Z,UFBA SIGAA
2026-09-10T07:36:34.404026Z,SELEÇÃO DE ALUNO/A ESPECIAL DO PPGCS - 2026.2 - MESTRADO EM CIÊNCIAS SOCIAIS,Inscrições abertas para o processo seletivo da UFBA de ingresso no curso: MESTRADO EM CIÊNCIAS SOCIAIS. Vagas ofertadas: 45. Período de inscrições de 05/06/2026 a 12/06/2026. Consulte o edital completo no portal oficial da instituição.,UFBA,Mestrado - Aluno Especial,Saúde e Biológicas,45,2026-06-05T12:00:00Z,2026-06-12T12:00:00Z,https://sigaa.ufba.br/sigaa/public/processo_seletivo/lista.jsf?aba=p-processo&nivel=S,Encerrado,2026-06-05T12:00:00Z,UFBA SIGAA
2026-09-10T07:36:34.404026Z,SELEÇÃO PARA ALUNO ESPECIAL PPGCONT 2026.2 - MESTRADO EM CONTABILIDADE,Inscrições abertas para o processo seletivo da UFBA de ingresso no curso: MESTRADO EM CONTABILIDADE. Vagas ofertadas: 80. Período de inscrições de 05/06/2026 a 12/06/2026. Consulte o edital completo no portal oficial da instituição.,UFBA,Mestrado - Aluno Especial,Saúde e Biológicas,80,2026-06-05T12:00:00Z,2026-06-12T12:00:00Z,https://sigaa.ufba.br/sigaa/public/processo_seletivo/lista.jsf?aba=p-processo&nivel=S,Encerrado,2026-06-05T12:00:00Z,UFBA SIGAA
2026-09-10T07:36:34.404026Z,function dpf(f) {var adp = f.adp;if (adp != null) {for (var i = 0;i EDITAL Nº 01/2026 - SELEÇÃO ALUNO ESPECIAL – SEMESTRE LETIVO 2026.1 - ESTUDOS DE L,Inscrições abertas para o processo seletivo da UNILAB de ingresso no curso: ESTUDOS DE LINGUAGEM: CONTEXTOS LUSÓFONOS BRASIL-ÁFRICA. Vagas ofertadas: 10. Período de inscrições de 01/07/2026 a 17/07/2026. Consulte o edital completo no portal oficial da instituição.,UNILAB,Mestrado - Aluno Especial,Saúde e Biológicas,10,2026-07-01T12:00:00Z,2026-07-17T12:00:00Z,https://sigaa.unilab.edu.br/sigaa/public/processo_seletivo/lista.jsf?aba=p-processo&nivel=S,Encerrado,2026-07-01T12:00:00Z,UNILAB SIGAA
2026-09-10T07:36:34.404026Z,049/2026AE - Química Aplicada - Stricto Sensu Mestrado - Aluno Especial,Inscrições para o processo seletivo da UNEB: 049/2026AE - Química Aplicada - Stricto Sensu Mestrado - Aluno Especial. Período de inscrições de 15/06/2026 a 10/07/2026. Consulte o edital completo no portal SSPPG UNEB.,UNEB,Mestrado - Aluno Especial,Engenharias e Exatas,15,2026-06-15T12:00:00Z,2026-07-10T23:59:59Z,https://ssppg.uneb.br/inicio/editalExterno/1561?selecao=1561,Encerrado,2026-06-15T12:00:00Z,UNEB SSPPG
2026-09-10T07:36:34.404026Z,050/2026AE - Educação e Contemporaneidade - Stricto Sensu Mestrado/Doutorado - Aluno Especial,Inscrições para o processo seletivo da UNEB: 050/2026AE - Educação e Contemporaneidade - Stricto Sensu Mestrado/Doutorado - Aluno Especial. Período de inscrições de 15/06/2026 a 06/07/2026. Consulte o edital completo no portal SSPPG UNEB.,UNEB,Doutorado - Aluno Especial,Educação,15,2026-06-15T12:00:00Z,2026-07-06T23:59:59Z,https://ssppg.uneb.br/inicio/editalExterno/1559?selecao=1559,Encerrado,2026-06-15T12:00:00Z,UNEB SSPPG
2026-09-10T07:36:34.404026Z,038/2026AE - Intervenção Educativa e Social - Stricto Sensu Mestrado - Aluno Especial,Inscrições para o processo seletivo da UNEB: 038/2026AE - Intervenção Educativa e Social - Stricto Sensu Mestrado - Aluno Especial. Período de inscrições de 15/06/2026 a 06/07/2026. Consulte o edital completo no portal SSPPG UNEB.,UNEB,Mestrado - Aluno Especial,Educação,15,2026-06-15T12:00:00Z,2026-07-06T23:59:59Z,https://ssppg.uneb.br/inicio/editalExterno/1554?selecao=1554,Encerrado,2026-06-15T12:00:00Z,UNEB SSPPG
2026-09-10T07:36:34.404026Z,053/2026AEME - Crítica Cultural - Stricto Sensu Mestrado - Aluno Especial,Inscrições para o processo seletivo da UNEB: 053/2026AEME - Crítica Cultural - Stricto Sensu Mestrado - Aluno Especial. Período de inscrições de 23/06/2026 a 06/07/2026. Consulte o edital completo no portal SSPPG UNEB.,UNEB,Mestrado - Aluno Especial,Educação,15,2026-06-23T12:00:00Z,2026-07-06T23:59:59Z,https://ssppg.uneb.br/inicio/editalExterno/1565?selecao=1565,Encerrado,2026-06-23T12:00:00Z,UNEB SSPPG
2026-09-10T07:36:34.404026Z,053/2026AEDO - Crítica Cultural - Stricto Sensu Doutorado - Aluno Especial,Inscrições para o processo seletivo da UNEB: 053/2026AEDO - Crítica Cultural - Stricto Sensu Doutorado - Aluno Especial. Período de inscrições de 23/06/2026 a 06/07/2026. Consulte o edital completo no portal SSPPG UNEB.,UNEB,Doutorado - Aluno Especial,Educação,15,2026-06-23T12:00:00Z,2026-07-06T23:59:59Z,https://ssppg.uneb.br/inicio/editalExterno/1567?selecao=1567,Encerrado,2026-06-23T12:00:00Z,UNEB SSPPG
2026-09-10T07:36:34.404026Z,055/2026AE - Educação e Diversidade - Stricto Sensu Mestrado - Aluno Especial,Inscrições para o processo seletivo da UNEB: 055/2026AE - Educação e Diversidade - Stricto Sensu Mestrado - Aluno Especial. Período de inscrições de 25/06/2026 a 08/07/2026. Consulte o edital completo no portal SSPPG UNEB.,UNEB,Mestrado - Aluno Especial,Educação,15,2026-06-25T12:00:00Z,2026-07-08T23:59:59Z,https://ssppg.uneb.br/inicio/editalExterno/1560?selecao=1560,Encerrado,2026-06-25T12:00:00Z,UNEB SSPPG
2026-09-10T07:36:34.404026Z,054/2026AE - ESTUDOS TERRITORIAIS - Stricto Sensu Mestrado - Aluno Especial,Inscrições para o processo seletivo da UNEB: 054/2026AE - ESTUDOS TERRITORIAIS - Stricto Sensu Mestrado - Aluno Especial. Período de inscrições de 25/06/2026 a 06/07/2026. Consulte o edital completo no portal SSPPG UNEB.,UNEB,Mestrado - Aluno Especial,Educação,15,2026-06-25T12:00:00Z,2026-07-06T23:59:59Z,https://ssppg.uneb.br/inicio/editalExterno/1557?selecao=1557,Encerrado,2026-06-25T12:00:00Z,UNEB SSPPG
2026-09-10T07:36:34.404026Z,"056/2026AE - ENSINO, LINGUAGEM E SOCIEDADE - Stricto Sensu Mestrado - Aluno Especial","Inscrições para o processo seletivo da UNEB: 056/2026AE - ENSINO, LINGUAGEM E SOCIEDADE - Stricto Sensu Mestrado - Aluno Especial. Período de inscrições de 26/06/2026 a 09/07/2026. Consulte o edital completo no portal SSPPG UNEB.",UNEB,Mestrado - Aluno Especial,Educação,15,2026-06-26T12:00:00Z,2026-07-09T23:59:59Z,https://ssppg.uneb.br/inicio/editalExterno/1564?selecao=1564,Encerrado,2026-06-26T12:00:00Z,UNEB SSPPG
2026-09-10T07:36:34.404026Z,048/2026AE - Estudo de Linguagens - Stricto Sensu Mestrado/Doutorado - Aluno Especial,Inscrições para o processo seletivo da UNEB: 048/2026AE - Estudo de Linguagens - Stricto Sensu Mestrado/Doutorado - Aluno Especial. Período de inscrições de 29/06/2026 a 10/07/2026. Consulte o edital completo no portal SSPPG UNEB.,UNEB,Doutorado - Aluno Especial,Humanas e Sociais,15,2026-06-29T12:00:00Z,2026-07-10T23:59:59Z,https://ssppg.uneb.br/inicio/editalExterno/1563?selecao=1563,Encerrado,2026-06-29T12:00:00Z,UNEB SSPPG
2026-09-10T07:36:34.404026Z,061/2026AE - Educação e Formação Docente - Stricto Sensu Mestrado - Aluno Especial,Inscrições para o processo seletivo da UNEB: 061/2026AE - Educação e Formação Docente - Stricto Sensu Mestrado - Aluno Especial. Período de inscrições de 29/06/2026 a 10/07/2026. Consulte o edital completo no portal SSPPG UNEB.,UNEB,Mestrado - Aluno Especial,Educação,15,2026-06-29T12:00:00Z,2026-07-10T23:59:59Z,https://ssppg.uneb.br/inicio/editalExterno/1570?selecao=1570,Encerrado,2026-06-29T12:00:00Z,UNEB SSPPG
2026-09-10T07:36:34.404026Z,"058/2026AE - Estudos Africanos, Povos Indígenas e Culturas Negras - Stricto Sensu Mestrado - Aluno Especial","Inscrições para o processo seletivo da UNEB: 058/2026AE - Estudos Africanos, Povos Indígenas e Culturas Negras - Stricto Sensu Mestrado - Aluno Especial. Período de inscrições de 29/06/2026 a 10/07/2026. Consulte o edital completo no portal SSPPG UNEB.",UNEB,Mestrado - Aluno Especial,Educação,15,2026-06-29T12:00:00Z,2026-07-10T23:59:59Z,https://ssppg.uneb.br/inicio/editalExterno/1562?selecao=1562,Encerrado,2026-06-29T12:00:00Z,UNEB SSPPG
2026-09-10T07:36:34.404026Z,064/2026AE - Estudos Africanos e Representações da África - Stricto Sensu Mestrado - Aluno Especial,Inscrições para o processo seletivo da UNEB: 064/2026AE - Estudos Africanos e Representações da África - Stricto Sensu Mestrado - Aluno Especial. Período de inscrições de 03/07/2026 a 13/07/2026. Consulte o edital completo no portal SSPPG UNEB.,UNEB,Mestrado - Aluno Especial,Educação,15,2026-07-03T12:00:00Z,2026-07-13T23:59:59Z,https://ssppg.uneb.br/inicio/editalExterno/1576?selecao=1576,Encerrado,2026-07-03T12:00:00Z,UNEB SSPPG
2026-09-10T07:36:34.404026Z,059/20262AE - Ecologia Humana e Gestão Socioambiental - Stricto Sensu Mestrado/Doutorado - Aluno Especial,Inscrições para o processo seletivo da UNEB: 059/20262AE - Ecologia Humana e Gestão Socioambiental - Stricto Sensu Mestrado/Doutorado - Aluno Especial. Período de inscrições de 03/07/2026 a 10/07/2026. Consulte o edital completo no portal SSPPG UNEB.,UNEB,Doutorado - Aluno Especial,Gestão e Negócios,15,2026-07-03T12:00:00Z,2026-07-10T23:59:59Z,https://ssppg.uneb.br/inicio/editalExterno/1568?selecao=1568,Encerrado,2026-07-03T12:00:00Z,UNEB SSPPG
2026-09-10T07:36:34.404026Z,044/2026AE - Programa de Pós-Graduação em Letras - Stricto Sensu Mestrado - Aluno Especial,Inscrições para o processo seletivo da UNEB: 044/2026AE - Programa de Pós-Graduação em Letras - Stricto Sensu Mestrado - Aluno Especial. Período de inscrições de 03/07/2026 a 10/07/2026. Consulte o edital completo no portal SSPPG UNEB.,UNEB,Mestrado - Aluno Especial,Humanas e Sociais,15,2026-07-03T12:00:00Z,2026-07-10T23:59:59Z,https://ssppg.uneb.br/inicio/editalExterno/1558?selecao=1558,Encerrado,2026-07-03T12:00:00Z,UNEB SSPPG
2026-09-10T07:36:34.404026Z,063/2026AE - Ciências Farmacêuticas - Stricto Sensu Mestrado - Aluno Especial,Inscrições para o processo seletivo da UNEB: 063/2026AE - Ciências Farmacêuticas - Stricto Sensu Mestrado - Aluno Especial. Período de inscrições de 03/07/2026 a 13/07/2026. Consulte o edital completo no portal SSPPG UNEB.,UNEB,Mestrado - Aluno Especial,Educação,15,2026-07-03T12:00:00Z,2026-07-13T23:59:59Z,https://ssppg.uneb.br/inicio/editalExterno/1569?selecao=1569,Encerrado,2026-07-03T12:00:00Z,UNEB SSPPG
2026-09-11T07:35:02.268701Z,Edital nº 01 - Processo Seletivo Aluno Especial Doutorado 2026.2 - DOUTORADO EM ESTATÍSTICA E CIÊNCIAS DE DADOS,Inscrições abertas para o processo seletivo da UFBA de ingresso no curso: DOUTORADO EM ESTATÍSTICA E CIÊNCIAS DE DADOS. Vagas ofertadas: 5. Período de inscrições de 15/06/2026 a 10/07/2026. Consulte o edital completo no portal oficial da instituição.,UFBA,Doutorado - Aluno Especial,Engenharias e Exatas,5,2026-06-15T12:00:00Z,2026-07-10T12:00:00Z,https://sigaa.ufba.br/sigaa/public/processo_seletivo/lista.jsf?aba=p-processo&nivel=S,Encerrado,2026-06-15T12:00:00Z,UFBA SIGAA
2026-09-11T07:35:02.268701Z,Edital nº 01 - Processo Seletivo Aluno Especial Mestrado 2026.2 - MESTRADO EM ESTATÍSTICA E CIÊNCIAS DE DADOS,Inscrições abertas para o processo seletivo da UFBA de ingresso no curso: MESTRADO EM ESTATÍSTICA E CIÊNCIAS DE DADOS. Vagas ofertadas: 13. Período de inscrições de 15/06/2026 a 10/07/2026. Consulte o edital completo no portal oficial da instituição.,UFBA,Mestrado - Aluno Especial,Engenharias e Exatas,13,2026-06-15T12:00:00Z,2026-07-10T12:00:00Z,https://sigaa.ufba.br/sigaa/public/processo_seletivo/lista.jsf?aba=p-processo&nivel=S,Encerrado,2026-06-15T12:00:00Z,UFBA SIGAA
2026-09-11T07:35:02.268701Z,EDITAL DE ALUNO ESPECIAL 2026.2 DOUTORADO - DOUTORADO EM ARQUITETURA E URBANISMO,Inscrições abertas para o processo seletivo da UFBA de ingresso no curso: DOUTORADO EM ARQUITETURA E URBANISMO. Vagas ofertadas: 50. Período de inscrições de 12/06/2026 a 18/06/2026. Consulte o edital completo no portal oficial da instituição.,UFBA,Doutorado - Aluno Especial,Engenharias e Exatas,50,2026-06-12T12:00:00Z,2026-06-18T12:00:00Z,https://sigaa.ufba.br/sigaa/public/processo_seletivo/lista.jsf?aba=p-processo&nivel=S,Encerrado,2026-06-12T12:00:00Z,UFBA SIGAA
2026-09-11T07:35:02.268701Z,EDITAL DE ALUNO ESPECIAL 2026.2 MESTRADO - MESTRADO EM ARQUITETURA E URBANISMO,Inscrições abertas para o processo seletivo da UFBA de ingresso no curso: MESTRADO EM ARQUITETURA E URBANISMO. Vagas ofertadas: 50. Período de inscrições de 12/06/2026 a 18/06/2026. Consulte o edital completo no portal oficial da instituição.,UFBA,Mestrado - Aluno Especial,Engenharias e Exatas,50,2026-06-12T12:00:00Z,2026-06-18T12:00:00Z,https://sigaa.ufba.br/sigaa/public/processo_seletivo/lista.jsf?aba=p-processo&nivel=S,Encerrado,2026-06-12T12:00:00Z,UFBA SIGAA
2026-09-11T07:35:02.268701Z,PROCESSO SELETIVO IC-PGCOMP DOUTORADO PARA ALUNO ESPECIAL 2026.2 - DOUTORADO EM CIÊNCIA DA COMPUTAÇÃO,Inscrições abertas para o processo seletivo da UFBA de ingresso no curso: DOUTORADO EM CIÊNCIA DA COMPUTAÇÃO. Vagas ofertadas: 30. Período de inscrições de 12/06/2026 a 19/06/2026. Consulte o edital completo no portal oficial da instituição.,UFBA,Doutorado - Aluno Especial,Tecnologia e Informática,30,2026-06-12T12:00:00Z,2026-06-19T12:00:00Z,https://sigaa.ufba.br/sigaa/public/processo_seletivo/lista.jsf?aba=p-processo&nivel=S,Encerrado,2026-06-12T12:00:00Z,UFBA SIGAA
2026-09-11T07:35:02.268701Z,PROCESSO SELETIVO IC-PGCOMP MESTRADO PARA ALUNO ESPECIAL 2026.2 - MESTRADO EM CIÊNCIA DA COMPUTAÇÃO,Inscrições abertas para o processo seletivo da UFBA de ingresso no curso: MESTRADO EM CIÊNCIA DA COMPUTAÇÃO. Vagas ofertadas: 70. Período de inscrições de 12/06/2026 a 19/06/2026. Consulte o edital completo no portal oficial da instituição.,UFBA,Mestrado - Aluno Especial,Tecnologia e Informática,70,2026-06-12T12:00:00Z,2026-06-19T12:00:00Z,https://sigaa.ufba.br/sigaa/public/processo_seletivo/lista.jsf?aba=p-processo&nivel=S,Encerrado,2026-06-12T12:00:00Z,UFBA SIGAA
2026-09-11T07:35:02.268701Z,EDITAL nº 02/2026 - SELEÇÃO PARA ALUNO ESPECIAL - SEMESTRE LETIVO 2026.2 - MESTRADO EM EDUCAÇÃO,Inscrições abertas para o processo seletivo da UFBA de ingresso no curso: MESTRADO EM EDUCAÇÃO. Vagas ofertadas: 102. Período de inscrições de 09/06/2026 a 12/06/2026. Consulte o edital completo no portal oficial da instituição.,UFBA,Mestrado - Aluno Especial,Educação,102,2026-06-09T12:00:00Z,2026-06-12T12:00:00Z,https://sigaa.ufba.br/sigaa/public/processo_seletivo/lista.jsf?aba=p-processo&nivel=S,Encerrado,2026-06-09T12:00:00Z,UFBA SIGAA
2026-09-11T07:35:02.268701Z,PROCESSO SELETIVO PARA INGRESSO DE ALUNO ESPECIAL DOUTORADO- PGENF 2026.2 - DOUTORADO EM ENFERMAGEM E SAÚDE,Inscrições abertas para o processo seletivo da UFBA de ingresso no curso: DOUTORADO EM ENFERMAGEM E SAÚDE. Vagas ofertadas: 30. Período de inscrições de 09/06/2026 a 15/06/2026. Consulte o edital completo no portal oficial da instituição.,UFBA,Doutorado - Aluno Especial,Saúde e Biológicas,30,2026-06-09T12:00:00Z,2026-06-15T12:00:00Z,https://sigaa.ufba.br/sigaa/public/processo_seletivo/lista.jsf?aba=p-processo&nivel=S,Encerrado,2026-06-09T12:00:00Z,UFBA SIGAA
2026-09-11T07:35:02.268701Z,PROCESSO SELETIVO PARA INGRESSO DE ALUNO ESPECIAL MESTRADO- PGENF 2026.2 - MESTRADO EM ENFERMAGEM E SAÚDE,Inscrições abertas para o processo seletivo da UFBA de ingresso no curso: MESTRADO EM ENFERMAGEM E SAÚDE. Vagas ofertadas: 60. Período de inscrições de 09/06/2026 a 15/06/2026. Consulte o edital completo no portal oficial da instituição.,UFBA,Mestrado - Aluno Especial,Saúde e Biológicas,60,2026-06-09T12:00:00Z,2026-06-15T12:00:00Z,https://sigaa.ufba.br/sigaa/public/processo_seletivo/lista.jsf?aba=p-processo&nivel=S,Encerrado,2026-06-09T12:00:00Z,UFBA SIGAA
2026-09-11T07:35:02.268701Z,SELEÇÃO DE ALUNO/A ESPECIAL DO PPGCS - 2026.2 - MESTRADO EM CIÊNCIAS SOCIAIS,Inscrições abertas para o processo seletivo da UFBA de ingresso no curso: MESTRADO EM CIÊNCIAS SOCIAIS. Vagas ofertadas: 45. Período de inscrições de 05/06/2026 a 12/06/2026. Consulte o edital completo no portal oficial da instituição.,UFBA,Mestrado - Aluno Especial,Saúde e Biológicas,45,2026-06-05T12:00:00Z,2026-06-12T12:00:00Z,https://sigaa.ufba.br/sigaa/public/processo_seletivo/lista.jsf?aba=p-processo&nivel=S,Encerrado,2026-06-05T12:00:00Z,UFBA SIGAA
2026-09-11T07:35:02.268701Z,SELEÇÃO PARA ALUNO ESPECIAL PPGCONT 2026.2 - MESTRADO EM CONTABILIDADE,Inscrições abertas para o processo seletivo da UFBA de ingresso no curso: MESTRADO EM CONTABILIDADE. Vagas ofertadas: 80. Período de inscrições de 05/06/2026 a 12/06/2026. Consulte o edital completo no portal oficial da instituição.,UFBA,Mestrado - Aluno Especial,Saúde e Biológicas,80,2026-06-05T12:00:00Z,2026-06-12T12:00:00Z,https://sigaa.ufba.br/sigaa/public/processo_seletivo/lista.jsf?aba=p-processo&nivel=S,Encerrado,2026-06-05T12:00:00Z,UFBA SIGAA
2026-09-11T07:35:02.268701Z,function dpf(f) {var adp = f.adp;if (adp != null) {for (var i = 0;i EDITAL Nº 01/2026 - SELEÇÃO ALUNO ESPECIAL – SEMESTRE LETIVO 2026.1 - ESTUDOS DE L,Inscrições abertas para o processo seletivo da UNILAB de ingresso no curso: ESTUDOS DE LINGUAGEM: CONTEXTOS LUSÓFONOS BRASIL-ÁFRICA. Vagas ofertadas: 10. Período de inscrições de 01/07/2026 a 17/07/2026. Consulte o edital completo no portal oficial da instituição.,UNILAB,Mestrado - Aluno Especial,Saúde e Biológicas,10,2026-07-01T12:00:00Z,2026-07-17T12:00:00Z,https://sigaa.unilab.edu.br/sigaa/public/processo_seletivo/lista.jsf?aba=p-processo&nivel=S,Encerrado,2026-07-01T12:00:00Z,UNILAB SIGAA
2026-09-11T07:35:02.268701Z,049/2026AE - Química Aplicada - Stricto Sensu Mestrado - Aluno Especial,Inscrições para o processo seletivo da UNEB: 049/2026AE - Química Aplicada - Stricto Sensu Mestrado - Aluno Especial. Período de inscrições de 15/06/2026 a 10/07/2026. Consulte o edital completo no portal SSPPG UNEB.,UNEB,Mestrado - Aluno Especial,Engenharias e Exatas,15,2026-06-15T12:00:00Z,2026-07-10T23:59:59Z,https://ssppg.uneb.br/inicio/editalExterno/1561?selecao=1561,Encerrado,2026-06-15T12:00:00Z,UNEB SSPPG
2026-09-11T07:35:02.268701Z,050/2026AE - Educação e Contemporaneidade - Stricto Sensu Mestrado/Doutorado - Aluno Especial,Inscrições para o processo seletivo da UNEB: 050/2026AE - Educação e Contemporaneidade - Stricto Sensu Mestrado/Doutorado - Aluno Especial. Período de inscrições de 15/06/2026 a 06/07/2026. Consulte o edital completo no portal SSPPG UNEB.,UNEB,Doutorado - Aluno Especial,Educação,15,2026-06-15T12:00:00Z,2026-07-06T23:59:59Z,https://ssppg.uneb.br/inicio/editalExterno/1559?selecao=1559,Encerrado,2026-06-15T12:00:00Z,UNEB SSPPG
2026-09-11T07:35:02.268701Z,038/2026AE - Intervenção Educativa e Social - Stricto Sensu Mestrado - Aluno Especial,Inscrições para o processo seletivo da UNEB: 038/2026AE - Intervenção Educativa e Social - Stricto Sensu Mestrado - Aluno Especial. Período de inscrições de 15/06/2026 a 06/07/2026. Consulte o edital completo no portal SSPPG UNEB.,UNEB,Mestrado - Aluno Especial,Educação,15,2026-06-15T12:00:00Z,2026-07-06T23:59:59Z,https://ssppg.uneb.br/inicio/editalExterno/1554?selecao=1554,Encerrado,2026-06-15T12:00:00Z,UNEB SSPPG
2026-09-11T07:35:02.268701Z,053/2026AEME - Crítica Cultural - Stricto Sensu Mestrado - Aluno Especial,Inscrições para o processo seletivo da UNEB: 053/2026AEME - Crítica Cultural - Stricto Sensu Mestrado - Aluno Especial. Período de inscrições de 23/06/2026 a 06/07/2026. Consulte o edital completo no portal SSPPG UNEB.,UNEB,Mestrado - Aluno Especial,Educação,15,2026-06-23T12:00:00Z,2026-07-06T23:59:59Z,https://ssppg.uneb.br/inicio/editalExterno/1565?selecao=1565,Encerrado,2026-06-23T12:00:00Z,UNEB SSPPG
2026-09-11T07:35:02.268701Z,053/2026AEDO - Crítica Cultural - Stricto Sensu Doutorado - Aluno Especial,Inscrições para o processo seletivo da UNEB: 053/2026AEDO - Crítica Cultural - Stricto Sensu Doutorado - Aluno Especial. Período de inscrições de 23/06/2026 a 06/07/2026. Consulte o edital completo no portal SSPPG UNEB.,UNEB,Doutorado - Aluno Especial,Educação,15,2026-06-23T12:00:00Z,2026-07-06T23:59:59Z,https://ssppg.uneb.br/inicio/editalExterno/1567?selecao=1567,Encerrado,2026-06-23T12:00:00Z,UNEB SSPPG
2026-09-11T07:35:02.268701Z,055/2026AE - Educação e Diversidade - Stricto Sensu Mestrado - Aluno Especial,Inscrições para o processo seletivo da UNEB: 055/2026AE - Educação e Diversidade - Stricto Sensu Mestrado - Aluno Especial. Período de inscrições de 25/06/2026 a 08/07/2026. Consulte o edital completo no portal SSPPG UNEB.,UNEB,Mestrado - Aluno Especial,Educação,15,2026-06-25T12:00:00Z,2026-07-08T23:59:59Z,https://ssppg.uneb.br/inicio/editalExterno/1560?selecao=1560,Encerrado,2026-06-25T12:00:00Z,UNEB SSPPG
2026-09-11T07:35:02.268701Z,054/2026AE - ESTUDOS TERRITORIAIS - Stricto Sensu Mestrado - Aluno Especial,Inscrições para o processo seletivo da UNEB: 054/2026AE - ESTUDOS TERRITORIAIS - Stricto Sensu Mestrado - Aluno Especial. Período de inscrições de 25/06/2026 a 06/07/2026. Consulte o edital completo no portal SSPPG UNEB.,UNEB,Mestrado - Aluno Especial,Educação,15,2026-06-25T12:00:00Z,2026-07-06T23:59:59Z,https://ssppg.uneb.br/inicio/editalExterno/1557?selecao=1557,Encerrado,2026-06-25T12:00:00Z,UNEB SSPPG
2026-09-11T07:35:02.268701Z,"056/2026AE - ENSINO, LINGUAGEM E SOCIEDADE - Stricto Sensu Mestrado - Aluno Especial","Inscrições para o processo seletivo da UNEB: 056/2026AE - ENSINO, LINGUAGEM E SOCIEDADE - Stricto Sensu Mestrado - Aluno Especial. Período de inscrições de 26/06/2026 a 09/07/2026. Consulte o edital completo no portal SSPPG UNEB.",UNEB,Mestrado - Aluno Especial,Educação,15,2026-06-26T12:00:00Z,2026-07-09T23:59:59Z,https://ssppg.uneb.br/inicio/editalExterno/1564?selecao=1564,Encerrado,2026-06-26T12:00:00Z,UNEB SSPPG
2026-09-11T07:35:02.268701Z,048/2026AE - Estudo de Linguagens - Stricto Sensu Mestrado/Doutorado - Aluno Especial,Inscrições para o processo seletivo da UNEB: 048/2026AE - Estudo de Linguagens - Stricto Sensu Mestrado/Doutorado - Aluno Especial. Período de inscrições de 29/06/2026 a 10/07/2026. Consulte o edital completo no portal SSPPG UNEB.,UNEB,Doutorado - Aluno Especial,Humanas e Sociais,15,2026-06-29T12:00:00Z,2026-07-10T23:59:59Z,https://ssppg.uneb.br/inicio/editalExterno/1563?selecao=1563,Encerrado,2026-06-29T12:00:00Z,UNEB SSPPG
2026-09-11T07:35:02.268701Z,061/2026AE - Educação e Formação Docente - Stricto Sensu Mestrado - Aluno Especial,Inscrições para o processo seletivo da UNEB: 061/2026AE - Educação e Formação Docente - Stricto Sensu Mestrado - Aluno Especial. Período de inscrições de 29/06/2026 a 10/07/2026. Consulte o edital completo no portal SSPPG UNEB.,UNEB,Mestrado - Aluno Especial,Educação,15,2026-06-29T12:00:00Z,2026-07-10T23:59:59Z,https://ssppg.uneb.br/inicio/editalExterno/1570?selecao=1570,Encerrado,2026-06-29T12:00:00Z,UNEB SSPPG
2026-09-11T07:35:02.268701Z,"058/2026AE - Estudos Africanos, Povos Indígenas e Culturas Negras - Stricto Sensu Mestrado - Aluno Especial","Inscrições para o processo seletivo da UNEB: 058/2026AE - Estudos Africanos, Povos Indígenas e Culturas Negras - Stricto Sensu Mestrado - Aluno Especial. Período de inscrições de 29/06/2026 a 10/07/2026. Consulte o edital completo no portal SSPPG UNEB.",UNEB,Mestrado - Aluno Especial,Educação,15,2026-06-29T12:00:00Z,2026-07-10T23:59:59Z,https://ssppg.uneb.br/inicio/editalExterno/1562?selecao=1562,Encerrado,2026-06-29T12:00:00Z,UNEB SSPPG
2026-09-11T07:35:02.268701Z,064/2026AE - Estudos Africanos e Representações da África - Stricto Sensu Mestrado - Aluno Especial,Inscrições para o processo seletivo da UNEB: 064/2026AE - Estudos Africanos e Representações da África - Stricto Sensu Mestrado - Aluno Especial. Período de inscrições de 03/07/2026 a 13/07/2026. Consulte o edital completo no portal SSPPG UNEB.,UNEB,Mestrado - Aluno Especial,Educação,15,2026-07-03T12:00:00Z,2026-07-13T23:59:59Z,https://ssppg.uneb.br/inicio/editalExterno/1576?selecao=1576,Encerrado,2026-07-03T12:00:00Z,UNEB SSPPG
2026-09-11T07:35:02.268701Z,059/20262AE - Ecologia Humana e Gestão Socioambiental - Stricto Sensu Mestrado/Doutorado - Aluno Especial,Inscrições para o processo seletivo da UNEB: 059/20262AE - Ecologia Humana e Gestão Socioambiental - Stricto Sensu Mestrado/Doutorado - Aluno Especial. Período de inscrições de 03/07/2026 a 10/07/2026. Consulte o edital completo no portal SSPPG UNEB.,UNEB,Doutorado - Aluno Especial,Gestão e Negócios,15,2026-07-03T12:00:00Z,2026-07-10T23:59:59Z,https://ssppg.uneb.br/inicio/editalExterno/1568?selecao=1568,Encerrado,2026-07-03T12:00:00Z,UNEB SSPPG
2026-09-11T07:35:02.268701Z,044/2026AE - Programa de Pós-Graduação em Letras - Stricto Sensu Mestrado - Aluno Especial,Inscrições para o processo seletivo da UNEB: 044/2026AE - Programa de Pós-Graduação em Letras - Stricto Sensu Mestrado - Aluno Especial. Período de inscrições de 03/07/2026 a 10/07/2026. Consulte o edital completo no portal SSPPG UNEB.,UNEB,Mestrado - Aluno Especial,Humanas e Sociais,15,2026-07-03T12:00:00Z,2026-07-10T23:59:59Z,https://ssppg.uneb.br/inicio/editalExterno/1558?selecao=1558,Encerrado,2026-07-03T12:00:00Z,UNEB SSPPG
2026-09-11T07:35:02.268701Z,063/2026AE - Ciências Farmacêuticas - Stricto Sensu Mestrado - Aluno Especial,Inscrições para o processo seletivo da UNEB: 063/2026AE - Ciências Farmacêuticas - Stricto Sensu Mestrado - Aluno Especial. Período de inscrições de 03/07/2026 a 13/07/2026. Consulte o edital completo no portal SSPPG UNEB.,UNEB,Mestrado - Aluno Especial,Educação,15,2026-07-03T12:00:00Z,2026-07-13T23:59:59Z,https://ssppg.uneb.br/inicio/editalExterno/1569?selecao=1569,Encerrado,2026-07-03T12:00:00Z,UNEB SSPPG
2026-09-12T07:26:14.217191Z,Edital nº 01 - Processo Seletivo Aluno Especial Doutorado 2026.2 - DOUTORADO EM ESTATÍSTICA E CIÊNCIAS DE DADOS,Inscrições abertas para o processo seletivo da UFBA de ingresso no curso: DOUTORADO EM ESTATÍSTICA E CIÊNCIAS DE DADOS. Vagas ofertadas: 5. Período de inscrições de 15/06/2026 a 10/07/2026. Consulte o edital completo no portal oficial da instituição.,UFBA,Doutorado - Aluno Especial,Engenharias e Exatas,5,2026-06-15T12:00:00Z,2026-07-10T12:00:00Z,https://sigaa.ufba.br/sigaa/public/processo_seletivo/lista.jsf?aba=p-processo&nivel=S,Encerrado,2026-06-15T12:00:00Z,UFBA SIGAA
2026-09-12T07:26:14.217191Z,Edital nº 01 - Processo Seletivo Aluno Especial Mestrado 2026.2 - MESTRADO EM ESTATÍSTICA E CIÊNCIAS DE DADOS,Inscrições abertas para o processo seletivo da UFBA de ingresso no curso: MESTRADO EM ESTATÍSTICA E CIÊNCIAS DE DADOS. Vagas ofertadas: 13. Período de inscrições de 15/06/2026 a 10/07/2026. Consulte o edital completo no portal oficial da instituição.,UFBA,Mestrado - Aluno Especial,Engenharias e Exatas,13,2026-06-15T12:00:00Z,2026-07-10T12:00:00Z,https://sigaa.ufba.br/sigaa/public/processo_seletivo/lista.jsf?aba=p-processo&nivel=S,Encerrado,2026-06-15T12:00:00Z,UFBA SIGAA
2026-09-12T07:26:14.217191Z,EDITAL DE ALUNO ESPECIAL 2026.2 DOUTORADO - DOUTORADO EM ARQUITETURA E URBANISMO,Inscrições abertas para o processo seletivo da UFBA de ingresso no curso: DOUTORADO EM ARQUITETURA E URBANISMO. Vagas ofertadas: 50. Período de inscrições de 12/06/2026 a 18/06/2026. Consulte o edital completo no portal oficial da instituição.,UFBA,Doutorado - Aluno Especial,Engenharias e Exatas,50,2026-06-12T12:00:00Z,2026-06-18T12:00:00Z,https://sigaa.ufba.br/sigaa/public/processo_seletivo/lista.jsf?aba=p-processo&nivel=S,Encerrado,2026-06-12T12:00:00Z,UFBA SIGAA
2026-09-12T07:26:14.217191Z,EDITAL DE ALUNO ESPECIAL 2026.2 MESTRADO - MESTRADO EM ARQUITETURA E URBANISMO,Inscrições abertas para o processo seletivo da UFBA de ingresso no curso: MESTRADO EM ARQUITETURA E URBANISMO. Vagas ofertadas: 50. Período de inscrições de 12/06/2026 a 18/06/2026. Consulte o edital completo no portal oficial da instituição.,UFBA,Mestrado - Aluno Especial,Engenharias e Exatas,50,2026-06-12T12:00:00Z,2026-06-18T12:00:00Z,https://sigaa.ufba.br/sigaa/public/processo_seletivo/lista.jsf?aba=p-processo&nivel=S,Encerrado,2026-06-12T12:00:00Z,UFBA SIGAA
2026-09-12T07:26:14.217191Z,PROCESSO SELETIVO IC-PGCOMP DOUTORADO PARA ALUNO ESPECIAL 2026.2 - DOUTORADO EM CIÊNCIA DA COMPUTAÇÃO,Inscrições abertas para o processo seletivo da UFBA de ingresso no curso: DOUTORADO EM CIÊNCIA DA COMPUTAÇÃO. Vagas ofertadas: 30. Período de inscrições de 12/06/2026 a 19/06/2026. Consulte o edital completo no portal oficial da instituição.,UFBA,Doutorado - Aluno Especial,Tecnologia e Informática,30,2026-06-12T12:00:00Z,2026-06-19T12:00:00Z,https://sigaa.ufba.br/sigaa/public/processo_seletivo/lista.jsf?aba=p-processo&nivel=S,Encerrado,2026-06-12T12:00:00Z,UFBA SIGAA
2026-09-12T07:26:14.217191Z,PROCESSO SELETIVO IC-PGCOMP MESTRADO PARA ALUNO ESPECIAL 2026.2 - MESTRADO EM CIÊNCIA DA COMPUTAÇÃO,Inscrições abertas para o processo seletivo da UFBA de ingresso no curso: MESTRADO EM CIÊNCIA DA COMPUTAÇÃO. Vagas ofertadas: 70. Período de inscrições de 12/06/2026 a 19/06/2026. Consulte o edital completo no portal oficial da instituição.,UFBA,Mestrado - Aluno Especial,Tecnologia e Informática,70,2026-06-12T12:00:00Z,2026-06-19T12:00:00Z,https://sigaa.ufba.br/sigaa/public/processo_seletivo/lista.jsf?aba=p-processo&nivel=S,Encerrado,2026-06-12T12:00:00Z,UFBA SIGAA
2026-09-12T07:26:14.217191Z,EDITAL nº 02/2026 - SELEÇÃO PARA ALUNO ESPECIAL - SEMESTRE LETIVO 2026.2 - MESTRADO EM EDUCAÇÃO,Inscrições abertas para o processo seletivo da UFBA de ingresso no curso: MESTRADO EM EDUCAÇÃO. Vagas ofertadas: 102. Período de inscrições de 09/06/2026 a 12/06/2026. Consulte o edital completo no portal oficial da instituição.,UFBA,Mestrado - Aluno Especial,Educação,102,2026-06-09T12:00:00Z,2026-06-12T12:00:00Z,https://sigaa.ufba.br/sigaa/public/processo_seletivo/lista.jsf?aba=p-processo&nivel=S,Encerrado,2026-06-09T12:00:00Z,UFBA SIGAA
2026-09-12T07:26:14.217191Z,PROCESSO SELETIVO PARA INGRESSO DE ALUNO ESPECIAL DOUTORADO- PGENF 2026.2 - DOUTORADO EM ENFERMAGEM E SAÚDE,Inscrições abertas para o processo seletivo da UFBA de ingresso no curso: DOUTORADO EM ENFERMAGEM E SAÚDE. Vagas ofertadas: 30. Período de inscrições de 09/06/2026 a 15/06/2026. Consulte o edital completo no portal oficial da instituição.,UFBA,Doutorado - Aluno Especial,Saúde e Biológicas,30,2026-06-09T12:00:00Z,2026-06-15T12:00:00Z,https://sigaa.ufba.br/sigaa/public/processo_seletivo/lista.jsf?aba=p-processo&nivel=S,Encerrado,2026-06-09T12:00:00Z,UFBA SIGAA
2026-09-12T07:26:14.217191Z,PROCESSO SELETIVO PARA INGRESSO DE ALUNO ESPECIAL MESTRADO- PGENF 2026.2 - MESTRADO EM ENFERMAGEM E SAÚDE,Inscrições abertas para o processo seletivo da UFBA de ingresso no curso: MESTRADO EM ENFERMAGEM E SAÚDE. Vagas ofertadas: 60. Período de inscrições de 09/06/2026 a 15/06/2026. Consulte o edital completo no portal oficial da instituição.,UFBA,Mestrado - Aluno Especial,Saúde e Biológicas,60,2026-06-09T12:00:00Z,2026-06-15T12:00:00Z,https://sigaa.ufba.br/sigaa/public/processo_seletivo/lista.jsf?aba=p-processo&nivel=S,Encerrado,2026-06-09T12:00:00Z,UFBA SIGAA
2026-09-12T07:26:14.217191Z,SELEÇÃO DE ALUNO/A ESPECIAL DO PPGCS - 2026.2 - MESTRADO EM CIÊNCIAS SOCIAIS,Inscrições abertas para o processo seletivo da UFBA de ingresso no curso: MESTRADO EM CIÊNCIAS SOCIAIS. Vagas ofertadas: 45. Período de inscrições de 05/06/2026 a 12/06/2026. Consulte o edital completo no portal oficial da instituição.,UFBA,Mestrado - Aluno Especial,Saúde e Biológicas,45,2026-06-05T12:00:00Z,2026-06-12T12:00:00Z,https://sigaa.ufba.br/sigaa/public/processo_seletivo/lista.jsf?aba=p-processo&nivel=S,Encerrado,2026-06-05T12:00:00Z,UFBA SIGAA
2026-09-12T07:26:14.217191Z,SELEÇÃO PARA ALUNO ESPECIAL PPGCONT 2026.2 - MESTRADO EM CONTABILIDADE,Inscrições abertas para o processo seletivo da UFBA de ingresso no curso: MESTRADO EM CONTABILIDADE. Vagas ofertadas: 80. Período de inscrições de 05/06/2026 a 12/06/2026. Consulte o edital completo no portal oficial da instituição.,UFBA,Mestrado - Aluno Especial,Saúde e Biológicas,80,2026-06-05T12:00:00Z,2026-06-12T12:00:00Z,https://sigaa.ufba.br/sigaa/public/processo_seletivo/lista.jsf?aba=p-processo&nivel=S,Encerrado,2026-06-05T12:00:00Z,UFBA SIGAA
2026-09-12T07:26:14.217191Z,function dpf(f) {var adp = f.adp;if (adp != null) {for (var i = 0;i EDITAL Nº 01/2026 - SELEÇÃO ALUNO ESPECIAL – SEMESTRE LETIVO 2026.1 - ESTUDOS DE L,Inscrições abertas para o processo seletivo da UNILAB de ingresso no curso: ESTUDOS DE LINGUAGEM: CONTEXTOS LUSÓFONOS BRASIL-ÁFRICA. Vagas ofertadas: 10. Período de inscrições de 01/07/2026 a 17/07/2026. Consulte o edital completo no portal oficial da instituição.,UNILAB,Mestrado - Aluno Especial,Saúde e Biológicas,10,2026-07-01T12:00:00Z,2026-07-17T12:00:00Z,https://sigaa.unilab.edu.br/sigaa/public/processo_seletivo/lista.jsf?aba=p-processo&nivel=S,Encerrado,2026-07-01T12:00:00Z,UNILAB SIGAA
2026-09-12T07:26:14.217191Z,049/2026AE - Química Aplicada - Stricto Sensu Mestrado - Aluno Especial,Inscrições para o processo seletivo da UNEB: 049/2026AE - Química Aplicada - Stricto Sensu Mestrado - Aluno Especial. Período de inscrições de 15/06/2026 a 10/07/2026. Consulte o edital completo no portal SSPPG UNEB.,UNEB,Mestrado - Aluno Especial,Engenharias e Exatas,15,2026-06-15T12:00:00Z,2026-07-10T23:59:59Z,https://ssppg.uneb.br/inicio/editalExterno/1561?selecao=1561,Encerrado,2026-06-15T12:00:00Z,UNEB SSPPG
2026-09-12T07:26:14.217191Z,050/2026AE - Educação e Contemporaneidade - Stricto Sensu Mestrado/Doutorado - Aluno Especial,Inscrições para o processo seletivo da UNEB: 050/2026AE - Educação e Contemporaneidade - Stricto Sensu Mestrado/Doutorado - Aluno Especial. Período de inscrições de 15/06/2026 a 06/07/2026. Consulte o edital completo no portal SSPPG UNEB.,UNEB,Doutorado - Aluno Especial,Educação,15,2026-06-15T12:00:00Z,2026-07-06T23:59:59Z,https://ssppg.uneb.br/inicio/editalExterno/1559?selecao=1559,Encerrado,2026-06-15T12:00:00Z,UNEB SSPPG
2026-09-12T07:26:14.217191Z,038/2026AE - Intervenção Educativa e Social - Stricto Sensu Mestrado - Aluno Especial,Inscrições para o processo seletivo da UNEB: 038/2026AE - Intervenção Educativa e Social - Stricto Sensu Mestrado - Aluno Especial. Período de inscrições de 15/06/2026 a 06/07/2026. Consulte o edital completo no portal SSPPG UNEB.,UNEB,Mestrado - Aluno Especial,Educação,15,2026-06-15T12:00:00Z,2026-07-06T23:59:59Z,https://ssppg.uneb.br/inicio/editalExterno/1554?selecao=1554,Encerrado,2026-06-15T12:00:00Z,UNEB SSPPG
2026-09-12T07:26:14.217191Z,053/2026AEME - Crítica Cultural - Stricto Sensu Mestrado - Aluno Especial,Inscrições para o processo seletivo da UNEB: 053/2026AEME - Crítica Cultural - Stricto Sensu Mestrado - Aluno Especial. Período de inscrições de 23/06/2026 a 06/07/2026. Consulte o edital completo no portal SSPPG UNEB.,UNEB,Mestrado - Aluno Especial,Educação,15,2026-06-23T12:00:00Z,2026-07-06T23:59:59Z,https://ssppg.uneb.br/inicio/editalExterno/1565?selecao=1565,Encerrado,2026-06-23T12:00:00Z,UNEB SSPPG
2026-09-12T07:26:14.217191Z,053/2026AEDO - Crítica Cultural - Stricto Sensu Doutorado - Aluno Especial,Inscrições para o processo seletivo da UNEB: 053/2026AEDO - Crítica Cultural - Stricto Sensu Doutorado - Aluno Especial. Período de inscrições de 23/06/2026 a 06/07/2026. Consulte o edital completo no portal SSPPG UNEB.,UNEB,Doutorado - Aluno Especial,Educação,15,2026-06-23T12:00:00Z,2026-07-06T23:59:59Z,https://ssppg.uneb.br/inicio/editalExterno/1567?selecao=1567,Encerrado,2026-06-23T12:00:00Z,UNEB SSPPG
2026-09-12T07:26:14.217191Z,055/2026AE - Educação e Diversidade - Stricto Sensu Mestrado - Aluno Especial,Inscrições para o processo seletivo da UNEB: 055/2026AE - Educação e Diversidade - Stricto Sensu Mestrado - Aluno Especial. Período de inscrições de 25/06/2026 a 08/07/2026. Consulte o edital completo no portal SSPPG UNEB.,UNEB,Mestrado - Aluno Especial,Educação,15,2026-06-25T12:00:00Z,2026-07-08T23:59:59Z,https://ssppg.uneb.br/inicio/editalExterno/1560?selecao=1560,Encerrado,2026-06-25T12:00:00Z,UNEB SSPPG
2026-09-12T07:26:14.217191Z,054/2026AE - ESTUDOS TERRITORIAIS - Stricto Sensu Mestrado - Aluno Especial,Inscrições para o processo seletivo da UNEB: 054/2026AE - ESTUDOS TERRITORIAIS - Stricto Sensu Mestrado - Aluno Especial. Período de inscrições de 25/06/2026 a 06/07/2026. Consulte o edital completo no portal SSPPG UNEB.,UNEB,Mestrado - Aluno Especial,Educação,15,2026-06-25T12:00:00Z,2026-07-06T23:59:59Z,https://ssppg.uneb.br/inicio/editalExterno/1557?selecao=1557,Encerrado,2026-06-25T12:00:00Z,UNEB SSPPG
2026-09-12T07:26:14.217191Z,"056/2026AE - ENSINO, LINGUAGEM E SOCIEDADE - Stricto Sensu Mestrado - Aluno Especial","Inscrições para o processo seletivo da UNEB: 056/2026AE - ENSINO, LINGUAGEM E SOCIEDADE - Stricto Sensu Mestrado - Aluno Especial. Período de inscrições de 26/06/2026 a 09/07/2026. Consulte o edital completo no portal SSPPG UNEB.",UNEB,Mestrado - Aluno Especial,Educação,15,2026-06-26T12:00:00Z,2026-07-09T23:59:59Z,https://ssppg.uneb.br/inicio/editalExterno/1564?selecao=1564,Encerrado,2026-06-26T12:00:00Z,UNEB SSPPG
2026-09-12T07:26:14.217191Z,048/2026AE - Estudo de Linguagens - Stricto Sensu Mestrado/Doutorado - Aluno Especial,Inscrições para o processo seletivo da UNEB: 048/2026AE - Estudo de Linguagens - Stricto Sensu Mestrado/Doutorado - Aluno Especial. Período de inscrições de 29/06/2026 a 10/07/2026. Consulte o edital completo no portal SSPPG UNEB.,UNEB,Doutorado - Aluno Especial,Humanas e Sociais,15,2026-06-29T12:00:00Z,2026-07-10T23:59:59Z,https://ssppg.uneb.br/inicio/editalExterno/1563?selecao=1563,Encerrado,2026-06-29T12:00:00Z,UNEB SSPPG
2026-09-12T07:26:14.217191Z,061/2026AE - Educação e Formação Docente - Stricto Sensu Mestrado - Aluno Especial,Inscrições para o processo seletivo da UNEB: 061/2026AE - Educação e Formação Docente - Stricto Sensu Mestrado - Aluno Especial. Período de inscrições de 29/06/2026 a 10/07/2026. Consulte o edital completo no portal SSPPG UNEB.,UNEB,Mestrado - Aluno Especial,Educação,15,2026-06-29T12:00:00Z,2026-07-10T23:59:59Z,https://ssppg.uneb.br/inicio/editalExterno/1570?selecao=1570,Encerrado,2026-06-29T12:00:00Z,UNEB SSPPG
2026-09-12T07:26:14.217191Z,"058/2026AE - Estudos Africanos, Povos Indígenas e Culturas Negras - Stricto Sensu Mestrado - Aluno Especial","Inscrições para o processo seletivo da UNEB: 058/2026AE - Estudos Africanos, Povos Indígenas e Culturas Negras - Stricto Sensu Mestrado - Aluno Especial. Período de inscrições de 29/06/2026 a 10/07/2026. Consulte o edital completo no portal SSPPG UNEB.",UNEB,Mestrado - Aluno Especial,Educação,15,2026-06-29T12:00:00Z,2026-07-10T23:59:59Z,https://ssppg.uneb.br/inicio/editalExterno/1562?selecao=1562,Encerrado,2026-06-29T12:00:00Z,UNEB SSPPG
2026-09-12T07:26:14.217191Z,064/2026AE - Estudos Africanos e Representações da África - Stricto Sensu Mestrado - Aluno Especial,Inscrições para o processo seletivo da UNEB: 064/2026AE - Estudos Africanos e Representações da África - Stricto Sensu Mestrado - Aluno Especial. Período de inscrições de 03/07/2026 a 13/07/2026. Consulte o edital completo no portal SSPPG UNEB.,UNEB,Mestrado - Aluno Especial,Educação,15,2026-07-03T12:00:00Z,2026-07-13T23:59:59Z,https://ssppg.uneb.br/inicio/editalExterno/1576?selecao=1576,Encerrado,2026-07-03T12:00:00Z,UNEB SSPPG
2026-09-12T07:26:14.217191Z,059/20262AE - Ecologia Humana e Gestão Socioambiental - Stricto Sensu Mestrado/Doutorado - Aluno Especial,Inscrições para o processo seletivo da UNEB: 059/20262AE - Ecologia Humana e Gestão Socioambiental - Stricto Sensu Mestrado/Doutorado - Aluno Especial. Período de inscrições de 03/07/2026 a 10/07/2026. Consulte o edital completo no portal SSPPG UNEB.,UNEB,Doutorado - Aluno Especial,Gestão e Negócios,15,2026-07-03T12:00:00Z,2026-07-10T23:59:59Z,https://ssppg.uneb.br/inicio/editalExterno/1568?selecao=1568,Encerrado,2026-07-03T12:00:00Z,UNEB SSPPG
2026-09-12T07:26:14.217191Z,044/2026AE - Programa de Pós-Graduação em Letras - Stricto Sensu Mestrado - Aluno Especial,Inscrições para o processo seletivo da UNEB: 044/2026AE - Programa de Pós-Graduação em Letras - Stricto Sensu Mestrado - Aluno Especial. Período de inscrições de 03/07/2026 a 10/07/2026. Consulte o edital completo no portal SSPPG UNEB.,UNEB,Mestrado - Aluno Especial,Humanas e Sociais,15,2026-07-03T12:00:00Z,2026-07-10T23:59:59Z,https://ssppg.uneb.br/inicio/editalExterno/1558?selecao=1558,Encerrado,2026-07-03T12:00:00Z,UNEB SSPPG
2026-09-12T07:26:14.217191Z,063/2026AE - Ciências Farmacêuticas - Stricto Sensu Mestrado - Aluno Especial,Inscrições para o processo seletivo da UNEB: 063/2026AE - Ciências Farmacêuticas - Stricto Sensu Mestrado - Aluno Especial. Período de inscrições de 03/07/2026 a 13/07/2026. Consulte o edital completo no portal SSPPG UNEB.,UNEB,Mestrado - Aluno Especial,Educação,15,2026-07-03T12:00:00Z,2026-07-13T23:59:59Z,https://ssppg.uneb.br/inicio/editalExterno/1569?selecao=1569,Encerrado,2026-07-03T12:00:00Z,UNEB SSPPG
2026-09-13T07:44:52.425270Z,Edital nº 01 - Processo Seletivo Aluno Especial Doutorado 2026.2 - DOUTORADO EM ESTATÍSTICA E CIÊNCIAS DE DADOS,Inscrições abertas para o processo seletivo da UFBA de ingresso no curso: DOUTORADO EM ESTATÍSTICA E CIÊNCIAS DE DADOS. Vagas ofertadas: 5. Período de inscrições de 15/06/2026 a 10/07/2026. Consulte o edital completo no portal oficial da instituição.,UFBA,Doutorado - Aluno Especial,Engenharias e Exatas,5,2026-06-15T12:00:00Z,2026-07-10T12:00:00Z,https://sigaa.ufba.br/sigaa/public/processo_seletivo/lista.jsf?aba=p-processo&nivel=S,Encerrado,2026-06-15T12:00:00Z,UFBA SIGAA
2026-09-13T07:44:52.425270Z,Edital nº 01 - Processo Seletivo Aluno Especial Mestrado 2026.2 - MESTRADO EM ESTATÍSTICA E CIÊNCIAS DE DADOS,Inscrições abertas para o processo seletivo da UFBA de ingresso no curso: MESTRADO EM ESTATÍSTICA E CIÊNCIAS DE DADOS. Vagas ofertadas: 13. Período de inscrições de 15/06/2026 a 10/07/2026. Consulte o edital completo no portal oficial da instituição.,UFBA,Mestrado - Aluno Especial,Engenharias e Exatas,13,2026-06-15T12:00:00Z,2026-07-10T12:00:00Z,https://sigaa.ufba.br/sigaa/public/processo_seletivo/lista.jsf?aba=p-processo&nivel=S,Encerrado,2026-06-15T12:00:00Z,UFBA SIGAA
2026-09-13T07:44:52.425270Z,EDITAL DE ALUNO ESPECIAL 2026.2 DOUTORADO - DOUTORADO EM ARQUITETURA E URBANISMO,Inscrições abertas para o processo seletivo da UFBA de ingresso no curso: DOUTORADO EM ARQUITETURA E URBANISMO. Vagas ofertadas: 50. Período de inscrições de 12/06/2026 a 18/06/2026. Consulte o edital completo no portal oficial da instituição.,UFBA,Doutorado - Aluno Especial,Engenharias e Exatas,50,2026-06-12T12:00:00Z,2026-06-18T12:00:00Z,https://sigaa.ufba.br/sigaa/public/processo_seletivo/lista.jsf?aba=p-processo&nivel=S,Encerrado,2026-06-12T12:00:00Z,UFBA SIGAA
2026-09-13T07:44:52.425270Z,EDITAL DE ALUNO ESPECIAL 2026.2 MESTRADO - MESTRADO EM ARQUITETURA E URBANISMO,Inscrições abertas para o processo seletivo da UFBA de ingresso no curso: MESTRADO EM ARQUITETURA E URBANISMO. Vagas ofertadas: 50. Período de inscrições de 12/06/2026 a 18/06/2026. Consulte o edital completo no portal oficial da instituição.,UFBA,Mestrado - Aluno Especial,Engenharias e Exatas,50,2026-06-12T12:00:00Z,2026-06-18T12:00:00Z,https://sigaa.ufba.br/sigaa/public/processo_seletivo/lista.jsf?aba=p-processo&nivel=S,Encerrado,2026-06-12T12:00:00Z,UFBA SIGAA
2026-09-13T07:44:52.425270Z,PROCESSO SELETIVO IC-PGCOMP DOUTORADO PARA ALUNO ESPECIAL 2026.2 - DOUTORADO EM CIÊNCIA DA COMPUTAÇÃO,Inscrições abertas para o processo seletivo da UFBA de ingresso no curso: DOUTORADO EM CIÊNCIA DA COMPUTAÇÃO. Vagas ofertadas: 30. Período de inscrições de 12/06/2026 a 19/06/2026. Consulte o edital completo no portal oficial da instituição.,UFBA,Doutorado - Aluno Especial,Tecnologia e Informática,30,2026-06-12T12:00:00Z,2026-06-19T12:00:00Z,https://sigaa.ufba.br/sigaa/public/processo_seletivo/lista.jsf?aba=p-processo&nivel=S,Encerrado,2026-06-12T12:00:00Z,UFBA SIGAA
2026-09-13T07:44:52.425270Z,PROCESSO SELETIVO IC-PGCOMP MESTRADO PARA ALUNO ESPECIAL 2026.2 - MESTRADO EM CIÊNCIA DA COMPUTAÇÃO,Inscrições abertas para o processo seletivo da UFBA de ingresso no curso: MESTRADO EM CIÊNCIA DA COMPUTAÇÃO. Vagas ofertadas: 70. Período de inscrições de 12/06/2026 a 19/06/2026. Consulte o edital completo no portal oficial da instituição.,UFBA,Mestrado - Aluno Especial,Tecnologia e Informática,70,2026-06-12T12:00:00Z,2026-06-19T12:00:00Z,https://sigaa.ufba.br/sigaa/public/processo_seletivo/lista.jsf?aba=p-processo&nivel=S,Encerrado,2026-06-12T12:00:00Z,UFBA SIGAA
2026-09-13T07:44:52.425270Z,EDITAL nº 02/2026 - SELEÇÃO PARA ALUNO ESPECIAL - SEMESTRE LETIVO 2026.2 - MESTRADO EM EDUCAÇÃO,Inscrições abertas para o processo seletivo da UFBA de ingresso no curso: MESTRADO EM EDUCAÇÃO. Vagas ofertadas: 102. Período de inscrições de 09/06/2026 a 12/06/2026. Consulte o edital completo no portal oficial da instituição.,UFBA,Mestrado - Aluno Especial,Educação,102,2026-06-09T12:00:00Z,2026-06-12T12:00:00Z,https://sigaa.ufba.br/sigaa/public/processo_seletivo/lista.jsf?aba=p-processo&nivel=S,Encerrado,2026-06-09T12:00:00Z,UFBA SIGAA
2026-09-13T07:44:52.425270Z,PROCESSO SELETIVO PARA INGRESSO DE ALUNO ESPECIAL DOUTORADO- PGENF 2026.2 - DOUTORADO EM ENFERMAGEM E SAÚDE,Inscrições abertas para o processo seletivo da UFBA de ingresso no curso: DOUTORADO EM ENFERMAGEM E SAÚDE. Vagas ofertadas: 30. Período de inscrições de 09/06/2026 a 15/06/2026. Consulte o edital completo no portal oficial da instituição.,UFBA,Doutorado - Aluno Especial,Saúde e Biológicas,30,2026-06-09T12:00:00Z,2026-06-15T12:00:00Z,https://sigaa.ufba.br/sigaa/public/processo_seletivo/lista.jsf?aba=p-processo&nivel=S,Encerrado,2026-06-09T12:00:00Z,UFBA SIGAA
2026-09-13T07:44:52.425270Z,PROCESSO SELETIVO PARA INGRESSO DE ALUNO ESPECIAL MESTRADO- PGENF 2026.2 - MESTRADO EM ENFERMAGEM E SAÚDE,Inscrições abertas para o processo seletivo da UFBA de ingresso no curso: MESTRADO EM ENFERMAGEM E SAÚDE. Vagas ofertadas: 60. Período de inscrições de 09/06/2026 a 15/06/2026. Consulte o edital completo no portal oficial da instituição.,UFBA,Mestrado - Aluno Especial,Saúde e Biológicas,60,2026-06-09T12:00:00Z,2026-06-15T12:00:00Z,https://sigaa.ufba.br/sigaa/public/processo_seletivo/lista.jsf?aba=p-processo&nivel=S,Encerrado,2026-06-09T12:00:00Z,UFBA SIGAA
2026-09-13T07:44:52.425270Z,SELEÇÃO DE ALUNO/A ESPECIAL DO PPGCS - 2026.2 - MESTRADO EM CIÊNCIAS SOCIAIS,Inscrições abertas para o processo seletivo da UFBA de ingresso no curso: MESTRADO EM CIÊNCIAS SOCIAIS. Vagas ofertadas: 45. Período de inscrições de 05/06/2026 a 12/06/2026. Consulte o edital completo no portal oficial da instituição.,UFBA,Mestrado - Aluno Especial,Saúde e Biológicas,45,2026-06-05T12:00:00Z,2026-06-12T12:00:00Z,https://sigaa.ufba.br/sigaa/public/processo_seletivo/lista.jsf?aba=p-processo&nivel=S,Encerrado,2026-06-05T12:00:00Z,UFBA SIGAA
2026-09-13T07:44:52.425270Z,SELEÇÃO PARA ALUNO ESPECIAL PPGCONT 2026.2 - MESTRADO EM CONTABILIDADE,Inscrições abertas para o processo seletivo da UFBA de ingresso no curso: MESTRADO EM CONTABILIDADE. Vagas ofertadas: 80. Período de inscrições de 05/06/2026 a 12/06/2026. Consulte o edital completo no portal oficial da instituição.,UFBA,Mestrado - Aluno Especial,Saúde e Biológicas,80,2026-06-05T12:00:00Z,2026-06-12T12:00:00Z,https://sigaa.ufba.br/sigaa/public/processo_seletivo/lista.jsf?aba=p-processo&nivel=S,Encerrado,2026-06-05T12:00:00Z,UFBA SIGAA
2026-09-13T07:44:52.425270Z,function dpf(f) {var adp = f.adp;if (adp != null) {for (var i = 0;i EDITAL Nº 01/2026 - SELEÇÃO ALUNO ESPECIAL – SEMESTRE LETIVO 2026.1 - ESTUDOS DE L,Inscrições abertas para o processo seletivo da UNILAB de ingresso no curso: ESTUDOS DE LINGUAGEM: CONTEXTOS LUSÓFONOS BRASIL-ÁFRICA. Vagas ofertadas: 10. Período de inscrições de 01/07/2026 a 17/07/2026. Consulte o edital completo no portal oficial da instituição.,UNILAB,Mestrado - Aluno Especial,Saúde e Biológicas,10,2026-07-01T12:00:00Z,2026-07-17T12:00:00Z,https://sigaa.unilab.edu.br/sigaa/public/processo_seletivo/lista.jsf?aba=p-processo&nivel=S,Encerrado,2026-07-01T12:00:00Z,UNILAB SIGAA
2026-09-13T07:44:52.425270Z,049/2026AE - Química Aplicada - Stricto Sensu Mestrado - Aluno Especial,Inscrições para o processo seletivo da UNEB: 049/2026AE - Química Aplicada - Stricto Sensu Mestrado - Aluno Especial. Período de inscrições de 15/06/2026 a 10/07/2026. Consulte o edital completo no portal SSPPG UNEB.,UNEB,Mestrado - Aluno Especial,Engenharias e Exatas,15,2026-06-15T12:00:00Z,2026-07-10T23:59:59Z,https://ssppg.uneb.br/inicio/editalExterno/1561?selecao=1561,Encerrado,2026-06-15T12:00:00Z,UNEB SSPPG
2026-09-13T07:44:52.425270Z,050/2026AE - Educação e Contemporaneidade - Stricto Sensu Mestrado/Doutorado - Aluno Especial,Inscrições para o processo seletivo da UNEB: 050/2026AE - Educação e Contemporaneidade - Stricto Sensu Mestrado/Doutorado - Aluno Especial. Período de inscrições de 15/06/2026 a 06/07/2026. Consulte o edital completo no portal SSPPG UNEB.,UNEB,Doutorado - Aluno Especial,Educação,15,2026-06-15T12:00:00Z,2026-07-06T23:59:59Z,https://ssppg.uneb.br/inicio/editalExterno/1559?selecao=1559,Encerrado,2026-06-15T12:00:00Z,UNEB SSPPG
2026-09-13T07:44:52.425270Z,038/2026AE - Intervenção Educativa e Social - Stricto Sensu Mestrado - Aluno Especial,Inscrições para o processo seletivo da UNEB: 038/2026AE - Intervenção Educativa e Social - Stricto Sensu Mestrado - Aluno Especial. Período de inscrições de 15/06/2026 a 06/07/2026. Consulte o edital completo no portal SSPPG UNEB.,UNEB,Mestrado - Aluno Especial,Educação,15,2026-06-15T12:00:00Z,2026-07-06T23:59:59Z,https://ssppg.uneb.br/inicio/editalExterno/1554?selecao=1554,Encerrado,2026-06-15T12:00:00Z,UNEB SSPPG
2026-09-13T07:44:52.425270Z,053/2026AEME - Crítica Cultural - Stricto Sensu Mestrado - Aluno Especial,Inscrições para o processo seletivo da UNEB: 053/2026AEME - Crítica Cultural - Stricto Sensu Mestrado - Aluno Especial. Período de inscrições de 23/06/2026 a 06/07/2026. Consulte o edital completo no portal SSPPG UNEB.,UNEB,Mestrado - Aluno Especial,Educação,15,2026-06-23T12:00:00Z,2026-07-06T23:59:59Z,https://ssppg.uneb.br/inicio/editalExterno/1565?selecao=1565,Encerrado,2026-06-23T12:00:00Z,UNEB SSPPG
2026-09-13T07:44:52.425270Z,053/2026AEDO - Crítica Cultural - Stricto Sensu Doutorado - Aluno Especial,Inscrições para o processo seletivo da UNEB: 053/2026AEDO - Crítica Cultural - Stricto Sensu Doutorado - Aluno Especial. Período de inscrições de 23/06/2026 a 06/07/2026. Consulte o edital completo no portal SSPPG UNEB.,UNEB,Doutorado - Aluno Especial,Educação,15,2026-06-23T12:00:00Z,2026-07-06T23:59:59Z,https://ssppg.uneb.br/inicio/editalExterno/1567?selecao=1567,Encerrado,2026-06-23T12:00:00Z,UNEB SSPPG
2026-09-13T07:44:52.425270Z,055/2026AE - Educação e Diversidade - Stricto Sensu Mestrado - Aluno Especial,Inscrições para o processo seletivo da UNEB: 055/2026AE - Educação e Diversidade - Stricto Sensu Mestrado - Aluno Especial. Período de inscrições de 25/06/2026 a 08/07/2026. Consulte o edital completo no portal SSPPG UNEB.,UNEB,Mestrado - Aluno Especial,Educação,15,2026-06-25T12:00:00Z,2026-07-08T23:59:59Z,https://ssppg.uneb.br/inicio/editalExterno/1560?selecao=1560,Encerrado,2026-06-25T12:00:00Z,UNEB SSPPG
2026-09-13T07:44:52.425270Z,054/2026AE - ESTUDOS TERRITORIAIS - Stricto Sensu Mestrado - Aluno Especial,Inscrições para o processo seletivo da UNEB: 054/2026AE - ESTUDOS TERRITORIAIS - Stricto Sensu Mestrado - Aluno Especial. Período de inscrições de 25/06/2026 a 06/07/2026. Consulte o edital completo no portal SSPPG UNEB.,UNEB,Mestrado - Aluno Especial,Educação,15,2026-06-25T12:00:00Z,2026-07-06T23:59:59Z,https://ssppg.uneb.br/inicio/editalExterno/1557?selecao=1557,Encerrado,2026-06-25T12:00:00Z,UNEB SSPPG
2026-09-13T07:44:52.425270Z,"056/2026AE - ENSINO, LINGUAGEM E SOCIEDADE - Stricto Sensu Mestrado - Aluno Especial","Inscrições para o processo seletivo da UNEB: 056/2026AE - ENSINO, LINGUAGEM E SOCIEDADE - Stricto Sensu Mestrado - Aluno Especial. Período de inscrições de 26/06/2026 a 09/07/2026. Consulte o edital completo no portal SSPPG UNEB.",UNEB,Mestrado - Aluno Especial,Educação,15,2026-06-26T12:00:00Z,2026-07-09T23:59:59Z,https://ssppg.uneb.br/inicio/editalExterno/1564?selecao=1564,Encerrado,2026-06-26T12:00:00Z,UNEB SSPPG
2026-09-13T07:44:52.425270Z,048/2026AE - Estudo de Linguagens - Stricto Sensu Mestrado/Doutorado - Aluno Especial,Inscrições para o processo seletivo da UNEB: 048/2026AE - Estudo de Linguagens - Stricto Sensu Mestrado/Doutorado - Aluno Especial. Período de inscrições de 29/06/2026 a 10/07/2026. Consulte o edital completo no portal SSPPG UNEB.,UNEB,Doutorado - Aluno Especial,Humanas e Sociais,15,2026-06-29T12:00:00Z,2026-07-10T23:59:59Z,https://ssppg.uneb.br/inicio/editalExterno/1563?selecao=1563,Encerrado,2026-06-29T12:00:00Z,UNEB SSPPG
2026-09-13T07:44:52.425270Z,061/2026AE - Educação e Formação Docente - Stricto Sensu Mestrado - Aluno Especial,Inscrições para o processo seletivo da UNEB: 061/2026AE - Educação e Formação Docente - Stricto Sensu Mestrado - Aluno Especial. Período de inscrições de 29/06/2026 a 10/07/2026. Consulte o edital completo no portal SSPPG UNEB.,UNEB,Mestrado - Aluno Especial,Educação,15,2026-06-29T12:00:00Z,2026-07-10T23:59:59Z,https://ssppg.uneb.br/inicio/editalExterno/1570?selecao=1570,Encerrado,2026-06-29T12:00:00Z,UNEB SSPPG
2026-09-13T07:44:52.425270Z,"058/2026AE - Estudos Africanos, Povos Indígenas e Culturas Negras - Stricto Sensu Mestrado - Aluno Especial","Inscrições para o processo seletivo da UNEB: 058/2026AE - Estudos Africanos, Povos Indígenas e Culturas Negras - Stricto Sensu Mestrado - Aluno Especial. Período de inscrições de 29/06/2026 a 10/07/2026. Consulte o edital completo no portal SSPPG UNEB.",UNEB,Mestrado - Aluno Especial,Educação,15,2026-06-29T12:00:00Z,2026-07-10T23:59:59Z,https://ssppg.uneb.br/inicio/editalExterno/1562?selecao=1562,Encerrado,2026-06-29T12:00:00Z,UNEB SSPPG
2026-09-13T07:44:52.425270Z,064/2026AE - Estudos Africanos e Representações da África - Stricto Sensu Mestrado - Aluno Especial,Inscrições para o processo seletivo da UNEB: 064/2026AE - Estudos Africanos e Representações da África - Stricto Sensu Mestrado - Aluno Especial. Período de inscrições de 03/07/2026 a 13/07/2026. Consulte o edital completo no portal SSPPG UNEB.,UNEB,Mestrado - Aluno Especial,Educação,15,2026-07-03T12:00:00Z,2026-07-13T23:59:59Z,https://ssppg.uneb.br/inicio/editalExterno/1576?selecao=1576,Encerrado,2026-07-03T12:00:00Z,UNEB SSPPG
2026-09-13T07:44:52.425270Z,059/20262AE - Ecologia Humana e Gestão Socioambiental - Stricto Sensu Mestrado/Doutorado - Aluno Especial,Inscrições para o processo seletivo da UNEB: 059/20262AE - Ecologia Humana e Gestão Socioambiental - Stricto Sensu Mestrado/Doutorado - Aluno Especial. Período de inscrições de 03/07/2026 a 10/07/2026. Consulte o edital completo no portal SSPPG UNEB.,UNEB,Doutorado - Aluno Especial,Gestão e Negócios,15,2026-07-03T12:00:00Z,2026-07-10T23:59:59Z,https://ssppg.uneb.br/inicio/editalExterno/1568?selecao=1568,Encerrado,2026-07-03T12:00:00Z,UNEB SSPPG
2026-09-13T07:44:52.425270Z,044/2026AE - Programa de Pós-Graduação em Letras - Stricto Sensu Mestrado - Aluno Especial,Inscrições para o processo seletivo da UNEB: 044/2026AE - Programa de Pós-Graduação em Letras - Stricto Sensu Mestrado - Aluno Especial. Período de inscrições de 03/07/2026 a 10/07/2026. Consulte o edital completo no portal SSPPG UNEB.,UNEB,Mestrado - Aluno Especial,Humanas e Sociais,15,2026-07-03T12:00:00Z,2026-07-10T23:59:59Z,https://ssppg.uneb.br/inicio/editalExterno/1558?selecao=1558,Encerrado,2026-07-03T12:00:00Z,UNEB SSPPG
2026-09-13T07:44:52.425270Z,063/2026AE - Ciências Farmacêuticas - Stricto Sensu Mestrado - Aluno Especial,Inscrições para o processo seletivo da UNEB: 063/2026AE - Ciências Farmacêuticas - Stricto Sensu Mestrado - Aluno Especial. Período de inscrições de 03/07/2026 a 13/07/2026. Consulte o edital completo no portal SSPPG UNEB.,UNEB,Mestrado - Aluno Especial,Educação,15,2026-07-03T12:00:00Z,2026-07-13T23:59:59Z,https://ssppg.uneb.br/inicio/editalExterno/1569?selecao=1569,Encerrado,2026-07-03T12:00:00Z,UNEB SSPPG
2026-09-14T08:16:03.135877Z,Edital nº 01 - Processo Seletivo Aluno Especial Doutorado 2026.2 - DOUTORADO EM ESTATÍSTICA E CIÊNCIAS DE DADOS,Inscrições abertas para o processo seletivo da UFBA de ingresso no curso: DOUTORADO EM ESTATÍSTICA E CIÊNCIAS DE DADOS. Vagas ofertadas: 5. Período de inscrições de 15/06/2026 a 10/07/2026. Consulte o edital completo no portal oficial da instituição.,UFBA,Doutorado - Aluno Especial,Engenharias e Exatas,5,2026-06-15T12:00:00Z,2026-07-10T12:00:00Z,https://sigaa.ufba.br/sigaa/public/processo_seletivo/lista.jsf?aba=p-processo&nivel=S,Encerrado,2026-06-15T12:00:00Z,UFBA SIGAA
2026-09-14T08:16:03.135877Z,Edital nº 01 - Processo Seletivo Aluno Especial Mestrado 2026.2 - MESTRADO EM ESTATÍSTICA E CIÊNCIAS DE DADOS,Inscrições abertas para o processo seletivo da UFBA de ingresso no curso: MESTRADO EM ESTATÍSTICA E CIÊNCIAS DE DADOS. Vagas ofertadas: 13. Período de inscrições de 15/06/2026 a 10/07/2026. Consulte o edital completo no portal oficial da instituição.,UFBA,Mestrado - Aluno Especial,Engenharias e Exatas,13,2026-06-15T12:00:00Z,2026-07-10T12:00:00Z,https://sigaa.ufba.br/sigaa/public/processo_seletivo/lista.jsf?aba=p-processo&nivel=S,Encerrado,2026-06-15T12:00:00Z,UFBA SIGAA
2026-09-14T08:16:03.135877Z,EDITAL DE ALUNO ESPECIAL 2026.2 DOUTORADO - DOUTORADO EM ARQUITETURA E URBANISMO,Inscrições abertas para o processo seletivo da UFBA de ingresso no curso: DOUTORADO EM ARQUITETURA E URBANISMO. Vagas ofertadas: 50. Período de inscrições de 12/06/2026 a 18/06/2026. Consulte o edital completo no portal oficial da instituição.,UFBA,Doutorado - Aluno Especial,Engenharias e Exatas,50,2026-06-12T12:00:00Z,2026-06-18T12:00:00Z,https://sigaa.ufba.br/sigaa/public/processo_seletivo/lista.jsf?aba=p-processo&nivel=S,Encerrado,2026-06-12T12:00:00Z,UFBA SIGAA
2026-09-14T08:16:03.135877Z,EDITAL DE ALUNO ESPECIAL 2026.2 MESTRADO - MESTRADO EM ARQUITETURA E URBANISMO,Inscrições abertas para o processo seletivo da UFBA de ingresso no curso: MESTRADO EM ARQUITETURA E URBANISMO. Vagas ofertadas: 50. Período de inscrições de 12/06/2026 a 18/06/2026. Consulte o edital completo no portal oficial da instituição.,UFBA,Mestrado - Aluno Especial,Engenharias e Exatas,50,2026-06-12T12:00:00Z,2026-06-18T12:00:00Z,https://sigaa.ufba.br/sigaa/public/processo_seletivo/lista.jsf?aba=p-processo&nivel=S,Encerrado,2026-06-12T12:00:00Z,UFBA SIGAA
2026-09-14T08:16:03.135877Z,PROCESSO SELETIVO IC-PGCOMP DOUTORADO PARA ALUNO ESPECIAL 2026.2 - DOUTORADO EM CIÊNCIA DA COMPUTAÇÃO,Inscrições abertas para o processo seletivo da UFBA de ingresso no curso: DOUTORADO EM CIÊNCIA DA COMPUTAÇÃO. Vagas ofertadas: 30. Período de inscrições de 12/06/2026 a 19/06/2026. Consulte o edital completo no portal oficial da instituição.,UFBA,Doutorado - Aluno Especial,Tecnologia e Informática,30,2026-06-12T12:00:00Z,2026-06-19T12:00:00Z,https://sigaa.ufba.br/sigaa/public/processo_seletivo/lista.jsf?aba=p-processo&nivel=S,Encerrado,2026-06-12T12:00:00Z,UFBA SIGAA
2026-09-14T08:16:03.135877Z,PROCESSO SELETIVO IC-PGCOMP MESTRADO PARA ALUNO ESPECIAL 2026.2 - MESTRADO EM CIÊNCIA DA COMPUTAÇÃO,Inscrições abertas para o processo seletivo da UFBA de ingresso no curso: MESTRADO EM CIÊNCIA DA COMPUTAÇÃO. Vagas ofertadas: 70. Período de inscrições de 12/06/2026 a 19/06/2026. Consulte o edital completo no portal oficial da instituição.,UFBA,Mestrado - Aluno Especial,Tecnologia e Informática,70,2026-06-12T12:00:00Z,2026-06-19T12:00:00Z,https://sigaa.ufba.br/sigaa/public/processo_seletivo/lista.jsf?aba=p-processo&nivel=S,Encerrado,2026-06-12T12:00:00Z,UFBA SIGAA
2026-09-14T08:16:03.135877Z,EDITAL nº 02/2026 - SELEÇÃO PARA ALUNO ESPECIAL - SEMESTRE LETIVO 2026.2 - MESTRADO EM EDUCAÇÃO,Inscrições abertas para o processo seletivo da UFBA de ingresso no curso: MESTRADO EM EDUCAÇÃO. Vagas ofertadas: 102. Período de inscrições de 09/06/2026 a 12/06/2026. Consulte o edital completo no portal oficial da instituição.,UFBA,Mestrado - Aluno Especial,Educação,102,2026-06-09T12:00:00Z,2026-06-12T12:00:00Z,https://sigaa.ufba.br/sigaa/public/processo_seletivo/lista.jsf?aba=p-processo&nivel=S,Encerrado,2026-06-09T12:00:00Z,UFBA SIGAA
2026-09-14T08:16:03.135877Z,PROCESSO SELETIVO PARA INGRESSO DE ALUNO ESPECIAL DOUTORADO- PGENF 2026.2 - DOUTORADO EM ENFERMAGEM E SAÚDE,Inscrições abertas para o processo seletivo da UFBA de ingresso no curso: DOUTORADO EM ENFERMAGEM E SAÚDE. Vagas ofertadas: 30. Período de inscrições de 09/06/2026 a 15/06/2026. Consulte o edital completo no portal oficial da instituição.,UFBA,Doutorado - Aluno Especial,Saúde e Biológicas,30,2026-06-09T12:00:00Z,2026-06-15T12:00:00Z,https://sigaa.ufba.br/sigaa/public/processo_seletivo/lista.jsf?aba=p-processo&nivel=S,Encerrado,2026-06-09T12:00:00Z,UFBA SIGAA
2026-09-14T08:16:03.135877Z,PROCESSO SELETIVO PARA INGRESSO DE ALUNO ESPECIAL MESTRADO- PGENF 2026.2 - MESTRADO EM ENFERMAGEM E SAÚDE,Inscrições abertas para o processo seletivo da UFBA de ingresso no curso: MESTRADO EM ENFERMAGEM E SAÚDE. Vagas ofertadas: 60. Período de inscrições de 09/06/2026 a 15/06/2026. Consulte o edital completo no portal oficial da instituição.,UFBA,Mestrado - Aluno Especial,Saúde e Biológicas,60,2026-06-09T12:00:00Z,2026-06-15T12:00:00Z,https://sigaa.ufba.br/sigaa/public/processo_seletivo/lista.jsf?aba=p-processo&nivel=S,Encerrado,2026-06-09T12:00:00Z,UFBA SIGAA
2026-09-14T08:16:03.135877Z,SELEÇÃO DE ALUNO/A ESPECIAL DO PPGCS - 2026.2 - MESTRADO EM CIÊNCIAS SOCIAIS,Inscrições abertas para o processo seletivo da UFBA de ingresso no curso: MESTRADO EM CIÊNCIAS SOCIAIS. Vagas ofertadas: 45. Período de inscrições de 05/06/2026 a 12/06/2026. Consulte o edital completo no portal oficial da instituição.,UFBA,Mestrado - Aluno Especial,Saúde e Biológicas,45,2026-06-05T12:00:00Z,2026-06-12T12:00:00Z,https://sigaa.ufba.br/sigaa/public/processo_seletivo/lista.jsf?aba=p-processo&nivel=S,Encerrado,2026-06-05T12:00:00Z,UFBA SIGAA
2026-09-14T08:16:03.135877Z,SELEÇÃO PARA ALUNO ESPECIAL PPGCONT 2026.2 - MESTRADO EM CONTABILIDADE,Inscrições abertas para o processo seletivo da UFBA de ingresso no curso: MESTRADO EM CONTABILIDADE. Vagas ofertadas: 80. Período de inscrições de 05/06/2026 a 12/06/2026. Consulte o edital completo no portal oficial da instituição.,UFBA,Mestrado - Aluno Especial,Saúde e Biológicas,80,2026-06-05T12:00:00Z,2026-06-12T12:00:00Z,https://sigaa.ufba.br/sigaa/public/processo_seletivo/lista.jsf?aba=p-processo&nivel=S,Encerrado,2026-06-05T12:00:00Z,UFBA SIGAA
2026-09-14T08:16:03.135877Z,function dpf(f) {var adp = f.adp;if (adp != null) {for (var i = 0;i EDITAL Nº 01/2026 - SELEÇÃO ALUNO ESPECIAL – SEMESTRE LETIVO 2026.1 - ESTUDOS DE L,Inscrições abertas para o processo seletivo da UNILAB de ingresso no curso: ESTUDOS DE LINGUAGEM: CONTEXTOS LUSÓFONOS BRASIL-ÁFRICA. Vagas ofertadas: 10. Período de inscrições de 01/07/2026 a 17/07/2026. Consulte o edital completo no portal oficial da instituição.,UNILAB,Mestrado - Aluno Especial,Saúde e Biológicas,10,2026-07-01T12:00:00Z,2026-07-17T12:00:00Z,https://sigaa.unilab.edu.br/sigaa/public/processo_seletivo/lista.jsf?aba=p-processo&nivel=S,Encerrado,2026-07-01T12:00:00Z,UNILAB SIGAA
2026-09-14T08:16:03.135877Z,049/2026AE - Química Aplicada - Stricto Sensu Mestrado - Aluno Especial,Inscrições para o processo seletivo da UNEB: 049/2026AE - Química Aplicada - Stricto Sensu Mestrado - Aluno Especial. Período de inscrições de 15/06/2026 a 10/07/2026. Consulte o edital completo no portal SSPPG UNEB.,UNEB,Mestrado - Aluno Especial,Engenharias e Exatas,15,2026-06-15T12:00:00Z,2026-07-10T23:59:59Z,https://ssppg.uneb.br/inicio/editalExterno/1561?selecao=1561,Encerrado,2026-06-15T12:00:00Z,UNEB SSPPG
2026-09-14T08:16:03.135877Z,050/2026AE - Educação e Contemporaneidade - Stricto Sensu Mestrado/Doutorado - Aluno Especial,Inscrições para o processo seletivo da UNEB: 050/2026AE - Educação e Contemporaneidade - Stricto Sensu Mestrado/Doutorado - Aluno Especial. Período de inscrições de 15/06/2026 a 06/07/2026. Consulte o edital completo no portal SSPPG UNEB.,UNEB,Doutorado - Aluno Especial,Educação,15,2026-06-15T12:00:00Z,2026-07-06T23:59:59Z,https://ssppg.uneb.br/inicio/editalExterno/1559?selecao=1559,Encerrado,2026-06-15T12:00:00Z,UNEB SSPPG
2026-09-14T08:16:03.135877Z,038/2026AE - Intervenção Educativa e Social - Stricto Sensu Mestrado - Aluno Especial,Inscrições para o processo seletivo da UNEB: 038/2026AE - Intervenção Educativa e Social - Stricto Sensu Mestrado - Aluno Especial. Período de inscrições de 15/06/2026 a 06/07/2026. Consulte o edital completo no portal SSPPG UNEB.,UNEB,Mestrado - Aluno Especial,Educação,15,2026-06-15T12:00:00Z,2026-07-06T23:59:59Z,https://ssppg.uneb.br/inicio/editalExterno/1554?selecao=1554,Encerrado,2026-06-15T12:00:00Z,UNEB SSPPG
2026-09-14T08:16:03.135877Z,053/2026AEME - Crítica Cultural - Stricto Sensu Mestrado - Aluno Especial,Inscrições para o processo seletivo da UNEB: 053/2026AEME - Crítica Cultural - Stricto Sensu Mestrado - Aluno Especial. Período de inscrições de 23/06/2026 a 06/07/2026. Consulte o edital completo no portal SSPPG UNEB.,UNEB,Mestrado - Aluno Especial,Educação,15,2026-06-23T12:00:00Z,2026-07-06T23:59:59Z,https://ssppg.uneb.br/inicio/editalExterno/1565?selecao=1565,Encerrado,2026-06-23T12:00:00Z,UNEB SSPPG
2026-09-14T08:16:03.135877Z,053/2026AEDO - Crítica Cultural - Stricto Sensu Doutorado - Aluno Especial,Inscrições para o processo seletivo da UNEB: 053/2026AEDO - Crítica Cultural - Stricto Sensu Doutorado - Aluno Especial. Período de inscrições de 23/06/2026 a 06/07/2026. Consulte o edital completo no portal SSPPG UNEB.,UNEB,Doutorado - Aluno Especial,Educação,15,2026-06-23T12:00:00Z,2026-07-06T23:59:59Z,https://ssppg.uneb.br/inicio/editalExterno/1567?selecao=1567,Encerrado,2026-06-23T12:00:00Z,UNEB SSPPG
2026-09-14T08:16:03.135877Z,055/2026AE - Educação e Diversidade - Stricto Sensu Mestrado - Aluno Especial,Inscrições para o processo seletivo da UNEB: 055/2026AE - Educação e Diversidade - Stricto Sensu Mestrado - Aluno Especial. Período de inscrições de 25/06/2026 a 08/07/2026. Consulte o edital completo no portal SSPPG UNEB.,UNEB,Mestrado - Aluno Especial,Educação,15,2026-06-25T12:00:00Z,2026-07-08T23:59:59Z,https://ssppg.uneb.br/inicio/editalExterno/1560?selecao=1560,Encerrado,2026-06-25T12:00:00Z,UNEB SSPPG
2026-09-14T08:16:03.135877Z,054/2026AE - ESTUDOS TERRITORIAIS - Stricto Sensu Mestrado - Aluno Especial,Inscrições para o processo seletivo da UNEB: 054/2026AE - ESTUDOS TERRITORIAIS - Stricto Sensu Mestrado - Aluno Especial. Período de inscrições de 25/06/2026 a 06/07/2026. Consulte o edital completo no portal SSPPG UNEB.,UNEB,Mestrado - Aluno Especial,Educação,15,2026-06-25T12:00:00Z,2026-07-06T23:59:59Z,https://ssppg.uneb.br/inicio/editalExterno/1557?selecao=1557,Encerrado,2026-06-25T12:00:00Z,UNEB SSPPG
2026-09-14T08:16:03.135877Z,"056/2026AE - ENSINO, LINGUAGEM E SOCIEDADE - Stricto Sensu Mestrado - Aluno Especial","Inscrições para o processo seletivo da UNEB: 056/2026AE - ENSINO, LINGUAGEM E SOCIEDADE - Stricto Sensu Mestrado - Aluno Especial. Período de inscrições de 26/06/2026 a 09/07/2026. Consulte o edital completo no portal SSPPG UNEB.",UNEB,Mestrado - Aluno Especial,Educação,15,2026-06-26T12:00:00Z,2026-07-09T23:59:59Z,https://ssppg.uneb.br/inicio/editalExterno/1564?selecao=1564,Encerrado,2026-06-26T12:00:00Z,UNEB SSPPG
2026-09-14T08:16:03.135877Z,048/2026AE - Estudo de Linguagens - Stricto Sensu Mestrado/Doutorado - Aluno Especial,Inscrições para o processo seletivo da UNEB: 048/2026AE - Estudo de Linguagens - Stricto Sensu Mestrado/Doutorado - Aluno Especial. Período de inscrições de 29/06/2026 a 10/07/2026. Consulte o edital completo no portal SSPPG UNEB.,UNEB,Doutorado - Aluno Especial,Humanas e Sociais,15,2026-06-29T12:00:00Z,2026-07-10T23:59:59Z,https://ssppg.uneb.br/inicio/editalExterno/1563?selecao=1563,Encerrado,2026-06-29T12:00:00Z,UNEB SSPPG
2026-09-14T08:16:03.135877Z,061/2026AE - Educação e Formação Docente - Stricto Sensu Mestrado - Aluno Especial,Inscrições para o processo seletivo da UNEB: 061/2026AE - Educação e Formação Docente - Stricto Sensu Mestrado - Aluno Especial. Período de inscrições de 29/06/2026 a 10/07/2026. Consulte o edital completo no portal SSPPG UNEB.,UNEB,Mestrado - Aluno Especial,Educação,15,2026-06-29T12:00:00Z,2026-07-10T23:59:59Z,https://ssppg.uneb.br/inicio/editalExterno/1570?selecao=1570,Encerrado,2026-06-29T12:00:00Z,UNEB SSPPG
2026-09-14T08:16:03.135877Z,"058/2026AE - Estudos Africanos, Povos Indígenas e Culturas Negras - Stricto Sensu Mestrado - Aluno Especial","Inscrições para o processo seletivo da UNEB: 058/2026AE - Estudos Africanos, Povos Indígenas e Culturas Negras - Stricto Sensu Mestrado - Aluno Especial. Período de inscrições de 29/06/2026 a 10/07/2026. Consulte o edital completo no portal SSPPG UNEB.",UNEB,Mestrado - Aluno Especial,Educação,15,2026-06-29T12:00:00Z,2026-07-10T23:59:59Z,https://ssppg.uneb.br/inicio/editalExterno/1562?selecao=1562,Encerrado,2026-06-29T12:00:00Z,UNEB SSPPG
2026-09-14T08:16:03.135877Z,064/2026AE - Estudos Africanos e Representações da África - Stricto Sensu Mestrado - Aluno Especial,Inscrições para o processo seletivo da UNEB: 064/2026AE - Estudos Africanos e Representações da África - Stricto Sensu Mestrado - Aluno Especial. Período de inscrições de 03/07/2026 a 13/07/2026. Consulte o edital completo no portal SSPPG UNEB.,UNEB,Mestrado - Aluno Especial,Educação,15,2026-07-03T12:00:00Z,2026-07-13T23:59:59Z,https://ssppg.uneb.br/inicio/editalExterno/1576?selecao=1576,Encerrado,2026-07-03T12:00:00Z,UNEB SSPPG
2026-09-14T08:16:03.135877Z,059/20262AE - Ecologia Humana e Gestão Socioambiental - Stricto Sensu Mestrado/Doutorado - Aluno Especial,Inscrições para o processo seletivo da UNEB: 059/20262AE - Ecologia Humana e Gestão Socioambiental - Stricto Sensu Mestrado/Doutorado - Aluno Especial. Período de inscrições de 03/07/2026 a 10/07/2026. Consulte o edital completo no portal SSPPG UNEB.,UNEB,Doutorado - Aluno Especial,Gestão e Negócios,15,2026-07-03T12:00:00Z,2026-07-10T23:59:59Z,https://ssppg.uneb.br/inicio/editalExterno/1568?selecao=1568,Encerrado,2026-07-03T12:00:00Z,UNEB SSPPG
2026-09-14T08:16:03.135877Z,044/2026AE - Programa de Pós-Graduação em Letras - Stricto Sensu Mestrado - Aluno Especial,Inscrições para o processo seletivo da UNEB: 044/2026AE - Programa de Pós-Graduação em Letras - Stricto Sensu Mestrado - Aluno Especial. Período de inscrições de 03/07/2026 a 10/07/2026. Consulte o edital completo no portal SSPPG UNEB.,UNEB,Mestrado - Aluno Especial,Humanas e Sociais,15,2026-07-03T12:00:00Z,2026-07-10T23:59:59Z,https://ssppg.uneb.br/inicio/editalExterno/1558?selecao=1558,Encerrado,2026-07-03T12:00:00Z,UNEB SSPPG
2026-09-14T08:16:03.135877Z,063/2026AE - Ciências Farmacêuticas - Stricto Sensu Mestrado - Aluno Especial,Inscrições para o processo seletivo da UNEB: 063/2026AE - Ciências Farmacêuticas - Stricto Sensu Mestrado - Aluno Especial. Período de inscrições de 03/07/2026 a 13/07/2026. Consulte o edital completo no portal SSPPG UNEB.,UNEB,Mestrado - Aluno Especial,Educação,15,2026-07-03T12:00:00Z,2026-07-13T23:59:59Z,https://ssppg.uneb.br/inicio/editalExterno/1569?selecao=1569,Encerrado,2026-07-03T12:00:00Z,UNEB SSPPG
2026-09-15T08:08:34.039628Z,Edital nº 01 - Processo Seletivo Aluno Especial Doutorado 2026.2 - DOUTORADO EM ESTATÍSTICA E CIÊNCIAS DE DADOS,Inscrições abertas para o processo seletivo da UFBA de ingresso no curso: DOUTORADO EM ESTATÍSTICA E CIÊNCIAS DE DADOS. Vagas ofertadas: 5. Período de inscrições de 15/06/2026 a 10/07/2026. Consulte o edital completo no portal oficial da instituição.,UFBA,Doutorado - Aluno Especial,Engenharias e Exatas,5,2026-06-15T12:00:00Z,2026-07-10T12:00:00Z,https://sigaa.ufba.br/sigaa/public/processo_seletivo/lista.jsf?aba=p-processo&nivel=S,Encerrado,2026-06-15T12:00:00Z,UFBA SIGAA
2026-09-15T08:08:34.039628Z,Edital nº 01 - Processo Seletivo Aluno Especial Mestrado 2026.2 - MESTRADO EM ESTATÍSTICA E CIÊNCIAS DE DADOS,Inscrições abertas para o processo seletivo da UFBA de ingresso no curso: MESTRADO EM ESTATÍSTICA E CIÊNCIAS DE DADOS. Vagas ofertadas: 13. Período de inscrições de 15/06/2026 a 10/07/2026. Consulte o edital completo no portal oficial da instituição.,UFBA,Mestrado - Aluno Especial,Engenharias e Exatas,13,2026-06-15T12:00:00Z,2026-07-10T12:00:00Z,https://sigaa.ufba.br/sigaa/public/processo_seletivo/lista.jsf?aba=p-processo&nivel=S,Encerrado,2026-06-15T12:00:00Z,UFBA SIGAA
2026-09-15T08:08:34.039628Z,EDITAL DE ALUNO ESPECIAL 2026.2 DOUTORADO - DOUTORADO EM ARQUITETURA E URBANISMO,Inscrições abertas para o processo seletivo da UFBA de ingresso no curso: DOUTORADO EM ARQUITETURA E URBANISMO. Vagas ofertadas: 50. Período de inscrições de 12/06/2026 a 18/06/2026. Consulte o edital completo no portal oficial da instituição.,UFBA,Doutorado - Aluno Especial,Engenharias e Exatas,50,2026-06-12T12:00:00Z,2026-06-18T12:00:00Z,https://sigaa.ufba.br/sigaa/public/processo_seletivo/lista.jsf?aba=p-processo&nivel=S,Encerrado,2026-06-12T12:00:00Z,UFBA SIGAA
2026-09-15T08:08:34.039628Z,EDITAL DE ALUNO ESPECIAL 2026.2 MESTRADO - MESTRADO EM ARQUITETURA E URBANISMO,Inscrições abertas para o processo seletivo da UFBA de ingresso no curso: MESTRADO EM ARQUITETURA E URBANISMO. Vagas ofertadas: 50. Período de inscrições de 12/06/2026 a 18/06/2026. Consulte o edital completo no portal oficial da instituição.,UFBA,Mestrado - Aluno Especial,Engenharias e Exatas,50,2026-06-12T12:00:00Z,2026-06-18T12:00:00Z,https://sigaa.ufba.br/sigaa/public/processo_seletivo/lista.jsf?aba=p-processo&nivel=S,Encerrado,2026-06-12T12:00:00Z,UFBA SIGAA
2026-09-15T08:08:34.039628Z,PROCESSO SELETIVO IC-PGCOMP DOUTORADO PARA ALUNO ESPECIAL 2026.2 - DOUTORADO EM CIÊNCIA DA COMPUTAÇÃO,Inscrições abertas para o processo seletivo da UFBA de ingresso no curso: DOUTORADO EM CIÊNCIA DA COMPUTAÇÃO. Vagas ofertadas: 30. Período de inscrições de 12/06/2026 a 19/06/2026. Consulte o edital completo no portal oficial da instituição.,UFBA,Doutorado - Aluno Especial,Tecnologia e Informática,30,2026-06-12T12:00:00Z,2026-06-19T12:00:00Z,https://sigaa.ufba.br/sigaa/public/processo_seletivo/lista.jsf?aba=p-processo&nivel=S,Encerrado,2026-06-12T12:00:00Z,UFBA SIGAA
2026-09-15T08:08:34.039628Z,PROCESSO SELETIVO IC-PGCOMP MESTRADO PARA ALUNO ESPECIAL 2026.2 - MESTRADO EM CIÊNCIA DA COMPUTAÇÃO,Inscrições abertas para o processo seletivo da UFBA de ingresso no curso: MESTRADO EM CIÊNCIA DA COMPUTAÇÃO. Vagas ofertadas: 70. Período de inscrições de 12/06/2026 a 19/06/2026. Consulte o edital completo no portal oficial da instituição.,UFBA,Mestrado - Aluno Especial,Tecnologia e Informática,70,2026-06-12T12:00:00Z,2026-06-19T12:00:00Z,https://sigaa.ufba.br/sigaa/public/processo_seletivo/lista.jsf?aba=p-processo&nivel=S,Encerrado,2026-06-12T12:00:00Z,UFBA SIGAA
2026-09-15T08:08:34.039628Z,EDITAL nº 02/2026 - SELEÇÃO PARA ALUNO ESPECIAL - SEMESTRE LETIVO 2026.2 - MESTRADO EM EDUCAÇÃO,Inscrições abertas para o processo seletivo da UFBA de ingresso no curso: MESTRADO EM EDUCAÇÃO. Vagas ofertadas: 102. Período de inscrições de 09/06/2026 a 12/06/2026. Consulte o edital completo no portal oficial da instituição.,UFBA,Mestrado - Aluno Especial,Educação,102,2026-06-09T12:00:00Z,2026-06-12T12:00:00Z,https://sigaa.ufba.br/sigaa/public/processo_seletivo/lista.jsf?aba=p-processo&nivel=S,Encerrado,2026-06-09T12:00:00Z,UFBA SIGAA
2026-09-15T08:08:34.039628Z,PROCESSO SELETIVO PARA INGRESSO DE ALUNO ESPECIAL DOUTORADO- PGENF 2026.2 - DOUTORADO EM ENFERMAGEM E SAÚDE,Inscrições abertas para o processo seletivo da UFBA de ingresso no curso: DOUTORADO EM ENFERMAGEM E SAÚDE. Vagas ofertadas: 30. Período de inscrições de 09/06/2026 a 15/06/2026. Consulte o edital completo no portal oficial da instituição.,UFBA,Doutorado - Aluno Especial,Saúde e Biológicas,30,2026-06-09T12:00:00Z,2026-06-15T12:00:00Z,https://sigaa.ufba.br/sigaa/public/processo_seletivo/lista.jsf?aba=p-processo&nivel=S,Encerrado,2026-06-09T12:00:00Z,UFBA SIGAA
2026-09-15T08:08:34.039628Z,PROCESSO SELETIVO PARA INGRESSO DE ALUNO ESPECIAL MESTRADO- PGENF 2026.2 - MESTRADO EM ENFERMAGEM E SAÚDE,Inscrições abertas para o processo seletivo da UFBA de ingresso no curso: MESTRADO EM ENFERMAGEM E SAÚDE. Vagas ofertadas: 60. Período de inscrições de 09/06/2026 a 15/06/2026. Consulte o edital completo no portal oficial da instituição.,UFBA,Mestrado - Aluno Especial,Saúde e Biológicas,60,2026-06-09T12:00:00Z,2026-06-15T12:00:00Z,https://sigaa.ufba.br/sigaa/public/processo_seletivo/lista.jsf?aba=p-processo&nivel=S,Encerrado,2026-06-09T12:00:00Z,UFBA SIGAA
2026-09-15T08:08:34.039628Z,SELEÇÃO DE ALUNO/A ESPECIAL DO PPGCS - 2026.2 - MESTRADO EM CIÊNCIAS SOCIAIS,Inscrições abertas para o processo seletivo da UFBA de ingresso no curso: MESTRADO EM CIÊNCIAS SOCIAIS. Vagas ofertadas: 45. Período de inscrições de 05/06/2026 a 12/06/2026. Consulte o edital completo no portal oficial da instituição.,UFBA,Mestrado - Aluno Especial,Saúde e Biológicas,45,2026-06-05T12:00:00Z,2026-06-12T12:00:00Z,https://sigaa.ufba.br/sigaa/public/processo_seletivo/lista.jsf?aba=p-processo&nivel=S,Encerrado,2026-06-05T12:00:00Z,UFBA SIGAA
2026-09-15T08:08:34.039628Z,SELEÇÃO PARA ALUNO ESPECIAL PPGCONT 2026.2 - MESTRADO EM CONTABILIDADE,Inscrições abertas para o processo seletivo da UFBA de ingresso no curso: MESTRADO EM CONTABILIDADE. Vagas ofertadas: 80. Período de inscrições de 05/06/2026 a 12/06/2026. Consulte o edital completo no portal oficial da instituição.,UFBA,Mestrado - Aluno Especial,Saúde e Biológicas,80,2026-06-05T12:00:00Z,2026-06-12T12:00:00Z,https://sigaa.ufba.br/sigaa/public/processo_seletivo/lista.jsf?aba=p-processo&nivel=S,Encerrado,2026-06-05T12:00:00Z,UFBA SIGAA
2026-09-15T08:08:34.039628Z,function dpf(f) {var adp = f.adp;if (adp != null) {for (var i = 0;i EDITAL Nº 01/2026 - SELEÇÃO ALUNO ESPECIAL – SEMESTRE LETIVO 2026.1 - ESTUDOS DE L,Inscrições abertas para o processo seletivo da UNILAB de ingresso no curso: ESTUDOS DE LINGUAGEM: CONTEXTOS LUSÓFONOS BRASIL-ÁFRICA. Vagas ofertadas: 10. Período de inscrições de 01/07/2026 a 17/07/2026. Consulte o edital completo no portal oficial da instituição.,UNILAB,Mestrado - Aluno Especial,Saúde e Biológicas,10,2026-07-01T12:00:00Z,2026-07-17T12:00:00Z,https://sigaa.unilab.edu.br/sigaa/public/processo_seletivo/lista.jsf?aba=p-processo&nivel=S,Encerrado,2026-07-01T12:00:00Z,UNILAB SIGAA
2026-09-15T08:08:34.039628Z,049/2026AE - Química Aplicada - Stricto Sensu Mestrado - Aluno Especial,Inscrições para o processo seletivo da UNEB: 049/2026AE - Química Aplicada - Stricto Sensu Mestrado - Aluno Especial. Período de inscrições de 15/06/2026 a 10/07/2026. Consulte o edital completo no portal SSPPG UNEB.,UNEB,Mestrado - Aluno Especial,Engenharias e Exatas,15,2026-06-15T12:00:00Z,2026-07-10T23:59:59Z,https://ssppg.uneb.br/inicio/editalExterno/1561?selecao=1561,Encerrado,2026-06-15T12:00:00Z,UNEB SSPPG
2026-09-15T08:08:34.039628Z,050/2026AE - Educação e Contemporaneidade - Stricto Sensu Mestrado/Doutorado - Aluno Especial,Inscrições para o processo seletivo da UNEB: 050/2026AE - Educação e Contemporaneidade - Stricto Sensu Mestrado/Doutorado - Aluno Especial. Período de inscrições de 15/06/2026 a 06/07/2026. Consulte o edital completo no portal SSPPG UNEB.,UNEB,Doutorado - Aluno Especial,Educação,15,2026-06-15T12:00:00Z,2026-07-06T23:59:59Z,https://ssppg.uneb.br/inicio/editalExterno/1559?selecao=1559,Encerrado,2026-06-15T12:00:00Z,UNEB SSPPG
2026-09-15T08:08:34.039628Z,038/2026AE - Intervenção Educativa e Social - Stricto Sensu Mestrado - Aluno Especial,Inscrições para o processo seletivo da UNEB: 038/2026AE - Intervenção Educativa e Social - Stricto Sensu Mestrado - Aluno Especial. Período de inscrições de 15/06/2026 a 06/07/2026. Consulte o edital completo no portal SSPPG UNEB.,UNEB,Mestrado - Aluno Especial,Educação,15,2026-06-15T12:00:00Z,2026-07-06T23:59:59Z,https://ssppg.uneb.br/inicio/editalExterno/1554?selecao=1554,Encerrado,2026-06-15T12:00:00Z,UNEB SSPPG
2026-09-15T08:08:34.039628Z,053/2026AEME - Crítica Cultural - Stricto Sensu Mestrado - Aluno Especial,Inscrições para o processo seletivo da UNEB: 053/2026AEME - Crítica Cultural - Stricto Sensu Mestrado - Aluno Especial. Período de inscrições de 23/06/2026 a 06/07/2026. Consulte o edital completo no portal SSPPG UNEB.,UNEB,Mestrado - Aluno Especial,Educação,15,2026-06-23T12:00:00Z,2026-07-06T23:59:59Z,https://ssppg.uneb.br/inicio/editalExterno/1565?selecao=1565,Encerrado,2026-06-23T12:00:00Z,UNEB SSPPG
2026-09-15T08:08:34.039628Z,053/2026AEDO - Crítica Cultural - Stricto Sensu Doutorado - Aluno Especial,Inscrições para o processo seletivo da UNEB: 053/2026AEDO - Crítica Cultural - Stricto Sensu Doutorado - Aluno Especial. Período de inscrições de 23/06/2026 a 06/07/2026. Consulte o edital completo no portal SSPPG UNEB.,UNEB,Doutorado - Aluno Especial,Educação,15,2026-06-23T12:00:00Z,2026-07-06T23:59:59Z,https://ssppg.uneb.br/inicio/editalExterno/1567?selecao=1567,Encerrado,2026-06-23T12:00:00Z,UNEB SSPPG
2026-09-15T08:08:34.039628Z,055/2026AE - Educação e Diversidade - Stricto Sensu Mestrado - Aluno Especial,Inscrições para o processo seletivo da UNEB: 055/2026AE - Educação e Diversidade - Stricto Sensu Mestrado - Aluno Especial. Período de inscrições de 25/06/2026 a 08/07/2026. Consulte o edital completo no portal SSPPG UNEB.,UNEB,Mestrado - Aluno Especial,Educação,15,2026-06-25T12:00:00Z,2026-07-08T23:59:59Z,https://ssppg.uneb.br/inicio/editalExterno/1560?selecao=1560,Encerrado,2026-06-25T12:00:00Z,UNEB SSPPG
2026-09-15T08:08:34.039628Z,054/2026AE - ESTUDOS TERRITORIAIS - Stricto Sensu Mestrado - Aluno Especial,Inscrições para o processo seletivo da UNEB: 054/2026AE - ESTUDOS TERRITORIAIS - Stricto Sensu Mestrado - Aluno Especial. Período de inscrições de 25/06/2026 a 06/07/2026. Consulte o edital completo no portal SSPPG UNEB.,UNEB,Mestrado - Aluno Especial,Educação,15,2026-06-25T12:00:00Z,2026-07-06T23:59:59Z,https://ssppg.uneb.br/inicio/editalExterno/1557?selecao=1557,Encerrado,2026-06-25T12:00:00Z,UNEB SSPPG
2026-09-15T08:08:34.039628Z,"056/2026AE - ENSINO, LINGUAGEM E SOCIEDADE - Stricto Sensu Mestrado - Aluno Especial","Inscrições para o processo seletivo da UNEB: 056/2026AE - ENSINO, LINGUAGEM E SOCIEDADE - Stricto Sensu Mestrado - Aluno Especial. Período de inscrições de 26/06/2026 a 09/07/2026. Consulte o edital completo no portal SSPPG UNEB.",UNEB,Mestrado - Aluno Especial,Educação,15,2026-06-26T12:00:00Z,2026-07-09T23:59:59Z,https://ssppg.uneb.br/inicio/editalExterno/1564?selecao=1564,Encerrado,2026-06-26T12:00:00Z,UNEB SSPPG
2026-09-15T08:08:34.039628Z,048/2026AE - Estudo de Linguagens - Stricto Sensu Mestrado/Doutorado - Aluno Especial,Inscrições para o processo seletivo da UNEB: 048/2026AE - Estudo de Linguagens - Stricto Sensu Mestrado/Doutorado - Aluno Especial. Período de inscrições de 29/06/2026 a 10/07/2026. Consulte o edital completo no portal SSPPG UNEB.,UNEB,Doutorado - Aluno Especial,Humanas e Sociais,15,2026-06-29T12:00:00Z,2026-07-10T23:59:59Z,https://ssppg.uneb.br/inicio/editalExterno/1563?selecao=1563,Encerrado,2026-06-29T12:00:00Z,UNEB SSPPG
2026-09-15T08:08:34.039628Z,061/2026AE - Educação e Formação Docente - Stricto Sensu Mestrado - Aluno Especial,Inscrições para o processo seletivo da UNEB: 061/2026AE - Educação e Formação Docente - Stricto Sensu Mestrado - Aluno Especial. Período de inscrições de 29/06/2026 a 10/07/2026. Consulte o edital completo no portal SSPPG UNEB.,UNEB,Mestrado - Aluno Especial,Educação,15,2026-06-29T12:00:00Z,2026-07-10T23:59:59Z,https://ssppg.uneb.br/inicio/editalExterno/1570?selecao=1570,Encerrado,2026-06-29T12:00:00Z,UNEB SSPPG
2026-09-15T08:08:34.039628Z,"058/2026AE - Estudos Africanos, Povos Indígenas e Culturas Negras - Stricto Sensu Mestrado - Aluno Especial","Inscrições para o processo seletivo da UNEB: 058/2026AE - Estudos Africanos, Povos Indígenas e Culturas Negras - Stricto Sensu Mestrado - Aluno Especial. Período de inscrições de 29/06/2026 a 10/07/2026. Consulte o edital completo no portal SSPPG UNEB.",UNEB,Mestrado - Aluno Especial,Educação,15,2026-06-29T12:00:00Z,2026-07-10T23:59:59Z,https://ssppg.uneb.br/inicio/editalExterno/1562?selecao=1562,Encerrado,2026-06-29T12:00:00Z,UNEB SSPPG
2026-09-15T08:08:34.039628Z,064/2026AE - Estudos Africanos e Representações da África - Stricto Sensu Mestrado - Aluno Especial,Inscrições para o processo seletivo da UNEB: 064/2026AE - Estudos Africanos e Representações da África - Stricto Sensu Mestrado - Aluno Especial. Período de inscrições de 03/07/2026 a 13/07/2026. Consulte o edital completo no portal SSPPG UNEB.,UNEB,Mestrado - Aluno Especial,Educação,15,2026-07-03T12:00:00Z,2026-07-13T23:59:59Z,https://ssppg.uneb.br/inicio/editalExterno/1576?selecao=1576,Encerrado,2026-07-03T12:00:00Z,UNEB SSPPG
2026-09-15T08:08:34.039628Z,059/20262AE - Ecologia Humana e Gestão Socioambiental - Stricto Sensu Mestrado/Doutorado - Aluno Especial,Inscrições para o processo seletivo da UNEB: 059/20262AE - Ecologia Humana e Gestão Socioambiental - Stricto Sensu Mestrado/Doutorado - Aluno Especial. Período de inscrições de 03/07/2026 a 10/07/2026. Consulte o edital completo no portal SSPPG UNEB.,UNEB,Doutorado - Aluno Especial,Gestão e Negócios,15,2026-07-03T12:00:00Z,2026-07-10T23:59:59Z,https://ssppg.uneb.br/inicio/editalExterno/1568?selecao=1568,Encerrado,2026-07-03T12:00:00Z,UNEB SSPPG
2026-09-15T08:08:34.039628Z,044/2026AE - Programa de Pós-Graduação em Letras - Stricto Sensu Mestrado - Aluno Especial,Inscrições para o processo seletivo da UNEB: 044/2026AE - Programa de Pós-Graduação em Letras - Stricto Sensu Mestrado - Aluno Especial. Período de inscrições de 03/07/2026 a 10/07/2026. Consulte o edital completo no portal SSPPG UNEB.,UNEB,Mestrado - Aluno Especial,Humanas e Sociais,15,2026-07-03T12:00:00Z,2026-07-10T23:59:59Z,https://ssppg.uneb.br/inicio/editalExterno/1558?selecao=1558,Encerrado,2026-07-03T12:00:00Z,UNEB SSPPG
2026-09-15T08:08:34.039628Z,063/2026AE - Ciências Farmacêuticas - Stricto Sensu Mestrado - Aluno Especial,Inscrições para o processo seletivo da UNEB: 063/2026AE - Ciências Farmacêuticas - Stricto Sensu Mestrado - Aluno Especial. Período de inscrições de 03/07/2026 a 13/07/2026. Consulte o edital completo no portal SSPPG UNEB.,UNEB,Mestrado - Aluno Especial,Educação,15,2026-07-03T12:00:00Z,2026-07-13T23:59:59Z,https://ssppg.uneb.br/inicio/editalExterno/1569?selecao=1569,Encerrado,2026-07-03T12:00:00Z,UNEB SSPPG
2026-09-16T08:02:20.386863Z,Edital nº 01 - Processo Seletivo Aluno Especial Doutorado 2026.2 - DOUTORADO EM ESTATÍSTICA E CIÊNCIAS DE DADOS,Inscrições abertas para o processo seletivo da UFBA de ingresso no curso: DOUTORADO EM ESTATÍSTICA E CIÊNCIAS DE DADOS. Vagas ofertadas: 5. Período de inscrições de 15/06/2026 a 10/07/2026. Consulte o edital completo no portal oficial da instituição.,UFBA,Doutorado - Aluno Especial,Engenharias e Exatas,5,2026-06-15T12:00:00Z,2026-07-10T12:00:00Z,https://sigaa.ufba.br/sigaa/public/processo_seletivo/lista.jsf?aba=p-processo&nivel=S,Encerrado,2026-06-15T12:00:00Z,UFBA SIGAA
2026-09-16T08:02:20.386863Z,Edital nº 01 - Processo Seletivo Aluno Especial Mestrado 2026.2 - MESTRADO EM ESTATÍSTICA E CIÊNCIAS DE DADOS,Inscrições abertas para o processo seletivo da UFBA de ingresso no curso: MESTRADO EM ESTATÍSTICA E CIÊNCIAS DE DADOS. Vagas ofertadas: 13. Período de inscrições de 15/06/2026 a 10/07/2026. Consulte o edital completo no portal oficial da instituição.,UFBA,Mestrado - Aluno Especial,Engenharias e Exatas,13,2026-06-15T12:00:00Z,2026-07-10T12:00:00Z,https://sigaa.ufba.br/sigaa/public/processo_seletivo/lista.jsf?aba=p-processo&nivel=S,Encerrado,2026-06-15T12:00:00Z,UFBA SIGAA
2026-09-16T08:02:20.386863Z,EDITAL DE ALUNO ESPECIAL 2026.2 DOUTORADO - DOUTORADO EM ARQUITETURA E URBANISMO,Inscrições abertas para o processo seletivo da UFBA de ingresso no curso: DOUTORADO EM ARQUITETURA E URBANISMO. Vagas ofertadas: 50. Período de inscrições de 12/06/2026 a 18/06/2026. Consulte o edital completo no portal oficial da instituição.,UFBA,Doutorado - Aluno Especial,Engenharias e Exatas,50,2026-06-12T12:00:00Z,2026-06-18T12:00:00Z,https://sigaa.ufba.br/sigaa/public/processo_seletivo/lista.jsf?aba=p-processo&nivel=S,Encerrado,2026-06-12T12:00:00Z,UFBA SIGAA
2026-09-16T08:02:20.386863Z,EDITAL DE ALUNO ESPECIAL 2026.2 MESTRADO - MESTRADO EM ARQUITETURA E URBANISMO,Inscrições abertas para o processo seletivo da UFBA de ingresso no curso: MESTRADO EM ARQUITETURA E URBANISMO. Vagas ofertadas: 50. Período de inscrições de 12/06/2026 a 18/06/2026. Consulte o edital completo no portal oficial da instituição.,UFBA,Mestrado - Aluno Especial,Engenharias e Exatas,50,2026-06-12T12:00:00Z,2026-06-18T12:00:00Z,https://sigaa.ufba.br/sigaa/public/processo_seletivo/lista.jsf?aba=p-processo&nivel=S,Encerrado,2026-06-12T12:00:00Z,UFBA SIGAA
2026-09-16T08:02:20.386863Z,PROCESSO SELETIVO IC-PGCOMP DOUTORADO PARA ALUNO ESPECIAL 2026.2 - DOUTORADO EM CIÊNCIA DA COMPUTAÇÃO,Inscrições abertas para o processo seletivo da UFBA de ingresso no curso: DOUTORADO EM CIÊNCIA DA COMPUTAÇÃO. Vagas ofertadas: 30. Período de inscrições de 12/06/2026 a 19/06/2026. Consulte o edital completo no portal oficial da instituição.,UFBA,Doutorado - Aluno Especial,Tecnologia e Informática,30,2026-06-12T12:00:00Z,2026-06-19T12:00:00Z,https://sigaa.ufba.br/sigaa/public/processo_seletivo/lista.jsf?aba=p-processo&nivel=S,Encerrado,2026-06-12T12:00:00Z,UFBA SIGAA
2026-09-16T08:02:20.386863Z,PROCESSO SELETIVO IC-PGCOMP MESTRADO PARA ALUNO ESPECIAL 2026.2 - MESTRADO EM CIÊNCIA DA COMPUTAÇÃO,Inscrições abertas para o processo seletivo da UFBA de ingresso no curso: MESTRADO EM CIÊNCIA DA COMPUTAÇÃO. Vagas ofertadas: 70. Período de inscrições de 12/06/2026 a 19/06/2026. Consulte o edital completo no portal oficial da instituição.,UFBA,Mestrado - Aluno Especial,Tecnologia e Informática,70,2026-06-12T12:00:00Z,2026-06-19T12:00:00Z,https://sigaa.ufba.br/sigaa/public/processo_seletivo/lista.jsf?aba=p-processo&nivel=S,Encerrado,2026-06-12T12:00:00Z,UFBA SIGAA
2026-09-16T08:02:20.386863Z,EDITAL nº 02/2026 - SELEÇÃO PARA ALUNO ESPECIAL - SEMESTRE LETIVO 2026.2 - MESTRADO EM EDUCAÇÃO,Inscrições abertas para o processo seletivo da UFBA de ingresso no curso: MESTRADO EM EDUCAÇÃO. Vagas ofertadas: 102. Período de inscrições de 09/06/2026 a 12/06/2026. Consulte o edital completo no portal oficial da instituição.,UFBA,Mestrado - Aluno Especial,Educação,102,2026-06-09T12:00:00Z,2026-06-12T12:00:00Z,https://sigaa.ufba.br/sigaa/public/processo_seletivo/lista.jsf?aba=p-processo&nivel=S,Encerrado,2026-06-09T12:00:00Z,UFBA SIGAA
2026-09-16T08:02:20.386863Z,PROCESSO SELETIVO PARA INGRESSO DE ALUNO ESPECIAL DOUTORADO- PGENF 2026.2 - DOUTORADO EM ENFERMAGEM E SAÚDE,Inscrições abertas para o processo seletivo da UFBA de ingresso no curso: DOUTORADO EM ENFERMAGEM E SAÚDE. Vagas ofertadas: 30. Período de inscrições de 09/06/2026 a 15/06/2026. Consulte o edital completo no portal oficial da instituição.,UFBA,Doutorado - Aluno Especial,Saúde e Biológicas,30,2026-06-09T12:00:00Z,2026-06-15T12:00:00Z,https://sigaa.ufba.br/sigaa/public/processo_seletivo/lista.jsf?aba=p-processo&nivel=S,Encerrado,2026-06-09T12:00:00Z,UFBA SIGAA
2026-09-16T08:02:20.386863Z,PROCESSO SELETIVO PARA INGRESSO DE ALUNO ESPECIAL MESTRADO- PGENF 2026.2 - MESTRADO EM ENFERMAGEM E SAÚDE,Inscrições abertas para o processo seletivo da UFBA de ingresso no curso: MESTRADO EM ENFERMAGEM E SAÚDE. Vagas ofertadas: 60. Período de inscrições de 09/06/2026 a 15/06/2026. Consulte o edital completo no portal oficial da instituição.,UFBA,Mestrado - Aluno Especial,Saúde e Biológicas,60,2026-06-09T12:00:00Z,2026-06-15T12:00:00Z,https://sigaa.ufba.br/sigaa/public/processo_seletivo/lista.jsf?aba=p-processo&nivel=S,Encerrado,2026-06-09T12:00:00Z,UFBA SIGAA
2026-09-16T08:02:20.386863Z,SELEÇÃO DE ALUNO/A ESPECIAL DO PPGCS - 2026.2 - MESTRADO EM CIÊNCIAS SOCIAIS,Inscrições abertas para o processo seletivo da UFBA de ingresso no curso: MESTRADO EM CIÊNCIAS SOCIAIS. Vagas ofertadas: 45. Período de inscrições de 05/06/2026 a 12/06/2026. Consulte o edital completo no portal oficial da instituição.,UFBA,Mestrado - Aluno Especial,Saúde e Biológicas,45,2026-06-05T12:00:00Z,2026-06-12T12:00:00Z,https://sigaa.ufba.br/sigaa/public/processo_seletivo/lista.jsf?aba=p-processo&nivel=S,Encerrado,2026-06-05T12:00:00Z,UFBA SIGAA
2026-09-16T08:02:20.386863Z,SELEÇÃO PARA ALUNO ESPECIAL PPGCONT 2026.2 - MESTRADO EM CONTABILIDADE,Inscrições abertas para o processo seletivo da UFBA de ingresso no curso: MESTRADO EM CONTABILIDADE. Vagas ofertadas: 80. Período de inscrições de 05/06/2026 a 12/06/2026. Consulte o edital completo no portal oficial da instituição.,UFBA,Mestrado - Aluno Especial,Saúde e Biológicas,80,2026-06-05T12:00:00Z,2026-06-12T12:00:00Z,https://sigaa.ufba.br/sigaa/public/processo_seletivo/lista.jsf?aba=p-processo&nivel=S,Encerrado,2026-06-05T12:00:00Z,UFBA SIGAA
2026-09-16T08:02:20.386863Z,function dpf(f) {var adp = f.adp;if (adp != null) {for (var i = 0;i EDITAL Nº 01/2026 - SELEÇÃO ALUNO ESPECIAL – SEMESTRE LETIVO 2026.1 - ESTUDOS DE L,Inscrições abertas para o processo seletivo da UNILAB de ingresso no curso: ESTUDOS DE LINGUAGEM: CONTEXTOS LUSÓFONOS BRASIL-ÁFRICA. Vagas ofertadas: 10. Período de inscrições de 01/07/2026 a 17/07/2026. Consulte o edital completo no portal oficial da instituição.,UNILAB,Mestrado - Aluno Especial,Saúde e Biológicas,10,2026-07-01T12:00:00Z,2026-07-17T12:00:00Z,https://sigaa.unilab.edu.br/sigaa/public/processo_seletivo/lista.jsf?aba=p-processo&nivel=S,Encerrado,2026-07-01T12:00:00Z,UNILAB SIGAA
2026-09-16T08:02:20.386863Z,049/2026AE - Química Aplicada - Stricto Sensu Mestrado - Aluno Especial,Inscrições para o processo seletivo da UNEB: 049/2026AE - Química Aplicada - Stricto Sensu Mestrado - Aluno Especial. Período de inscrições de 15/06/2026 a 10/07/2026. Consulte o edital completo no portal SSPPG UNEB.,UNEB,Mestrado - Aluno Especial,Engenharias e Exatas,15,2026-06-15T12:00:00Z,2026-07-10T23:59:59Z,https://ssppg.uneb.br/inicio/editalExterno/1561?selecao=1561,Encerrado,2026-06-15T12:00:00Z,UNEB SSPPG
2026-09-16T08:02:20.386863Z,050/2026AE - Educação e Contemporaneidade - Stricto Sensu Mestrado/Doutorado - Aluno Especial,Inscrições para o processo seletivo da UNEB: 050/2026AE - Educação e Contemporaneidade - Stricto Sensu Mestrado/Doutorado - Aluno Especial. Período de inscrições de 15/06/2026 a 06/07/2026. Consulte o edital completo no portal SSPPG UNEB.,UNEB,Doutorado - Aluno Especial,Educação,15,2026-06-15T12:00:00Z,2026-07-06T23:59:59Z,https://ssppg.uneb.br/inicio/editalExterno/1559?selecao=1559,Encerrado,2026-06-15T12:00:00Z,UNEB SSPPG
2026-09-16T08:02:20.386863Z,038/2026AE - Intervenção Educativa e Social - Stricto Sensu Mestrado - Aluno Especial,Inscrições para o processo seletivo da UNEB: 038/2026AE - Intervenção Educativa e Social - Stricto Sensu Mestrado - Aluno Especial. Período de inscrições de 15/06/2026 a 06/07/2026. Consulte o edital completo no portal SSPPG UNEB.,UNEB,Mestrado - Aluno Especial,Educação,15,2026-06-15T12:00:00Z,2026-07-06T23:59:59Z,https://ssppg.uneb.br/inicio/editalExterno/1554?selecao=1554,Encerrado,2026-06-15T12:00:00Z,UNEB SSPPG
2026-09-16T08:02:20.386863Z,053/2026AEME - Crítica Cultural - Stricto Sensu Mestrado - Aluno Especial,Inscrições para o processo seletivo da UNEB: 053/2026AEME - Crítica Cultural - Stricto Sensu Mestrado - Aluno Especial. Período de inscrições de 23/06/2026 a 06/07/2026. Consulte o edital completo no portal SSPPG UNEB.,UNEB,Mestrado - Aluno Especial,Educação,15,2026-06-23T12:00:00Z,2026-07-06T23:59:59Z,https://ssppg.uneb.br/inicio/editalExterno/1565?selecao=1565,Encerrado,2026-06-23T12:00:00Z,UNEB SSPPG
2026-09-16T08:02:20.386863Z,053/2026AEDO - Crítica Cultural - Stricto Sensu Doutorado - Aluno Especial,Inscrições para o processo seletivo da UNEB: 053/2026AEDO - Crítica Cultural - Stricto Sensu Doutorado - Aluno Especial. Período de inscrições de 23/06/2026 a 06/07/2026. Consulte o edital completo no portal SSPPG UNEB.,UNEB,Doutorado - Aluno Especial,Educação,15,2026-06-23T12:00:00Z,2026-07-06T23:59:59Z,https://ssppg.uneb.br/inicio/editalExterno/1567?selecao=1567,Encerrado,2026-06-23T12:00:00Z,UNEB SSPPG
2026-09-16T08:02:20.386863Z,055/2026AE - Educação e Diversidade - Stricto Sensu Mestrado - Aluno Especial,Inscrições para o processo seletivo da UNEB: 055/2026AE - Educação e Diversidade - Stricto Sensu Mestrado - Aluno Especial. Período de inscrições de 25/06/2026 a 08/07/2026. Consulte o edital completo no portal SSPPG UNEB.,UNEB,Mestrado - Aluno Especial,Educação,15,2026-06-25T12:00:00Z,2026-07-08T23:59:59Z,https://ssppg.uneb.br/inicio/editalExterno/1560?selecao=1560,Encerrado,2026-06-25T12:00:00Z,UNEB SSPPG
2026-09-16T08:02:20.386863Z,054/2026AE - ESTUDOS TERRITORIAIS - Stricto Sensu Mestrado - Aluno Especial,Inscrições para o processo seletivo da UNEB: 054/2026AE - ESTUDOS TERRITORIAIS - Stricto Sensu Mestrado - Aluno Especial. Período de inscrições de 25/06/2026 a 06/07/2026. Consulte o edital completo no portal SSPPG UNEB.,UNEB,Mestrado - Aluno Especial,Educação,15,2026-06-25T12:00:00Z,2026-07-06T23:59:59Z,https://ssppg.uneb.br/inicio/editalExterno/1557?selecao=1557,Encerrado,2026-06-25T12:00:00Z,UNEB SSPPG
2026-09-16T08:02:20.386863Z,"056/2026AE - ENSINO, LINGUAGEM E SOCIEDADE - Stricto Sensu Mestrado - Aluno Especial","Inscrições para o processo seletivo da UNEB: 056/2026AE - ENSINO, LINGUAGEM E SOCIEDADE - Stricto Sensu Mestrado - Aluno Especial. Período de inscrições de 26/06/2026 a 09/07/2026. Consulte o edital completo no portal SSPPG UNEB.",UNEB,Mestrado - Aluno Especial,Educação,15,2026-06-26T12:00:00Z,2026-07-09T23:59:59Z,https://ssppg.uneb.br/inicio/editalExterno/1564?selecao=1564,Encerrado,2026-06-26T12:00:00Z,UNEB SSPPG
2026-09-16T08:02:20.386863Z,048/2026AE - Estudo de Linguagens - Stricto Sensu Mestrado/Doutorado - Aluno Especial,Inscrições para o processo seletivo da UNEB: 048/2026AE - Estudo de Linguagens - Stricto Sensu Mestrado/Doutorado - Aluno Especial. Período de inscrições de 29/06/2026 a 10/07/2026. Consulte o edital completo no portal SSPPG UNEB.,UNEB,Doutorado - Aluno Especial,Humanas e Sociais,15,2026-06-29T12:00:00Z,2026-07-10T23:59:59Z,https://ssppg.uneb.br/inicio/editalExterno/1563?selecao=1563,Encerrado,2026-06-29T12:00:00Z,UNEB SSPPG
2026-09-16T08:02:20.386863Z,061/2026AE - Educação e Formação Docente - Stricto Sensu Mestrado - Aluno Especial,Inscrições para o processo seletivo da UNEB: 061/2026AE - Educação e Formação Docente - Stricto Sensu Mestrado - Aluno Especial. Período de inscrições de 29/06/2026 a 10/07/2026. Consulte o edital completo no portal SSPPG UNEB.,UNEB,Mestrado - Aluno Especial,Educação,15,2026-06-29T12:00:00Z,2026-07-10T23:59:59Z,https://ssppg.uneb.br/inicio/editalExterno/1570?selecao=1570,Encerrado,2026-06-29T12:00:00Z,UNEB SSPPG
2026-09-16T08:02:20.386863Z,"058/2026AE - Estudos Africanos, Povos Indígenas e Culturas Negras - Stricto Sensu Mestrado - Aluno Especial","Inscrições para o processo seletivo da UNEB: 058/2026AE - Estudos Africanos, Povos Indígenas e Culturas Negras - Stricto Sensu Mestrado - Aluno Especial. Período de inscrições de 29/06/2026 a 10/07/2026. Consulte o edital completo no portal SSPPG UNEB.",UNEB,Mestrado - Aluno Especial,Educação,15,2026-06-29T12:00:00Z,2026-07-10T23:59:59Z,https://ssppg.uneb.br/inicio/editalExterno/1562?selecao=1562,Encerrado,2026-06-29T12:00:00Z,UNEB SSPPG
2026-09-16T08:02:20.386863Z,064/2026AE - Estudos Africanos e Representações da África - Stricto Sensu Mestrado - Aluno Especial,Inscrições para o processo seletivo da UNEB: 064/2026AE - Estudos Africanos e Representações da África - Stricto Sensu Mestrado - Aluno Especial. Período de inscrições de 03/07/2026 a 13/07/2026. Consulte o edital completo no portal SSPPG UNEB.,UNEB,Mestrado - Aluno Especial,Educação,15,2026-07-03T12:00:00Z,2026-07-13T23:59:59Z,https://ssppg.uneb.br/inicio/editalExterno/1576?selecao=1576,Encerrado,2026-07-03T12:00:00Z,UNEB SSPPG
2026-09-16T08:02:20.386863Z,059/20262AE - Ecologia Humana e Gestão Socioambiental - Stricto Sensu Mestrado/Doutorado - Aluno Especial,Inscrições para o processo seletivo da UNEB: 059/20262AE - Ecologia Humana e Gestão Socioambiental - Stricto Sensu Mestrado/Doutorado - Aluno Especial. Período de inscrições de 03/07/2026 a 10/07/2026. Consulte o edital completo no portal SSPPG UNEB.,UNEB,Doutorado - Aluno Especial,Gestão e Negócios,15,2026-07-03T12:00:00Z,2026-07-10T23:59:59Z,https://ssppg.uneb.br/inicio/editalExterno/1568?selecao=1568,Encerrado,2026-07-03T12:00:00Z,UNEB SSPPG
2026-09-16T08:02:20.386863Z,044/2026AE - Programa de Pós-Graduação em Letras - Stricto Sensu Mestrado - Aluno Especial,Inscrições para o processo seletivo da UNEB: 044/2026AE - Programa de Pós-Graduação em Letras - Stricto Sensu Mestrado - Aluno Especial. Período de inscrições de 03/07/2026 a 10/07/2026. Consulte o edital completo no portal SSPPG UNEB.,UNEB,Mestrado - Aluno Especial,Humanas e Sociais,15,2026-07-03T12:00:00Z,2026-07-10T23:59:59Z,https://ssppg.uneb.br/inicio/editalExterno/1558?selecao=1558,Encerrado,2026-07-03T12:00:00Z,UNEB SSPPG
2026-09-16T08:02:20.386863Z,063/2026AE - Ciências Farmacêuticas - Stricto Sensu Mestrado - Aluno Especial,Inscrições para o processo seletivo da UNEB: 063/2026AE - Ciências Farmacêuticas - Stricto Sensu Mestrado - Aluno Especial. Período de inscrições de 03/07/2026 a 13/07/2026. Consulte o edital completo no portal SSPPG UNEB.,UNEB,Mestrado - Aluno Especial,Educação,15,2026-07-03T12:00:00Z,2026-07-13T23:59:59Z,https://ssppg.uneb.br/inicio/editalExterno/1569?selecao=1569,Encerrado,2026-07-03T12:00:00Z,UNEB SSPPG
2026-09-17T08:08:34.689837Z,Edital nº 01 - Processo Seletivo Aluno Especial Doutorado 2026.2 - DOUTORADO EM ESTATÍSTICA E CIÊNCIAS DE DADOS,Inscrições abertas para o processo seletivo da UFBA de ingresso no curso: DOUTORADO EM ESTATÍSTICA E CIÊNCIAS DE DADOS. Vagas ofertadas: 5. Período de inscrições de 15/06/2026 a 10/07/2026. Consulte o edital completo no portal oficial da instituição.,UFBA,Doutorado - Aluno Especial,Engenharias e Exatas,5,2026-06-15T12:00:00Z,2026-07-10T12:00:00Z,https://sigaa.ufba.br/sigaa/public/processo_seletivo/lista.jsf?aba=p-processo&nivel=S,Encerrado,2026-06-15T12:00:00Z,UFBA SIGAA
2026-09-17T08:08:34.689837Z,Edital nº 01 - Processo Seletivo Aluno Especial Mestrado 2026.2 - MESTRADO EM ESTATÍSTICA E CIÊNCIAS DE DADOS,Inscrições abertas para o processo seletivo da UFBA de ingresso no curso: MESTRADO EM ESTATÍSTICA E CIÊNCIAS DE DADOS. Vagas ofertadas: 13. Período de inscrições de 15/06/2026 a 10/07/2026. Consulte o edital completo no portal oficial da instituição.,UFBA,Mestrado - Aluno Especial,Engenharias e Exatas,13,2026-06-15T12:00:00Z,2026-07-10T12:00:00Z,https://sigaa.ufba.br/sigaa/public/processo_seletivo/lista.jsf?aba=p-processo&nivel=S,Encerrado,2026-06-15T12:00:00Z,UFBA SIGAA
2026-09-17T08:08:34.689837Z,EDITAL DE ALUNO ESPECIAL 2026.2 DOUTORADO - DOUTORADO EM ARQUITETURA E URBANISMO,Inscrições abertas para o processo seletivo da UFBA de ingresso no curso: DOUTORADO EM ARQUITETURA E URBANISMO. Vagas ofertadas: 50. Período de inscrições de 12/06/2026 a 18/06/2026. Consulte o edital completo no portal oficial da instituição.,UFBA,Doutorado - Aluno Especial,Engenharias e Exatas,50,2026-06-12T12:00:00Z,2026-06-18T12:00:00Z,https://sigaa.ufba.br/sigaa/public/processo_seletivo/lista.jsf?aba=p-processo&nivel=S,Encerrado,2026-06-12T12:00:00Z,UFBA SIGAA
2026-09-17T08:08:34.689837Z,EDITAL DE ALUNO ESPECIAL 2026.2 MESTRADO - MESTRADO EM ARQUITETURA E URBANISMO,Inscrições abertas para o processo seletivo da UFBA de ingresso no curso: MESTRADO EM ARQUITETURA E URBANISMO. Vagas ofertadas: 50. Período de inscrições de 12/06/2026 a 18/06/2026. Consulte o edital completo no portal oficial da instituição.,UFBA,Mestrado - Aluno Especial,Engenharias e Exatas,50,2026-06-12T12:00:00Z,2026-06-18T12:00:00Z,https://sigaa.ufba.br/sigaa/public/processo_seletivo/lista.jsf?aba=p-processo&nivel=S,Encerrado,2026-06-12T12:00:00Z,UFBA SIGAA
2026-09-17T08:08:34.689837Z,PROCESSO SELETIVO IC-PGCOMP DOUTORADO PARA ALUNO ESPECIAL 2026.2 - DOUTORADO EM CIÊNCIA DA COMPUTAÇÃO,Inscrições abertas para o processo seletivo da UFBA de ingresso no curso: DOUTORADO EM CIÊNCIA DA COMPUTAÇÃO. Vagas ofertadas: 30. Período de inscrições de 12/06/2026 a 19/06/2026. Consulte o edital completo no portal oficial da instituição.,UFBA,Doutorado - Aluno Especial,Tecnologia e Informática,30,2026-06-12T12:00:00Z,2026-06-19T12:00:00Z,https://sigaa.ufba.br/sigaa/public/processo_seletivo/lista.jsf?aba=p-processo&nivel=S,Encerrado,2026-06-12T12:00:00Z,UFBA SIGAA
2026-09-17T08:08:34.689837Z,PROCESSO SELETIVO IC-PGCOMP MESTRADO PARA ALUNO ESPECIAL 2026.2 - MESTRADO EM CIÊNCIA DA COMPUTAÇÃO,Inscrições abertas para o processo seletivo da UFBA de ingresso no curso: MESTRADO EM CIÊNCIA DA COMPUTAÇÃO. Vagas ofertadas: 70. Período de inscrições de 12/06/2026 a 19/06/2026. Consulte o edital completo no portal oficial da instituição.,UFBA,Mestrado - Aluno Especial,Tecnologia e Informática,70,2026-06-12T12:00:00Z,2026-06-19T12:00:00Z,https://sigaa.ufba.br/sigaa/public/processo_seletivo/lista.jsf?aba=p-processo&nivel=S,Encerrado,2026-06-12T12:00:00Z,UFBA SIGAA
2026-09-17T08:08:34.689837Z,EDITAL nº 02/2026 - SELEÇÃO PARA ALUNO ESPECIAL - SEMESTRE LETIVO 2026.2 - MESTRADO EM EDUCAÇÃO,Inscrições abertas para o processo seletivo da UFBA de ingresso no curso: MESTRADO EM EDUCAÇÃO. Vagas ofertadas: 102. Período de inscrições de 09/06/2026 a 12/06/2026. Consulte o edital completo no portal oficial da instituição.,UFBA,Mestrado - Aluno Especial,Educação,102,2026-06-09T12:00:00Z,2026-06-12T12:00:00Z,https://sigaa.ufba.br/sigaa/public/processo_seletivo/lista.jsf?aba=p-processo&nivel=S,Encerrado,2026-06-09T12:00:00Z,UFBA SIGAA
2026-09-17T08:08:34.689837Z,PROCESSO SELETIVO PARA INGRESSO DE ALUNO ESPECIAL DOUTORADO- PGENF 2026.2 - DOUTORADO EM ENFERMAGEM E SAÚDE,Inscrições abertas para o processo seletivo da UFBA de ingresso no curso: DOUTORADO EM ENFERMAGEM E SAÚDE. Vagas ofertadas: 30. Período de inscrições de 09/06/2026 a 15/06/2026. Consulte o edital completo no portal oficial da instituição.,UFBA,Doutorado - Aluno Especial,Saúde e Biológicas,30,2026-06-09T12:00:00Z,2026-06-15T12:00:00Z,https://sigaa.ufba.br/sigaa/public/processo_seletivo/lista.jsf?aba=p-processo&nivel=S,Encerrado,2026-06-09T12:00:00Z,UFBA SIGAA
2026-09-17T08:08:34.689837Z,PROCESSO SELETIVO PARA INGRESSO DE ALUNO ESPECIAL MESTRADO- PGENF 2026.2 - MESTRADO EM ENFERMAGEM E SAÚDE,Inscrições abertas para o processo seletivo da UFBA de ingresso no curso: MESTRADO EM ENFERMAGEM E SAÚDE. Vagas ofertadas: 60. Período de inscrições de 09/06/2026 a 15/06/2026. Consulte o edital completo no portal oficial da instituição.,UFBA,Mestrado - Aluno Especial,Saúde e Biológicas,60,2026-06-09T12:00:00Z,2026-06-15T12:00:00Z,https://sigaa.ufba.br/sigaa/public/processo_seletivo/lista.jsf?aba=p-processo&nivel=S,Encerrado,2026-06-09T12:00:00Z,UFBA SIGAA
2026-09-17T08:08:34.689837Z,SELEÇÃO DE ALUNO/A ESPECIAL DO PPGCS - 2026.2 - MESTRADO EM CIÊNCIAS SOCIAIS,Inscrições abertas para o processo seletivo da UFBA de ingresso no curso: MESTRADO EM CIÊNCIAS SOCIAIS. Vagas ofertadas: 45. Período de inscrições de 05/06/2026 a 12/06/2026. Consulte o edital completo no portal oficial da instituição.,UFBA,Mestrado - Aluno Especial,Saúde e Biológicas,45,2026-06-05T12:00:00Z,2026-06-12T12:00:00Z,https://sigaa.ufba.br/sigaa/public/processo_seletivo/lista.jsf?aba=p-processo&nivel=S,Encerrado,2026-06-05T12:00:00Z,UFBA SIGAA
2026-09-17T08:08:34.689837Z,SELEÇÃO PARA ALUNO ESPECIAL PPGCONT 2026.2 - MESTRADO EM CONTABILIDADE,Inscrições abertas para o processo seletivo da UFBA de ingresso no curso: MESTRADO EM CONTABILIDADE. Vagas ofertadas: 80. Período de inscrições de 05/06/2026 a 12/06/2026. Consulte o edital completo no portal oficial da instituição.,UFBA,Mestrado - Aluno Especial,Saúde e Biológicas,80,2026-06-05T12:00:00Z,2026-06-12T12:00:00Z,https://sigaa.ufba.br/sigaa/public/processo_seletivo/lista.jsf?aba=p-processo&nivel=S,Encerrado,2026-06-05T12:00:00Z,UFBA SIGAA
2026-09-17T08:08:34.689837Z,function dpf(f) {var adp = f.adp;if (adp != null) {for (var i = 0;i EDITAL Nº 01/2026 - SELEÇÃO ALUNO ESPECIAL – SEMESTRE LETIVO 2026.1 - ESTUDOS DE L,Inscrições abertas para o processo seletivo da UNILAB de ingresso no curso: ESTUDOS DE LINGUAGEM: CONTEXTOS LUSÓFONOS BRASIL-ÁFRICA. Vagas ofertadas: 10. Período de inscrições de 01/07/2026 a 17/07/2026. Consulte o edital completo no portal oficial da instituição.,UNILAB,Mestrado - Aluno Especial,Saúde e Biológicas,10,2026-07-01T12:00:00Z,2026-07-17T12:00:00Z,https://sigaa.unilab.edu.br/sigaa/public/processo_seletivo/lista.jsf?aba=p-processo&nivel=S,Encerrado,2026-07-01T12:00:00Z,UNILAB SIGAA
2026-09-17T08:08:34.689837Z,049/2026AE - Química Aplicada - Stricto Sensu Mestrado - Aluno Especial,Inscrições para o processo seletivo da UNEB: 049/2026AE - Química Aplicada - Stricto Sensu Mestrado - Aluno Especial. Período de inscrições de 15/06/2026 a 10/07/2026. Consulte o edital completo no portal SSPPG UNEB.,UNEB,Mestrado - Aluno Especial,Engenharias e Exatas,15,2026-06-15T12:00:00Z,2026-07-10T23:59:59Z,https://ssppg.uneb.br/inicio/editalExterno/1561?selecao=1561,Encerrado,2026-06-15T12:00:00Z,UNEB SSPPG
2026-09-17T08:08:34.689837Z,050/2026AE - Educação e Contemporaneidade - Stricto Sensu Mestrado/Doutorado - Aluno Especial,Inscrições para o processo seletivo da UNEB: 050/2026AE - Educação e Contemporaneidade - Stricto Sensu Mestrado/Doutorado - Aluno Especial. Período de inscrições de 15/06/2026 a 06/07/2026. Consulte o edital completo no portal SSPPG UNEB.,UNEB,Doutorado - Aluno Especial,Educação,15,2026-06-15T12:00:00Z,2026-07-06T23:59:59Z,https://ssppg.uneb.br/inicio/editalExterno/1559?selecao=1559,Encerrado,2026-06-15T12:00:00Z,UNEB SSPPG
2026-09-17T08:08:34.689837Z,038/2026AE - Intervenção Educativa e Social - Stricto Sensu Mestrado - Aluno Especial,Inscrições para o processo seletivo da UNEB: 038/2026AE - Intervenção Educativa e Social - Stricto Sensu Mestrado - Aluno Especial. Período de inscrições de 15/06/2026 a 06/07/2026. Consulte o edital completo no portal SSPPG UNEB.,UNEB,Mestrado - Aluno Especial,Educação,15,2026-06-15T12:00:00Z,2026-07-06T23:59:59Z,https://ssppg.uneb.br/inicio/editalExterno/1554?selecao=1554,Encerrado,2026-06-15T12:00:00Z,UNEB SSPPG
2026-09-17T08:08:34.689837Z,053/2026AEME - Crítica Cultural - Stricto Sensu Mestrado - Aluno Especial,Inscrições para o processo seletivo da UNEB: 053/2026AEME - Crítica Cultural - Stricto Sensu Mestrado - Aluno Especial. Período de inscrições de 23/06/2026 a 06/07/2026. Consulte o edital completo no portal SSPPG UNEB.,UNEB,Mestrado - Aluno Especial,Educação,15,2026-06-23T12:00:00Z,2026-07-06T23:59:59Z,https://ssppg.uneb.br/inicio/editalExterno/1565?selecao=1565,Encerrado,2026-06-23T12:00:00Z,UNEB SSPPG
2026-09-17T08:08:34.689837Z,053/2026AEDO - Crítica Cultural - Stricto Sensu Doutorado - Aluno Especial,Inscrições para o processo seletivo da UNEB: 053/2026AEDO - Crítica Cultural - Stricto Sensu Doutorado - Aluno Especial. Período de inscrições de 23/06/2026 a 06/07/2026. Consulte o edital completo no portal SSPPG UNEB.,UNEB,Doutorado - Aluno Especial,Educação,15,2026-06-23T12:00:00Z,2026-07-06T23:59:59Z,https://ssppg.uneb.br/inicio/editalExterno/1567?selecao=1567,Encerrado,2026-06-23T12:00:00Z,UNEB SSPPG
2026-09-17T08:08:34.689837Z,055/2026AE - Educação e Diversidade - Stricto Sensu Mestrado - Aluno Especial,Inscrições para o processo seletivo da UNEB: 055/2026AE - Educação e Diversidade - Stricto Sensu Mestrado - Aluno Especial. Período de inscrições de 25/06/2026 a 08/07/2026. Consulte o edital completo no portal SSPPG UNEB.,UNEB,Mestrado - Aluno Especial,Educação,15,2026-06-25T12:00:00Z,2026-07-08T23:59:59Z,https://ssppg.uneb.br/inicio/editalExterno/1560?selecao=1560,Encerrado,2026-06-25T12:00:00Z,UNEB SSPPG
2026-09-17T08:08:34.689837Z,054/2026AE - ESTUDOS TERRITORIAIS - Stricto Sensu Mestrado - Aluno Especial,Inscrições para o processo seletivo da UNEB: 054/2026AE - ESTUDOS TERRITORIAIS - Stricto Sensu Mestrado - Aluno Especial. Período de inscrições de 25/06/2026 a 06/07/2026. Consulte o edital completo no portal SSPPG UNEB.,UNEB,Mestrado - Aluno Especial,Educação,15,2026-06-25T12:00:00Z,2026-07-06T23:59:59Z,https://ssppg.uneb.br/inicio/editalExterno/1557?selecao=1557,Encerrado,2026-06-25T12:00:00Z,UNEB SSPPG
2026-09-17T08:08:34.689837Z,"056/2026AE - ENSINO, LINGUAGEM E SOCIEDADE - Stricto Sensu Mestrado - Aluno Especial","Inscrições para o processo seletivo da UNEB: 056/2026AE - ENSINO, LINGUAGEM E SOCIEDADE - Stricto Sensu Mestrado - Aluno Especial. Período de inscrições de 26/06/2026 a 09/07/2026. Consulte o edital completo no portal SSPPG UNEB.",UNEB,Mestrado - Aluno Especial,Educação,15,2026-06-26T12:00:00Z,2026-07-09T23:59:59Z,https://ssppg.uneb.br/inicio/editalExterno/1564?selecao=1564,Encerrado,2026-06-26T12:00:00Z,UNEB SSPPG
2026-09-17T08:08:34.689837Z,048/2026AE - Estudo de Linguagens - Stricto Sensu Mestrado/Doutorado - Aluno Especial,Inscrições para o processo seletivo da UNEB: 048/2026AE - Estudo de Linguagens - Stricto Sensu Mestrado/Doutorado - Aluno Especial. Período de inscrições de 29/06/2026 a 10/07/2026. Consulte o edital completo no portal SSPPG UNEB.,UNEB,Doutorado - Aluno Especial,Humanas e Sociais,15,2026-06-29T12:00:00Z,2026-07-10T23:59:59Z,https://ssppg.uneb.br/inicio/editalExterno/1563?selecao=1563,Encerrado,2026-06-29T12:00:00Z,UNEB SSPPG
2026-09-17T08:08:34.689837Z,061/2026AE - Educação e Formação Docente - Stricto Sensu Mestrado - Aluno Especial,Inscrições para o processo seletivo da UNEB: 061/2026AE - Educação e Formação Docente - Stricto Sensu Mestrado - Aluno Especial. Período de inscrições de 29/06/2026 a 10/07/2026. Consulte o edital completo no portal SSPPG UNEB.,UNEB,Mestrado - Aluno Especial,Educação,15,2026-06-29T12:00:00Z,2026-07-10T23:59:59Z,https://ssppg.uneb.br/inicio/editalExterno/1570?selecao=1570,Encerrado,2026-06-29T12:00:00Z,UNEB SSPPG
2026-09-17T08:08:34.689837Z,"058/2026AE - Estudos Africanos, Povos Indígenas e Culturas Negras - Stricto Sensu Mestrado - Aluno Especial","Inscrições para o processo seletivo da UNEB: 058/2026AE - Estudos Africanos, Povos Indígenas e Culturas Negras - Stricto Sensu Mestrado - Aluno Especial. Período de inscrições de 29/06/2026 a 10/07/2026. Consulte o edital completo no portal SSPPG UNEB.",UNEB,Mestrado - Aluno Especial,Educação,15,2026-06-29T12:00:00Z,2026-07-10T23:59:59Z,https://ssppg.uneb.br/inicio/editalExterno/1562?selecao=1562,Encerrado,2026-06-29T12:00:00Z,UNEB SSPPG
2026-09-17T08:08:34.689837Z,064/2026AE - Estudos Africanos e Representações da África - Stricto Sensu Mestrado - Aluno Especial,Inscrições para o processo seletivo da UNEB: 064/2026AE - Estudos Africanos e Representações da África - Stricto Sensu Mestrado - Aluno Especial. Período de inscrições de 03/07/2026 a 13/07/2026. Consulte o edital completo no portal SSPPG UNEB.,UNEB,Mestrado - Aluno Especial,Educação,15,2026-07-03T12:00:00Z,2026-07-13T23:59:59Z,https://ssppg.uneb.br/inicio/editalExterno/1576?selecao=1576,Encerrado,2026-07-03T12:00:00Z,UNEB SSPPG
2026-09-17T08:08:34.689837Z,059/20262AE - Ecologia Humana e Gestão Socioambiental - Stricto Sensu Mestrado/Doutorado - Aluno Especial,Inscrições para o processo seletivo da UNEB: 059/20262AE - Ecologia Humana e Gestão Socioambiental - Stricto Sensu Mestrado/Doutorado - Aluno Especial. Período de inscrições de 03/07/2026 a 10/07/2026. Consulte o edital completo no portal SSPPG UNEB.,UNEB,Doutorado - Aluno Especial,Gestão e Negócios,15,2026-07-03T12:00:00Z,2026-07-10T23:59:59Z,https://ssppg.uneb.br/inicio/editalExterno/1568?selecao=1568,Encerrado,2026-07-03T12:00:00Z,UNEB SSPPG
2026-09-17T08:08:34.689837Z,044/2026AE - Programa de Pós-Graduação em Letras - Stricto Sensu Mestrado - Aluno Especial,Inscrições para o processo seletivo da UNEB: 044/2026AE - Programa de Pós-Graduação em Letras - Stricto Sensu Mestrado - Aluno Especial. Período de inscrições de 03/07/2026 a 10/07/2026. Consulte o edital completo no portal SSPPG UNEB.,UNEB,Mestrado - Aluno Especial,Humanas e Sociais,15,2026-07-03T12:00:00Z,2026-07-10T23:59:59Z,https://ssppg.uneb.br/inicio/editalExterno/1558?selecao=1558,Encerrado,2026-07-03T12:00:00Z,UNEB SSPPG
2026-09-17T08:08:34.689837Z,063/2026AE - Ciências Farmacêuticas - Stricto Sensu Mestrado - Aluno Especial,Inscrições para o processo seletivo da UNEB: 063/2026AE - Ciências Farmacêuticas - Stricto Sensu Mestrado - Aluno Especial. Período de inscrições de 03/07/2026 a 13/07/2026. Consulte o edital completo no portal SSPPG UNEB.,UNEB,Mestrado - Aluno Especial,Educação,15,2026-07-03T12:00:00Z,2026-07-13T23:59:59Z,https://ssppg.uneb.br/inicio/editalExterno/1569?selecao=1569,Encerrado,2026-07-03T12:00:00Z,UNEB SSPPG
2026-09-18T07:43:34.175766Z,Edital nº 01 - Processo Seletivo Aluno Especial Doutorado 2026.2 - DOUTORADO EM ESTATÍSTICA E CIÊNCIAS DE DADOS,Inscrições abertas para o processo seletivo da UFBA de ingresso no curso: DOUTORADO EM ESTATÍSTICA E CIÊNCIAS DE DADOS. Vagas ofertadas: 5. Período de inscrições de 15/06/2026 a 10/07/2026. Consulte o edital completo no portal oficial da instituição.,UFBA,Doutorado - Aluno Especial,Engenharias e Exatas,5,2026-06-15T12:00:00Z,2026-07-10T12:00:00Z,https://sigaa.ufba.br/sigaa/public/processo_seletivo/lista.jsf?aba=p-processo&nivel=S,Encerrado,2026-06-15T12:00:00Z,UFBA SIGAA
2026-09-18T07:43:34.175766Z,Edital nº 01 - Processo Seletivo Aluno Especial Mestrado 2026.2 - MESTRADO EM ESTATÍSTICA E CIÊNCIAS DE DADOS,Inscrições abertas para o processo seletivo da UFBA de ingresso no curso: MESTRADO EM ESTATÍSTICA E CIÊNCIAS DE DADOS. Vagas ofertadas: 13. Período de inscrições de 15/06/2026 a 10/07/2026. Consulte o edital completo no portal oficial da instituição.,UFBA,Mestrado - Aluno Especial,Engenharias e Exatas,13,2026-06-15T12:00:00Z,2026-07-10T12:00:00Z,https://sigaa.ufba.br/sigaa/public/processo_seletivo/lista.jsf?aba=p-processo&nivel=S,Encerrado,2026-06-15T12:00:00Z,UFBA SIGAA
2026-09-18T07:43:34.175766Z,EDITAL DE ALUNO ESPECIAL 2026.2 DOUTORADO - DOUTORADO EM ARQUITETURA E URBANISMO,Inscrições abertas para o processo seletivo da UFBA de ingresso no curso: DOUTORADO EM ARQUITETURA E URBANISMO. Vagas ofertadas: 50. Período de inscrições de 12/06/2026 a 18/06/2026. Consulte o edital completo no portal oficial da instituição.,UFBA,Doutorado - Aluno Especial,Engenharias e Exatas,50,2026-06-12T12:00:00Z,2026-06-18T12:00:00Z,https://sigaa.ufba.br/sigaa/public/processo_seletivo/lista.jsf?aba=p-processo&nivel=S,Encerrado,2026-06-12T12:00:00Z,UFBA SIGAA
2026-09-18T07:43:34.175766Z,EDITAL DE ALUNO ESPECIAL 2026.2 MESTRADO - MESTRADO EM ARQUITETURA E URBANISMO,Inscrições abertas para o processo seletivo da UFBA de ingresso no curso: MESTRADO EM ARQUITETURA E URBANISMO. Vagas ofertadas: 50. Período de inscrições de 12/06/2026 a 18/06/2026. Consulte o edital completo no portal oficial da instituição.,UFBA,Mestrado - Aluno Especial,Engenharias e Exatas,50,2026-06-12T12:00:00Z,2026-06-18T12:00:00Z,https://sigaa.ufba.br/sigaa/public/processo_seletivo/lista.jsf?aba=p-processo&nivel=S,Encerrado,2026-06-12T12:00:00Z,UFBA SIGAA
2026-09-18T07:43:34.175766Z,PROCESSO SELETIVO IC-PGCOMP DOUTORADO PARA ALUNO ESPECIAL 2026.2 - DOUTORADO EM CIÊNCIA DA COMPUTAÇÃO,Inscrições abertas para o processo seletivo da UFBA de ingresso no curso: DOUTORADO EM CIÊNCIA DA COMPUTAÇÃO. Vagas ofertadas: 30. Período de inscrições de 12/06/2026 a 19/06/2026. Consulte o edital completo no portal oficial da instituição.,UFBA,Doutorado - Aluno Especial,Tecnologia e Informática,30,2026-06-12T12:00:00Z,2026-06-19T12:00:00Z,https://sigaa.ufba.br/sigaa/public/processo_seletivo/lista.jsf?aba=p-processo&nivel=S,Encerrado,2026-06-12T12:00:00Z,UFBA SIGAA
2026-09-18T07:43:34.175766Z,PROCESSO SELETIVO IC-PGCOMP MESTRADO PARA ALUNO ESPECIAL 2026.2 - MESTRADO EM CIÊNCIA DA COMPUTAÇÃO,Inscrições abertas para o processo seletivo da UFBA de ingresso no curso: MESTRADO EM CIÊNCIA DA COMPUTAÇÃO. Vagas ofertadas: 70. Período de inscrições de 12/06/2026 a 19/06/2026. Consulte o edital completo no portal oficial da instituição.,UFBA,Mestrado - Aluno Especial,Tecnologia e Informática,70,2026-06-12T12:00:00Z,2026-06-19T12:00:00Z,https://sigaa.ufba.br/sigaa/public/processo_seletivo/lista.jsf?aba=p-processo&nivel=S,Encerrado,2026-06-12T12:00:00Z,UFBA SIGAA
2026-09-18T07:43:34.175766Z,EDITAL nº 02/2026 - SELEÇÃO PARA ALUNO ESPECIAL - SEMESTRE LETIVO 2026.2 - MESTRADO EM EDUCAÇÃO,Inscrições abertas para o processo seletivo da UFBA de ingresso no curso: MESTRADO EM EDUCAÇÃO. Vagas ofertadas: 102. Período de inscrições de 09/06/2026 a 12/06/2026. Consulte o edital completo no portal oficial da instituição.,UFBA,Mestrado - Aluno Especial,Educação,102,2026-06-09T12:00:00Z,2026-06-12T12:00:00Z,https://sigaa.ufba.br/sigaa/public/processo_seletivo/lista.jsf?aba=p-processo&nivel=S,Encerrado,2026-06-09T12:00:00Z,UFBA SIGAA
2026-09-18T07:43:34.175766Z,PROCESSO SELETIVO PARA INGRESSO DE ALUNO ESPECIAL DOUTORADO- PGENF 2026.2 - DOUTORADO EM ENFERMAGEM E SAÚDE,Inscrições abertas para o processo seletivo da UFBA de ingresso no curso: DOUTORADO EM ENFERMAGEM E SAÚDE. Vagas ofertadas: 30. Período de inscrições de 09/06/2026 a 15/06/2026. Consulte o edital completo no portal oficial da instituição.,UFBA,Doutorado - Aluno Especial,Saúde e Biológicas,30,2026-06-09T12:00:00Z,2026-06-15T12:00:00Z,https://sigaa.ufba.br/sigaa/public/processo_seletivo/lista.jsf?aba=p-processo&nivel=S,Encerrado,2026-06-09T12:00:00Z,UFBA SIGAA
2026-09-18T07:43:34.175766Z,PROCESSO SELETIVO PARA INGRESSO DE ALUNO ESPECIAL MESTRADO- PGENF 2026.2 - MESTRADO EM ENFERMAGEM E SAÚDE,Inscrições abertas para o processo seletivo da UFBA de ingresso no curso: MESTRADO EM ENFERMAGEM E SAÚDE. Vagas ofertadas: 60. Período de inscrições de 09/06/2026 a 15/06/2026. Consulte o edital completo no portal oficial da instituição.,UFBA,Mestrado - Aluno Especial,Saúde e Biológicas,60,2026-06-09T12:00:00Z,2026-06-15T12:00:00Z,https://sigaa.ufba.br/sigaa/public/processo_seletivo/lista.jsf?aba=p-processo&nivel=S,Encerrado,2026-06-09T12:00:00Z,UFBA SIGAA
2026-09-18T07:43:34.175766Z,SELEÇÃO DE ALUNO/A ESPECIAL DO PPGCS - 2026.2 - MESTRADO EM CIÊNCIAS SOCIAIS,Inscrições abertas para o processo seletivo da UFBA de ingresso no curso: MESTRADO EM CIÊNCIAS SOCIAIS. Vagas ofertadas: 45. Período de inscrições de 05/06/2026 a 12/06/2026. Consulte o edital completo no portal oficial da instituição.,UFBA,Mestrado - Aluno Especial,Saúde e Biológicas,45,2026-06-05T12:00:00Z,2026-06-12T12:00:00Z,https://sigaa.ufba.br/sigaa/public/processo_seletivo/lista.jsf?aba=p-processo&nivel=S,Encerrado,2026-06-05T12:00:00Z,UFBA SIGAA
2026-09-18T07:43:34.175766Z,SELEÇÃO PARA ALUNO ESPECIAL PPGCONT 2026.2 - MESTRADO EM CONTABILIDADE,Inscrições abertas para o processo seletivo da UFBA de ingresso no curso: MESTRADO EM CONTABILIDADE. Vagas ofertadas: 80. Período de inscrições de 05/06/2026 a 12/06/2026. Consulte o edital completo no portal oficial da instituição.,UFBA,Mestrado - Aluno Especial,Saúde e Biológicas,80,2026-06-05T12:00:00Z,2026-06-12T12:00:00Z,https://sigaa.ufba.br/sigaa/public/processo_seletivo/lista.jsf?aba=p-processo&nivel=S,Encerrado,2026-06-05T12:00:00Z,UFBA SIGAA
2026-09-18T07:43:34.175766Z,function dpf(f) {var adp = f.adp;if (adp != null) {for (var i = 0;i EDITAL Nº 01/2026 - SELEÇÃO ALUNO ESPECIAL – SEMESTRE LETIVO 2026.1 - ESTUDOS DE L,Inscrições abertas para o processo seletivo da UNILAB de ingresso no curso: ESTUDOS DE LINGUAGEM: CONTEXTOS LUSÓFONOS BRASIL-ÁFRICA. Vagas ofertadas: 10. Período de inscrições de 01/07/2026 a 17/07/2026. Consulte o edital completo no portal oficial da instituição.,UNILAB,Mestrado - Aluno Especial,Saúde e Biológicas,10,2026-07-01T12:00:00Z,2026-07-17T12:00:00Z,https://sigaa.unilab.edu.br/sigaa/public/processo_seletivo/lista.jsf?aba=p-processo&nivel=S,Encerrado,2026-07-01T12:00:00Z,UNILAB SIGAA
2026-09-18T07:43:34.175766Z,049/2026AE - Química Aplicada - Stricto Sensu Mestrado - Aluno Especial,Inscrições para o processo seletivo da UNEB: 049/2026AE - Química Aplicada - Stricto Sensu Mestrado - Aluno Especial. Período de inscrições de 15/06/2026 a 10/07/2026. Consulte o edital completo no portal SSPPG UNEB.,UNEB,Mestrado - Aluno Especial,Engenharias e Exatas,15,2026-06-15T12:00:00Z,2026-07-10T23:59:59Z,https://ssppg.uneb.br/inicio/editalExterno/1561?selecao=1561,Encerrado,2026-06-15T12:00:00Z,UNEB SSPPG
2026-09-18T07:43:34.175766Z,050/2026AE - Educação e Contemporaneidade - Stricto Sensu Mestrado/Doutorado - Aluno Especial,Inscrições para o processo seletivo da UNEB: 050/2026AE - Educação e Contemporaneidade - Stricto Sensu Mestrado/Doutorado - Aluno Especial. Período de inscrições de 15/06/2026 a 06/07/2026. Consulte o edital completo no portal SSPPG UNEB.,UNEB,Doutorado - Aluno Especial,Educação,15,2026-06-15T12:00:00Z,2026-07-06T23:59:59Z,https://ssppg.uneb.br/inicio/editalExterno/1559?selecao=1559,Encerrado,2026-06-15T12:00:00Z,UNEB SSPPG
2026-09-18T07:43:34.175766Z,038/2026AE - Intervenção Educativa e Social - Stricto Sensu Mestrado - Aluno Especial,Inscrições para o processo seletivo da UNEB: 038/2026AE - Intervenção Educativa e Social - Stricto Sensu Mestrado - Aluno Especial. Período de inscrições de 15/06/2026 a 06/07/2026. Consulte o edital completo no portal SSPPG UNEB.,UNEB,Mestrado - Aluno Especial,Educação,15,2026-06-15T12:00:00Z,2026-07-06T23:59:59Z,https://ssppg.uneb.br/inicio/editalExterno/1554?selecao=1554,Encerrado,2026-06-15T12:00:00Z,UNEB SSPPG
2026-09-18T07:43:34.175766Z,053/2026AEME - Crítica Cultural - Stricto Sensu Mestrado - Aluno Especial,Inscrições para o processo seletivo da UNEB: 053/2026AEME - Crítica Cultural - Stricto Sensu Mestrado - Aluno Especial. Período de inscrições de 23/06/2026 a 06/07/2026. Consulte o edital completo no portal SSPPG UNEB.,UNEB,Mestrado - Aluno Especial,Educação,15,2026-06-23T12:00:00Z,2026-07-06T23:59:59Z,https://ssppg.uneb.br/inicio/editalExterno/1565?selecao=1565,Encerrado,2026-06-23T12:00:00Z,UNEB SSPPG
2026-09-18T07:43:34.175766Z,053/2026AEDO - Crítica Cultural - Stricto Sensu Doutorado - Aluno Especial,Inscrições para o processo seletivo da UNEB: 053/2026AEDO - Crítica Cultural - Stricto Sensu Doutorado - Aluno Especial. Período de inscrições de 23/06/2026 a 06/07/2026. Consulte o edital completo no portal SSPPG UNEB.,UNEB,Doutorado - Aluno Especial,Educação,15,2026-06-23T12:00:00Z,2026-07-06T23:59:59Z,https://ssppg.uneb.br/inicio/editalExterno/1567?selecao=1567,Encerrado,2026-06-23T12:00:00Z,UNEB SSPPG
2026-09-18T07:43:34.175766Z,055/2026AE - Educação e Diversidade - Stricto Sensu Mestrado - Aluno Especial,Inscrições para o processo seletivo da UNEB: 055/2026AE - Educação e Diversidade - Stricto Sensu Mestrado - Aluno Especial. Período de inscrições de 25/06/2026 a 08/07/2026. Consulte o edital completo no portal SSPPG UNEB.,UNEB,Mestrado - Aluno Especial,Educação,15,2026-06-25T12:00:00Z,2026-07-08T23:59:59Z,https://ssppg.uneb.br/inicio/editalExterno/1560?selecao=1560,Encerrado,2026-06-25T12:00:00Z,UNEB SSPPG
2026-09-18T07:43:34.175766Z,054/2026AE - ESTUDOS TERRITORIAIS - Stricto Sensu Mestrado - Aluno Especial,Inscrições para o processo seletivo da UNEB: 054/2026AE - ESTUDOS TERRITORIAIS - Stricto Sensu Mestrado - Aluno Especial. Período de inscrições de 25/06/2026 a 06/07/2026. Consulte o edital completo no portal SSPPG UNEB.,UNEB,Mestrado - Aluno Especial,Educação,15,2026-06-25T12:00:00Z,2026-07-06T23:59:59Z,https://ssppg.uneb.br/inicio/editalExterno/1557?selecao=1557,Encerrado,2026-06-25T12:00:00Z,UNEB SSPPG
2026-09-18T07:43:34.175766Z,"056/2026AE - ENSINO, LINGUAGEM E SOCIEDADE - Stricto Sensu Mestrado - Aluno Especial","Inscrições para o processo seletivo da UNEB: 056/2026AE - ENSINO, LINGUAGEM E SOCIEDADE - Stricto Sensu Mestrado - Aluno Especial. Período de inscrições de 26/06/2026 a 09/07/2026. Consulte o edital completo no portal SSPPG UNEB.",UNEB,Mestrado - Aluno Especial,Educação,15,2026-06-26T12:00:00Z,2026-07-09T23:59:59Z,https://ssppg.uneb.br/inicio/editalExterno/1564?selecao=1564,Encerrado,2026-06-26T12:00:00Z,UNEB SSPPG
2026-09-18T07:43:34.175766Z,048/2026AE - Estudo de Linguagens - Stricto Sensu Mestrado/Doutorado - Aluno Especial,Inscrições para o processo seletivo da UNEB: 048/2026AE - Estudo de Linguagens - Stricto Sensu Mestrado/Doutorado - Aluno Especial. Período de inscrições de 29/06/2026 a 10/07/2026. Consulte o edital completo no portal SSPPG UNEB.,UNEB,Doutorado - Aluno Especial,Humanas e Sociais,15,2026-06-29T12:00:00Z,2026-07-10T23:59:59Z,https://ssppg.uneb.br/inicio/editalExterno/1563?selecao=1563,Encerrado,2026-06-29T12:00:00Z,UNEB SSPPG
2026-09-18T07:43:34.175766Z,061/2026AE - Educação e Formação Docente - Stricto Sensu Mestrado - Aluno Especial,Inscrições para o processo seletivo da UNEB: 061/2026AE - Educação e Formação Docente - Stricto Sensu Mestrado - Aluno Especial. Período de inscrições de 29/06/2026 a 10/07/2026. Consulte o edital completo no portal SSPPG UNEB.,UNEB,Mestrado - Aluno Especial,Educação,15,2026-06-29T12:00:00Z,2026-07-10T23:59:59Z,https://ssppg.uneb.br/inicio/editalExterno/1570?selecao=1570,Encerrado,2026-06-29T12:00:00Z,UNEB SSPPG
2026-09-18T07:43:34.175766Z,"058/2026AE - Estudos Africanos, Povos Indígenas e Culturas Negras - Stricto Sensu Mestrado - Aluno Especial","Inscrições para o processo seletivo da UNEB: 058/2026AE - Estudos Africanos, Povos Indígenas e Culturas Negras - Stricto Sensu Mestrado - Aluno Especial. Período de inscrições de 29/06/2026 a 10/07/2026. Consulte o edital completo no portal SSPPG UNEB.",UNEB,Mestrado - Aluno Especial,Educação,15,2026-06-29T12:00:00Z,2026-07-10T23:59:59Z,https://ssppg.uneb.br/inicio/editalExterno/1562?selecao=1562,Encerrado,2026-06-29T12:00:00Z,UNEB SSPPG
2026-09-18T07:43:34.175766Z,064/2026AE - Estudos Africanos e Representações da África - Stricto Sensu Mestrado - Aluno Especial,Inscrições para o processo seletivo da UNEB: 064/2026AE - Estudos Africanos e Representações da África - Stricto Sensu Mestrado - Aluno Especial. Período de inscrições de 03/07/2026 a 13/07/2026. Consulte o edital completo no portal SSPPG UNEB.,UNEB,Mestrado - Aluno Especial,Educação,15,2026-07-03T12:00:00Z,2026-07-13T23:59:59Z,https://ssppg.uneb.br/inicio/editalExterno/1576?selecao=1576,Encerrado,2026-07-03T12:00:00Z,UNEB SSPPG
2026-09-18T07:43:34.175766Z,059/20262AE - Ecologia Humana e Gestão Socioambiental - Stricto Sensu Mestrado/Doutorado - Aluno Especial,Inscrições para o processo seletivo da UNEB: 059/20262AE - Ecologia Humana e Gestão Socioambiental - Stricto Sensu Mestrado/Doutorado - Aluno Especial. Período de inscrições de 03/07/2026 a 10/07/2026. Consulte o edital completo no portal SSPPG UNEB.,UNEB,Doutorado - Aluno Especial,Gestão e Negócios,15,2026-07-03T12:00:00Z,2026-07-10T23:59:59Z,https://ssppg.uneb.br/inicio/editalExterno/1568?selecao=1568,Encerrado,2026-07-03T12:00:00Z,UNEB SSPPG
2026-09-18T07:43:34.175766Z,044/2026AE - Programa de Pós-Graduação em Letras - Stricto Sensu Mestrado - Aluno Especial,Inscrições para o processo seletivo da UNEB: 044/2026AE - Programa de Pós-Graduação em Letras - Stricto Sensu Mestrado - Aluno Especial. Período de inscrições de 03/07/2026 a 10/07/2026. Consulte o edital completo no portal SSPPG UNEB.,UNEB,Mestrado - Aluno Especial,Humanas e Sociais,15,2026-07-03T12:00:00Z,2026-07-10T23:59:59Z,https://ssppg.uneb.br/inicio/editalExterno/1558?selecao=1558,Encerrado,2026-07-03T12:00:00Z,UNEB SSPPG
2026-09-18T07:43:34.175766Z,063/2026AE - Ciências Farmacêuticas - Stricto Sensu Mestrado - Aluno Especial,Inscrições para o processo seletivo da UNEB: 063/2026AE - Ciências Farmacêuticas - Stricto Sensu Mestrado - Aluno Especial. Período de inscrições de 03/07/2026 a 13/07/2026. Consulte o edital completo no portal SSPPG UNEB.,UNEB,Mestrado - Aluno Especial,Educação,15,2026-07-03T12:00:00Z,2026-07-13T23:59:59Z,https://ssppg.uneb.br/inicio/editalExterno/1569?selecao=1569,Encerrado,2026-07-03T12:00:00Z,UNEB SSPPG
2026-09-19T07:39:04.923017Z,Edital nº 01 - Processo Seletivo Aluno Especial Doutorado 2026.2 - DOUTORADO EM ESTATÍSTICA E CIÊNCIAS DE DADOS,Inscrições abertas para o processo seletivo da UFBA de ingresso no curso: DOUTORADO EM ESTATÍSTICA E CIÊNCIAS DE DADOS. Vagas ofertadas: 5. Período de inscrições de 15/06/2026 a 10/07/2026. Consulte o edital completo no portal oficial da instituição.,UFBA,Doutorado - Aluno Especial,Engenharias e Exatas,5,2026-06-15T12:00:00Z,2026-07-10T12:00:00Z,https://sigaa.ufba.br/sigaa/public/processo_seletivo/lista.jsf?aba=p-processo&nivel=S,Encerrado,2026-06-15T12:00:00Z,UFBA SIGAA
2026-09-19T07:39:04.923017Z,Edital nº 01 - Processo Seletivo Aluno Especial Mestrado 2026.2 - MESTRADO EM ESTATÍSTICA E CIÊNCIAS DE DADOS,Inscrições abertas para o processo seletivo da UFBA de ingresso no curso: MESTRADO EM ESTATÍSTICA E CIÊNCIAS DE DADOS. Vagas ofertadas: 13. Período de inscrições de 15/06/2026 a 10/07/2026. Consulte o edital completo no portal oficial da instituição.,UFBA,Mestrado - Aluno Especial,Engenharias e Exatas,13,2026-06-15T12:00:00Z,2026-07-10T12:00:00Z,https://sigaa.ufba.br/sigaa/public/processo_seletivo/lista.jsf?aba=p-processo&nivel=S,Encerrado,2026-06-15T12:00:00Z,UFBA SIGAA
2026-09-19T07:39:04.923017Z,EDITAL DE ALUNO ESPECIAL 2026.2 DOUTORADO - DOUTORADO EM ARQUITETURA E URBANISMO,Inscrições abertas para o processo seletivo da UFBA de ingresso no curso: DOUTORADO EM ARQUITETURA E URBANISMO. Vagas ofertadas: 50. Período de inscrições de 12/06/2026 a 18/06/2026. Consulte o edital completo no portal oficial da instituição.,UFBA,Doutorado - Aluno Especial,Engenharias e Exatas,50,2026-06-12T12:00:00Z,2026-06-18T12:00:00Z,https://sigaa.ufba.br/sigaa/public/processo_seletivo/lista.jsf?aba=p-processo&nivel=S,Encerrado,2026-06-12T12:00:00Z,UFBA SIGAA
2026-09-19T07:39:04.923017Z,EDITAL DE ALUNO ESPECIAL 2026.2 MESTRADO - MESTRADO EM ARQUITETURA E URBANISMO,Inscrições abertas para o processo seletivo da UFBA de ingresso no curso: MESTRADO EM ARQUITETURA E URBANISMO. Vagas ofertadas: 50. Período de inscrições de 12/06/2026 a 18/06/2026. Consulte o edital completo no portal oficial da instituição.,UFBA,Mestrado - Aluno Especial,Engenharias e Exatas,50,2026-06-12T12:00:00Z,2026-06-18T12:00:00Z,https://sigaa.ufba.br/sigaa/public/processo_seletivo/lista.jsf?aba=p-processo&nivel=S,Encerrado,2026-06-12T12:00:00Z,UFBA SIGAA
2026-09-19T07:39:04.923017Z,PROCESSO SELETIVO IC-PGCOMP DOUTORADO PARA ALUNO ESPECIAL 2026.2 - DOUTORADO EM CIÊNCIA DA COMPUTAÇÃO,Inscrições abertas para o processo seletivo da UFBA de ingresso no curso: DOUTORADO EM CIÊNCIA DA COMPUTAÇÃO. Vagas ofertadas: 30. Período de inscrições de 12/06/2026 a 19/06/2026. Consulte o edital completo no portal oficial da instituição.,UFBA,Doutorado - Aluno Especial,Tecnologia e Informática,30,2026-06-12T12:00:00Z,2026-06-19T12:00:00Z,https://sigaa.ufba.br/sigaa/public/processo_seletivo/lista.jsf?aba=p-processo&nivel=S,Encerrado,2026-06-12T12:00:00Z,UFBA SIGAA
2026-09-19T07:39:04.923017Z,PROCESSO SELETIVO IC-PGCOMP MESTRADO PARA ALUNO ESPECIAL 2026.2 - MESTRADO EM CIÊNCIA DA COMPUTAÇÃO,Inscrições abertas para o processo seletivo da UFBA de ingresso no curso: MESTRADO EM CIÊNCIA DA COMPUTAÇÃO. Vagas ofertadas: 70. Período de inscrições de 12/06/2026 a 19/06/2026. Consulte o edital completo no portal oficial da instituição.,UFBA,Mestrado - Aluno Especial,Tecnologia e Informática,70,2026-06-12T12:00:00Z,2026-06-19T12:00:00Z,https://sigaa.ufba.br/sigaa/public/processo_seletivo/lista.jsf?aba=p-processo&nivel=S,Encerrado,2026-06-12T12:00:00Z,UFBA SIGAA
2026-09-19T07:39:04.923017Z,EDITAL nº 02/2026 - SELEÇÃO PARA ALUNO ESPECIAL - SEMESTRE LETIVO 2026.2 - MESTRADO EM EDUCAÇÃO,Inscrições abertas para o processo seletivo da UFBA de ingresso no curso: MESTRADO EM EDUCAÇÃO. Vagas ofertadas: 102. Período de inscrições de 09/06/2026 a 12/06/2026. Consulte o edital completo no portal oficial da instituição.,UFBA,Mestrado - Aluno Especial,Educação,102,2026-06-09T12:00:00Z,2026-06-12T12:00:00Z,https://sigaa.ufba.br/sigaa/public/processo_seletivo/lista.jsf?aba=p-processo&nivel=S,Encerrado,2026-06-09T12:00:00Z,UFBA SIGAA
2026-09-19T07:39:04.923017Z,PROCESSO SELETIVO PARA INGRESSO DE ALUNO ESPECIAL DOUTORADO- PGENF 2026.2 - DOUTORADO EM ENFERMAGEM E SAÚDE,Inscrições abertas para o processo seletivo da UFBA de ingresso no curso: DOUTORADO EM ENFERMAGEM E SAÚDE. Vagas ofertadas: 30. Período de inscrições de 09/06/2026 a 15/06/2026. Consulte o edital completo no portal oficial da instituição.,UFBA,Doutorado - Aluno Especial,Saúde e Biológicas,30,2026-06-09T12:00:00Z,2026-06-15T12:00:00Z,https://sigaa.ufba.br/sigaa/public/processo_seletivo/lista.jsf?aba=p-processo&nivel=S,Encerrado,2026-06-09T12:00:00Z,UFBA SIGAA
2026-09-19T07:39:04.923017Z,PROCESSO SELETIVO PARA INGRESSO DE ALUNO ESPECIAL MESTRADO- PGENF 2026.2 - MESTRADO EM ENFERMAGEM E SAÚDE,Inscrições abertas para o processo seletivo da UFBA de ingresso no curso: MESTRADO EM ENFERMAGEM E SAÚDE. Vagas ofertadas: 60. Período de inscrições de 09/06/2026 a 15/06/2026. Consulte o edital completo no portal oficial da instituição.,UFBA,Mestrado - Aluno Especial,Saúde e Biológicas,60,2026-06-09T12:00:00Z,2026-06-15T12:00:00Z,https://sigaa.ufba.br/sigaa/public/processo_seletivo/lista.jsf?aba=p-processo&nivel=S,Encerrado,2026-06-09T12:00:00Z,UFBA SIGAA
2026-09-19T07:39:04.923017Z,SELEÇÃO DE ALUNO/A ESPECIAL DO PPGCS - 2026.2 - MESTRADO EM CIÊNCIAS SOCIAIS,Inscrições abertas para o processo seletivo da UFBA de ingresso no curso: MESTRADO EM CIÊNCIAS SOCIAIS. Vagas ofertadas: 45. Período de inscrições de 05/06/2026 a 12/06/2026. Consulte o edital completo no portal oficial da instituição.,UFBA,Mestrado - Aluno Especial,Saúde e Biológicas,45,2026-06-05T12:00:00Z,2026-06-12T12:00:00Z,https://sigaa.ufba.br/sigaa/public/processo_seletivo/lista.jsf?aba=p-processo&nivel=S,Encerrado,2026-06-05T12:00:00Z,UFBA SIGAA
2026-09-19T07:39:04.923017Z,SELEÇÃO PARA ALUNO ESPECIAL PPGCONT 2026.2 - MESTRADO EM CONTABILIDADE,Inscrições abertas para o processo seletivo da UFBA de ingresso no curso: MESTRADO EM CONTABILIDADE. Vagas ofertadas: 80. Período de inscrições de 05/06/2026 a 12/06/2026. Consulte o edital completo no portal oficial da instituição.,UFBA,Mestrado - Aluno Especial,Saúde e Biológicas,80,2026-06-05T12:00:00Z,2026-06-12T12:00:00Z,https://sigaa.ufba.br/sigaa/public/processo_seletivo/lista.jsf?aba=p-processo&nivel=S,Encerrado,2026-06-05T12:00:00Z,UFBA SIGAA
2026-09-19T07:39:04.923017Z,function dpf(f) {var adp = f.adp;if (adp != null) {for (var i = 0;i EDITAL Nº 01/2026 - SELEÇÃO ALUNO ESPECIAL – SEMESTRE LETIVO 2026.1 - ESTUDOS DE L,Inscrições abertas para o processo seletivo da UNILAB de ingresso no curso: ESTUDOS DE LINGUAGEM: CONTEXTOS LUSÓFONOS BRASIL-ÁFRICA. Vagas ofertadas: 10. Período de inscrições de 01/07/2026 a 17/07/2026. Consulte o edital completo no portal oficial da instituição.,UNILAB,Mestrado - Aluno Especial,Saúde e Biológicas,10,2026-07-01T12:00:00Z,2026-07-17T12:00:00Z,https://sigaa.unilab.edu.br/sigaa/public/processo_seletivo/lista.jsf?aba=p-processo&nivel=S,Encerrado,2026-07-01T12:00:00Z,UNILAB SIGAA
2026-09-19T07:39:04.923017Z,049/2026AE - Química Aplicada - Stricto Sensu Mestrado - Aluno Especial,Inscrições para o processo seletivo da UNEB: 049/2026AE - Química Aplicada - Stricto Sensu Mestrado - Aluno Especial. Período de inscrições de 15/06/2026 a 10/07/2026. Consulte o edital completo no portal SSPPG UNEB.,UNEB,Mestrado - Aluno Especial,Engenharias e Exatas,15,2026-06-15T12:00:00Z,2026-07-10T23:59:59Z,https://ssppg.uneb.br/inicio/editalExterno/1561?selecao=1561,Encerrado,2026-06-15T12:00:00Z,UNEB SSPPG
2026-09-19T07:39:04.923017Z,050/2026AE - Educação e Contemporaneidade - Stricto Sensu Mestrado/Doutorado - Aluno Especial,Inscrições para o processo seletivo da UNEB: 050/2026AE - Educação e Contemporaneidade - Stricto Sensu Mestrado/Doutorado - Aluno Especial. Período de inscrições de 15/06/2026 a 06/07/2026. Consulte o edital completo no portal SSPPG UNEB.,UNEB,Doutorado - Aluno Especial,Educação,15,2026-06-15T12:00:00Z,2026-07-06T23:59:59Z,https://ssppg.uneb.br/inicio/editalExterno/1559?selecao=1559,Encerrado,2026-06-15T12:00:00Z,UNEB SSPPG
2026-09-19T07:39:04.923017Z,038/2026AE - Intervenção Educativa e Social - Stricto Sensu Mestrado - Aluno Especial,Inscrições para o processo seletivo da UNEB: 038/2026AE - Intervenção Educativa e Social - Stricto Sensu Mestrado - Aluno Especial. Período de inscrições de 15/06/2026 a 06/07/2026. Consulte o edital completo no portal SSPPG UNEB.,UNEB,Mestrado - Aluno Especial,Educação,15,2026-06-15T12:00:00Z,2026-07-06T23:59:59Z,https://ssppg.uneb.br/inicio/editalExterno/1554?selecao=1554,Encerrado,2026-06-15T12:00:00Z,UNEB SSPPG
2026-09-19T07:39:04.923017Z,053/2026AEME - Crítica Cultural - Stricto Sensu Mestrado - Aluno Especial,Inscrições para o processo seletivo da UNEB: 053/2026AEME - Crítica Cultural - Stricto Sensu Mestrado - Aluno Especial. Período de inscrições de 23/06/2026 a 06/07/2026. Consulte o edital completo no portal SSPPG UNEB.,UNEB,Mestrado - Aluno Especial,Educação,15,2026-06-23T12:00:00Z,2026-07-06T23:59:59Z,https://ssppg.uneb.br/inicio/editalExterno/1565?selecao=1565,Encerrado,2026-06-23T12:00:00Z,UNEB SSPPG
2026-09-19T07:39:04.923017Z,053/2026AEDO - Crítica Cultural - Stricto Sensu Doutorado - Aluno Especial,Inscrições para o processo seletivo da UNEB: 053/2026AEDO - Crítica Cultural - Stricto Sensu Doutorado - Aluno Especial. Período de inscrições de 23/06/2026 a 06/07/2026. Consulte o edital completo no portal SSPPG UNEB.,UNEB,Doutorado - Aluno Especial,Educação,15,2026-06-23T12:00:00Z,2026-07-06T23:59:59Z,https://ssppg.uneb.br/inicio/editalExterno/1567?selecao=1567,Encerrado,2026-06-23T12:00:00Z,UNEB SSPPG
2026-09-19T07:39:04.923017Z,055/2026AE - Educação e Diversidade - Stricto Sensu Mestrado - Aluno Especial,Inscrições para o processo seletivo da UNEB: 055/2026AE - Educação e Diversidade - Stricto Sensu Mestrado - Aluno Especial. Período de inscrições de 25/06/2026 a 08/07/2026. Consulte o edital completo no portal SSPPG UNEB.,UNEB,Mestrado - Aluno Especial,Educação,15,2026-06-25T12:00:00Z,2026-07-08T23:59:59Z,https://ssppg.uneb.br/inicio/editalExterno/1560?selecao=1560,Encerrado,2026-06-25T12:00:00Z,UNEB SSPPG
2026-09-19T07:39:04.923017Z,054/2026AE - ESTUDOS TERRITORIAIS - Stricto Sensu Mestrado - Aluno Especial,Inscrições para o processo seletivo da UNEB: 054/2026AE - ESTUDOS TERRITORIAIS - Stricto Sensu Mestrado - Aluno Especial. Período de inscrições de 25/06/2026 a 06/07/2026. Consulte o edital completo no portal SSPPG UNEB.,UNEB,Mestrado - Aluno Especial,Educação,15,2026-06-25T12:00:00Z,2026-07-06T23:59:59Z,https://ssppg.uneb.br/inicio/editalExterno/1557?selecao=1557,Encerrado,2026-06-25T12:00:00Z,UNEB SSPPG
2026-09-19T07:39:04.923017Z,"056/2026AE - ENSINO, LINGUAGEM E SOCIEDADE - Stricto Sensu Mestrado - Aluno Especial","Inscrições para o processo seletivo da UNEB: 056/2026AE - ENSINO, LINGUAGEM E SOCIEDADE - Stricto Sensu Mestrado - Aluno Especial. Período de inscrições de 26/06/2026 a 09/07/2026. Consulte o edital completo no portal SSPPG UNEB.",UNEB,Mestrado - Aluno Especial,Educação,15,2026-06-26T12:00:00Z,2026-07-09T23:59:59Z,https://ssppg.uneb.br/inicio/editalExterno/1564?selecao=1564,Encerrado,2026-06-26T12:00:00Z,UNEB SSPPG
2026-09-19T07:39:04.923017Z,048/2026AE - Estudo de Linguagens - Stricto Sensu Mestrado/Doutorado - Aluno Especial,Inscrições para o processo seletivo da UNEB: 048/2026AE - Estudo de Linguagens - Stricto Sensu Mestrado/Doutorado - Aluno Especial. Período de inscrições de 29/06/2026 a 10/07/2026. Consulte o edital completo no portal SSPPG UNEB.,UNEB,Doutorado - Aluno Especial,Humanas e Sociais,15,2026-06-29T12:00:00Z,2026-07-10T23:59:59Z,https://ssppg.uneb.br/inicio/editalExterno/1563?selecao=1563,Encerrado,2026-06-29T12:00:00Z,UNEB SSPPG
2026-09-19T07:39:04.923017Z,061/2026AE - Educação e Formação Docente - Stricto Sensu Mestrado - Aluno Especial,Inscrições para o processo seletivo da UNEB: 061/2026AE - Educação e Formação Docente - Stricto Sensu Mestrado - Aluno Especial. Período de inscrições de 29/06/2026 a 10/07/2026. Consulte o edital completo no portal SSPPG UNEB.,UNEB,Mestrado - Aluno Especial,Educação,15,2026-06-29T12:00:00Z,2026-07-10T23:59:59Z,https://ssppg.uneb.br/inicio/editalExterno/1570?selecao=1570,Encerrado,2026-06-29T12:00:00Z,UNEB SSPPG
2026-09-19T07:39:04.923017Z,"058/2026AE - Estudos Africanos, Povos Indígenas e Culturas Negras - Stricto Sensu Mestrado - Aluno Especial","Inscrições para o processo seletivo da UNEB: 058/2026AE - Estudos Africanos, Povos Indígenas e Culturas Negras - Stricto Sensu Mestrado - Aluno Especial. Período de inscrições de 29/06/2026 a 10/07/2026. Consulte o edital completo no portal SSPPG UNEB.",UNEB,Mestrado - Aluno Especial,Educação,15,2026-06-29T12:00:00Z,2026-07-10T23:59:59Z,https://ssppg.uneb.br/inicio/editalExterno/1562?selecao=1562,Encerrado,2026-06-29T12:00:00Z,UNEB SSPPG
2026-09-19T07:39:04.923017Z,064/2026AE - Estudos Africanos e Representações da África - Stricto Sensu Mestrado - Aluno Especial,Inscrições para o processo seletivo da UNEB: 064/2026AE - Estudos Africanos e Representações da África - Stricto Sensu Mestrado - Aluno Especial. Período de inscrições de 03/07/2026 a 13/07/2026. Consulte o edital completo no portal SSPPG UNEB.,UNEB,Mestrado - Aluno Especial,Educação,15,2026-07-03T12:00:00Z,2026-07-13T23:59:59Z,https://ssppg.uneb.br/inicio/editalExterno/1576?selecao=1576,Encerrado,2026-07-03T12:00:00Z,UNEB SSPPG
2026-09-19T07:39:04.923017Z,059/20262AE - Ecologia Humana e Gestão Socioambiental - Stricto Sensu Mestrado/Doutorado - Aluno Especial,Inscrições para o processo seletivo da UNEB: 059/20262AE - Ecologia Humana e Gestão Socioambiental - Stricto Sensu Mestrado/Doutorado - Aluno Especial. Período de inscrições de 03/07/2026 a 10/07/2026. Consulte o edital completo no portal SSPPG UNEB.,UNEB,Doutorado - Aluno Especial,Gestão e Negócios,15,2026-07-03T12:00:00Z,2026-07-10T23:59:59Z,https://ssppg.uneb.br/inicio/editalExterno/1568?selecao=1568,Encerrado,2026-07-03T12:00:00Z,UNEB SSPPG
2026-09-19T07:39:04.923017Z,044/2026AE - Programa de Pós-Graduação em Letras - Stricto Sensu Mestrado - Aluno Especial,Inscrições para o processo seletivo da UNEB: 044/2026AE - Programa de Pós-Graduação em Letras - Stricto Sensu Mestrado - Aluno Especial. Período de inscrições de 03/07/2026 a 10/07/2026. Consulte o edital completo no portal SSPPG UNEB.,UNEB,Mestrado - Aluno Especial,Humanas e Sociais,15,2026-07-03T12:00:00Z,2026-07-10T23:59:59Z,https://ssppg.uneb.br/inicio/editalExterno/1558?selecao=1558,Encerrado,2026-07-03T12:00:00Z,UNEB SSPPG
2026-09-19T07:39:04.923017Z,063/2026AE - Ciências Farmacêuticas - Stricto Sensu Mestrado - Aluno Especial,Inscrições para o processo seletivo da UNEB: 063/2026AE - Ciências Farmacêuticas - Stricto Sensu Mestrado - Aluno Especial. Período de inscrições de 03/07/2026 a 13/07/2026. Consulte o edital completo no portal SSPPG UNEB.,UNEB,Mestrado - Aluno Especial,Educação,15,2026-07-03T12:00:00Z,2026-07-13T23:59:59Z,https://ssppg.uneb.br/inicio/editalExterno/1569?selecao=1569,Encerrado,2026-07-03T12:00:00Z,UNEB SSPPG
2026-09-20T08:02:26.117907Z,Edital nº 01 - Processo Seletivo Aluno Especial Doutorado 2026.2 - DOUTORADO EM ESTATÍSTICA E CIÊNCIAS DE DADOS,Inscrições abertas para o processo seletivo da UFBA de ingresso no curso: DOUTORADO EM ESTATÍSTICA E CIÊNCIAS DE DADOS. Vagas ofertadas: 5. Período de inscrições de 15/06/2026 a 10/07/2026. Consulte o edital completo no portal oficial da instituição.,UFBA,Doutorado - Aluno Especial,Engenharias e Exatas,5,2026-06-15T12:00:00Z,2026-07-10T12:00:00Z,https://sigaa.ufba.br/sigaa/public/processo_seletivo/lista.jsf?aba=p-processo&nivel=S,Encerrado,2026-06-15T12:00:00Z,UFBA SIGAA
2026-09-20T08:02:26.117907Z,Edital nº 01 - Processo Seletivo Aluno Especial Mestrado 2026.2 - MESTRADO EM ESTATÍSTICA E CIÊNCIAS DE DADOS,Inscrições abertas para o processo seletivo da UFBA de ingresso no curso: MESTRADO EM ESTATÍSTICA E CIÊNCIAS DE DADOS. Vagas ofertadas: 13. Período de inscrições de 15/06/2026 a 10/07/2026. Consulte o edital completo no portal oficial da instituição.,UFBA,Mestrado - Aluno Especial,Engenharias e Exatas,13,2026-06-15T12:00:00Z,2026-07-10T12:00:00Z,https://sigaa.ufba.br/sigaa/public/processo_seletivo/lista.jsf?aba=p-processo&nivel=S,Encerrado,2026-06-15T12:00:00Z,UFBA SIGAA
2026-09-20T08:02:26.117907Z,EDITAL DE ALUNO ESPECIAL 2026.2 DOUTORADO - DOUTORADO EM ARQUITETURA E URBANISMO,Inscrições abertas para o processo seletivo da UFBA de ingresso no curso: DOUTORADO EM ARQUITETURA E URBANISMO. Vagas ofertadas: 50. Período de inscrições de 12/06/2026 a 18/06/2026. Consulte o edital completo no portal oficial da instituição.,UFBA,Doutorado - Aluno Especial,Engenharias e Exatas,50,2026-06-12T12:00:00Z,2026-06-18T12:00:00Z,https://sigaa.ufba.br/sigaa/public/processo_seletivo/lista.jsf?aba=p-processo&nivel=S,Encerrado,2026-06-12T12:00:00Z,UFBA SIGAA
2026-09-20T08:02:26.117907Z,EDITAL DE ALUNO ESPECIAL 2026.2 MESTRADO - MESTRADO EM ARQUITETURA E URBANISMO,Inscrições abertas para o processo seletivo da UFBA de ingresso no curso: MESTRADO EM ARQUITETURA E URBANISMO. Vagas ofertadas: 50. Período de inscrições de 12/06/2026 a 18/06/2026. Consulte o edital completo no portal oficial da instituição.,UFBA,Mestrado - Aluno Especial,Engenharias e Exatas,50,2026-06-12T12:00:00Z,2026-06-18T12:00:00Z,https://sigaa.ufba.br/sigaa/public/processo_seletivo/lista.jsf?aba=p-processo&nivel=S,Encerrado,2026-06-12T12:00:00Z,UFBA SIGAA
2026-09-20T08:02:26.117907Z,PROCESSO SELETIVO IC-PGCOMP DOUTORADO PARA ALUNO ESPECIAL 2026.2 - DOUTORADO EM CIÊNCIA DA COMPUTAÇÃO,Inscrições abertas para o processo seletivo da UFBA de ingresso no curso: DOUTORADO EM CIÊNCIA DA COMPUTAÇÃO. Vagas ofertadas: 30. Período de inscrições de 12/06/2026 a 19/06/2026. Consulte o edital completo no portal oficial da instituição.,UFBA,Doutorado - Aluno Especial,Tecnologia e Informática,30,2026-06-12T12:00:00Z,2026-06-19T12:00:00Z,https://sigaa.ufba.br/sigaa/public/processo_seletivo/lista.jsf?aba=p-processo&nivel=S,Encerrado,2026-06-12T12:00:00Z,UFBA SIGAA
2026-09-20T08:02:26.117907Z,PROCESSO SELETIVO IC-PGCOMP MESTRADO PARA ALUNO ESPECIAL 2026.2 - MESTRADO EM CIÊNCIA DA COMPUTAÇÃO,Inscrições abertas para o processo seletivo da UFBA de ingresso no curso: MESTRADO EM CIÊNCIA DA COMPUTAÇÃO. Vagas ofertadas: 70. Período de inscrições de 12/06/2026 a 19/06/2026. Consulte o edital completo no portal oficial da instituição.,UFBA,Mestrado - Aluno Especial,Tecnologia e Informática,70,2026-06-12T12:00:00Z,2026-06-19T12:00:00Z,https://sigaa.ufba.br/sigaa/public/processo_seletivo/lista.jsf?aba=p-processo&nivel=S,Encerrado,2026-06-12T12:00:00Z,UFBA SIGAA
2026-09-20T08:02:26.117907Z,EDITAL nº 02/2026 - SELEÇÃO PARA ALUNO ESPECIAL - SEMESTRE LETIVO 2026.2 - MESTRADO EM EDUCAÇÃO,Inscrições abertas para o processo seletivo da UFBA de ingresso no curso: MESTRADO EM EDUCAÇÃO. Vagas ofertadas: 102. Período de inscrições de 09/06/2026 a 12/06/2026. Consulte o edital completo no portal oficial da instituição.,UFBA,Mestrado - Aluno Especial,Educação,102,2026-06-09T12:00:00Z,2026-06-12T12:00:00Z,https://sigaa.ufba.br/sigaa/public/processo_seletivo/lista.jsf?aba=p-processo&nivel=S,Encerrado,2026-06-09T12:00:00Z,UFBA SIGAA
2026-09-20T08:02:26.117907Z,PROCESSO SELETIVO PARA INGRESSO DE ALUNO ESPECIAL DOUTORADO- PGENF 2026.2 - DOUTORADO EM ENFERMAGEM E SAÚDE,Inscrições abertas para o processo seletivo da UFBA de ingresso no curso: DOUTORADO EM ENFERMAGEM E SAÚDE. Vagas ofertadas: 30. Período de inscrições de 09/06/2026 a 15/06/2026. Consulte o edital completo no portal oficial da instituição.,UFBA,Doutorado - Aluno Especial,Saúde e Biológicas,30,2026-06-09T12:00:00Z,2026-06-15T12:00:00Z,https://sigaa.ufba.br/sigaa/public/processo_seletivo/lista.jsf?aba=p-processo&nivel=S,Encerrado,2026-06-09T12:00:00Z,UFBA SIGAA
2026-09-20T08:02:26.117907Z,PROCESSO SELETIVO PARA INGRESSO DE ALUNO ESPECIAL MESTRADO- PGENF 2026.2 - MESTRADO EM ENFERMAGEM E SAÚDE,Inscrições abertas para o processo seletivo da UFBA de ingresso no curso: MESTRADO EM ENFERMAGEM E SAÚDE. Vagas ofertadas: 60. Período de inscrições de 09/06/2026 a 15/06/2026. Consulte o edital completo no portal oficial da instituição.,UFBA,Mestrado - Aluno Especial,Saúde e Biológicas,60,2026-06-09T12:00:00Z,2026-06-15T12:00:00Z,https://sigaa.ufba.br/sigaa/public/processo_seletivo/lista.jsf?aba=p-processo&nivel=S,Encerrado,2026-06-09T12:00:00Z,UFBA SIGAA
2026-09-20T08:02:26.117907Z,SELEÇÃO DE ALUNO/A ESPECIAL DO PPGCS - 2026.2 - MESTRADO EM CIÊNCIAS SOCIAIS,Inscrições abertas para o processo seletivo da UFBA de ingresso no curso: MESTRADO EM CIÊNCIAS SOCIAIS. Vagas ofertadas: 45. Período de inscrições de 05/06/2026 a 12/06/2026. Consulte o edital completo no portal oficial da instituição.,UFBA,Mestrado - Aluno Especial,Saúde e Biológicas,45,2026-06-05T12:00:00Z,2026-06-12T12:00:00Z,https://sigaa.ufba.br/sigaa/public/processo_seletivo/lista.jsf?aba=p-processo&nivel=S,Encerrado,2026-06-05T12:00:00Z,UFBA SIGAA
2026-09-20T08:02:26.117907Z,SELEÇÃO PARA ALUNO ESPECIAL PPGCONT 2026.2 - MESTRADO EM CONTABILIDADE,Inscrições abertas para o processo seletivo da UFBA de ingresso no curso: MESTRADO EM CONTABILIDADE. Vagas ofertadas: 80. Período de inscrições de 05/06/2026 a 12/06/2026. Consulte o edital completo no portal oficial da instituição.,UFBA,Mestrado - Aluno Especial,Saúde e Biológicas,80,2026-06-05T12:00:00Z,2026-06-12T12:00:00Z,https://sigaa.ufba.br/sigaa/public/processo_seletivo/lista.jsf?aba=p-processo&nivel=S,Encerrado,2026-06-05T12:00:00Z,UFBA SIGAA
2026-09-20T08:02:26.117907Z,function dpf(f) {var adp = f.adp;if (adp != null) {for (var i = 0;i EDITAL Nº 01/2026 - SELEÇÃO ALUNO ESPECIAL – SEMESTRE LETIVO 2026.1 - ESTUDOS DE L,Inscrições abertas para o processo seletivo da UNILAB de ingresso no curso: ESTUDOS DE LINGUAGEM: CONTEXTOS LUSÓFONOS BRASIL-ÁFRICA. Vagas ofertadas: 10. Período de inscrições de 01/07/2026 a 17/07/2026. Consulte o edital completo no portal oficial da instituição.,UNILAB,Mestrado - Aluno Especial,Saúde e Biológicas,10,2026-07-01T12:00:00Z,2026-07-17T12:00:00Z,https://sigaa.unilab.edu.br/sigaa/public/processo_seletivo/lista.jsf?aba=p-processo&nivel=S,Encerrado,2026-07-01T12:00:00Z,UNILAB SIGAA
2026-09-20T08:02:26.117907Z,049/2026AE - Química Aplicada - Stricto Sensu Mestrado - Aluno Especial,Inscrições para o processo seletivo da UNEB: 049/2026AE - Química Aplicada - Stricto Sensu Mestrado - Aluno Especial. Período de inscrições de 15/06/2026 a 10/07/2026. Consulte o edital completo no portal SSPPG UNEB.,UNEB,Mestrado - Aluno Especial,Engenharias e Exatas,15,2026-06-15T12:00:00Z,2026-07-10T23:59:59Z,https://ssppg.uneb.br/inicio/editalExterno/1561?selecao=1561,Encerrado,2026-06-15T12:00:00Z,UNEB SSPPG
2026-09-20T08:02:26.117907Z,050/2026AE - Educação e Contemporaneidade - Stricto Sensu Mestrado/Doutorado - Aluno Especial,Inscrições para o processo seletivo da UNEB: 050/2026AE - Educação e Contemporaneidade - Stricto Sensu Mestrado/Doutorado - Aluno Especial. Período de inscrições de 15/06/2026 a 06/07/2026. Consulte o edital completo no portal SSPPG UNEB.,UNEB,Doutorado - Aluno Especial,Educação,15,2026-06-15T12:00:00Z,2026-07-06T23:59:59Z,https://ssppg.uneb.br/inicio/editalExterno/1559?selecao=1559,Encerrado,2026-06-15T12:00:00Z,UNEB SSPPG
2026-09-20T08:02:26.117907Z,038/2026AE - Intervenção Educativa e Social - Stricto Sensu Mestrado - Aluno Especial,Inscrições para o processo seletivo da UNEB: 038/2026AE - Intervenção Educativa e Social - Stricto Sensu Mestrado - Aluno Especial. Período de inscrições de 15/06/2026 a 06/07/2026. Consulte o edital completo no portal SSPPG UNEB.,UNEB,Mestrado - Aluno Especial,Educação,15,2026-06-15T12:00:00Z,2026-07-06T23:59:59Z,https://ssppg.uneb.br/inicio/editalExterno/1554?selecao=1554,Encerrado,2026-06-15T12:00:00Z,UNEB SSPPG
2026-09-20T08:02:26.117907Z,053/2026AEME - Crítica Cultural - Stricto Sensu Mestrado - Aluno Especial,Inscrições para o processo seletivo da UNEB: 053/2026AEME - Crítica Cultural - Stricto Sensu Mestrado - Aluno Especial. Período de inscrições de 23/06/2026 a 06/07/2026. Consulte o edital completo no portal SSPPG UNEB.,UNEB,Mestrado - Aluno Especial,Educação,15,2026-06-23T12:00:00Z,2026-07-06T23:59:59Z,https://ssppg.uneb.br/inicio/editalExterno/1565?selecao=1565,Encerrado,2026-06-23T12:00:00Z,UNEB SSPPG
2026-09-20T08:02:26.117907Z,053/2026AEDO - Crítica Cultural - Stricto Sensu Doutorado - Aluno Especial,Inscrições para o processo seletivo da UNEB: 053/2026AEDO - Crítica Cultural - Stricto Sensu Doutorado - Aluno Especial. Período de inscrições de 23/06/2026 a 06/07/2026. Consulte o edital completo no portal SSPPG UNEB.,UNEB,Doutorado - Aluno Especial,Educação,15,2026-06-23T12:00:00Z,2026-07-06T23:59:59Z,https://ssppg.uneb.br/inicio/editalExterno/1567?selecao=1567,Encerrado,2026-06-23T12:00:00Z,UNEB SSPPG
2026-09-20T08:02:26.117907Z,055/2026AE - Educação e Diversidade - Stricto Sensu Mestrado - Aluno Especial,Inscrições para o processo seletivo da UNEB: 055/2026AE - Educação e Diversidade - Stricto Sensu Mestrado - Aluno Especial. Período de inscrições de 25/06/2026 a 08/07/2026. Consulte o edital completo no portal SSPPG UNEB.,UNEB,Mestrado - Aluno Especial,Educação,15,2026-06-25T12:00:00Z,2026-07-08T23:59:59Z,https://ssppg.uneb.br/inicio/editalExterno/1560?selecao=1560,Encerrado,2026-06-25T12:00:00Z,UNEB SSPPG
2026-09-20T08:02:26.117907Z,054/2026AE - ESTUDOS TERRITORIAIS - Stricto Sensu Mestrado - Aluno Especial,Inscrições para o processo seletivo da UNEB: 054/2026AE - ESTUDOS TERRITORIAIS - Stricto Sensu Mestrado - Aluno Especial. Período de inscrições de 25/06/2026 a 06/07/2026. Consulte o edital completo no portal SSPPG UNEB.,UNEB,Mestrado - Aluno Especial,Educação,15,2026-06-25T12:00:00Z,2026-07-06T23:59:59Z,https://ssppg.uneb.br/inicio/editalExterno/1557?selecao=1557,Encerrado,2026-06-25T12:00:00Z,UNEB SSPPG
2026-09-20T08:02:26.117907Z,"056/2026AE - ENSINO, LINGUAGEM E SOCIEDADE - Stricto Sensu Mestrado - Aluno Especial","Inscrições para o processo seletivo da UNEB: 056/2026AE - ENSINO, LINGUAGEM E SOCIEDADE - Stricto Sensu Mestrado - Aluno Especial. Período de inscrições de 26/06/2026 a 09/07/2026. Consulte o edital completo no portal SSPPG UNEB.",UNEB,Mestrado - Aluno Especial,Educação,15,2026-06-26T12:00:00Z,2026-07-09T23:59:59Z,https://ssppg.uneb.br/inicio/editalExterno/1564?selecao=1564,Encerrado,2026-06-26T12:00:00Z,UNEB SSPPG
2026-09-20T08:02:26.117907Z,048/2026AE - Estudo de Linguagens - Stricto Sensu Mestrado/Doutorado - Aluno Especial,Inscrições para o processo seletivo da UNEB: 048/2026AE - Estudo de Linguagens - Stricto Sensu Mestrado/Doutorado - Aluno Especial. Período de inscrições de 29/06/2026 a 10/07/2026. Consulte o edital completo no portal SSPPG UNEB.,UNEB,Doutorado - Aluno Especial,Humanas e Sociais,15,2026-06-29T12:00:00Z,2026-07-10T23:59:59Z,https://ssppg.uneb.br/inicio/editalExterno/1563?selecao=1563,Encerrado,2026-06-29T12:00:00Z,UNEB SSPPG
2026-09-20T08:02:26.117907Z,061/2026AE - Educação e Formação Docente - Stricto Sensu Mestrado - Aluno Especial,Inscrições para o processo seletivo da UNEB: 061/2026AE - Educação e Formação Docente - Stricto Sensu Mestrado - Aluno Especial. Período de inscrições de 29/06/2026 a 10/07/2026. Consulte o edital completo no portal SSPPG UNEB.,UNEB,Mestrado - Aluno Especial,Educação,15,2026-06-29T12:00:00Z,2026-07-10T23:59:59Z,https://ssppg.uneb.br/inicio/editalExterno/1570?selecao=1570,Encerrado,2026-06-29T12:00:00Z,UNEB SSPPG
2026-09-20T08:02:26.117907Z,"058/2026AE - Estudos Africanos, Povos Indígenas e Culturas Negras - Stricto Sensu Mestrado - Aluno Especial","Inscrições para o processo seletivo da UNEB: 058/2026AE - Estudos Africanos, Povos Indígenas e Culturas Negras - Stricto Sensu Mestrado - Aluno Especial. Período de inscrições de 29/06/2026 a 10/07/2026. Consulte o edital completo no portal SSPPG UNEB.",UNEB,Mestrado - Aluno Especial,Educação,15,2026-06-29T12:00:00Z,2026-07-10T23:59:59Z,https://ssppg.uneb.br/inicio/editalExterno/1562?selecao=1562,Encerrado,2026-06-29T12:00:00Z,UNEB SSPPG
2026-09-20T08:02:26.117907Z,064/2026AE - Estudos Africanos e Representações da África - Stricto Sensu Mestrado - Aluno Especial,Inscrições para o processo seletivo da UNEB: 064/2026AE - Estudos Africanos e Representações da África - Stricto Sensu Mestrado - Aluno Especial. Período de inscrições de 03/07/2026 a 13/07/2026. Consulte o edital completo no portal SSPPG UNEB.,UNEB,Mestrado - Aluno Especial,Educação,15,2026-07-03T12:00:00Z,2026-07-13T23:59:59Z,https://ssppg.uneb.br/inicio/editalExterno/1576?selecao=1576,Encerrado,2026-07-03T12:00:00Z,UNEB SSPPG
2026-09-20T08:02:26.117907Z,059/20262AE - Ecologia Humana e Gestão Socioambiental - Stricto Sensu Mestrado/Doutorado - Aluno Especial,Inscrições para o processo seletivo da UNEB: 059/20262AE - Ecologia Humana e Gestão Socioambiental - Stricto Sensu Mestrado/Doutorado - Aluno Especial. Período de inscrições de 03/07/2026 a 10/07/2026. Consulte o edital completo no portal SSPPG UNEB.,UNEB,Doutorado - Aluno Especial,Gestão e Negócios,15,2026-07-03T12:00:00Z,2026-07-10T23:59:59Z,https://ssppg.uneb.br/inicio/editalExterno/1568?selecao=1568,Encerrado,2026-07-03T12:00:00Z,UNEB SSPPG
2026-09-20T08:02:26.117907Z,044/2026AE - Programa de Pós-Graduação em Letras - Stricto Sensu Mestrado - Aluno Especial,Inscrições para o processo seletivo da UNEB: 044/2026AE - Programa de Pós-Graduação em Letras - Stricto Sensu Mestrado - Aluno Especial. Período de inscrições de 03/07/2026 a 10/07/2026. Consulte o edital completo no portal SSPPG UNEB.,UNEB,Mestrado - Aluno Especial,Humanas e Sociais,15,2026-07-03T12:00:00Z,2026-07-10T23:59:59Z,https://ssppg.uneb.br/inicio/editalExterno/1558?selecao=1558,Encerrado,2026-07-03T12:00:00Z,UNEB SSPPG
2026-09-20T08:02:26.117907Z,063/2026AE - Ciências Farmacêuticas - Stricto Sensu Mestrado - Aluno Especial,Inscrições para o processo seletivo da UNEB: 063/2026AE - Ciências Farmacêuticas - Stricto Sensu Mestrado - Aluno Especial. Período de inscrições de 03/07/2026 a 13/07/2026. Consulte o edital completo no portal SSPPG UNEB.,UNEB,Mestrado - Aluno Especial,Educação,15,2026-07-03T12:00:00Z,2026-07-13T23:59:59Z,https://ssppg.uneb.br/inicio/editalExterno/1569?selecao=1569,Encerrado,2026-07-03T12:00:00Z,UNEB SSPPG
2026-09-21T08:20:39.731714Z,Edital nº 01 - Processo Seletivo Aluno Especial Doutorado 2026.2 - DOUTORADO EM ESTATÍSTICA E CIÊNCIAS DE DADOS,Inscrições abertas para o processo seletivo da UFBA de ingresso no curso: DOUTORADO EM ESTATÍSTICA E CIÊNCIAS DE DADOS. Vagas ofertadas: 5. Período de inscrições de 15/06/2026 a 10/07/2026. Consulte o edital completo no portal oficial da instituição.,UFBA,Doutorado - Aluno Especial,Engenharias e Exatas,5,2026-06-15T12:00:00Z,2026-07-10T12:00:00Z,https://sigaa.ufba.br/sigaa/public/processo_seletivo/lista.jsf?aba=p-processo&nivel=S,Encerrado,2026-06-15T12:00:00Z,UFBA SIGAA
2026-09-21T08:20:39.731714Z,Edital nº 01 - Processo Seletivo Aluno Especial Mestrado 2026.2 - MESTRADO EM ESTATÍSTICA E CIÊNCIAS DE DADOS,Inscrições abertas para o processo seletivo da UFBA de ingresso no curso: MESTRADO EM ESTATÍSTICA E CIÊNCIAS DE DADOS. Vagas ofertadas: 13. Período de inscrições de 15/06/2026 a 10/07/2026. Consulte o edital completo no portal oficial da instituição.,UFBA,Mestrado - Aluno Especial,Engenharias e Exatas,13,2026-06-15T12:00:00Z,2026-07-10T12:00:00Z,https://sigaa.ufba.br/sigaa/public/processo_seletivo/lista.jsf?aba=p-processo&nivel=S,Encerrado,2026-06-15T12:00:00Z,UFBA SIGAA
2026-09-21T08:20:39.731714Z,EDITAL DE ALUNO ESPECIAL 2026.2 DOUTORADO - DOUTORADO EM ARQUITETURA E URBANISMO,Inscrições abertas para o processo seletivo da UFBA de ingresso no curso: DOUTORADO EM ARQUITETURA E URBANISMO. Vagas ofertadas: 50. Período de inscrições de 12/06/2026 a 18/06/2026. Consulte o edital completo no portal oficial da instituição.,UFBA,Doutorado - Aluno Especial,Engenharias e Exatas,50,2026-06-12T12:00:00Z,2026-06-18T12:00:00Z,https://sigaa.ufba.br/sigaa/public/processo_seletivo/lista.jsf?aba=p-processo&nivel=S,Encerrado,2026-06-12T12:00:00Z,UFBA SIGAA
2026-09-21T08:20:39.731714Z,EDITAL DE ALUNO ESPECIAL 2026.2 MESTRADO - MESTRADO EM ARQUITETURA E URBANISMO,Inscrições abertas para o processo seletivo da UFBA de ingresso no curso: MESTRADO EM ARQUITETURA E URBANISMO. Vagas ofertadas: 50. Período de inscrições de 12/06/2026 a 18/06/2026. Consulte o edital completo no portal oficial da instituição.,UFBA,Mestrado - Aluno Especial,Engenharias e Exatas,50,2026-06-12T12:00:00Z,2026-06-18T12:00:00Z,https://sigaa.ufba.br/sigaa/public/processo_seletivo/lista.jsf?aba=p-processo&nivel=S,Encerrado,2026-06-12T12:00:00Z,UFBA SIGAA
2026-09-21T08:20:39.731714Z,PROCESSO SELETIVO IC-PGCOMP DOUTORADO PARA ALUNO ESPECIAL 2026.2 - DOUTORADO EM CIÊNCIA DA COMPUTAÇÃO,Inscrições abertas para o processo seletivo da UFBA de ingresso no curso: DOUTORADO EM CIÊNCIA DA COMPUTAÇÃO. Vagas ofertadas: 30. Período de inscrições de 12/06/2026 a 19/06/2026. Consulte o edital completo no portal oficial da instituição.,UFBA,Doutorado - Aluno Especial,Tecnologia e Informática,30,2026-06-12T12:00:00Z,2026-06-19T12:00:00Z,https://sigaa.ufba.br/sigaa/public/processo_seletivo/lista.jsf?aba=p-processo&nivel=S,Encerrado,2026-06-12T12:00:00Z,UFBA SIGAA
2026-09-21T08:20:39.731714Z,PROCESSO SELETIVO IC-PGCOMP MESTRADO PARA ALUNO ESPECIAL 2026.2 - MESTRADO EM CIÊNCIA DA COMPUTAÇÃO,Inscrições abertas para o processo seletivo da UFBA de ingresso no curso: MESTRADO EM CIÊNCIA DA COMPUTAÇÃO. Vagas ofertadas: 70. Período de inscrições de 12/06/2026 a 19/06/2026. Consulte o edital completo no portal oficial da instituição.,UFBA,Mestrado - Aluno Especial,Tecnologia e Informática,70,2026-06-12T12:00:00Z,2026-06-19T12:00:00Z,https://sigaa.ufba.br/sigaa/public/processo_seletivo/lista.jsf?aba=p-processo&nivel=S,Encerrado,2026-06-12T12:00:00Z,UFBA SIGAA
2026-09-21T08:20:39.731714Z,EDITAL nº 02/2026 - SELEÇÃO PARA ALUNO ESPECIAL - SEMESTRE LETIVO 2026.2 - MESTRADO EM EDUCAÇÃO,Inscrições abertas para o processo seletivo da UFBA de ingresso no curso: MESTRADO EM EDUCAÇÃO. Vagas ofertadas: 102. Período de inscrições de 09/06/2026 a 12/06/2026. Consulte o edital completo no portal oficial da instituição.,UFBA,Mestrado - Aluno Especial,Educação,102,2026-06-09T12:00:00Z,2026-06-12T12:00:00Z,https://sigaa.ufba.br/sigaa/public/processo_seletivo/lista.jsf?aba=p-processo&nivel=S,Encerrado,2026-06-09T12:00:00Z,UFBA SIGAA
2026-09-21T08:20:39.731714Z,PROCESSO SELETIVO PARA INGRESSO DE ALUNO ESPECIAL DOUTORADO- PGENF 2026.2 - DOUTORADO EM ENFERMAGEM E SAÚDE,Inscrições abertas para o processo seletivo da UFBA de ingresso no curso: DOUTORADO EM ENFERMAGEM E SAÚDE. Vagas ofertadas: 30. Período de inscrições de 09/06/2026 a 15/06/2026. Consulte o edital completo no portal oficial da instituição.,UFBA,Doutorado - Aluno Especial,Saúde e Biológicas,30,2026-06-09T12:00:00Z,2026-06-15T12:00:00Z,https://sigaa.ufba.br/sigaa/public/processo_seletivo/lista.jsf?aba=p-processo&nivel=S,Encerrado,2026-06-09T12:00:00Z,UFBA SIGAA
2026-09-21T08:20:39.731714Z,PROCESSO SELETIVO PARA INGRESSO DE ALUNO ESPECIAL MESTRADO- PGENF 2026.2 - MESTRADO EM ENFERMAGEM E SAÚDE,Inscrições abertas para o processo seletivo da UFBA de ingresso no curso: MESTRADO EM ENFERMAGEM E SAÚDE. Vagas ofertadas: 60. Período de inscrições de 09/06/2026 a 15/06/2026. Consulte o edital completo no portal oficial da instituição.,UFBA,Mestrado - Aluno Especial,Saúde e Biológicas,60,2026-06-09T12:00:00Z,2026-06-15T12:00:00Z,https://sigaa.ufba.br/sigaa/public/processo_seletivo/lista.jsf?aba=p-processo&nivel=S,Encerrado,2026-06-09T12:00:00Z,UFBA SIGAA
2026-09-21T08:20:39.731714Z,SELEÇÃO DE ALUNO/A ESPECIAL DO PPGCS - 2026.2 - MESTRADO EM CIÊNCIAS SOCIAIS,Inscrições abertas para o processo seletivo da UFBA de ingresso no curso: MESTRADO EM CIÊNCIAS SOCIAIS. Vagas ofertadas: 45. Período de inscrições de 05/06/2026 a 12/06/2026. Consulte o edital completo no portal oficial da instituição.,UFBA,Mestrado - Aluno Especial,Saúde e Biológicas,45,2026-06-05T12:00:00Z,2026-06-12T12:00:00Z,https://sigaa.ufba.br/sigaa/public/processo_seletivo/lista.jsf?aba=p-processo&nivel=S,Encerrado,2026-06-05T12:00:00Z,UFBA SIGAA
2026-09-21T08:20:39.731714Z,SELEÇÃO PARA ALUNO ESPECIAL PPGCONT 2026.2 - MESTRADO EM CONTABILIDADE,Inscrições abertas para o processo seletivo da UFBA de ingresso no curso: MESTRADO EM CONTABILIDADE. Vagas ofertadas: 80. Período de inscrições de 05/06/2026 a 12/06/2026. Consulte o edital completo no portal oficial da instituição.,UFBA,Mestrado - Aluno Especial,Saúde e Biológicas,80,2026-06-05T12:00:00Z,2026-06-12T12:00:00Z,https://sigaa.ufba.br/sigaa/public/processo_seletivo/lista.jsf?aba=p-processo&nivel=S,Encerrado,2026-06-05T12:00:00Z,UFBA SIGAA
2026-09-21T08:20:39.731714Z,function dpf(f) {var adp = f.adp;if (adp != null) {for (var i = 0;i EDITAL Nº 01/2026 - SELEÇÃO ALUNO ESPECIAL – SEMESTRE LETIVO 2026.1 - ESTUDOS DE L,Inscrições abertas para o processo seletivo da UNILAB de ingresso no curso: ESTUDOS DE LINGUAGEM: CONTEXTOS LUSÓFONOS BRASIL-ÁFRICA. Vagas ofertadas: 10. Período de inscrições de 01/07/2026 a 17/07/2026. Consulte o edital completo no portal oficial da instituição.,UNILAB,Mestrado - Aluno Especial,Saúde e Biológicas,10,2026-07-01T12:00:00Z,2026-07-17T12:00:00Z,https://sigaa.unilab.edu.br/sigaa/public/processo_seletivo/lista.jsf?aba=p-processo&nivel=S,Encerrado,2026-07-01T12:00:00Z,UNILAB SIGAA
2026-09-21T08:20:39.731714Z,049/2026AE - Química Aplicada - Stricto Sensu Mestrado - Aluno Especial,Inscrições para o processo seletivo da UNEB: 049/2026AE - Química Aplicada - Stricto Sensu Mestrado - Aluno Especial. Período de inscrições de 15/06/2026 a 10/07/2026. Consulte o edital completo no portal SSPPG UNEB.,UNEB,Mestrado - Aluno Especial,Engenharias e Exatas,15,2026-06-15T12:00:00Z,2026-07-10T23:59:59Z,https://ssppg.uneb.br/inicio/editalExterno/1561?selecao=1561,Encerrado,2026-06-15T12:00:00Z,UNEB SSPPG
2026-09-21T08:20:39.731714Z,050/2026AE - Educação e Contemporaneidade - Stricto Sensu Mestrado/Doutorado - Aluno Especial,Inscrições para o processo seletivo da UNEB: 050/2026AE - Educação e Contemporaneidade - Stricto Sensu Mestrado/Doutorado - Aluno Especial. Período de inscrições de 15/06/2026 a 06/07/2026. Consulte o edital completo no portal SSPPG UNEB.,UNEB,Doutorado - Aluno Especial,Educação,15,2026-06-15T12:00:00Z,2026-07-06T23:59:59Z,https://ssppg.uneb.br/inicio/editalExterno/1559?selecao=1559,Encerrado,2026-06-15T12:00:00Z,UNEB SSPPG
2026-09-21T08:20:39.731714Z,038/2026AE - Intervenção Educativa e Social - Stricto Sensu Mestrado - Aluno Especial,Inscrições para o processo seletivo da UNEB: 038/2026AE - Intervenção Educativa e Social - Stricto Sensu Mestrado - Aluno Especial. Período de inscrições de 15/06/2026 a 06/07/2026. Consulte o edital completo no portal SSPPG UNEB.,UNEB,Mestrado - Aluno Especial,Educação,15,2026-06-15T12:00:00Z,2026-07-06T23:59:59Z,https://ssppg.uneb.br/inicio/editalExterno/1554?selecao=1554,Encerrado,2026-06-15T12:00:00Z,UNEB SSPPG
2026-09-21T08:20:39.731714Z,053/2026AEME - Crítica Cultural - Stricto Sensu Mestrado - Aluno Especial,Inscrições para o processo seletivo da UNEB: 053/2026AEME - Crítica Cultural - Stricto Sensu Mestrado - Aluno Especial. Período de inscrições de 23/06/2026 a 06/07/2026. Consulte o edital completo no portal SSPPG UNEB.,UNEB,Mestrado - Aluno Especial,Educação,15,2026-06-23T12:00:00Z,2026-07-06T23:59:59Z,https://ssppg.uneb.br/inicio/editalExterno/1565?selecao=1565,Encerrado,2026-06-23T12:00:00Z,UNEB SSPPG
2026-09-21T08:20:39.731714Z,053/2026AEDO - Crítica Cultural - Stricto Sensu Doutorado - Aluno Especial,Inscrições para o processo seletivo da UNEB: 053/2026AEDO - Crítica Cultural - Stricto Sensu Doutorado - Aluno Especial. Período de inscrições de 23/06/2026 a 06/07/2026. Consulte o edital completo no portal SSPPG UNEB.,UNEB,Doutorado - Aluno Especial,Educação,15,2026-06-23T12:00:00Z,2026-07-06T23:59:59Z,https://ssppg.uneb.br/inicio/editalExterno/1567?selecao=1567,Encerrado,2026-06-23T12:00:00Z,UNEB SSPPG
2026-09-21T08:20:39.731714Z,055/2026AE - Educação e Diversidade - Stricto Sensu Mestrado - Aluno Especial,Inscrições para o processo seletivo da UNEB: 055/2026AE - Educação e Diversidade - Stricto Sensu Mestrado - Aluno Especial. Período de inscrições de 25/06/2026 a 08/07/2026. Consulte o edital completo no portal SSPPG UNEB.,UNEB,Mestrado - Aluno Especial,Educação,15,2026-06-25T12:00:00Z,2026-07-08T23:59:59Z,https://ssppg.uneb.br/inicio/editalExterno/1560?selecao=1560,Encerrado,2026-06-25T12:00:00Z,UNEB SSPPG
2026-09-21T08:20:39.731714Z,054/2026AE - ESTUDOS TERRITORIAIS - Stricto Sensu Mestrado - Aluno Especial,Inscrições para o processo seletivo da UNEB: 054/2026AE - ESTUDOS TERRITORIAIS - Stricto Sensu Mestrado - Aluno Especial. Período de inscrições de 25/06/2026 a 06/07/2026. Consulte o edital completo no portal SSPPG UNEB.,UNEB,Mestrado - Aluno Especial,Educação,15,2026-06-25T12:00:00Z,2026-07-06T23:59:59Z,https://ssppg.uneb.br/inicio/editalExterno/1557?selecao=1557,Encerrado,2026-06-25T12:00:00Z,UNEB SSPPG
2026-09-21T08:20:39.731714Z,"056/2026AE - ENSINO, LINGUAGEM E SOCIEDADE - Stricto Sensu Mestrado - Aluno Especial","Inscrições para o processo seletivo da UNEB: 056/2026AE - ENSINO, LINGUAGEM E SOCIEDADE - Stricto Sensu Mestrado - Aluno Especial. Período de inscrições de 26/06/2026 a 09/07/2026. Consulte o edital completo no portal SSPPG UNEB.",UNEB,Mestrado - Aluno Especial,Educação,15,2026-06-26T12:00:00Z,2026-07-09T23:59:59Z,https://ssppg.uneb.br/inicio/editalExterno/1564?selecao=1564,Encerrado,2026-06-26T12:00:00Z,UNEB SSPPG
2026-09-21T08:20:39.731714Z,048/2026AE - Estudo de Linguagens - Stricto Sensu Mestrado/Doutorado - Aluno Especial,Inscrições para o processo seletivo da UNEB: 048/2026AE - Estudo de Linguagens - Stricto Sensu Mestrado/Doutorado - Aluno Especial. Período de inscrições de 29/06/2026 a 10/07/2026. Consulte o edital completo no portal SSPPG UNEB.,UNEB,Doutorado - Aluno Especial,Humanas e Sociais,15,2026-06-29T12:00:00Z,2026-07-10T23:59:59Z,https://ssppg.uneb.br/inicio/editalExterno/1563?selecao=1563,Encerrado,2026-06-29T12:00:00Z,UNEB SSPPG
2026-09-21T08:20:39.731714Z,061/2026AE - Educação e Formação Docente - Stricto Sensu Mestrado - Aluno Especial,Inscrições para o processo seletivo da UNEB: 061/2026AE - Educação e Formação Docente - Stricto Sensu Mestrado - Aluno Especial. Período de inscrições de 29/06/2026 a 10/07/2026. Consulte o edital completo no portal SSPPG UNEB.,UNEB,Mestrado - Aluno Especial,Educação,15,2026-06-29T12:00:00Z,2026-07-10T23:59:59Z,https://ssppg.uneb.br/inicio/editalExterno/1570?selecao=1570,Encerrado,2026-06-29T12:00:00Z,UNEB SSPPG
2026-09-21T08:20:39.731714Z,"058/2026AE - Estudos Africanos, Povos Indígenas e Culturas Negras - Stricto Sensu Mestrado - Aluno Especial","Inscrições para o processo seletivo da UNEB: 058/2026AE - Estudos Africanos, Povos Indígenas e Culturas Negras - Stricto Sensu Mestrado - Aluno Especial. Período de inscrições de 29/06/2026 a 10/07/2026. Consulte o edital completo no portal SSPPG UNEB.",UNEB,Mestrado - Aluno Especial,Educação,15,2026-06-29T12:00:00Z,2026-07-10T23:59:59Z,https://ssppg.uneb.br/inicio/editalExterno/1562?selecao=1562,Encerrado,2026-06-29T12:00:00Z,UNEB SSPPG
2026-09-21T08:20:39.731714Z,064/2026AE - Estudos Africanos e Representações da África - Stricto Sensu Mestrado - Aluno Especial,Inscrições para o processo seletivo da UNEB: 064/2026AE - Estudos Africanos e Representações da África - Stricto Sensu Mestrado - Aluno Especial. Período de inscrições de 03/07/2026 a 13/07/2026. Consulte o edital completo no portal SSPPG UNEB.,UNEB,Mestrado - Aluno Especial,Educação,15,2026-07-03T12:00:00Z,2026-07-13T23:59:59Z,https://ssppg.uneb.br/inicio/editalExterno/1576?selecao=1576,Encerrado,2026-07-03T12:00:00Z,UNEB SSPPG
2026-09-21T08:20:39.731714Z,059/20262AE - Ecologia Humana e Gestão Socioambiental - Stricto Sensu Mestrado/Doutorado - Aluno Especial,Inscrições para o processo seletivo da UNEB: 059/20262AE - Ecologia Humana e Gestão Socioambiental - Stricto Sensu Mestrado/Doutorado - Aluno Especial. Período de inscrições de 03/07/2026 a 10/07/2026. Consulte o edital completo no portal SSPPG UNEB.,UNEB,Doutorado - Aluno Especial,Gestão e Negócios,15,2026-07-03T12:00:00Z,2026-07-10T23:59:59Z,https://ssppg.uneb.br/inicio/editalExterno/1568?selecao=1568,Encerrado,2026-07-03T12:00:00Z,UNEB SSPPG
2026-09-21T08:20:39.731714Z,044/2026AE - Programa de Pós-Graduação em Letras - Stricto Sensu Mestrado - Aluno Especial,Inscrições para o processo seletivo da UNEB: 044/2026AE - Programa de Pós-Graduação em Letras - Stricto Sensu Mestrado - Aluno Especial. Período de inscrições de 03/07/2026 a 10/07/2026. Consulte o edital completo no portal SSPPG UNEB.,UNEB,Mestrado - Aluno Especial,Humanas e Sociais,15,2026-07-03T12:00:00Z,2026-07-10T23:59:59Z,https://ssppg.uneb.br/inicio/editalExterno/1558?selecao=1558,Encerrado,2026-07-03T12:00:00Z,UNEB SSPPG
2026-09-21T08:20:39.731714Z,063/2026AE - Ciências Farmacêuticas - Stricto Sensu Mestrado - Aluno Especial,Inscrições para o processo seletivo da UNEB: 063/2026AE - Ciências Farmacêuticas - Stricto Sensu Mestrado - Aluno Especial. Período de inscrições de 03/07/2026 a 13/07/2026. Consulte o edital completo no portal SSPPG UNEB.,UNEB,Mestrado - Aluno Especial,Educação,15,2026-07-03T12:00:00Z,2026-07-13T23:59:59Z,https://ssppg.uneb.br/inicio/editalExterno/1569?selecao=1569,Encerrado,2026-07-03T12:00:00Z,UNEB SSPPG
2026-09-22T08:02:58.750436Z,Edital nº 01 - Processo Seletivo Aluno Especial Doutorado 2026.2 - DOUTORADO EM ESTATÍSTICA E CIÊNCIAS DE DADOS,Inscrições abertas para o processo seletivo da UFBA de ingresso no curso: DOUTORADO EM ESTATÍSTICA E CIÊNCIAS DE DADOS. Vagas ofertadas: 5. Período de inscrições de 15/06/2026 a 10/07/2026. Consulte o edital completo no portal oficial da instituição.,UFBA,Doutorado - Aluno Especial,Engenharias e Exatas,5,2026-06-15T12:00:00Z,2026-07-10T12:00:00Z,https://sigaa.ufba.br/sigaa/public/processo_seletivo/lista.jsf?aba=p-processo&nivel=S,Encerrado,2026-06-15T12:00:00Z,UFBA SIGAA
2026-09-22T08:02:58.750436Z,Edital nº 01 - Processo Seletivo Aluno Especial Mestrado 2026.2 - MESTRADO EM ESTATÍSTICA E CIÊNCIAS DE DADOS,Inscrições abertas para o processo seletivo da UFBA de ingresso no curso: MESTRADO EM ESTATÍSTICA E CIÊNCIAS DE DADOS. Vagas ofertadas: 13. Período de inscrições de 15/06/2026 a 10/07/2026. Consulte o edital completo no portal oficial da instituição.,UFBA,Mestrado - Aluno Especial,Engenharias e Exatas,13,2026-06-15T12:00:00Z,2026-07-10T12:00:00Z,https://sigaa.ufba.br/sigaa/public/processo_seletivo/lista.jsf?aba=p-processo&nivel=S,Encerrado,2026-06-15T12:00:00Z,UFBA SIGAA
2026-09-22T08:02:58.750436Z,EDITAL DE ALUNO ESPECIAL 2026.2 DOUTORADO - DOUTORADO EM ARQUITETURA E URBANISMO,Inscrições abertas para o processo seletivo da UFBA de ingresso no curso: DOUTORADO EM ARQUITETURA E URBANISMO. Vagas ofertadas: 50. Período de inscrições de 12/06/2026 a 18/06/2026. Consulte o edital completo no portal oficial da instituição.,UFBA,Doutorado - Aluno Especial,Engenharias e Exatas,50,2026-06-12T12:00:00Z,2026-06-18T12:00:00Z,https://sigaa.ufba.br/sigaa/public/processo_seletivo/lista.jsf?aba=p-processo&nivel=S,Encerrado,2026-06-12T12:00:00Z,UFBA SIGAA
2026-09-22T08:02:58.750436Z,EDITAL DE ALUNO ESPECIAL 2026.2 MESTRADO - MESTRADO EM ARQUITETURA E URBANISMO,Inscrições abertas para o processo seletivo da UFBA de ingresso no curso: MESTRADO EM ARQUITETURA E URBANISMO. Vagas ofertadas: 50. Período de inscrições de 12/06/2026 a 18/06/2026. Consulte o edital completo no portal oficial da instituição.,UFBA,Mestrado - Aluno Especial,Engenharias e Exatas,50,2026-06-12T12:00:00Z,2026-06-18T12:00:00Z,https://sigaa.ufba.br/sigaa/public/processo_seletivo/lista.jsf?aba=p-processo&nivel=S,Encerrado,2026-06-12T12:00:00Z,UFBA SIGAA
2026-09-22T08:02:58.750436Z,PROCESSO SELETIVO IC-PGCOMP DOUTORADO PARA ALUNO ESPECIAL 2026.2 - DOUTORADO EM CIÊNCIA DA COMPUTAÇÃO,Inscrições abertas para o processo seletivo da UFBA de ingresso no curso: DOUTORADO EM CIÊNCIA DA COMPUTAÇÃO. Vagas ofertadas: 30. Período de inscrições de 12/06/2026 a 19/06/2026. Consulte o edital completo no portal oficial da instituição.,UFBA,Doutorado - Aluno Especial,Tecnologia e Informática,30,2026-06-12T12:00:00Z,2026-06-19T12:00:00Z,https://sigaa.ufba.br/sigaa/public/processo_seletivo/lista.jsf?aba=p-processo&nivel=S,Encerrado,2026-06-12T12:00:00Z,UFBA SIGAA
2026-09-22T08:02:58.750436Z,PROCESSO SELETIVO IC-PGCOMP MESTRADO PARA ALUNO ESPECIAL 2026.2 - MESTRADO EM CIÊNCIA DA COMPUTAÇÃO,Inscrições abertas para o processo seletivo da UFBA de ingresso no curso: MESTRADO EM CIÊNCIA DA COMPUTAÇÃO. Vagas ofertadas: 70. Período de inscrições de 12/06/2026 a 19/06/2026. Consulte o edital completo no portal oficial da instituição.,UFBA,Mestrado - Aluno Especial,Tecnologia e Informática,70,2026-06-12T12:00:00Z,2026-06-19T12:00:00Z,https://sigaa.ufba.br/sigaa/public/processo_seletivo/lista.jsf?aba=p-processo&nivel=S,Encerrado,2026-06-12T12:00:00Z,UFBA SIGAA
2026-09-22T08:02:58.750436Z,EDITAL nº 02/2026 - SELEÇÃO PARA ALUNO ESPECIAL - SEMESTRE LETIVO 2026.2 - MESTRADO EM EDUCAÇÃO,Inscrições abertas para o processo seletivo da UFBA de ingresso no curso: MESTRADO EM EDUCAÇÃO. Vagas ofertadas: 102. Período de inscrições de 09/06/2026 a 12/06/2026. Consulte o edital completo no portal oficial da instituição.,UFBA,Mestrado - Aluno Especial,Educação,102,2026-06-09T12:00:00Z,2026-06-12T12:00:00Z,https://sigaa.ufba.br/sigaa/public/processo_seletivo/lista.jsf?aba=p-processo&nivel=S,Encerrado,2026-06-09T12:00:00Z,UFBA SIGAA
2026-09-22T08:02:58.750436Z,PROCESSO SELETIVO PARA INGRESSO DE ALUNO ESPECIAL DOUTORADO- PGENF 2026.2 - DOUTORADO EM ENFERMAGEM E SAÚDE,Inscrições abertas para o processo seletivo da UFBA de ingresso no curso: DOUTORADO EM ENFERMAGEM E SAÚDE. Vagas ofertadas: 30. Período de inscrições de 09/06/2026 a 15/06/2026. Consulte o edital completo no portal oficial da instituição.,UFBA,Doutorado - Aluno Especial,Saúde e Biológicas,30,2026-06-09T12:00:00Z,2026-06-15T12:00:00Z,https://sigaa.ufba.br/sigaa/public/processo_seletivo/lista.jsf?aba=p-processo&nivel=S,Encerrado,2026-06-09T12:00:00Z,UFBA SIGAA
2026-09-22T08:02:58.750436Z,PROCESSO SELETIVO PARA INGRESSO DE ALUNO ESPECIAL MESTRADO- PGENF 2026.2 - MESTRADO EM ENFERMAGEM E SAÚDE,Inscrições abertas para o processo seletivo da UFBA de ingresso no curso: MESTRADO EM ENFERMAGEM E SAÚDE. Vagas ofertadas: 60. Período de inscrições de 09/06/2026 a 15/06/2026. Consulte o edital completo no portal oficial da instituição.,UFBA,Mestrado - Aluno Especial,Saúde e Biológicas,60,2026-06-09T12:00:00Z,2026-06-15T12:00:00Z,https://sigaa.ufba.br/sigaa/public/processo_seletivo/lista.jsf?aba=p-processo&nivel=S,Encerrado,2026-06-09T12:00:00Z,UFBA SIGAA
2026-09-22T08:02:58.750436Z,SELEÇÃO DE ALUNO/A ESPECIAL DO PPGCS - 2026.2 - MESTRADO EM CIÊNCIAS SOCIAIS,Inscrições abertas para o processo seletivo da UFBA de ingresso no curso: MESTRADO EM CIÊNCIAS SOCIAIS. Vagas ofertadas: 45. Período de inscrições de 05/06/2026 a 12/06/2026. Consulte o edital completo no portal oficial da instituição.,UFBA,Mestrado - Aluno Especial,Saúde e Biológicas,45,2026-06-05T12:00:00Z,2026-06-12T12:00:00Z,https://sigaa.ufba.br/sigaa/public/processo_seletivo/lista.jsf?aba=p-processo&nivel=S,Encerrado,2026-06-05T12:00:00Z,UFBA SIGAA
2026-09-22T08:02:58.750436Z,SELEÇÃO PARA ALUNO ESPECIAL PPGCONT 2026.2 - MESTRADO EM CONTABILIDADE,Inscrições abertas para o processo seletivo da UFBA de ingresso no curso: MESTRADO EM CONTABILIDADE. Vagas ofertadas: 80. Período de inscrições de 05/06/2026 a 12/06/2026. Consulte o edital completo no portal oficial da instituição.,UFBA,Mestrado - Aluno Especial,Saúde e Biológicas,80,2026-06-05T12:00:00Z,2026-06-12T12:00:00Z,https://sigaa.ufba.br/sigaa/public/processo_seletivo/lista.jsf?aba=p-processo&nivel=S,Encerrado,2026-06-05T12:00:00Z,UFBA SIGAA
2026-09-22T08:02:58.750436Z,function dpf(f) {var adp = f.adp;if (adp != null) {for (var i = 0;i EDITAL Nº 01/2026 - SELEÇÃO ALUNO ESPECIAL – SEMESTRE LETIVO 2026.1 - ESTUDOS DE L,Inscrições abertas para o processo seletivo da UNILAB de ingresso no curso: ESTUDOS DE LINGUAGEM: CONTEXTOS LUSÓFONOS BRASIL-ÁFRICA. Vagas ofertadas: 10. Período de inscrições de 01/07/2026 a 17/07/2026. Consulte o edital completo no portal oficial da instituição.,UNILAB,Mestrado - Aluno Especial,Saúde e Biológicas,10,2026-07-01T12:00:00Z,2026-07-17T12:00:00Z,https://sigaa.unilab.edu.br/sigaa/public/processo_seletivo/lista.jsf?aba=p-processo&nivel=S,Encerrado,2026-07-01T12:00:00Z,UNILAB SIGAA
2026-09-22T08:02:58.750436Z,049/2026AE - Química Aplicada - Stricto Sensu Mestrado - Aluno Especial,Inscrições para o processo seletivo da UNEB: 049/2026AE - Química Aplicada - Stricto Sensu Mestrado - Aluno Especial. Período de inscrições de 15/06/2026 a 10/07/2026. Consulte o edital completo no portal SSPPG UNEB.,UNEB,Mestrado - Aluno Especial,Engenharias e Exatas,15,2026-06-15T12:00:00Z,2026-07-10T23:59:59Z,https://ssppg.uneb.br/inicio/editalExterno/1561?selecao=1561,Encerrado,2026-06-15T12:00:00Z,UNEB SSPPG
2026-09-22T08:02:58.750436Z,050/2026AE - Educação e Contemporaneidade - Stricto Sensu Mestrado/Doutorado - Aluno Especial,Inscrições para o processo seletivo da UNEB: 050/2026AE - Educação e Contemporaneidade - Stricto Sensu Mestrado/Doutorado - Aluno Especial. Período de inscrições de 15/06/2026 a 06/07/2026. Consulte o edital completo no portal SSPPG UNEB.,UNEB,Doutorado - Aluno Especial,Educação,15,2026-06-15T12:00:00Z,2026-07-06T23:59:59Z,https://ssppg.uneb.br/inicio/editalExterno/1559?selecao=1559,Encerrado,2026-06-15T12:00:00Z,UNEB SSPPG
2026-09-22T08:02:58.750436Z,038/2026AE - Intervenção Educativa e Social - Stricto Sensu Mestrado - Aluno Especial,Inscrições para o processo seletivo da UNEB: 038/2026AE - Intervenção Educativa e Social - Stricto Sensu Mestrado - Aluno Especial. Período de inscrições de 15/06/2026 a 06/07/2026. Consulte o edital completo no portal SSPPG UNEB.,UNEB,Mestrado - Aluno Especial,Educação,15,2026-06-15T12:00:00Z,2026-07-06T23:59:59Z,https://ssppg.uneb.br/inicio/editalExterno/1554?selecao=1554,Encerrado,2026-06-15T12:00:00Z,UNEB SSPPG
2026-09-22T08:02:58.750436Z,053/2026AEME - Crítica Cultural - Stricto Sensu Mestrado - Aluno Especial,Inscrições para o processo seletivo da UNEB: 053/2026AEME - Crítica Cultural - Stricto Sensu Mestrado - Aluno Especial. Período de inscrições de 23/06/2026 a 06/07/2026. Consulte o edital completo no portal SSPPG UNEB.,UNEB,Mestrado - Aluno Especial,Educação,15,2026-06-23T12:00:00Z,2026-07-06T23:59:59Z,https://ssppg.uneb.br/inicio/editalExterno/1565?selecao=1565,Encerrado,2026-06-23T12:00:00Z,UNEB SSPPG
2026-09-22T08:02:58.750436Z,053/2026AEDO - Crítica Cultural - Stricto Sensu Doutorado - Aluno Especial,Inscrições para o processo seletivo da UNEB: 053/2026AEDO - Crítica Cultural - Stricto Sensu Doutorado - Aluno Especial. Período de inscrições de 23/06/2026 a 06/07/2026. Consulte o edital completo no portal SSPPG UNEB.,UNEB,Doutorado - Aluno Especial,Educação,15,2026-06-23T12:00:00Z,2026-07-06T23:59:59Z,https://ssppg.uneb.br/inicio/editalExterno/1567?selecao=1567,Encerrado,2026-06-23T12:00:00Z,UNEB SSPPG
2026-09-22T08:02:58.750436Z,055/2026AE - Educação e Diversidade - Stricto Sensu Mestrado - Aluno Especial,Inscrições para o processo seletivo da UNEB: 055/2026AE - Educação e Diversidade - Stricto Sensu Mestrado - Aluno Especial. Período de inscrições de 25/06/2026 a 08/07/2026. Consulte o edital completo no portal SSPPG UNEB.,UNEB,Mestrado - Aluno Especial,Educação,15,2026-06-25T12:00:00Z,2026-07-08T23:59:59Z,https://ssppg.uneb.br/inicio/editalExterno/1560?selecao=1560,Encerrado,2026-06-25T12:00:00Z,UNEB SSPPG
2026-09-22T08:02:58.750436Z,054/2026AE - ESTUDOS TERRITORIAIS - Stricto Sensu Mestrado - Aluno Especial,Inscrições para o processo seletivo da UNEB: 054/2026AE - ESTUDOS TERRITORIAIS - Stricto Sensu Mestrado - Aluno Especial. Período de inscrições de 25/06/2026 a 06/07/2026. Consulte o edital completo no portal SSPPG UNEB.,UNEB,Mestrado - Aluno Especial,Educação,15,2026-06-25T12:00:00Z,2026-07-06T23:59:59Z,https://ssppg.uneb.br/inicio/editalExterno/1557?selecao=1557,Encerrado,2026-06-25T12:00:00Z,UNEB SSPPG
2026-09-22T08:02:58.750436Z,"056/2026AE - ENSINO, LINGUAGEM E SOCIEDADE - Stricto Sensu Mestrado - Aluno Especial","Inscrições para o processo seletivo da UNEB: 056/2026AE - ENSINO, LINGUAGEM E SOCIEDADE - Stricto Sensu Mestrado - Aluno Especial. Período de inscrições de 26/06/2026 a 09/07/2026. Consulte o edital completo no portal SSPPG UNEB.",UNEB,Mestrado - Aluno Especial,Educação,15,2026-06-26T12:00:00Z,2026-07-09T23:59:59Z,https://ssppg.uneb.br/inicio/editalExterno/1564?selecao=1564,Encerrado,2026-06-26T12:00:00Z,UNEB SSPPG
2026-09-22T08:02:58.750436Z,048/2026AE - Estudo de Linguagens - Stricto Sensu Mestrado/Doutorado - Aluno Especial,Inscrições para o processo seletivo da UNEB: 048/2026AE - Estudo de Linguagens - Stricto Sensu Mestrado/Doutorado - Aluno Especial. Período de inscrições de 29/06/2026 a 10/07/2026. Consulte o edital completo no portal SSPPG UNEB.,UNEB,Doutorado - Aluno Especial,Humanas e Sociais,15,2026-06-29T12:00:00Z,2026-07-10T23:59:59Z,https://ssppg.uneb.br/inicio/editalExterno/1563?selecao=1563,Encerrado,2026-06-29T12:00:00Z,UNEB SSPPG
2026-09-22T08:02:58.750436Z,061/2026AE - Educação e Formação Docente - Stricto Sensu Mestrado - Aluno Especial,Inscrições para o processo seletivo da UNEB: 061/2026AE - Educação e Formação Docente - Stricto Sensu Mestrado - Aluno Especial. Período de inscrições de 29/06/2026 a 10/07/2026. Consulte o edital completo no portal SSPPG UNEB.,UNEB,Mestrado - Aluno Especial,Educação,15,2026-06-29T12:00:00Z,2026-07-10T23:59:59Z,https://ssppg.uneb.br/inicio/editalExterno/1570?selecao=1570,Encerrado,2026-06-29T12:00:00Z,UNEB SSPPG
2026-09-22T08:02:58.750436Z,"058/2026AE - Estudos Africanos, Povos Indígenas e Culturas Negras - Stricto Sensu Mestrado - Aluno Especial","Inscrições para o processo seletivo da UNEB: 058/2026AE - Estudos Africanos, Povos Indígenas e Culturas Negras - Stricto Sensu Mestrado - Aluno Especial. Período de inscrições de 29/06/2026 a 10/07/2026. Consulte o edital completo no portal SSPPG UNEB.",UNEB,Mestrado - Aluno Especial,Educação,15,2026-06-29T12:00:00Z,2026-07-10T23:59:59Z,https://ssppg.uneb.br/inicio/editalExterno/1562?selecao=1562,Encerrado,2026-06-29T12:00:00Z,UNEB SSPPG
2026-09-22T08:02:58.750436Z,064/2026AE - Estudos Africanos e Representações da África - Stricto Sensu Mestrado - Aluno Especial,Inscrições para o processo seletivo da UNEB: 064/2026AE - Estudos Africanos e Representações da África - Stricto Sensu Mestrado - Aluno Especial. Período de inscrições de 03/07/2026 a 13/07/2026. Consulte o edital completo no portal SSPPG UNEB.,UNEB,Mestrado - Aluno Especial,Educação,15,2026-07-03T12:00:00Z,2026-07-13T23:59:59Z,https://ssppg.uneb.br/inicio/editalExterno/1576?selecao=1576,Encerrado,2026-07-03T12:00:00Z,UNEB SSPPG
2026-09-22T08:02:58.750436Z,059/20262AE - Ecologia Humana e Gestão Socioambiental - Stricto Sensu Mestrado/Doutorado - Aluno Especial,Inscrições para o processo seletivo da UNEB: 059/20262AE - Ecologia Humana e Gestão Socioambiental - Stricto Sensu Mestrado/Doutorado - Aluno Especial. Período de inscrições de 03/07/2026 a 10/07/2026. Consulte o edital completo no portal SSPPG UNEB.,UNEB,Doutorado - Aluno Especial,Gestão e Negócios,15,2026-07-03T12:00:00Z,2026-07-10T23:59:59Z,https://ssppg.uneb.br/inicio/editalExterno/1568?selecao=1568,Encerrado,2026-07-03T12:00:00Z,UNEB SSPPG
2026-09-22T08:02:58.750436Z,044/2026AE - Programa de Pós-Graduação em Letras - Stricto Sensu Mestrado - Aluno Especial,Inscrições para o processo seletivo da UNEB: 044/2026AE - Programa de Pós-Graduação em Letras - Stricto Sensu Mestrado - Aluno Especial. Período de inscrições de 03/07/2026 a 10/07/2026. Consulte o edital completo no portal SSPPG UNEB.,UNEB,Mestrado - Aluno Especial,Humanas e Sociais,15,2026-07-03T12:00:00Z,2026-07-10T23:59:59Z,https://ssppg.uneb.br/inicio/editalExterno/1558?selecao=1558,Encerrado,2026-07-03T12:00:00Z,UNEB SSPPG
2026-09-22T08:02:58.750436Z,063/2026AE - Ciências Farmacêuticas - Stricto Sensu Mestrado - Aluno Especial,Inscrições para o processo seletivo da UNEB: 063/2026AE - Ciências Farmacêuticas - Stricto Sensu Mestrado - Aluno Especial. Período de inscrições de 03/07/2026 a 13/07/2026. Consulte o edital completo no portal SSPPG UNEB.,UNEB,Mestrado - Aluno Especial,Educação,15,2026-07-03T12:00:00Z,2026-07-13T23:59:59Z,https://ssppg.uneb.br/inicio/editalExterno/1569?selecao=1569,Encerrado,2026-07-03T12:00:00Z,UNEB SSPPG
2026-09-23T08:05:32.502675Z,Edital nº 01 - Processo Seletivo Aluno Especial Doutorado 2026.2 - DOUTORADO EM ESTATÍSTICA E CIÊNCIAS DE DADOS,Inscrições abertas para o processo seletivo da UFBA de ingresso no curso: DOUTORADO EM ESTATÍSTICA E CIÊNCIAS DE DADOS. Vagas ofertadas: 5. Período de inscrições de 15/06/2026 a 10/07/2026. Consulte o edital completo no portal oficial da instituição.,UFBA,Doutorado - Aluno Especial,Engenharias e Exatas,5,2026-06-15T12:00:00Z,2026-07-10T12:00:00Z,https://sigaa.ufba.br/sigaa/public/processo_seletivo/lista.jsf?aba=p-processo&nivel=S,Encerrado,2026-06-15T12:00:00Z,UFBA SIGAA
2026-09-23T08:05:32.502675Z,Edital nº 01 - Processo Seletivo Aluno Especial Mestrado 2026.2 - MESTRADO EM ESTATÍSTICA E CIÊNCIAS DE DADOS,Inscrições abertas para o processo seletivo da UFBA de ingresso no curso: MESTRADO EM ESTATÍSTICA E CIÊNCIAS DE DADOS. Vagas ofertadas: 13. Período de inscrições de 15/06/2026 a 10/07/2026. Consulte o edital completo no portal oficial da instituição.,UFBA,Mestrado - Aluno Especial,Engenharias e Exatas,13,2026-06-15T12:00:00Z,2026-07-10T12:00:00Z,https://sigaa.ufba.br/sigaa/public/processo_seletivo/lista.jsf?aba=p-processo&nivel=S,Encerrado,2026-06-15T12:00:00Z,UFBA SIGAA
2026-09-23T08:05:32.502675Z,EDITAL DE ALUNO ESPECIAL 2026.2 DOUTORADO - DOUTORADO EM ARQUITETURA E URBANISMO,Inscrições abertas para o processo seletivo da UFBA de ingresso no curso: DOUTORADO EM ARQUITETURA E URBANISMO. Vagas ofertadas: 50. Período de inscrições de 12/06/2026 a 18/06/2026. Consulte o edital completo no portal oficial da instituição.,UFBA,Doutorado - Aluno Especial,Engenharias e Exatas,50,2026-06-12T12:00:00Z,2026-06-18T12:00:00Z,https://sigaa.ufba.br/sigaa/public/processo_seletivo/lista.jsf?aba=p-processo&nivel=S,Encerrado,2026-06-12T12:00:00Z,UFBA SIGAA
2026-09-23T08:05:32.502675Z,EDITAL DE ALUNO ESPECIAL 2026.2 MESTRADO - MESTRADO EM ARQUITETURA E URBANISMO,Inscrições abertas para o processo seletivo da UFBA de ingresso no curso: MESTRADO EM ARQUITETURA E URBANISMO. Vagas ofertadas: 50. Período de inscrições de 12/06/2026 a 18/06/2026. Consulte o edital completo no portal oficial da instituição.,UFBA,Mestrado - Aluno Especial,Engenharias e Exatas,50,2026-06-12T12:00:00Z,2026-06-18T12:00:00Z,https://sigaa.ufba.br/sigaa/public/processo_seletivo/lista.jsf?aba=p-processo&nivel=S,Encerrado,2026-06-12T12:00:00Z,UFBA SIGAA
2026-09-23T08:05:32.502675Z,PROCESSO SELETIVO IC-PGCOMP DOUTORADO PARA ALUNO ESPECIAL 2026.2 - DOUTORADO EM CIÊNCIA DA COMPUTAÇÃO,Inscrições abertas para o processo seletivo da UFBA de ingresso no curso: DOUTORADO EM CIÊNCIA DA COMPUTAÇÃO. Vagas ofertadas: 30. Período de inscrições de 12/06/2026 a 19/06/2026. Consulte o edital completo no portal oficial da instituição.,UFBA,Doutorado - Aluno Especial,Tecnologia e Informática,30,2026-06-12T12:00:00Z,2026-06-19T12:00:00Z,https://sigaa.ufba.br/sigaa/public/processo_seletivo/lista.jsf?aba=p-processo&nivel=S,Encerrado,2026-06-12T12:00:00Z,UFBA SIGAA
2026-09-23T08:05:32.502675Z,PROCESSO SELETIVO IC-PGCOMP MESTRADO PARA ALUNO ESPECIAL 2026.2 - MESTRADO EM CIÊNCIA DA COMPUTAÇÃO,Inscrições abertas para o processo seletivo da UFBA de ingresso no curso: MESTRADO EM CIÊNCIA DA COMPUTAÇÃO. Vagas ofertadas: 70. Período de inscrições de 12/06/2026 a 19/06/2026. Consulte o edital completo no portal oficial da instituição.,UFBA,Mestrado - Aluno Especial,Tecnologia e Informática,70,2026-06-12T12:00:00Z,2026-06-19T12:00:00Z,https://sigaa.ufba.br/sigaa/public/processo_seletivo/lista.jsf?aba=p-processo&nivel=S,Encerrado,2026-06-12T12:00:00Z,UFBA SIGAA
2026-09-23T08:05:32.502675Z,EDITAL nº 02/2026 - SELEÇÃO PARA ALUNO ESPECIAL - SEMESTRE LETIVO 2026.2 - MESTRADO EM EDUCAÇÃO,Inscrições abertas para o processo seletivo da UFBA de ingresso no curso: MESTRADO EM EDUCAÇÃO. Vagas ofertadas: 102. Período de inscrições de 09/06/2026 a 12/06/2026. Consulte o edital completo no portal oficial da instituição.,UFBA,Mestrado - Aluno Especial,Educação,102,2026-06-09T12:00:00Z,2026-06-12T12:00:00Z,https://sigaa.ufba.br/sigaa/public/processo_seletivo/lista.jsf?aba=p-processo&nivel=S,Encerrado,2026-06-09T12:00:00Z,UFBA SIGAA
2026-09-23T08:05:32.502675Z,PROCESSO SELETIVO PARA INGRESSO DE ALUNO ESPECIAL DOUTORADO- PGENF 2026.2 - DOUTORADO EM ENFERMAGEM E SAÚDE,Inscrições abertas para o processo seletivo da UFBA de ingresso no curso: DOUTORADO EM ENFERMAGEM E SAÚDE. Vagas ofertadas: 30. Período de inscrições de 09/06/2026 a 15/06/2026. Consulte o edital completo no portal oficial da instituição.,UFBA,Doutorado - Aluno Especial,Saúde e Biológicas,30,2026-06-09T12:00:00Z,2026-06-15T12:00:00Z,https://sigaa.ufba.br/sigaa/public/processo_seletivo/lista.jsf?aba=p-processo&nivel=S,Encerrado,2026-06-09T12:00:00Z,UFBA SIGAA
2026-09-23T08:05:32.502675Z,PROCESSO SELETIVO PARA INGRESSO DE ALUNO ESPECIAL MESTRADO- PGENF 2026.2 - MESTRADO EM ENFERMAGEM E SAÚDE,Inscrições abertas para o processo seletivo da UFBA de ingresso no curso: MESTRADO EM ENFERMAGEM E SAÚDE. Vagas ofertadas: 60. Período de inscrições de 09/06/2026 a 15/06/2026. Consulte o edital completo no portal oficial da instituição.,UFBA,Mestrado - Aluno Especial,Saúde e Biológicas,60,2026-06-09T12:00:00Z,2026-06-15T12:00:00Z,https://sigaa.ufba.br/sigaa/public/processo_seletivo/lista.jsf?aba=p-processo&nivel=S,Encerrado,2026-06-09T12:00:00Z,UFBA SIGAA
2026-09-23T08:05:32.502675Z,SELEÇÃO DE ALUNO/A ESPECIAL DO PPGCS - 2026.2 - MESTRADO EM CIÊNCIAS SOCIAIS,Inscrições abertas para o processo seletivo da UFBA de ingresso no curso: MESTRADO EM CIÊNCIAS SOCIAIS. Vagas ofertadas: 45. Período de inscrições de 05/06/2026 a 12/06/2026. Consulte o edital completo no portal oficial da instituição.,UFBA,Mestrado - Aluno Especial,Saúde e Biológicas,45,2026-06-05T12:00:00Z,2026-06-12T12:00:00Z,https://sigaa.ufba.br/sigaa/public/processo_seletivo/lista.jsf?aba=p-processo&nivel=S,Encerrado,2026-06-05T12:00:00Z,UFBA SIGAA
2026-09-23T08:05:32.502675Z,SELEÇÃO PARA ALUNO ESPECIAL PPGCONT 2026.2 - MESTRADO EM CONTABILIDADE,Inscrições abertas para o processo seletivo da UFBA de ingresso no curso: MESTRADO EM CONTABILIDADE. Vagas ofertadas: 80. Período de inscrições de 05/06/2026 a 12/06/2026. Consulte o edital completo no portal oficial da instituição.,UFBA,Mestrado - Aluno Especial,Saúde e Biológicas,80,2026-06-05T12:00:00Z,2026-06-12T12:00:00Z,https://sigaa.ufba.br/sigaa/public/processo_seletivo/lista.jsf?aba=p-processo&nivel=S,Encerrado,2026-06-05T12:00:00Z,UFBA SIGAA
2026-09-23T08:05:32.502675Z,function dpf(f) {var adp = f.adp;if (adp != null) {for (var i = 0;i EDITAL Nº 01/2026 - SELEÇÃO ALUNO ESPECIAL – SEMESTRE LETIVO 2026.1 - ESTUDOS DE L,Inscrições abertas para o processo seletivo da UNILAB de ingresso no curso: ESTUDOS DE LINGUAGEM: CONTEXTOS LUSÓFONOS BRASIL-ÁFRICA. Vagas ofertadas: 10. Período de inscrições de 01/07/2026 a 17/07/2026. Consulte o edital completo no portal oficial da instituição.,UNILAB,Mestrado - Aluno Especial,Saúde e Biológicas,10,2026-07-01T12:00:00Z,2026-07-17T12:00:00Z,https://sigaa.unilab.edu.br/sigaa/public/processo_seletivo/lista.jsf?aba=p-processo&nivel=S,Encerrado,2026-07-01T12:00:00Z,UNILAB SIGAA
2026-09-23T08:05:32.502675Z,049/2026AE - Química Aplicada - Stricto Sensu Mestrado - Aluno Especial,Inscrições para o processo seletivo da UNEB: 049/2026AE - Química Aplicada - Stricto Sensu Mestrado - Aluno Especial. Período de inscrições de 15/06/2026 a 10/07/2026. Consulte o edital completo no portal SSPPG UNEB.,UNEB,Mestrado - Aluno Especial,Engenharias e Exatas,15,2026-06-15T12:00:00Z,2026-07-10T23:59:59Z,https://ssppg.uneb.br/inicio/editalExterno/1561?selecao=1561,Encerrado,2026-06-15T12:00:00Z,UNEB SSPPG
2026-09-23T08:05:32.502675Z,050/2026AE - Educação e Contemporaneidade - Stricto Sensu Mestrado/Doutorado - Aluno Especial,Inscrições para o processo seletivo da UNEB: 050/2026AE - Educação e Contemporaneidade - Stricto Sensu Mestrado/Doutorado - Aluno Especial. Período de inscrições de 15/06/2026 a 06/07/2026. Consulte o edital completo no portal SSPPG UNEB.,UNEB,Doutorado - Aluno Especial,Educação,15,2026-06-15T12:00:00Z,2026-07-06T23:59:59Z,https://ssppg.uneb.br/inicio/editalExterno/1559?selecao=1559,Encerrado,2026-06-15T12:00:00Z,UNEB SSPPG
2026-09-23T08:05:32.502675Z,038/2026AE - Intervenção Educativa e Social - Stricto Sensu Mestrado - Aluno Especial,Inscrições para o processo seletivo da UNEB: 038/2026AE - Intervenção Educativa e Social - Stricto Sensu Mestrado - Aluno Especial. Período de inscrições de 15/06/2026 a 06/07/2026. Consulte o edital completo no portal SSPPG UNEB.,UNEB,Mestrado - Aluno Especial,Educação,15,2026-06-15T12:00:00Z,2026-07-06T23:59:59Z,https://ssppg.uneb.br/inicio/editalExterno/1554?selecao=1554,Encerrado,2026-06-15T12:00:00Z,UNEB SSPPG
2026-09-23T08:05:32.502675Z,053/2026AEME - Crítica Cultural - Stricto Sensu Mestrado - Aluno Especial,Inscrições para o processo seletivo da UNEB: 053/2026AEME - Crítica Cultural - Stricto Sensu Mestrado - Aluno Especial. Período de inscrições de 23/06/2026 a 06/07/2026. Consulte o edital completo no portal SSPPG UNEB.,UNEB,Mestrado - Aluno Especial,Educação,15,2026-06-23T12:00:00Z,2026-07-06T23:59:59Z,https://ssppg.uneb.br/inicio/editalExterno/1565?selecao=1565,Encerrado,2026-06-23T12:00:00Z,UNEB SSPPG
2026-09-23T08:05:32.502675Z,053/2026AEDO - Crítica Cultural - Stricto Sensu Doutorado - Aluno Especial,Inscrições para o processo seletivo da UNEB: 053/2026AEDO - Crítica Cultural - Stricto Sensu Doutorado - Aluno Especial. Período de inscrições de 23/06/2026 a 06/07/2026. Consulte o edital completo no portal SSPPG UNEB.,UNEB,Doutorado - Aluno Especial,Educação,15,2026-06-23T12:00:00Z,2026-07-06T23:59:59Z,https://ssppg.uneb.br/inicio/editalExterno/1567?selecao=1567,Encerrado,2026-06-23T12:00:00Z,UNEB SSPPG
2026-09-23T08:05:32.502675Z,055/2026AE - Educação e Diversidade - Stricto Sensu Mestrado - Aluno Especial,Inscrições para o processo seletivo da UNEB: 055/2026AE - Educação e Diversidade - Stricto Sensu Mestrado - Aluno Especial. Período de inscrições de 25/06/2026 a 08/07/2026. Consulte o edital completo no portal SSPPG UNEB.,UNEB,Mestrado - Aluno Especial,Educação,15,2026-06-25T12:00:00Z,2026-07-08T23:59:59Z,https://ssppg.uneb.br/inicio/editalExterno/1560?selecao=1560,Encerrado,2026-06-25T12:00:00Z,UNEB SSPPG
2026-09-23T08:05:32.502675Z,054/2026AE - ESTUDOS TERRITORIAIS - Stricto Sensu Mestrado - Aluno Especial,Inscrições para o processo seletivo da UNEB: 054/2026AE - ESTUDOS TERRITORIAIS - Stricto Sensu Mestrado - Aluno Especial. Período de inscrições de 25/06/2026 a 06/07/2026. Consulte o edital completo no portal SSPPG UNEB.,UNEB,Mestrado - Aluno Especial,Educação,15,2026-06-25T12:00:00Z,2026-07-06T23:59:59Z,https://ssppg.uneb.br/inicio/editalExterno/1557?selecao=1557,Encerrado,2026-06-25T12:00:00Z,UNEB SSPPG
2026-09-23T08:05:32.502675Z,"056/2026AE - ENSINO, LINGUAGEM E SOCIEDADE - Stricto Sensu Mestrado - Aluno Especial","Inscrições para o processo seletivo da UNEB: 056/2026AE - ENSINO, LINGUAGEM E SOCIEDADE - Stricto Sensu Mestrado - Aluno Especial. Período de inscrições de 26/06/2026 a 09/07/2026. Consulte o edital completo no portal SSPPG UNEB.",UNEB,Mestrado - Aluno Especial,Educação,15,2026-06-26T12:00:00Z,2026-07-09T23:59:59Z,https://ssppg.uneb.br/inicio/editalExterno/1564?selecao=1564,Encerrado,2026-06-26T12:00:00Z,UNEB SSPPG
2026-09-23T08:05:32.502675Z,048/2026AE - Estudo de Linguagens - Stricto Sensu Mestrado/Doutorado - Aluno Especial,Inscrições para o processo seletivo da UNEB: 048/2026AE - Estudo de Linguagens - Stricto Sensu Mestrado/Doutorado - Aluno Especial. Período de inscrições de 29/06/2026 a 10/07/2026. Consulte o edital completo no portal SSPPG UNEB.,UNEB,Doutorado - Aluno Especial,Humanas e Sociais,15,2026-06-29T12:00:00Z,2026-07-10T23:59:59Z,https://ssppg.uneb.br/inicio/editalExterno/1563?selecao=1563,Encerrado,2026-06-29T12:00:00Z,UNEB SSPPG
2026-09-23T08:05:32.502675Z,061/2026AE - Educação e Formação Docente - Stricto Sensu Mestrado - Aluno Especial,Inscrições para o processo seletivo da UNEB: 061/2026AE - Educação e Formação Docente - Stricto Sensu Mestrado - Aluno Especial. Período de inscrições de 29/06/2026 a 10/07/2026. Consulte o edital completo no portal SSPPG UNEB.,UNEB,Mestrado - Aluno Especial,Educação,15,2026-06-29T12:00:00Z,2026-07-10T23:59:59Z,https://ssppg.uneb.br/inicio/editalExterno/1570?selecao=1570,Encerrado,2026-06-29T12:00:00Z,UNEB SSPPG
2026-09-23T08:05:32.502675Z,"058/2026AE - Estudos Africanos, Povos Indígenas e Culturas Negras - Stricto Sensu Mestrado - Aluno Especial","Inscrições para o processo seletivo da UNEB: 058/2026AE - Estudos Africanos, Povos Indígenas e Culturas Negras - Stricto Sensu Mestrado - Aluno Especial. Período de inscrições de 29/06/2026 a 10/07/2026. Consulte o edital completo no portal SSPPG UNEB.",UNEB,Mestrado - Aluno Especial,Educação,15,2026-06-29T12:00:00Z,2026-07-10T23:59:59Z,https://ssppg.uneb.br/inicio/editalExterno/1562?selecao=1562,Encerrado,2026-06-29T12:00:00Z,UNEB SSPPG
2026-09-23T08:05:32.502675Z,064/2026AE - Estudos Africanos e Representações da África - Stricto Sensu Mestrado - Aluno Especial,Inscrições para o processo seletivo da UNEB: 064/2026AE - Estudos Africanos e Representações da África - Stricto Sensu Mestrado - Aluno Especial. Período de inscrições de 03/07/2026 a 13/07/2026. Consulte o edital completo no portal SSPPG UNEB.,UNEB,Mestrado - Aluno Especial,Educação,15,2026-07-03T12:00:00Z,2026-07-13T23:59:59Z,https://ssppg.uneb.br/inicio/editalExterno/1576?selecao=1576,Encerrado,2026-07-03T12:00:00Z,UNEB SSPPG
2026-09-23T08:05:32.502675Z,059/20262AE - Ecologia Humana e Gestão Socioambiental - Stricto Sensu Mestrado/Doutorado - Aluno Especial,Inscrições para o processo seletivo da UNEB: 059/20262AE - Ecologia Humana e Gestão Socioambiental - Stricto Sensu Mestrado/Doutorado - Aluno Especial. Período de inscrições de 03/07/2026 a 10/07/2026. Consulte o edital completo no portal SSPPG UNEB.,UNEB,Doutorado - Aluno Especial,Gestão e Negócios,15,2026-07-03T12:00:00Z,2026-07-10T23:59:59Z,https://ssppg.uneb.br/inicio/editalExterno/1568?selecao=1568,Encerrado,2026-07-03T12:00:00Z,UNEB SSPPG
2026-09-23T08:05:32.502675Z,044/2026AE - Programa de Pós-Graduação em Letras - Stricto Sensu Mestrado - Aluno Especial,Inscrições para o processo seletivo da UNEB: 044/2026AE - Programa de Pós-Graduação em Letras - Stricto Sensu Mestrado - Aluno Especial. Período de inscrições de 03/07/2026 a 10/07/2026. Consulte o edital completo no portal SSPPG UNEB.,UNEB,Mestrado - Aluno Especial,Humanas e Sociais,15,2026-07-03T12:00:00Z,2026-07-10T23:59:59Z,https://ssppg.uneb.br/inicio/editalExterno/1558?selecao=1558,Encerrado,2026-07-03T12:00:00Z,UNEB SSPPG
2026-09-23T08:05:32.502675Z,063/2026AE - Ciências Farmacêuticas - Stricto Sensu Mestrado - Aluno Especial,Inscrições para o processo seletivo da UNEB: 063/2026AE - Ciências Farmacêuticas - Stricto Sensu Mestrado - Aluno Especial. Período de inscrições de 03/07/2026 a 13/07/2026. Consulte o edital completo no portal SSPPG UNEB.,UNEB,Mestrado - Aluno Especial,Educação,15,2026-07-03T12:00:00Z,2026-07-13T23:59:59Z,https://ssppg.uneb.br/inicio/editalExterno/1569?selecao=1569,Encerrado,2026-07-03T12:00:00Z,UNEB SSPPG
