data_coleta,titulo,resumo,instituicao,nivel,area,vagas,inscricoes_inicio,inscricoes_fim,url,status,data_publicacao,fonte
2026-09-01T08:05:37.314671Z,EDITAL 03/2026 - DOUTORADO PROFISSIONAL EM SAÚDE COLETIVA - DOUTORADO PROFISSIONAL EM SAÚDE COLETIVA,Inscrições abertas para o processo seletivo da UFBA de ingresso no curso: DOUTORADO PROFISSIONAL EM SAÚDE COLETIVA. Vagas ofertadas: 10. Período de inscrições de 30/06/2026 a 20/07/2026. Consulte o edital completo no portal oficial da instituição.,UFBA,Doutorado Profissional,Saúde e Biológicas,10,2026-06-30T12:00:00Z,2026-07-20T12:00:00Z,https://sigaa.ufba.br/sigaa/public/processo_seletivo/lista.jsf?aba=p-processo&nivel=S,Encerrado,2026-06-30T12:00:00Z,UFBA SIGAA
2026-09-01T08:05:37.314671Z,PROCESSO SELETIVO DO DOUTORADO ACADÊMICO TURMA 2027-1 - DOUTORADO EM ARQUITETURA E URBANISMO,Inscrições abertas para o processo seletivo da UFBA de ingresso no curso: DOUTORADO EM ARQUITETURA E URBANISMO. Vagas ofertadas: 25. Período de inscrições de 15/06/2026 a 31/07/2026. Consulte o edital completo no portal oficial da instituição.,UFBA,Doutorado Acadêmico,Engenharias e Exatas,25,2026-06-15T12:00:00Z,2026-07-31T12:00:00Z,https://sigaa.ufba.br/sigaa/public/processo_seletivo/lista.jsf?aba=p-processo&nivel=S,Encerrado,2026-06-15T12:00:00Z,UFBA SIGAA
2026-09-01T08:05:37.314671Z,PPGEEC - Edital de Seleção para Alunos Especiais de Doutorado 2026.2 - DOUTORADO EM ENGENHARIA ELÉTRICA,Inscrições abertas para o processo seletivo da UFBA de ingresso no curso: DOUTORADO EM ENGENHARIA ELÉTRICA. Vagas ofertadas: 40. Período de inscrições de 15/06/2026 a 26/06/2026. Consulte o edital completo no portal oficial da instituição.,UFBA,Doutorado Acadêmico,Engenharias e Exatas,40,2026-06-15T12:00:00Z,2026-06-26T12:00:00Z,https://sigaa.ufba.br/sigaa/public/processo_seletivo/lista.jsf?aba=p-processo&nivel=S,Encerrado,2026-06-15T12:00:00Z,UFBA SIGAA
2026-09-01T08:05:37.314671Z,Processo Seletivo em Ciência de Alimentos (2026.2) - NÍVEL DOUTORADO - DOUTORADO EM CIÊNCIA DE ALIMENTOS,Inscrições abertas para o processo seletivo da UFBA de ingresso no curso: DOUTORADO EM CIÊNCIA DE ALIMENTOS. Vagas ofertadas: 22. Período de inscrições de 10/06/2026 a 28/06/2026. Consulte o edital completo no portal oficial da instituição.,UFBA,Doutorado Acadêmico,Saúde e Biológicas,22,2026-06-10T12:00:00Z,2026-06-28T12:00:00Z,https://sigaa.ufba.br/sigaa/public/processo_seletivo/lista.jsf?aba=p-processo&nivel=S,Encerrado,2026-06-10T12:00:00Z,UFBA SIGAA
2026-09-01T08:05:37.314671Z,EDITAL N.º003/2026 DOUTORADO - DOUTORADO EM FARMÁCIA,Inscrições abertas para o processo seletivo da UFBA de ingresso no curso: DOUTORADO EM FARMÁCIA. Vagas ofertadas: 12. Período de inscrições de 04/06/2026 a 30/06/2026. Consulte o edital completo no portal oficial da instituição.,UFBA,Doutorado Acadêmico,Saúde e Biológicas,12,2026-06-04T12:00:00Z,2026-06-30T12:00:00Z,https://sigaa.ufba.br/sigaa/public/processo_seletivo/lista.jsf?aba=p-processo&nivel=S,Encerrado,2026-06-04T12:00:00Z,UFBA SIGAA
2026-09-01T08:05:37.314671Z,PPGEEC / UNIVASF - Seleção para Alunos de Mestrado 2026.2 (Turma MINTER) - DOUTORADO EM ENGENHARIA ELÉTRICA,Inscrições abertas para o processo seletivo da UFBA de ingresso no curso: DOUTORADO EM ENGENHARIA ELÉTRICA. Vagas ofertadas: 20. Período de inscrições de 03/06/2026 a 29/06/2026. Consulte o edital completo no portal oficial da instituição.,UFBA,Doutorado Acadêmico,Engenharias e Exatas,20,2026-06-03T12:00:00Z,2026-06-29T12:00:00Z,https://sigaa.ufba.br/sigaa/public/processo_seletivo/lista.jsf?aba=p-processo&nivel=S,Encerrado,2026-06-03T12:00:00Z,UFBA SIGAA
2026-09-01T08:05:37.314671Z,Edital 2026.2 de Seleção para Doutorado do PPGMCF - DOUTORADO EM MULTICÊNTRICO EM CIÊNCIAS FISIOLÓGICAS,Inscrições abertas para o processo seletivo da UFBA de ingresso no curso: DOUTORADO EM MULTICÊNTRICO EM CIÊNCIAS FISIOLÓGICAS. Vagas ofertadas: 1. Período de inscrições de 21/05/2026 a 08/06/2026. Consulte o edital completo no portal oficial da instituição.,UFBA,Doutorado Acadêmico,Saúde e Biológicas,1,2026-05-21T12:00:00Z,2026-06-08T12:00:00Z,https://sigaa.ufba.br/sigaa/public/processo_seletivo/lista.jsf?aba=p-processo&nivel=S,Encerrado,2026-05-21T12:00:00Z,UFBA SIGAA
2026-09-01T08:05:37.314671Z,PPGEEC - Edital de Seleção para Alunos Regulares de Doutorado 2026.2 - DOUTORADO EM ENGENHARIA ELÉTRICA,Inscrições abertas para o processo seletivo da UFBA de ingresso no curso: DOUTORADO EM ENGENHARIA ELÉTRICA. Vagas ofertadas: 23. Período de inscrições de 19/05/2026 a 15/06/2026. Consulte o edital completo no portal oficial da instituição.,UFBA,Doutorado Acadêmico,Engenharias e Exatas,23,2026-05-19T12:00:00Z,2026-06-15T12:00:00Z,https://sigaa.ufba.br/sigaa/public/processo_seletivo/lista.jsf?aba=p-processo&nivel=S,Encerrado,2026-05-19T12:00:00Z,UFBA SIGAA
2026-09-01T08:05:37.314671Z,SELEÇÃO PARA INGRESSO NO DOUTORADO EM QUÍMICA 2026.2 - DOUTORADO EM QUÍMICA,Inscrições abertas para o processo seletivo da UFBA de ingresso no curso: DOUTORADO EM QUÍMICA. Vagas ofertadas: 20. Período de inscrições de 18/05/2026 a 21/06/2026. Consulte o edital completo no portal oficial da instituição.,UFBA,Doutorado Acadêmico,Engenharias e Exatas,20,2026-05-18T12:00:00Z,2026-06-21T12:00:00Z,https://sigaa.ufba.br/sigaa/public/processo_seletivo/lista.jsf?aba=p-processo&nivel=S,Encerrado,2026-05-18T12:00:00Z,UFBA SIGAA
2026-09-01T08:05:37.314671Z,EDITAL PEI/UFBA 04-2026 - SELEÇÃO PARA O DOUTORADO 2026.2 - DOUTORADO EM ENGENHARIA INDUSTRIAL,Inscrições abertas para o processo seletivo da UFBA de ingresso no curso: DOUTORADO EM ENGENHARIA INDUSTRIAL. Vagas ofertadas: 15. Período de inscrições de 15/05/2026 a 10/06/2026. Consulte o edital completo no portal oficial da instituição.,UFBA,Doutorado Acadêmico,Engenharias e Exatas,15,2026-05-15T12:00:00Z,2026-06-10T12:00:00Z,https://sigaa.ufba.br/sigaa/public/processo_seletivo/lista.jsf?aba=p-processo&nivel=S,Encerrado,2026-05-15T12:00:00Z,UFBA SIGAA
2026-09-01T08:05:37.314671Z,"Seleção para o Doutorado em Matemática, ingresso em 2026.2 - DOUTORADO EM MATEMÁTICA",Inscrições abertas para o processo seletivo da UFBA de ingresso no curso: DOUTORADO EM MATEMÁTICA. Vagas ofertadas: 10. Período de inscrições de 11/05/2026 a 07/06/2026. Consulte o edital completo no portal oficial da instituição.,UFBA,Doutorado Acadêmico,Engenharias e Exatas,10,2026-05-11T12:00:00Z,2026-06-07T12:00:00Z,https://sigaa.ufba.br/sigaa/public/processo_seletivo/lista.jsf?aba=p-processo&nivel=S,Encerrado,2026-05-11T12:00:00Z,UFBA SIGAA
2026-09-01T08:05:37.314671Z,DOUTORADO PROFISSIONAL EM MÚSICA. SELEÇÃO ALUNOS REGULARES 2026.2 - DOUTORADO PROFISSIONAL EM MÚSICA,Inscrições abertas para o processo seletivo da UFBA de ingresso no curso: DOUTORADO PROFISSIONAL EM MÚSICA. Vagas ofertadas: 5. Período de inscrições de 04/05/2026 a 14/06/2026. Consulte o edital completo no portal oficial da instituição.,UFBA,Doutorado Profissional,Comunicação e Artes,5,2026-05-04T12:00:00Z,2026-06-14T12:00:00Z,https://sigaa.ufba.br/sigaa/public/processo_seletivo/lista.jsf?aba=p-processo&nivel=S,Encerrado,2026-05-04T12:00:00Z,UFBA SIGAA
2026-09-01T08:05:37.314671Z,EDITAL 05/2026 - POSPETRO PROCESSO SELETIVO PARA DOUTORADO EM GEOQUÍMICA: PETRÓL - DOUTORADO EM GEOQUÍMICA: PETRÓLEO E MEIO AMBIENTE,Inscrições abertas para o processo seletivo da UFBA de ingresso no curso: DOUTORADO EM GEOQUÍMICA: PETRÓLEO E MEIO AMBIENTE. Vagas ofertadas: 3. Período de inscrições de 27/04/2026 a 16/06/2026. Consulte o edital completo no portal oficial da instituição.,UFBA,Doutorado Acadêmico,Agrárias e Ambientais,3,2026-04-27T12:00:00Z,2026-06-16T12:00:00Z,https://sigaa.ufba.br/sigaa/public/processo_seletivo/lista.jsf?aba=p-processo&nivel=S,Encerrado,2026-04-27T12:00:00Z,UFBA SIGAA
2026-09-01T08:05:37.314671Z,Processo Seletivo 2026.2 Doutorado - Aluno Regular - DOUTORADO EM MECATRÔNICA,Inscrições abertas para o processo seletivo da UFBA de ingresso no curso: DOUTORADO EM MECATRÔNICA. Vagas ofertadas: 16. Período de inscrições de 16/04/2026 a 14/06/2026. Consulte o edital completo no portal oficial da instituição.,UFBA,Doutorado Acadêmico,Saúde e Biológicas,16,2026-04-16T12:00:00Z,2026-06-14T12:00:00Z,https://sigaa.ufba.br/sigaa/public/processo_seletivo/lista.jsf?aba=p-processo&nivel=S,Encerrado,2026-04-16T12:00:00Z,UFBA SIGAA
2026-09-02T07:25:13.775937Z,EDITAL 03/2026 - DOUTORADO PROFISSIONAL EM SAÚDE COLETIVA - DOUTORADO PROFISSIONAL EM SAÚDE COLETIVA,Inscrições abertas para o processo seletivo da UFBA de ingresso no curso: DOUTORADO PROFISSIONAL EM SAÚDE COLETIVA. Vagas ofertadas: 10. Período de inscrições de 30/06/2026 a 20/07/2026. Consulte o edital completo no portal oficial da instituição.,UFBA,Doutorado Profissional,Saúde e Biológicas,10,2026-06-30T12:00:00Z,2026-07-20T12:00:00Z,https://sigaa.ufba.br/sigaa/public/processo_seletivo/lista.jsf?aba=p-processo&nivel=S,Encerrado,2026-06-30T12:00:00Z,UFBA SIGAA
2026-09-02T07:25:13.775937Z,PROCESSO SELETIVO DO DOUTORADO ACADÊMICO TURMA 2027-1 - DOUTORADO EM ARQUITETURA E URBANISMO,Inscrições abertas para o processo seletivo da UFBA de ingresso no curso: DOUTORADO EM ARQUITETURA E URBANISMO. Vagas ofertadas: 25. Período de inscrições de 15/06/2026 a 31/07/2026. Consulte o edital completo no portal oficial da instituição.,UFBA,Doutorado Acadêmico,Engenharias e Exatas,25,2026-06-15T12:00:00Z,2026-07-31T12:00:00Z,https://sigaa.ufba.br/sigaa/public/processo_seletivo/lista.jsf?aba=p-processo&nivel=S,Encerrado,2026-06-15T12:00:00Z,UFBA SIGAA
2026-09-02T07:25:13.775937Z,PPGEEC - Edital de Seleção para Alunos Especiais de Doutorado 2026.2 - DOUTORADO EM ENGENHARIA ELÉTRICA,Inscrições abertas para o processo seletivo da UFBA de ingresso no curso: DOUTORADO EM ENGENHARIA ELÉTRICA. Vagas ofertadas: 40. Período de inscrições de 15/06/2026 a 26/06/2026. Consulte o edital completo no portal oficial da instituição.,UFBA,Doutorado Acadêmico,Engenharias e Exatas,40,2026-06-15T12:00:00Z,2026-06-26T12:00:00Z,https://sigaa.ufba.br/sigaa/public/processo_seletivo/lista.jsf?aba=p-processo&nivel=S,Encerrado,2026-06-15T12:00:00Z,UFBA SIGAA
2026-09-02T07:25:13.775937Z,Processo Seletivo em Ciência de Alimentos (2026.2) - NÍVEL DOUTORADO - DOUTORADO EM CIÊNCIA DE ALIMENTOS,Inscrições abertas para o processo seletivo da UFBA de ingresso no curso: DOUTORADO EM CIÊNCIA DE ALIMENTOS. Vagas ofertadas: 22. Período de inscrições de 10/06/2026 a 28/06/2026. Consulte o edital completo no portal oficial da instituição.,UFBA,Doutorado Acadêmico,Saúde e Biológicas,22,2026-06-10T12:00:00Z,2026-06-28T12:00:00Z,https://sigaa.ufba.br/sigaa/public/processo_seletivo/lista.jsf?aba=p-processo&nivel=S,Encerrado,2026-06-10T12:00:00Z,UFBA SIGAA
2026-09-02T07:25:13.775937Z,EDITAL N.º003/2026 DOUTORADO - DOUTORADO EM FARMÁCIA,Inscrições abertas para o processo seletivo da UFBA de ingresso no curso: DOUTORADO EM FARMÁCIA. Vagas ofertadas: 12. Período de inscrições de 04/06/2026 a 30/06/2026. Consulte o edital completo no portal oficial da instituição.,UFBA,Doutorado Acadêmico,Saúde e Biológicas,12,2026-06-04T12:00:00Z,2026-06-30T12:00:00Z,https://sigaa.ufba.br/sigaa/public/processo_seletivo/lista.jsf?aba=p-processo&nivel=S,Encerrado,2026-06-04T12:00:00Z,UFBA SIGAA
2026-09-02T07:25:13.775937Z,PPGEEC / UNIVASF - Seleção para Alunos de Mestrado 2026.2 (Turma MINTER) - DOUTORADO EM ENGENHARIA ELÉTRICA,Inscrições abertas para o processo seletivo da UFBA de ingresso no curso: DOUTORADO EM ENGENHARIA ELÉTRICA. Vagas ofertadas: 20. Período de inscrições de 03/06/2026 a 29/06/2026. Consulte o edital completo no portal oficial da instituição.,UFBA,Doutorado Acadêmico,Engenharias e Exatas,20,2026-06-03T12:00:00Z,2026-06-29T12:00:00Z,https://sigaa.ufba.br/sigaa/public/processo_seletivo/lista.jsf?aba=p-processo&nivel=S,Encerrado,2026-06-03T12:00:00Z,UFBA SIGAA
2026-09-02T07:25:13.775937Z,Edital 2026.2 de Seleção para Doutorado do PPGMCF - DOUTORADO EM MULTICÊNTRICO EM CIÊNCIAS FISIOLÓGICAS,Inscrições abertas para o processo seletivo da UFBA de ingresso no curso: DOUTORADO EM MULTICÊNTRICO EM CIÊNCIAS FISIOLÓGICAS. Vagas ofertadas: 1. Período de inscrições de 21/05/2026 a 08/06/2026. Consulte o edital completo no portal oficial da instituição.,UFBA,Doutorado Acadêmico,Saúde e Biológicas,1,2026-05-21T12:00:00Z,2026-06-08T12:00:00Z,https://sigaa.ufba.br/sigaa/public/processo_seletivo/lista.jsf?aba=p-processo&nivel=S,Encerrado,2026-05-21T12:00:00Z,UFBA SIGAA
2026-09-02T07:25:13.775937Z,PPGEEC - Edital de Seleção para Alunos Regulares de Doutorado 2026.2 - DOUTORADO EM ENGENHARIA ELÉTRICA,Inscrições abertas para o processo seletivo da UFBA de ingresso no curso: DOUTORADO EM ENGENHARIA ELÉTRICA. Vagas ofertadas: 23. Período de inscrições de 19/05/2026 a 15/06/2026. Consulte o edital completo no portal oficial da instituição.,UFBA,Doutorado Acadêmico,Engenharias e Exatas,23,2026-05-19T12:00:00Z,2026-06-15T12:00:00Z,https://sigaa.ufba.br/sigaa/public/processo_seletivo/lista.jsf?aba=p-processo&nivel=S,Encerrado,2026-05-19T12:00:00Z,UFBA SIGAA
2026-09-02T07:25:13.775937Z,SELEÇÃO PARA INGRESSO NO DOUTORADO EM QUÍMICA 2026.2 - DOUTORADO EM QUÍMICA,Inscrições abertas para o processo seletivo da UFBA de ingresso no curso: DOUTORADO EM QUÍMICA. Vagas ofertadas: 20. Período de inscrições de 18/05/2026 a 21/06/2026. Consulte o edital completo no portal oficial da instituição.,UFBA,Doutorado Acadêmico,Engenharias e Exatas,20,2026-05-18T12:00:00Z,2026-06-21T12:00:00Z,https://sigaa.ufba.br/sigaa/public/processo_seletivo/lista.jsf?aba=p-processo&nivel=S,Encerrado,2026-05-18T12:00:00Z,UFBA SIGAA
2026-09-02T07:25:13.775937Z,EDITAL PEI/UFBA 04-2026 - SELEÇÃO PARA O DOUTORADO 2026.2 - DOUTORADO EM ENGENHARIA INDUSTRIAL,Inscrições abertas para o processo seletivo da UFBA de ingresso no curso: DOUTORADO EM ENGENHARIA INDUSTRIAL. Vagas ofertadas: 15. Período de inscrições de 15/05/2026 a 10/06/2026. Consulte o edital completo no portal oficial da instituição.,UFBA,Doutorado Acadêmico,Engenharias e Exatas,15,2026-05-15T12:00:00Z,2026-06-10T12:00:00Z,https://sigaa.ufba.br/sigaa/public/processo_seletivo/lista.jsf?aba=p-processo&nivel=S,Encerrado,2026-05-15T12:00:00Z,UFBA SIGAA
2026-09-02T07:25:13.775937Z,"Seleção para o Doutorado em Matemática, ingresso em 2026.2 - DOUTORADO EM MATEMÁTICA",Inscrições abertas para o processo seletivo da UFBA de ingresso no curso: DOUTORADO EM MATEMÁTICA. Vagas ofertadas: 10. Período de inscrições de 11/05/2026 a 07/06/2026. Consulte o edital completo no portal oficial da instituição.,UFBA,Doutorado Acadêmico,Engenharias e Exatas,10,2026-05-11T12:00:00Z,2026-06-07T12:00:00Z,https://sigaa.ufba.br/sigaa/public/processo_seletivo/lista.jsf?aba=p-processo&nivel=S,Encerrado,2026-05-11T12:00:00Z,UFBA SIGAA
2026-09-02T07:25:13.775937Z,DOUTORADO PROFISSIONAL EM MÚSICA. SELEÇÃO ALUNOS REGULARES 2026.2 - DOUTORADO PROFISSIONAL EM MÚSICA,Inscrições abertas para o processo seletivo da UFBA de ingresso no curso: DOUTORADO PROFISSIONAL EM MÚSICA. Vagas ofertadas: 5. Período de inscrições de 04/05/2026 a 14/06/2026. Consulte o edital completo no portal oficial da instituição.,UFBA,Doutorado Profissional,Comunicação e Artes,5,2026-05-04T12:00:00Z,2026-06-14T12:00:00Z,https://sigaa.ufba.br/sigaa/public/processo_seletivo/lista.jsf?aba=p-processo&nivel=S,Encerrado,2026-05-04T12:00:00Z,UFBA SIGAA
2026-09-02T07:25:13.775937Z,EDITAL 05/2026 - POSPETRO PROCESSO SELETIVO PARA DOUTORADO EM GEOQUÍMICA: PETRÓL - DOUTORADO EM GEOQUÍMICA: PETRÓLEO E MEIO AMBIENTE,Inscrições abertas para o processo seletivo da UFBA de ingresso no curso: DOUTORADO EM GEOQUÍMICA: PETRÓLEO E MEIO AMBIENTE. Vagas ofertadas: 3. Período de inscrições de 27/04/2026 a 16/06/2026. Consulte o edital completo no portal oficial da instituição.,UFBA,Doutorado Acadêmico,Agrárias e Ambientais,3,2026-04-27T12:00:00Z,2026-06-16T12:00:00Z,https://sigaa.ufba.br/sigaa/public/processo_seletivo/lista.jsf?aba=p-processo&nivel=S,Encerrado,2026-04-27T12:00:00Z,UFBA SIGAA
2026-09-02T07:25:13.775937Z,Processo Seletivo 2026.2 Doutorado - Aluno Regular - DOUTORADO EM MECATRÔNICA,Inscrições abertas para o processo seletivo da UFBA de ingresso no curso: DOUTORADO EM MECATRÔNICA. Vagas ofertadas: 16. Período de inscrições de 16/04/2026 a 14/06/2026. Consulte o edital completo no portal oficial da instituição.,UFBA,Doutorado Acadêmico,Saúde e Biológicas,16,2026-04-16T12:00:00Z,2026-06-14T12:00:00Z,https://sigaa.ufba.br/sigaa/public/processo_seletivo/lista.jsf?aba=p-processo&nivel=S,Encerrado,2026-04-16T12:00:00Z,UFBA SIGAA
2026-09-03T07:28:53.966541Z,EDITAL 03/2026 - DOUTORADO PROFISSIONAL EM SAÚDE COLETIVA - DOUTORADO PROFISSIONAL EM SAÚDE COLETIVA,Inscrições abertas para o processo seletivo da UFBA de ingresso no curso: DOUTORADO PROFISSIONAL EM SAÚDE COLETIVA. Vagas ofertadas: 10. Período de inscrições de 30/06/2026 a 20/07/2026. Consulte o edital completo no portal oficial da instituição.,UFBA,Doutorado Profissional,Saúde e Biológicas,10,2026-06-30T12:00:00Z,2026-07-20T12:00:00Z,https://sigaa.ufba.br/sigaa/public/processo_seletivo/lista.jsf?aba=p-processo&nivel=S,Encerrado,2026-06-30T12:00:00Z,UFBA SIGAA
2026-09-03T07:28:53.966541Z,PROCESSO SELETIVO DO DOUTORADO ACADÊMICO TURMA 2027-1 - DOUTORADO EM ARQUITETURA E URBANISMO,Inscrições abertas para o processo seletivo da UFBA de ingresso no curso: DOUTORADO EM ARQUITETURA E URBANISMO. Vagas ofertadas: 25. Período de inscrições de 15/06/2026 a 31/07/2026. Consulte o edital completo no portal oficial da instituição.,UFBA,Doutorado Acadêmico,Engenharias e Exatas,25,2026-06-15T12:00:00Z,2026-07-31T12:00:00Z,https://sigaa.ufba.br/sigaa/public/processo_seletivo/lista.jsf?aba=p-processo&nivel=S,Encerrado,2026-06-15T12:00:00Z,UFBA SIGAA
2026-09-03T07:28:53.966541Z,PPGEEC - Edital de Seleção para Alunos Especiais de Doutorado 2026.2 - DOUTORADO EM ENGENHARIA ELÉTRICA,Inscrições abertas para o processo seletivo da UFBA de ingresso no curso: DOUTORADO EM ENGENHARIA ELÉTRICA. Vagas ofertadas: 40. Período de inscrições de 15/06/2026 a 26/06/2026. Consulte o edital completo no portal oficial da instituição.,UFBA,Doutorado Acadêmico,Engenharias e Exatas,40,2026-06-15T12:00:00Z,2026-06-26T12:00:00Z,https://sigaa.ufba.br/sigaa/public/processo_seletivo/lista.jsf?aba=p-processo&nivel=S,Encerrado,2026-06-15T12:00:00Z,UFBA SIGAA
2026-09-03T07:28:53.966541Z,Processo Seletivo em Ciência de Alimentos (2026.2) - NÍVEL DOUTORADO - DOUTORADO EM CIÊNCIA DE ALIMENTOS,Inscrições abertas para o processo seletivo da UFBA de ingresso no curso: DOUTORADO EM CIÊNCIA DE ALIMENTOS. Vagas ofertadas: 22. Período de inscrições de 10/06/2026 a 28/06/2026. Consulte o edital completo no portal oficial da instituição.,UFBA,Doutorado Acadêmico,Saúde e Biológicas,22,2026-06-10T12:00:00Z,2026-06-28T12:00:00Z,https://sigaa.ufba.br/sigaa/public/processo_seletivo/lista.jsf?aba=p-processo&nivel=S,Encerrado,2026-06-10T12:00:00Z,UFBA SIGAA
2026-09-03T07:28:53.966541Z,EDITAL N.º003/2026 DOUTORADO - DOUTORADO EM FARMÁCIA,Inscrições abertas para o processo seletivo da UFBA de ingresso no curso: DOUTORADO EM FARMÁCIA. Vagas ofertadas: 12. Período de inscrições de 04/06/2026 a 30/06/2026. Consulte o edital completo no portal oficial da instituição.,UFBA,Doutorado Acadêmico,Saúde e Biológicas,12,2026-06-04T12:00:00Z,2026-06-30T12:00:00Z,https://sigaa.ufba.br/sigaa/public/processo_seletivo/lista.jsf?aba=p-processo&nivel=S,Encerrado,2026-06-04T12:00:00Z,UFBA SIGAA
2026-09-03T07:28:53.966541Z,PPGEEC / UNIVASF - Seleção para Alunos de Mestrado 2026.2 (Turma MINTER) - DOUTORADO EM ENGENHARIA ELÉTRICA,Inscrições abertas para o processo seletivo da UFBA de ingresso no curso: DOUTORADO EM ENGENHARIA ELÉTRICA. Vagas ofertadas: 20. Período de inscrições de 03/06/2026 a 29/06/2026. Consulte o edital completo no portal oficial da instituição.,UFBA,Doutorado Acadêmico,Engenharias e Exatas,20,2026-06-03T12:00:00Z,2026-06-29T12:00:00Z,https://sigaa.ufba.br/sigaa/public/processo_seletivo/lista.jsf?aba=p-processo&nivel=S,Encerrado,2026-06-03T12:00:00Z,UFBA SIGAA
2026-09-03T07:28:53.966541Z,Edital 2026.2 de Seleção para Doutorado do PPGMCF - DOUTORADO EM MULTICÊNTRICO EM CIÊNCIAS FISIOLÓGICAS,Inscrições abertas para o processo seletivo da UFBA de ingresso no curso: DOUTORADO EM MULTICÊNTRICO EM CIÊNCIAS FISIOLÓGICAS. Vagas ofertadas: 1. Período de inscrições de 21/05/2026 a 08/06/2026. Consulte o edital completo no portal oficial da instituição.,UFBA,Doutorado Acadêmico,Saúde e Biológicas,1,2026-05-21T12:00:00Z,2026-06-08T12:00:00Z,https://sigaa.ufba.br/sigaa/public/processo_seletivo/lista.jsf?aba=p-processo&nivel=S,Encerrado,2026-05-21T12:00:00Z,UFBA SIGAA
2026-09-03T07:28:53.966541Z,PPGEEC - Edital de Seleção para Alunos Regulares de Doutorado 2026.2 - DOUTORADO EM ENGENHARIA ELÉTRICA,Inscrições abertas para o processo seletivo da UFBA de ingresso no curso: DOUTORADO EM ENGENHARIA ELÉTRICA. Vagas ofertadas: 23. Período de inscrições de 19/05/2026 a 15/06/2026. Consulte o edital completo no portal oficial da instituição.,UFBA,Doutorado Acadêmico,Engenharias e Exatas,23,2026-05-19T12:00:00Z,2026-06-15T12:00:00Z,https://sigaa.ufba.br/sigaa/public/processo_seletivo/lista.jsf?aba=p-processo&nivel=S,Encerrado,2026-05-19T12:00:00Z,UFBA SIGAA
2026-09-03T07:28:53.966541Z,SELEÇÃO PARA INGRESSO NO DOUTORADO EM QUÍMICA 2026.2 - DOUTORADO EM QUÍMICA,Inscrições abertas para o processo seletivo da UFBA de ingresso no curso: DOUTORADO EM QUÍMICA. Vagas ofertadas: 20. Período de inscrições de 18/05/2026 a 21/06/2026. Consulte o edital completo no portal oficial da instituição.,UFBA,Doutorado Acadêmico,Engenharias e Exatas,20,2026-05-18T12:00:00Z,2026-06-21T12:00:00Z,https://sigaa.ufba.br/sigaa/public/processo_seletivo/lista.jsf?aba=p-processo&nivel=S,Encerrado,2026-05-18T12:00:00Z,UFBA SIGAA
2026-09-03T07:28:53.966541Z,EDITAL PEI/UFBA 04-2026 - SELEÇÃO PARA O DOUTORADO 2026.2 - DOUTORADO EM ENGENHARIA INDUSTRIAL,Inscrições abertas para o processo seletivo da UFBA de ingresso no curso: DOUTORADO EM ENGENHARIA INDUSTRIAL. Vagas ofertadas: 15. Período de inscrições de 15/05/2026 a 10/06/2026. Consulte o edital completo no portal oficial da instituição.,UFBA,Doutorado Acadêmico,Engenharias e Exatas,15,2026-05-15T12:00:00Z,2026-06-10T12:00:00Z,https://sigaa.ufba.br/sigaa/public/processo_seletivo/lista.jsf?aba=p-processo&nivel=S,Encerrado,2026-05-15T12:00:00Z,UFBA SIGAA
2026-09-03T07:28:53.966541Z,"Seleção para o Doutorado em Matemática, ingresso em 2026.2 - DOUTORADO EM MATEMÁTICA",Inscrições abertas para o processo seletivo da UFBA de ingresso no curso: DOUTORADO EM MATEMÁTICA. Vagas ofertadas: 10. Período de inscrições de 11/05/2026 a 07/06/2026. Consulte o edital completo no portal oficial da instituição.,UFBA,Doutorado Acadêmico,Engenharias e Exatas,10,2026-05-11T12:00:00Z,2026-06-07T12:00:00Z,https://sigaa.ufba.br/sigaa/public/processo_seletivo/lista.jsf?aba=p-processo&nivel=S,Encerrado,2026-05-11T12:00:00Z,UFBA SIGAA
2026-09-03T07:28:53.966541Z,DOUTORADO PROFISSIONAL EM MÚSICA. SELEÇÃO ALUNOS REGULARES 2026.2 - DOUTORADO PROFISSIONAL EM MÚSICA,Inscrições abertas para o processo seletivo da UFBA de ingresso no curso: DOUTORADO PROFISSIONAL EM MÚSICA. Vagas ofertadas: 5. Período de inscrições de 04/05/2026 a 14/06/2026. Consulte o edital completo no portal oficial da instituição.,UFBA,Doutorado Profissional,Comunicação e Artes,5,2026-05-04T12:00:00Z,2026-06-14T12:00:00Z,https://sigaa.ufba.br/sigaa/public/processo_seletivo/lista.jsf?aba=p-processo&nivel=S,Encerrado,2026-05-04T12:00:00Z,UFBA SIGAA
2026-09-03T07:28:53.966541Z,EDITAL 05/2026 - POSPETRO PROCESSO SELETIVO PARA DOUTORADO EM GEOQUÍMICA: PETRÓL - DOUTORADO EM GEOQUÍMICA: PETRÓLEO E MEIO AMBIENTE,Inscrições abertas para o processo seletivo da UFBA de ingresso no curso: DOUTORADO EM GEOQUÍMICA: PETRÓLEO E MEIO AMBIENTE. Vagas ofertadas: 3. Período de inscrições de 27/04/2026 a 16/06/2026. Consulte o edital completo no portal oficial da instituição.,UFBA,Doutorado Acadêmico,Agrárias e Ambientais,3,2026-04-27T12:00:00Z,2026-06-16T12:00:00Z,https://sigaa.ufba.br/sigaa/public/processo_seletivo/lista.jsf?aba=p-processo&nivel=S,Encerrado,2026-04-27T12:00:00Z,UFBA SIGAA
2026-09-03T07:28:53.966541Z,Processo Seletivo 2026.2 Doutorado - Aluno Regular - DOUTORADO EM MECATRÔNICA,Inscrições abertas para o processo seletivo da UFBA de ingresso no curso: DOUTORADO EM MECATRÔNICA. Vagas ofertadas: 16. Período de inscrições de 16/04/2026 a 14/06/2026. Consulte o edital completo no portal oficial da instituição.,UFBA,Doutorado Acadêmico,Saúde e Biológicas,16,2026-04-16T12:00:00Z,2026-06-14T12:00:00Z,https://sigaa.ufba.br/sigaa/public/processo_seletivo/lista.jsf?aba=p-processo&nivel=S,Encerrado,2026-04-16T12:00:00Z,UFBA SIGAA
2026-09-04T07:30:53.430241Z,EDITAL 03/2026 - DOUTORADO PROFISSIONAL EM SAÚDE COLETIVA - DOUTORADO PROFISSIONAL EM SAÚDE COLETIVA,Inscrições abertas para o processo seletivo da UFBA de ingresso no curso: DOUTORADO PROFISSIONAL EM SAÚDE COLETIVA. Vagas ofertadas: 10. Período de inscrições de 30/06/2026 a 20/07/2026. Consulte o edital completo no portal oficial da instituição.,UFBA,Doutorado Profissional,Saúde e Biológicas,10,2026-06-30T12:00:00Z,2026-07-20T12:00:00Z,https://sigaa.ufba.br/sigaa/public/processo_seletivo/lista.jsf?aba=p-processo&nivel=S,Encerrado,2026-06-30T12:00:00Z,UFBA SIGAA
2026-09-04T07:30:53.430241Z,PROCESSO SELETIVO DO DOUTORADO ACADÊMICO TURMA 2027-1 - DOUTORADO EM ARQUITETURA E URBANISMO,Inscrições abertas para o processo seletivo da UFBA de ingresso no curso: DOUTORADO EM ARQUITETURA E URBANISMO. Vagas ofertadas: 25. Período de inscrições de 15/06/2026 a 31/07/2026. Consulte o edital completo no portal oficial da instituição.,UFBA,Doutorado Acadêmico,Engenharias e Exatas,25,2026-06-15T12:00:00Z,2026-07-31T12:00:00Z,https://sigaa.ufba.br/sigaa/public/processo_seletivo/lista.jsf?aba=p-processo&nivel=S,Encerrado,2026-06-15T12:00:00Z,UFBA SIGAA
2026-09-04T07:30:53.430241Z,PPGEEC - Edital de Seleção para Alunos Especiais de Doutorado 2026.2 - DOUTORADO EM ENGENHARIA ELÉTRICA,Inscrições abertas para o processo seletivo da UFBA de ingresso no curso: DOUTORADO EM ENGENHARIA ELÉTRICA. Vagas ofertadas: 40. Período de inscrições de 15/06/2026 a 26/06/2026. Consulte o edital completo no portal oficial da instituição.,UFBA,Doutorado Acadêmico,Engenharias e Exatas,40,2026-06-15T12:00:00Z,2026-06-26T12:00:00Z,https://sigaa.ufba.br/sigaa/public/processo_seletivo/lista.jsf?aba=p-processo&nivel=S,Encerrado,2026-06-15T12:00:00Z,UFBA SIGAA
2026-09-04T07:30:53.430241Z,Processo Seletivo em Ciência de Alimentos (2026.2) - NÍVEL DOUTORADO - DOUTORADO EM CIÊNCIA DE ALIMENTOS,Inscrições abertas para o processo seletivo da UFBA de ingresso no curso: DOUTORADO EM CIÊNCIA DE ALIMENTOS. Vagas ofertadas: 22. Período de inscrições de 10/06/2026 a 28/06/2026. Consulte o edital completo no portal oficial da instituição.,UFBA,Doutorado Acadêmico,Saúde e Biológicas,22,2026-06-10T12:00:00Z,2026-06-28T12:00:00Z,https://sigaa.ufba.br/sigaa/public/processo_seletivo/lista.jsf?aba=p-processo&nivel=S,Encerrado,2026-06-10T12:00:00Z,UFBA SIGAA
2026-09-04T07:30:53.430241Z,EDITAL N.º003/2026 DOUTORADO - DOUTORADO EM FARMÁCIA,Inscrições abertas para o processo seletivo da UFBA de ingresso no curso: DOUTORADO EM FARMÁCIA. Vagas ofertadas: 12. Período de inscrições de 04/06/2026 a 30/06/2026. Consulte o edital completo no portal oficial da instituição.,UFBA,Doutorado Acadêmico,Saúde e Biológicas,12,2026-06-04T12:00:00Z,2026-06-30T12:00:00Z,https://sigaa.ufba.br/sigaa/public/processo_seletivo/lista.jsf?aba=p-processo&nivel=S,Encerrado,2026-06-04T12:00:00Z,UFBA SIGAA
2026-09-04T07:30:53.430241Z,PPGEEC / UNIVASF - Seleção para Alunos de Mestrado 2026.2 (Turma MINTER) - DOUTORADO EM ENGENHARIA ELÉTRICA,Inscrições abertas para o processo seletivo da UFBA de ingresso no curso: DOUTORADO EM ENGENHARIA ELÉTRICA. Vagas ofertadas: 20. Período de inscrições de 03/06/2026 a 29/06/2026. Consulte o edital completo no portal oficial da instituição.,UFBA,Doutorado Acadêmico,Engenharias e Exatas,20,2026-06-03T12:00:00Z,2026-06-29T12:00:00Z,https://sigaa.ufba.br/sigaa/public/processo_seletivo/lista.jsf?aba=p-processo&nivel=S,Encerrado,2026-06-03T12:00:00Z,UFBA SIGAA
2026-09-04T07:30:53.430241Z,Edital 2026.2 de Seleção para Doutorado do PPGMCF - DOUTORADO EM MULTICÊNTRICO EM CIÊNCIAS FISIOLÓGICAS,Inscrições abertas para o processo seletivo da UFBA de ingresso no curso: DOUTORADO EM MULTICÊNTRICO EM CIÊNCIAS FISIOLÓGICAS. Vagas ofertadas: 1. Período de inscrições de 21/05/2026 a 08/06/2026. Consulte o edital completo no portal oficial da instituição.,UFBA,Doutorado Acadêmico,Saúde e Biológicas,1,2026-05-21T12:00:00Z,2026-06-08T12:00:00Z,https://sigaa.ufba.br/sigaa/public/processo_seletivo/lista.jsf?aba=p-processo&nivel=S,Encerrado,2026-05-21T12:00:00Z,UFBA SIGAA
2026-09-04T07:30:53.430241Z,PPGEEC - Edital de Seleção para Alunos Regulares de Doutorado 2026.2 - DOUTORADO EM ENGENHARIA ELÉTRICA,Inscrições abertas para o processo seletivo da UFBA de ingresso no curso: DOUTORADO EM ENGENHARIA ELÉTRICA. Vagas ofertadas: 23. Período de inscrições de 19/05/2026 a 15/06/2026. Consulte o edital completo no portal oficial da instituição.,UFBA,Doutorado Acadêmico,Engenharias e Exatas,23,2026-05-19T12:00:00Z,2026-06-15T12:00:00Z,https://sigaa.ufba.br/sigaa/public/processo_seletivo/lista.jsf?aba=p-processo&nivel=S,Encerrado,2026-05-19T12:00:00Z,UFBA SIGAA
2026-09-04T07:30:53.430241Z,SELEÇÃO PARA INGRESSO NO DOUTORADO EM QUÍMICA 2026.2 - DOUTORADO EM QUÍMICA,Inscrições abertas para o processo seletivo da UFBA de ingresso no curso: DOUTORADO EM QUÍMICA. Vagas ofertadas: 20. Período de inscrições de 18/05/2026 a 21/06/2026. Consulte o edital completo no portal oficial da instituição.,UFBA,Doutorado Acadêmico,Engenharias e Exatas,20,2026-05-18T12:00:00Z,2026-06-21T12:00:00Z,https://sigaa.ufba.br/sigaa/public/processo_seletivo/lista.jsf?aba=p-processo&nivel=S,Encerrado,2026-05-18T12:00:00Z,UFBA SIGAA
2026-09-04T07:30:53.430241Z,EDITAL PEI/UFBA 04-2026 - SELEÇÃO PARA O DOUTORADO 2026.2 - DOUTORADO EM ENGENHARIA INDUSTRIAL,Inscrições abertas para o processo seletivo da UFBA de ingresso no curso: DOUTORADO EM ENGENHARIA INDUSTRIAL. Vagas ofertadas: 15. Período de inscrições de 15/05/2026 a 10/06/2026. Consulte o edital completo no portal oficial da instituição.,UFBA,Doutorado Acadêmico,Engenharias e Exatas,15,2026-05-15T12:00:00Z,2026-06-10T12:00:00Z,https://sigaa.ufba.br/sigaa/public/processo_seletivo/lista.jsf?aba=p-processo&nivel=S,Encerrado,2026-05-15T12:00:00Z,UFBA SIGAA
2026-09-04T07:30:53.430241Z,"Seleção para o Doutorado em Matemática, ingresso em 2026.2 - DOUTORADO EM MATEMÁTICA",Inscrições abertas para o processo seletivo da UFBA de ingresso no curso: DOUTORADO EM MATEMÁTICA. Vagas ofertadas: 10. Período de inscrições de 11/05/2026 a 07/06/2026. Consulte o edital completo no portal oficial da instituição.,UFBA,Doutorado Acadêmico,Engenharias e Exatas,10,2026-05-11T12:00:00Z,2026-06-07T12:00:00Z,https://sigaa.ufba.br/sigaa/public/processo_seletivo/lista.jsf?aba=p-processo&nivel=S,Encerrado,2026-05-11T12:00:00Z,UFBA SIGAA
2026-09-04T07:30:53.430241Z,DOUTORADO PROFISSIONAL EM MÚSICA. SELEÇÃO ALUNOS REGULARES 2026.2 - DOUTORADO PROFISSIONAL EM MÚSICA,Inscrições abertas para o processo seletivo da UFBA de ingresso no curso: DOUTORADO PROFISSIONAL EM MÚSICA. Vagas ofertadas: 5. Período de inscrições de 04/05/2026 a 14/06/2026. Consulte o edital completo no portal oficial da instituição.,UFBA,Doutorado Profissional,Comunicação e Artes,5,2026-05-04T12:00:00Z,2026-06-14T12:00:00Z,https://sigaa.ufba.br/sigaa/public/processo_seletivo/lista.jsf?aba=p-processo&nivel=S,Encerrado,2026-05-04T12:00:00Z,UFBA SIGAA
2026-09-04T07:30:53.430241Z,EDITAL 05/2026 - POSPETRO PROCESSO SELETIVO PARA DOUTORADO EM GEOQUÍMICA: PETRÓL - DOUTORADO EM GEOQUÍMICA: PETRÓLEO E MEIO AMBIENTE,Inscrições abertas para o processo seletivo da UFBA de ingresso no curso: DOUTORADO EM GEOQUÍMICA: PETRÓLEO E MEIO AMBIENTE. Vagas ofertadas: 3. Período de inscrições de 27/04/2026 a 16/06/2026. Consulte o edital completo no portal oficial da instituição.,UFBA,Doutorado Acadêmico,Agrárias e Ambientais,3,2026-04-27T12:00:00Z,2026-06-16T12:00:00Z,https://sigaa.ufba.br/sigaa/public/processo_seletivo/lista.jsf?aba=p-processo&nivel=S,Encerrado,2026-04-27T12:00:00Z,UFBA SIGAA
2026-09-04T07:30:53.430241Z,Processo Seletivo 2026.2 Doutorado - Aluno Regular - DOUTORADO EM MECATRÔNICA,Inscrições abertas para o processo seletivo da UFBA de ingresso no curso: DOUTORADO EM MECATRÔNICA. Vagas ofertadas: 16. Período de inscrições de 16/04/2026 a 14/06/2026. Consulte o edital completo no portal oficial da instituição.,UFBA,Doutorado Acadêmico,Saúde e Biológicas,16,2026-04-16T12:00:00Z,2026-06-14T12:00:00Z,https://sigaa.ufba.br/sigaa/public/processo_seletivo/lista.jsf?aba=p-processo&nivel=S,Encerrado,2026-04-16T12:00:00Z,UFBA SIGAA
2026-09-05T07:12:01.929524Z,EDITAL 03/2026 - DOUTORADO PROFISSIONAL EM SAÚDE COLETIVA - DOUTORADO PROFISSIONAL EM SAÚDE COLETIVA,Inscrições abertas para o processo seletivo da UFBA de ingresso no curso: DOUTORADO PROFISSIONAL EM SAÚDE COLETIVA. Vagas ofertadas: 10. Período de inscrições de 30/06/2026 a 20/07/2026. Consulte o edital completo no portal oficial da instituição.,UFBA,Doutorado Profissional,Saúde e Biológicas,10,2026-06-30T12:00:00Z,2026-07-20T12:00:00Z,https://sigaa.ufba.br/sigaa/public/processo_seletivo/lista.jsf?aba=p-processo&nivel=S,Encerrado,2026-06-30T12:00:00Z,UFBA SIGAA
2026-09-05T07:12:01.929524Z,PROCESSO SELETIVO DO DOUTORADO ACADÊMICO TURMA 2027-1 - DOUTORADO EM ARQUITETURA E URBANISMO,Inscrições abertas para o processo seletivo da UFBA de ingresso no curso: DOUTORADO EM ARQUITETURA E URBANISMO. Vagas ofertadas: 25. Período de inscrições de 15/06/2026 a 31/07/2026. Consulte o edital completo no portal oficial da instituição.,UFBA,Doutorado Acadêmico,Engenharias e Exatas,25,2026-06-15T12:00:00Z,2026-07-31T12:00:00Z,https://sigaa.ufba.br/sigaa/public/processo_seletivo/lista.jsf?aba=p-processo&nivel=S,Encerrado,2026-06-15T12:00:00Z,UFBA SIGAA
2026-09-05T07:12:01.929524Z,PPGEEC - Edital de Seleção para Alunos Especiais de Doutorado 2026.2 - DOUTORADO EM ENGENHARIA ELÉTRICA,Inscrições abertas para o processo seletivo da UFBA de ingresso no curso: DOUTORADO EM ENGENHARIA ELÉTRICA. Vagas ofertadas: 40. Período de inscrições de 15/06/2026 a 26/06/2026. Consulte o edital completo no portal oficial da instituição.,UFBA,Doutorado Acadêmico,Engenharias e Exatas,40,2026-06-15T12:00:00Z,2026-06-26T12:00:00Z,https://sigaa.ufba.br/sigaa/public/processo_seletivo/lista.jsf?aba=p-processo&nivel=S,Encerrado,2026-06-15T12:00:00Z,UFBA SIGAA
2026-09-05T07:12:01.929524Z,Processo Seletivo em Ciência de Alimentos (2026.2) - NÍVEL DOUTORADO - DOUTORADO EM CIÊNCIA DE ALIMENTOS,Inscrições abertas para o processo seletivo da UFBA de ingresso no curso: DOUTORADO EM CIÊNCIA DE ALIMENTOS. Vagas ofertadas: 22. Período de inscrições de 10/06/2026 a 28/06/2026. Consulte o edital completo no portal oficial da instituição.,UFBA,Doutorado Acadêmico,Saúde e Biológicas,22,2026-06-10T12:00:00Z,2026-06-28T12:00:00Z,https://sigaa.ufba.br/sigaa/public/processo_seletivo/lista.jsf?aba=p-processo&nivel=S,Encerrado,2026-06-10T12:00:00Z,UFBA SIGAA
2026-09-05T07:12:01.929524Z,EDITAL N.º003/2026 DOUTORADO - DOUTORADO EM FARMÁCIA,Inscrições abertas para o processo seletivo da UFBA de ingresso no curso: DOUTORADO EM FARMÁCIA. Vagas ofertadas: 12. Período de inscrições de 04/06/2026 a 30/06/2026. Consulte o edital completo no portal oficial da instituição.,UFBA,Doutorado Acadêmico,Saúde e Biológicas,12,2026-06-04T12:00:00Z,2026-06-30T12:00:00Z,https://sigaa.ufba.br/sigaa/public/processo_seletivo/lista.jsf?aba=p-processo&nivel=S,Encerrado,2026-06-04T12:00:00Z,UFBA SIGAA
2026-09-05T07:12:01.929524Z,PPGEEC / UNIVASF - Seleção para Alunos de Mestrado 2026.2 (Turma MINTER) - DOUTORADO EM ENGENHARIA ELÉTRICA,Inscrições abertas para o processo seletivo da UFBA de ingresso no curso: DOUTORADO EM ENGENHARIA ELÉTRICA. Vagas ofertadas: 20. Período de inscrições de 03/06/2026 a 29/06/2026. Consulte o edital completo no portal oficial da instituição.,UFBA,Doutorado Acadêmico,Engenharias e Exatas,20,2026-06-03T12:00:00Z,2026-06-29T12:00:00Z,https://sigaa.ufba.br/sigaa/public/processo_seletivo/lista.jsf?aba=p-processo&nivel=S,Encerrado,2026-06-03T12:00:00Z,UFBA SIGAA
2026-09-05T07:12:01.929524Z,Edital 2026.2 de Seleção para Doutorado do PPGMCF - DOUTORADO EM MULTICÊNTRICO EM CIÊNCIAS FISIOLÓGICAS,Inscrições abertas para o processo seletivo da UFBA de ingresso no curso: DOUTORADO EM MULTICÊNTRICO EM CIÊNCIAS FISIOLÓGICAS. Vagas ofertadas: 1. Período de inscrições de 21/05/2026 a 08/06/2026. Consulte o edital completo no portal oficial da instituição.,UFBA,Doutorado Acadêmico,Saúde e Biológicas,1,2026-05-21T12:00:00Z,2026-06-08T12:00:00Z,https://sigaa.ufba.br/sigaa/public/processo_seletivo/lista.jsf?aba=p-processo&nivel=S,Encerrado,2026-05-21T12:00:00Z,UFBA SIGAA
2026-09-05T07:12:01.929524Z,PPGEEC - Edital de Seleção para Alunos Regulares de Doutorado 2026.2 - DOUTORADO EM ENGENHARIA ELÉTRICA,Inscrições abertas para o processo seletivo da UFBA de ingresso no curso: DOUTORADO EM ENGENHARIA ELÉTRICA. Vagas ofertadas: 23. Período de inscrições de 19/05/2026 a 15/06/2026. Consulte o edital completo no portal oficial da instituição.,UFBA,Doutorado Acadêmico,Engenharias e Exatas,23,2026-05-19T12:00:00Z,2026-06-15T12:00:00Z,https://sigaa.ufba.br/sigaa/public/processo_seletivo/lista.jsf?aba=p-processo&nivel=S,Encerrado,2026-05-19T12:00:00Z,UFBA SIGAA
2026-09-05T07:12:01.929524Z,SELEÇÃO PARA INGRESSO NO DOUTORADO EM QUÍMICA 2026.2 - DOUTORADO EM QUÍMICA,Inscrições abertas para o processo seletivo da UFBA de ingresso no curso: DOUTORADO EM QUÍMICA. Vagas ofertadas: 20. Período de inscrições de 18/05/2026 a 21/06/2026. Consulte o edital completo no portal oficial da instituição.,UFBA,Doutorado Acadêmico,Engenharias e Exatas,20,2026-05-18T12:00:00Z,2026-06-21T12:00:00Z,https://sigaa.ufba.br/sigaa/public/processo_seletivo/lista.jsf?aba=p-processo&nivel=S,Encerrado,2026-05-18T12:00:00Z,UFBA SIGAA
2026-09-05T07:12:01.929524Z,EDITAL PEI/UFBA 04-2026 - SELEÇÃO PARA O DOUTORADO 2026.2 - DOUTORADO EM ENGENHARIA INDUSTRIAL,Inscrições abertas para o processo seletivo da UFBA de ingresso no curso: DOUTORADO EM ENGENHARIA INDUSTRIAL. Vagas ofertadas: 15. Período de inscrições de 15/05/2026 a 10/06/2026. Consulte o edital completo no portal oficial da instituição.,UFBA,Doutorado Acadêmico,Engenharias e Exatas,15,2026-05-15T12:00:00Z,2026-06-10T12:00:00Z,https://sigaa.ufba.br/sigaa/public/processo_seletivo/lista.jsf?aba=p-processo&nivel=S,Encerrado,2026-05-15T12:00:00Z,UFBA SIGAA
2026-09-05T07:12:01.929524Z,"Seleção para o Doutorado em Matemática, ingresso em 2026.2 - DOUTORADO EM MATEMÁTICA",Inscrições abertas para o processo seletivo da UFBA de ingresso no curso: DOUTORADO EM MATEMÁTICA. Vagas ofertadas: 10. Período de inscrições de 11/05/2026 a 07/06/2026. Consulte o edital completo no portal oficial da instituição.,UFBA,Doutorado Acadêmico,Engenharias e Exatas,10,2026-05-11T12:00:00Z,2026-06-07T12:00:00Z,https://sigaa.ufba.br/sigaa/public/processo_seletivo/lista.jsf?aba=p-processo&nivel=S,Encerrado,2026-05-11T12:00:00Z,UFBA SIGAA
2026-09-05T07:12:01.929524Z,DOUTORADO PROFISSIONAL EM MÚSICA. SELEÇÃO ALUNOS REGULARES 2026.2 - DOUTORADO PROFISSIONAL EM MÚSICA,Inscrições abertas para o processo seletivo da UFBA de ingresso no curso: DOUTORADO PROFISSIONAL EM MÚSICA. Vagas ofertadas: 5. Período de inscrições de 04/05/2026 a 14/06/2026. Consulte o edital completo no portal oficial da instituição.,UFBA,Doutorado Profissional,Comunicação e Artes,5,2026-05-04T12:00:00Z,2026-06-14T12:00:00Z,https://sigaa.ufba.br/sigaa/public/processo_seletivo/lista.jsf?aba=p-processo&nivel=S,Encerrado,2026-05-04T12:00:00Z,UFBA SIGAA
2026-09-05T07:12:01.929524Z,EDITAL 05/2026 - POSPETRO PROCESSO SELETIVO PARA DOUTORADO EM GEOQUÍMICA: PETRÓL - DOUTORADO EM GEOQUÍMICA: PETRÓLEO E MEIO AMBIENTE,Inscrições abertas para o processo seletivo da UFBA de ingresso no curso: DOUTORADO EM GEOQUÍMICA: PETRÓLEO E MEIO AMBIENTE. Vagas ofertadas: 3. Período de inscrições de 27/04/2026 a 16/06/2026. Consulte o edital completo no portal oficial da instituição.,UFBA,Doutorado Acadêmico,Agrárias e Ambientais,3,2026-04-27T12:00:00Z,2026-06-16T12:00:00Z,https://sigaa.ufba.br/sigaa/public/processo_seletivo/lista.jsf?aba=p-processo&nivel=S,Encerrado,2026-04-27T12:00:00Z,UFBA SIGAA
2026-09-05T07:12:01.929524Z,Processo Seletivo 2026.2 Doutorado - Aluno Regular - DOUTORADO EM MECATRÔNICA,Inscrições abertas para o processo seletivo da UFBA de ingresso no curso: DOUTORADO EM MECATRÔNICA. Vagas ofertadas: 16. Período de inscrições de 16/04/2026 a 14/06/2026. Consulte o edital completo no portal oficial da instituição.,UFBA,Doutorado Acadêmico,Saúde e Biológicas,16,2026-04-16T12:00:00Z,2026-06-14T12:00:00Z,https://sigaa.ufba.br/sigaa/public/processo_seletivo/lista.jsf?aba=p-processo&nivel=S,Encerrado,2026-04-16T12:00:00Z,UFBA SIGAA
2026-09-06T07:24:23.043184Z,EDITAL 03/2026 - DOUTORADO PROFISSIONAL EM SAÚDE COLETIVA - DOUTORADO PROFISSIONAL EM SAÚDE COLETIVA,Inscrições abertas para o processo seletivo da UFBA de ingresso no curso: DOUTORADO PROFISSIONAL EM SAÚDE COLETIVA. Vagas ofertadas: 10. Período de inscrições de 30/06/2026 a 20/07/2026. Consulte o edital completo no portal oficial da instituição.,UFBA,Doutorado Profissional,Saúde e Biológicas,10,2026-06-30T12:00:00Z,2026-07-20T12:00:00Z,https://sigaa.ufba.br/sigaa/public/processo_seletivo/lista.jsf?aba=p-processo&nivel=S,Encerrado,2026-06-30T12:00:00Z,UFBA SIGAA
2026-09-06T07:24:23.043184Z,PROCESSO SELETIVO DO DOUTORADO ACADÊMICO TURMA 2027-1 - DOUTORADO EM ARQUITETURA E URBANISMO,Inscrições abertas para o processo seletivo da UFBA de ingresso no curso: DOUTORADO EM ARQUITETURA E URBANISMO. Vagas ofertadas: 25. Período de inscrições de 15/06/2026 a 31/07/2026. Consulte o edital completo no portal oficial da instituição.,UFBA,Doutorado Acadêmico,Engenharias e Exatas,25,2026-06-15T12:00:00Z,2026-07-31T12:00:00Z,https://sigaa.ufba.br/sigaa/public/processo_seletivo/lista.jsf?aba=p-processo&nivel=S,Encerrado,2026-06-15T12:00:00Z,UFBA SIGAA
2026-09-06T07:24:23.043184Z,PPGEEC - Edital de Seleção para Alunos Especiais de Doutorado 2026.2 - DOUTORADO EM ENGENHARIA ELÉTRICA,Inscrições abertas para o processo seletivo da UFBA de ingresso no curso: DOUTORADO EM ENGENHARIA ELÉTRICA. Vagas ofertadas: 40. Período de inscrições de 15/06/2026 a 26/06/2026. Consulte o edital completo no portal oficial da instituição.,UFBA,Doutorado Acadêmico,Engenharias e Exatas,40,2026-06-15T12:00:00Z,2026-06-26T12:00:00Z,https://sigaa.ufba.br/sigaa/public/processo_seletivo/lista.jsf?aba=p-processo&nivel=S,Encerrado,2026-06-15T12:00:00Z,UFBA SIGAA
2026-09-06T07:24:23.043184Z,Processo Seletivo em Ciência de Alimentos (2026.2) - NÍVEL DOUTORADO - DOUTORADO EM CIÊNCIA DE ALIMENTOS,Inscrições abertas para o processo seletivo da UFBA de ingresso no curso: DOUTORADO EM CIÊNCIA DE ALIMENTOS. Vagas ofertadas: 22. Período de inscrições de 10/06/2026 a 28/06/2026. Consulte o edital completo no portal oficial da instituição.,UFBA,Doutorado Acadêmico,Saúde e Biológicas,22,2026-06-10T12:00:00Z,2026-06-28T12:00:00Z,https://sigaa.ufba.br/sigaa/public/processo_seletivo/lista.jsf?aba=p-processo&nivel=S,Encerrado,2026-06-10T12:00:00Z,UFBA SIGAA
2026-09-06T07:24:23.043184Z,EDITAL N.º003/2026 DOUTORADO - DOUTORADO EM FARMÁCIA,Inscrições abertas para o processo seletivo da UFBA de ingresso no curso: DOUTORADO EM FARMÁCIA. Vagas ofertadas: 12. Período de inscrições de 04/06/2026 a 30/06/2026. Consulte o edital completo no portal oficial da instituição.,UFBA,Doutorado Acadêmico,Saúde e Biológicas,12,2026-06-04T12:00:00Z,2026-06-30T12:00:00Z,https://sigaa.ufba.br/sigaa/public/processo_seletivo/lista.jsf?aba=p-processo&nivel=S,Encerrado,2026-06-04T12:00:00Z,UFBA SIGAA
2026-09-06T07:24:23.043184Z,PPGEEC / UNIVASF - Seleção para Alunos de Mestrado 2026.2 (Turma MINTER) - DOUTORADO EM ENGENHARIA ELÉTRICA,Inscrições abertas para o processo seletivo da UFBA de ingresso no curso: DOUTORADO EM ENGENHARIA ELÉTRICA. Vagas ofertadas: 20. Período de inscrições de 03/06/2026 a 29/06/2026. Consulte o edital completo no portal oficial da instituição.,UFBA,Doutorado Acadêmico,Engenharias e Exatas,20,2026-06-03T12:00:00Z,2026-06-29T12:00:00Z,https://sigaa.ufba.br/sigaa/public/processo_seletivo/lista.jsf?aba=p-processo&nivel=S,Encerrado,2026-06-03T12:00:00Z,UFBA SIGAA
2026-09-06T07:24:23.043184Z,Edital 2026.2 de Seleção para Doutorado do PPGMCF - DOUTORADO EM MULTICÊNTRICO EM CIÊNCIAS FISIOLÓGICAS,Inscrições abertas para o processo seletivo da UFBA de ingresso no curso: DOUTORADO EM MULTICÊNTRICO EM CIÊNCIAS FISIOLÓGICAS. Vagas ofertadas: 1. Período de inscrições de 21/05/2026 a 08/06/2026. Consulte o edital completo no portal oficial da instituição.,UFBA,Doutorado Acadêmico,Saúde e Biológicas,1,2026-05-21T12:00:00Z,2026-06-08T12:00:00Z,https://sigaa.ufba.br/sigaa/public/processo_seletivo/lista.jsf?aba=p-processo&nivel=S,Encerrado,2026-05-21T12:00:00Z,UFBA SIGAA
2026-09-06T07:24:23.043184Z,PPGEEC - Edital de Seleção para Alunos Regulares de Doutorado 2026.2 - DOUTORADO EM ENGENHARIA ELÉTRICA,Inscrições abertas para o processo seletivo da UFBA de ingresso no curso: DOUTORADO EM ENGENHARIA ELÉTRICA. Vagas ofertadas: 23. Período de inscrições de 19/05/2026 a 15/06/2026. Consulte o edital completo no portal oficial da instituição.,UFBA,Doutorado Acadêmico,Engenharias e Exatas,23,2026-05-19T12:00:00Z,2026-06-15T12:00:00Z,https://sigaa.ufba.br/sigaa/public/processo_seletivo/lista.jsf?aba=p-processo&nivel=S,Encerrado,2026-05-19T12:00:00Z,UFBA SIGAA
2026-09-06T07:24:23.043184Z,SELEÇÃO PARA INGRESSO NO DOUTORADO EM QUÍMICA 2026.2 - DOUTORADO EM QUÍMICA,Inscrições abertas para o processo seletivo da UFBA de ingresso no curso: DOUTORADO EM QUÍMICA. Vagas ofertadas: 20. Período de inscrições de 18/05/2026 a 21/06/2026. Consulte o edital completo no portal oficial da instituição.,UFBA,Doutorado Acadêmico,Engenharias e Exatas,20,2026-05-18T12:00:00Z,2026-06-21T12:00:00Z,https://sigaa.ufba.br/sigaa/public/processo_seletivo/lista.jsf?aba=p-processo&nivel=S,Encerrado,2026-05-18T12:00:00Z,UFBA SIGAA
2026-09-06T07:24:23.043184Z,EDITAL PEI/UFBA 04-2026 - SELEÇÃO PARA O DOUTORADO 2026.2 - DOUTORADO EM ENGENHARIA INDUSTRIAL,Inscrições abertas para o processo seletivo da UFBA de ingresso no curso: DOUTORADO EM ENGENHARIA INDUSTRIAL. Vagas ofertadas: 15. Período de inscrições de 15/05/2026 a 10/06/2026. Consulte o edital completo no portal oficial da instituição.,UFBA,Doutorado Acadêmico,Engenharias e Exatas,15,2026-05-15T12:00:00Z,2026-06-10T12:00:00Z,https://sigaa.ufba.br/sigaa/public/processo_seletivo/lista.jsf?aba=p-processo&nivel=S,Encerrado,2026-05-15T12:00:00Z,UFBA SIGAA
2026-09-06T07:24:23.043184Z,"Seleção para o Doutorado em Matemática, ingresso em 2026.2 - DOUTORADO EM MATEMÁTICA",Inscrições abertas para o processo seletivo da UFBA de ingresso no curso: DOUTORADO EM MATEMÁTICA. Vagas ofertadas: 10. Período de inscrições de 11/05/2026 a 07/06/2026. Consulte o edital completo no portal oficial da instituição.,UFBA,Doutorado Acadêmico,Engenharias e Exatas,10,2026-05-11T12:00:00Z,2026-06-07T12:00:00Z,https://sigaa.ufba.br/sigaa/public/processo_seletivo/lista.jsf?aba=p-processo&nivel=S,Encerrado,2026-05-11T12:00:00Z,UFBA SIGAA
2026-09-06T07:24:23.043184Z,DOUTORADO PROFISSIONAL EM MÚSICA. SELEÇÃO ALUNOS REGULARES 2026.2 - DOUTORADO PROFISSIONAL EM MÚSICA,Inscrições abertas para o processo seletivo da UFBA de ingresso no curso: DOUTORADO PROFISSIONAL EM MÚSICA. Vagas ofertadas: 5. Período de inscrições de 04/05/2026 a 14/06/2026. Consulte o edital completo no portal oficial da instituição.,UFBA,Doutorado Profissional,Comunicação e Artes,5,2026-05-04T12:00:00Z,2026-06-14T12:00:00Z,https://sigaa.ufba.br/sigaa/public/processo_seletivo/lista.jsf?aba=p-processo&nivel=S,Encerrado,2026-05-04T12:00:00Z,UFBA SIGAA
2026-09-06T07:24:23.043184Z,EDITAL 05/2026 - POSPETRO PROCESSO SELETIVO PARA DOUTORADO EM GEOQUÍMICA: PETRÓL - DOUTORADO EM GEOQUÍMICA: PETRÓLEO E MEIO AMBIENTE,Inscrições abertas para o processo seletivo da UFBA de ingresso no curso: DOUTORADO EM GEOQUÍMICA: PETRÓLEO E MEIO AMBIENTE. Vagas ofertadas: 3. Período de inscrições de 27/04/2026 a 16/06/2026. Consulte o edital completo no portal oficial da instituição.,UFBA,Doutorado Acadêmico,Agrárias e Ambientais,3,2026-04-27T12:00:00Z,2026-06-16T12:00:00Z,https://sigaa.ufba.br/sigaa/public/processo_seletivo/lista.jsf?aba=p-processo&nivel=S,Encerrado,2026-04-27T12:00:00Z,UFBA SIGAA
2026-09-06T07:24:23.043184Z,Processo Seletivo 2026.2 Doutorado - Aluno Regular - DOUTORADO EM MECATRÔNICA,Inscrições abertas para o processo seletivo da UFBA de ingresso no curso: DOUTORADO EM MECATRÔNICA. Vagas ofertadas: 16. Período de inscrições de 16/04/2026 a 14/06/2026. Consulte o edital completo no portal oficial da instituição.,UFBA,Doutorado Acadêmico,Saúde e Biológicas,16,2026-04-16T12:00:00Z,2026-06-14T12:00:00Z,https://sigaa.ufba.br/sigaa/public/processo_seletivo/lista.jsf?aba=p-processo&nivel=S,Encerrado,2026-04-16T12:00:00Z,UFBA SIGAA
2026-09-07T07:40:10.234911Z,EDITAL 03/2026 - DOUTORADO PROFISSIONAL EM SAÚDE COLETIVA - DOUTORADO PROFISSIONAL EM SAÚDE COLETIVA,Inscrições abertas para o processo seletivo da UFBA de ingresso no curso: DOUTORADO PROFISSIONAL EM SAÚDE COLETIVA. Vagas ofertadas: 10. Período de inscrições de 30/06/2026 a 20/07/2026. Consulte o edital completo no portal oficial da instituição.,UFBA,Doutorado Profissional,Saúde e Biológicas,10,2026-06-30T12:00:00Z,2026-07-20T12:00:00Z,https://sigaa.ufba.br/sigaa/public/processo_seletivo/lista.jsf?aba=p-processo&nivel=S,Encerrado,2026-06-30T12:00:00Z,UFBA SIGAA
2026-09-07T07:40:10.234911Z,PROCESSO SELETIVO DO DOUTORADO ACADÊMICO TURMA 2027-1 - DOUTORADO EM ARQUITETURA E URBANISMO,Inscrições abertas para o processo seletivo da UFBA de ingresso no curso: DOUTORADO EM ARQUITETURA E URBANISMO. Vagas ofertadas: 25. Período de inscrições de 15/06/2026 a 31/07/2026. Consulte o edital completo no portal oficial da instituição.,UFBA,Doutorado Acadêmico,Engenharias e Exatas,25,2026-06-15T12:00:00Z,2026-07-31T12:00:00Z,https://sigaa.ufba.br/sigaa/public/processo_seletivo/lista.jsf?aba=p-processo&nivel=S,Encerrado,2026-06-15T12:00:00Z,UFBA SIGAA
2026-09-07T07:40:10.234911Z,PPGEEC - Edital de Seleção para Alunos Especiais de Doutorado 2026.2 - DOUTORADO EM ENGENHARIA ELÉTRICA,Inscrições abertas para o processo seletivo da UFBA de ingresso no curso: DOUTORADO EM ENGENHARIA ELÉTRICA. Vagas ofertadas: 40. Período de inscrições de 15/06/2026 a 26/06/2026. Consulte o edital completo no portal oficial da instituição.,UFBA,Doutorado Acadêmico,Engenharias e Exatas,40,2026-06-15T12:00:00Z,2026-06-26T12:00:00Z,https://sigaa.ufba.br/sigaa/public/processo_seletivo/lista.jsf?aba=p-processo&nivel=S,Encerrado,2026-06-15T12:00:00Z,UFBA SIGAA
2026-09-07T07:40:10.234911Z,Processo Seletivo em Ciência de Alimentos (2026.2) - NÍVEL DOUTORADO - DOUTORADO EM CIÊNCIA DE ALIMENTOS,Inscrições abertas para o processo seletivo da UFBA de ingresso no curso: DOUTORADO EM CIÊNCIA DE ALIMENTOS. Vagas ofertadas: 22. Período de inscrições de 10/06/2026 a 28/06/2026. Consulte o edital completo no portal oficial da instituição.,UFBA,Doutorado Acadêmico,Saúde e Biológicas,22,2026-06-10T12:00:00Z,2026-06-28T12:00:00Z,https://sigaa.ufba.br/sigaa/public/processo_seletivo/lista.jsf?aba=p-processo&nivel=S,Encerrado,2026-06-10T12:00:00Z,UFBA SIGAA
2026-09-07T07:40:10.234911Z,EDITAL N.º003/2026 DOUTORADO - DOUTORADO EM FARMÁCIA,Inscrições abertas para o processo seletivo da UFBA de ingresso no curso: DOUTORADO EM FARMÁCIA. Vagas ofertadas: 12. Período de inscrições de 04/06/2026 a 30/06/2026. Consulte o edital completo no portal oficial da instituição.,UFBA,Doutorado Acadêmico,Saúde e Biológicas,12,2026-06-04T12:00:00Z,2026-06-30T12:00:00Z,https://sigaa.ufba.br/sigaa/public/processo_seletivo/lista.jsf?aba=p-processo&nivel=S,Encerrado,2026-06-04T12:00:00Z,UFBA SIGAA
2026-09-07T07:40:10.234911Z,PPGEEC / UNIVASF - Seleção para Alunos de Mestrado 2026.2 (Turma MINTER) - DOUTORADO EM ENGENHARIA ELÉTRICA,Inscrições abertas para o processo seletivo da UFBA de ingresso no curso: DOUTORADO EM ENGENHARIA ELÉTRICA. Vagas ofertadas: 20. Período de inscrições de 03/06/2026 a 29/06/2026. Consulte o edital completo no portal oficial da instituição.,UFBA,Doutorado Acadêmico,Engenharias e Exatas,20,2026-06-03T12:00:00Z,2026-06-29T12:00:00Z,https://sigaa.ufba.br/sigaa/public/processo_seletivo/lista.jsf?aba=p-processo&nivel=S,Encerrado,2026-06-03T12:00:00Z,UFBA SIGAA
2026-09-07T07:40:10.234911Z,Edital 2026.2 de Seleção para Doutorado do PPGMCF - DOUTORADO EM MULTICÊNTRICO EM CIÊNCIAS FISIOLÓGICAS,Inscrições abertas para o processo seletivo da UFBA de ingresso no curso: DOUTORADO EM MULTICÊNTRICO EM CIÊNCIAS FISIOLÓGICAS. Vagas ofertadas: 1. Período de inscrições de 21/05/2026 a 08/06/2026. Consulte o edital completo no portal oficial da instituição.,UFBA,Doutorado Acadêmico,Saúde e Biológicas,1,2026-05-21T12:00:00Z,2026-06-08T12:00:00Z,https://sigaa.ufba.br/sigaa/public/processo_seletivo/lista.jsf?aba=p-processo&nivel=S,Encerrado,2026-05-21T12:00:00Z,UFBA SIGAA
2026-09-07T07:40:10.234911Z,PPGEEC - Edital de Seleção para Alunos Regulares de Doutorado 2026.2 - DOUTORADO EM ENGENHARIA ELÉTRICA,Inscrições abertas para o processo seletivo da UFBA de ingresso no curso: DOUTORADO EM ENGENHARIA ELÉTRICA. Vagas ofertadas: 23. Período de inscrições de 19/05/2026 a 15/06/2026. Consulte o edital completo no portal oficial da instituição.,UFBA,Doutorado Acadêmico,Engenharias e Exatas,23,2026-05-19T12:00:00Z,2026-06-15T12:00:00Z,https://sigaa.ufba.br/sigaa/public/processo_seletivo/lista.jsf?aba=p-processo&nivel=S,Encerrado,2026-05-19T12:00:00Z,UFBA SIGAA
2026-09-07T07:40:10.234911Z,SELEÇÃO PARA INGRESSO NO DOUTORADO EM QUÍMICA 2026.2 - DOUTORADO EM QUÍMICA,Inscrições abertas para o processo seletivo da UFBA de ingresso no curso: DOUTORADO EM QUÍMICA. Vagas ofertadas: 20. Período de inscrições de 18/05/2026 a 21/06/2026. Consulte o edital completo no portal oficial da instituição.,UFBA,Doutorado Acadêmico,Engenharias e Exatas,20,2026-05-18T12:00:00Z,2026-06-21T12:00:00Z,https://sigaa.ufba.br/sigaa/public/processo_seletivo/lista.jsf?aba=p-processo&nivel=S,Encerrado,2026-05-18T12:00:00Z,UFBA SIGAA
2026-09-07T07:40:10.234911Z,EDITAL PEI/UFBA 04-2026 - SELEÇÃO PARA O DOUTORADO 2026.2 - DOUTORADO EM ENGENHARIA INDUSTRIAL,Inscrições abertas para o processo seletivo da UFBA de ingresso no curso: DOUTORADO EM ENGENHARIA INDUSTRIAL. Vagas ofertadas: 15. Período de inscrições de 15/05/2026 a 10/06/2026. Consulte o edital completo no portal oficial da instituição.,UFBA,Doutorado Acadêmico,Engenharias e Exatas,15,2026-05-15T12:00:00Z,2026-06-10T12:00:00Z,https://sigaa.ufba.br/sigaa/public/processo_seletivo/lista.jsf?aba=p-processo&nivel=S,Encerrado,2026-05-15T12:00:00Z,UFBA SIGAA
2026-09-07T07:40:10.234911Z,"Seleção para o Doutorado em Matemática, ingresso em 2026.2 - DOUTORADO EM MATEMÁTICA",Inscrições abertas para o processo seletivo da UFBA de ingresso no curso: DOUTORADO EM MATEMÁTICA. Vagas ofertadas: 10. Período de inscrições de 11/05/2026 a 07/06/2026. Consulte o edital completo no portal oficial da instituição.,UFBA,Doutorado Acadêmico,Engenharias e Exatas,10,2026-05-11T12:00:00Z,2026-06-07T12:00:00Z,https://sigaa.ufba.br/sigaa/public/processo_seletivo/lista.jsf?aba=p-processo&nivel=S,Encerrado,2026-05-11T12:00:00Z,UFBA SIGAA
2026-09-07T07:40:10.234911Z,DOUTORADO PROFISSIONAL EM MÚSICA. SELEÇÃO ALUNOS REGULARES 2026.2 - DOUTORADO PROFISSIONAL EM MÚSICA,Inscrições abertas para o processo seletivo da UFBA de ingresso no curso: DOUTORADO PROFISSIONAL EM MÚSICA. Vagas ofertadas: 5. Período de inscrições de 04/05/2026 a 14/06/2026. Consulte o edital completo no portal oficial da instituição.,UFBA,Doutorado Profissional,Comunicação e Artes,5,2026-05-04T12:00:00Z,2026-06-14T12:00:00Z,https://sigaa.ufba.br/sigaa/public/processo_seletivo/lista.jsf?aba=p-processo&nivel=S,Encerrado,2026-05-04T12:00:00Z,UFBA SIGAA
2026-09-07T07:40:10.234911Z,EDITAL 05/2026 - POSPETRO PROCESSO SELETIVO PARA DOUTORADO EM GEOQUÍMICA: PETRÓL - DOUTORADO EM GEOQUÍMICA: PETRÓLEO E MEIO AMBIENTE,Inscrições abertas para o processo seletivo da UFBA de ingresso no curso: DOUTORADO EM GEOQUÍMICA: PETRÓLEO E MEIO AMBIENTE. Vagas ofertadas: 3. Período de inscrições de 27/04/2026 a 16/06/2026. Consulte o edital completo no portal oficial da instituição.,UFBA,Doutorado Acadêmico,Agrárias e Ambientais,3,2026-04-27T12:00:00Z,2026-06-16T12:00:00Z,https://sigaa.ufba.br/sigaa/public/processo_seletivo/lista.jsf?aba=p-processo&nivel=S,Encerrado,2026-04-27T12:00:00Z,UFBA SIGAA
2026-09-07T07:40:10.234911Z,Processo Seletivo 2026.2 Doutorado - Aluno Regular - DOUTORADO EM MECATRÔNICA,Inscrições abertas para o processo seletivo da UFBA de ingresso no curso: DOUTORADO EM MECATRÔNICA. Vagas ofertadas: 16. Período de inscrições de 16/04/2026 a 14/06/2026. Consulte o edital completo no portal oficial da instituição.,UFBA,Doutorado Acadêmico,Saúde e Biológicas,16,2026-04-16T12:00:00Z,2026-06-14T12:00:00Z,https://sigaa.ufba.br/sigaa/public/processo_seletivo/lista.jsf?aba=p-processo&nivel=S,Encerrado,2026-04-16T12:00:00Z,UFBA SIGAA
2026-09-08T07:31:58.176011Z,EDITAL 03/2026 - DOUTORADO PROFISSIONAL EM SAÚDE COLETIVA - DOUTORADO PROFISSIONAL EM SAÚDE COLETIVA,Inscrições abertas para o processo seletivo da UFBA de ingresso no curso: DOUTORADO PROFISSIONAL EM SAÚDE COLETIVA. Vagas ofertadas: 10. Período de inscrições de 30/06/2026 a 20/07/2026. Consulte o edital completo no portal oficial da instituição.,UFBA,Doutorado Profissional,Saúde e Biológicas,10,2026-06-30T12:00:00Z,2026-07-20T12:00:00Z,https://sigaa.ufba.br/sigaa/public/processo_seletivo/lista.jsf?aba=p-processo&nivel=S,Encerrado,2026-06-30T12:00:00Z,UFBA SIGAA
2026-09-08T07:31:58.176011Z,PROCESSO SELETIVO DO DOUTORADO ACADÊMICO TURMA 2027-1 - DOUTORADO EM ARQUITETURA E URBANISMO,Inscrições abertas para o processo seletivo da UFBA de ingresso no curso: DOUTORADO EM ARQUITETURA E URBANISMO. Vagas ofertadas: 25. Período de inscrições de 15/06/2026 a 31/07/2026. Consulte o edital completo no portal oficial da instituição.,UFBA,Doutorado Acadêmico,Engenharias e Exatas,25,2026-06-15T12:00:00Z,2026-07-31T12:00:00Z,https://sigaa.ufba.br/sigaa/public/processo_seletivo/lista.jsf?aba=p-processo&nivel=S,Encerrado,2026-06-15T12:00:00Z,UFBA SIGAA
2026-09-08T07:31:58.176011Z,PPGEEC - Edital de Seleção para Alunos Especiais de Doutorado 2026.2 - DOUTORADO EM ENGENHARIA ELÉTRICA,Inscrições abertas para o processo seletivo da UFBA de ingresso no curso: DOUTORADO EM ENGENHARIA ELÉTRICA. Vagas ofertadas: 40. Período de inscrições de 15/06/2026 a 26/06/2026. Consulte o edital completo no portal oficial da instituição.,UFBA,Doutorado Acadêmico,Engenharias e Exatas,40,2026-06-15T12:00:00Z,2026-06-26T12:00:00Z,https://sigaa.ufba.br/sigaa/public/processo_seletivo/lista.jsf?aba=p-processo&nivel=S,Encerrado,2026-06-15T12:00:00Z,UFBA SIGAA
2026-09-08T07:31:58.176011Z,Processo Seletivo em Ciência de Alimentos (2026.2) - NÍVEL DOUTORADO - DOUTORADO EM CIÊNCIA DE ALIMENTOS,Inscrições abertas para o processo seletivo da UFBA de ingresso no curso: DOUTORADO EM CIÊNCIA DE ALIMENTOS. Vagas ofertadas: 22. Período de inscrições de 10/06/2026 a 28/06/2026. Consulte o edital completo no portal oficial da instituição.,UFBA,Doutorado Acadêmico,Saúde e Biológicas,22,2026-06-10T12:00:00Z,2026-06-28T12:00:00Z,https://sigaa.ufba.br/sigaa/public/processo_seletivo/lista.jsf?aba=p-processo&nivel=S,Encerrado,2026-06-10T12:00:00Z,UFBA SIGAA
2026-09-08T07:31:58.176011Z,EDITAL N.º003/2026 DOUTORADO - DOUTORADO EM FARMÁCIA,Inscrições abertas para o processo seletivo da UFBA de ingresso no curso: DOUTORADO EM FARMÁCIA. Vagas ofertadas: 12. Período de inscrições de 04/06/2026 a 30/06/2026. Consulte o edital completo no portal oficial da instituição.,UFBA,Doutorado Acadêmico,Saúde e Biológicas,12,2026-06-04T12:00:00Z,2026-06-30T12:00:00Z,https://sigaa.ufba.br/sigaa/public/processo_seletivo/lista.jsf?aba=p-processo&nivel=S,Encerrado,2026-06-04T12:00:00Z,UFBA SIGAA
2026-09-08T07:31:58.176011Z,PPGEEC / UNIVASF - Seleção para Alunos de Mestrado 2026.2 (Turma MINTER) - DOUTORADO EM ENGENHARIA ELÉTRICA,Inscrições abertas para o processo seletivo da UFBA de ingresso no curso: DOUTORADO EM ENGENHARIA ELÉTRICA. Vagas ofertadas: 20. Período de inscrições de 03/06/2026 a 29/06/2026. Consulte o edital completo no portal oficial da instituição.,UFBA,Doutorado Acadêmico,Engenharias e Exatas,20,2026-06-03T12:00:00Z,2026-06-29T12:00:00Z,https://sigaa.ufba.br/sigaa/public/processo_seletivo/lista.jsf?aba=p-processo&nivel=S,Encerrado,2026-06-03T12:00:00Z,UFBA SIGAA
2026-09-08T07:31:58.176011Z,Edital 2026.2 de Seleção para Doutorado do PPGMCF - DOUTORADO EM MULTICÊNTRICO EM CIÊNCIAS FISIOLÓGICAS,Inscrições abertas para o processo seletivo da UFBA de ingresso no curso: DOUTORADO EM MULTICÊNTRICO EM CIÊNCIAS FISIOLÓGICAS. Vagas ofertadas: 1. Período de inscrições de 21/05/2026 a 08/06/2026. Consulte o edital completo no portal oficial da instituição.,UFBA,Doutorado Acadêmico,Saúde e Biológicas,1,2026-05-21T12:00:00Z,2026-06-08T12:00:00Z,https://sigaa.ufba.br/sigaa/public/processo_seletivo/lista.jsf?aba=p-processo&nivel=S,Encerrado,2026-05-21T12:00:00Z,UFBA SIGAA
2026-09-08T07:31:58.176011Z,PPGEEC - Edital de Seleção para Alunos Regulares de Doutorado 2026.2 - DOUTORADO EM ENGENHARIA ELÉTRICA,Inscrições abertas para o processo seletivo da UFBA de ingresso no curso: DOUTORADO EM ENGENHARIA ELÉTRICA. Vagas ofertadas: 23. Período de inscrições de 19/05/2026 a 15/06/2026. Consulte o edital completo no portal oficial da instituição.,UFBA,Doutorado Acadêmico,Engenharias e Exatas,23,2026-05-19T12:00:00Z,2026-06-15T12:00:00Z,https://sigaa.ufba.br/sigaa/public/processo_seletivo/lista.jsf?aba=p-processo&nivel=S,Encerrado,2026-05-19T12:00:00Z,UFBA SIGAA
2026-09-08T07:31:58.176011Z,SELEÇÃO PARA INGRESSO NO DOUTORADO EM QUÍMICA 2026.2 - DOUTORADO EM QUÍMICA,Inscrições abertas para o processo seletivo da UFBA de ingresso no curso: DOUTORADO EM QUÍMICA. Vagas ofertadas: 20. Período de inscrições de 18/05/2026 a 21/06/2026. Consulte o edital completo no portal oficial da instituição.,UFBA,Doutorado Acadêmico,Engenharias e Exatas,20,2026-05-18T12:00:00Z,2026-06-21T12:00:00Z,https://sigaa.ufba.br/sigaa/public/processo_seletivo/lista.jsf?aba=p-processo&nivel=S,Encerrado,2026-05-18T12:00:00Z,UFBA SIGAA
2026-09-08T07:31:58.176011Z,EDITAL PEI/UFBA 04-2026 - SELEÇÃO PARA O DOUTORADO 2026.2 - DOUTORADO EM ENGENHARIA INDUSTRIAL,Inscrições abertas para o processo seletivo da UFBA de ingresso no curso: DOUTORADO EM ENGENHARIA INDUSTRIAL. Vagas ofertadas: 15. Período de inscrições de 15/05/2026 a 10/06/2026. Consulte o edital completo no portal oficial da instituição.,UFBA,Doutorado Acadêmico,Engenharias e Exatas,15,2026-05-15T12:00:00Z,2026-06-10T12:00:00Z,https://sigaa.ufba.br/sigaa/public/processo_seletivo/lista.jsf?aba=p-processo&nivel=S,Encerrado,2026-05-15T12:00:00Z,UFBA SIGAA
2026-09-08T07:31:58.176011Z,"Seleção para o Doutorado em Matemática, ingresso em 2026.2 - DOUTORADO EM MATEMÁTICA",Inscrições abertas para o processo seletivo da UFBA de ingresso no curso: DOUTORADO EM MATEMÁTICA. Vagas ofertadas: 10. Período de inscrições de 11/05/2026 a 07/06/2026. Consulte o edital completo no portal oficial da instituição.,UFBA,Doutorado Acadêmico,Engenharias e Exatas,10,2026-05-11T12:00:00Z,2026-06-07T12:00:00Z,https://sigaa.ufba.br/sigaa/public/processo_seletivo/lista.jsf?aba=p-processo&nivel=S,Encerrado,2026-05-11T12:00:00Z,UFBA SIGAA
2026-09-08T07:31:58.176011Z,DOUTORADO PROFISSIONAL EM MÚSICA. SELEÇÃO ALUNOS REGULARES 2026.2 - DOUTORADO PROFISSIONAL EM MÚSICA,Inscrições abertas para o processo seletivo da UFBA de ingresso no curso: DOUTORADO PROFISSIONAL EM MÚSICA. Vagas ofertadas: 5. Período de inscrições de 04/05/2026 a 14/06/2026. Consulte o edital completo no portal oficial da instituição.,UFBA,Doutorado Profissional,Comunicação e Artes,5,2026-05-04T12:00:00Z,2026-06-14T12:00:00Z,https://sigaa.ufba.br/sigaa/public/processo_seletivo/lista.jsf?aba=p-processo&nivel=S,Encerrado,2026-05-04T12:00:00Z,UFBA SIGAA
2026-09-08T07:31:58.176011Z,EDITAL 05/2026 - POSPETRO PROCESSO SELETIVO PARA DOUTORADO EM GEOQUÍMICA: PETRÓL - DOUTORADO EM GEOQUÍMICA: PETRÓLEO E MEIO AMBIENTE,Inscrições abertas para o processo seletivo da UFBA de ingresso no curso: DOUTORADO EM GEOQUÍMICA: PETRÓLEO E MEIO AMBIENTE. Vagas ofertadas: 3. Período de inscrições de 27/04/2026 a 16/06/2026. Consulte o edital completo no portal oficial da instituição.,UFBA,Doutorado Acadêmico,Agrárias e Ambientais,3,2026-04-27T12:00:00Z,2026-06-16T12:00:00Z,https://sigaa.ufba.br/sigaa/public/processo_seletivo/lista.jsf?aba=p-processo&nivel=S,Encerrado,2026-04-27T12:00:00Z,UFBA SIGAA
2026-09-08T07:31:58.176011Z,Processo Seletivo 2026.2 Doutorado - Aluno Regular - DOUTORADO EM MECATRÔNICA,Inscrições abertas para o processo seletivo da UFBA de ingresso no curso: DOUTORADO EM MECATRÔNICA. Vagas ofertadas: 16. Período de inscrições de 16/04/2026 a 14/06/2026. Consulte o edital completo no portal oficial da instituição.,UFBA,Doutorado Acadêmico,Saúde e Biológicas,16,2026-04-16T12:00:00Z,2026-06-14T12:00:00Z,https://sigaa.ufba.br/sigaa/public/processo_seletivo/lista.jsf?aba=p-processo&nivel=S,Encerrado,2026-04-16T12:00:00Z,UFBA SIGAA
2026-09-09T07:40:01.405341Z,EDITAL 03/2026 - DOUTORADO PROFISSIONAL EM SAÚDE COLETIVA - DOUTORADO PROFISSIONAL EM SAÚDE COLETIVA,Inscrições abertas para o processo seletivo da UFBA de ingresso no curso: DOUTORADO PROFISSIONAL EM SAÚDE COLETIVA. Vagas ofertadas: 10. Período de inscrições de 30/06/2026 a 20/07/2026. Consulte o edital completo no portal oficial da instituição.,UFBA,Doutorado Profissional,Saúde e Biológicas,10,2026-06-30T12:00:00Z,2026-07-20T12:00:00Z,https://sigaa.ufba.br/sigaa/public/processo_seletivo/lista.jsf?aba=p-processo&nivel=S,Encerrado,2026-06-30T12:00:00Z,UFBA SIGAA
2026-09-09T07:40:01.405341Z,PROCESSO SELETIVO DO DOUTORADO ACADÊMICO TURMA 2027-1 - DOUTORADO EM ARQUITETURA E URBANISMO,Inscrições abertas para o processo seletivo da UFBA de ingresso no curso: DOUTORADO EM ARQUITETURA E URBANISMO. Vagas ofertadas: 25. Período de inscrições de 15/06/2026 a 31/07/2026. Consulte o edital completo no portal oficial da instituição.,UFBA,Doutorado Acadêmico,Engenharias e Exatas,25,2026-06-15T12:00:00Z,2026-07-31T12:00:00Z,https://sigaa.ufba.br/sigaa/public/processo_seletivo/lista.jsf?aba=p-processo&nivel=S,Encerrado,2026-06-15T12:00:00Z,UFBA SIGAA
2026-09-09T07:40:01.405341Z,PPGEEC - Edital de Seleção para Alunos Especiais de Doutorado 2026.2 - DOUTORADO EM ENGENHARIA ELÉTRICA,Inscrições abertas para o processo seletivo da UFBA de ingresso no curso: DOUTORADO EM ENGENHARIA ELÉTRICA. Vagas ofertadas: 40. Período de inscrições de 15/06/2026 a 26/06/2026. Consulte o edital completo no portal oficial da instituição.,UFBA,Doutorado Acadêmico,Engenharias e Exatas,40,2026-06-15T12:00:00Z,2026-06-26T12:00:00Z,https://sigaa.ufba.br/sigaa/public/processo_seletivo/lista.jsf?aba=p-processo&nivel=S,Encerrado,2026-06-15T12:00:00Z,UFBA SIGAA
2026-09-09T07:40:01.405341Z,Processo Seletivo em Ciência de Alimentos (2026.2) - NÍVEL DOUTORADO - DOUTORADO EM CIÊNCIA DE ALIMENTOS,Inscrições abertas para o processo seletivo da UFBA de ingresso no curso: DOUTORADO EM CIÊNCIA DE ALIMENTOS. Vagas ofertadas: 22. Período de inscrições de 10/06/2026 a 28/06/2026. Consulte o edital completo no portal oficial da instituição.,UFBA,Doutorado Acadêmico,Saúde e Biológicas,22,2026-06-10T12:00:00Z,2026-06-28T12:00:00Z,https://sigaa.ufba.br/sigaa/public/processo_seletivo/lista.jsf?aba=p-processo&nivel=S,Encerrado,2026-06-10T12:00:00Z,UFBA SIGAA
2026-09-09T07:40:01.405341Z,EDITAL N.º003/2026 DOUTORADO - DOUTORADO EM FARMÁCIA,Inscrições abertas para o processo seletivo da UFBA de ingresso no curso: DOUTORADO EM FARMÁCIA. Vagas ofertadas: 12. Período de inscrições de 04/06/2026 a 30/06/2026. Consulte o edital completo no portal oficial da instituição.,UFBA,Doutorado Acadêmico,Saúde e Biológicas,12,2026-06-04T12:00:00Z,2026-06-30T12:00:00Z,https://sigaa.ufba.br/sigaa/public/processo_seletivo/lista.jsf?aba=p-processo&nivel=S,Encerrado,2026-06-04T12:00:00Z,UFBA SIGAA
2026-09-09T07:40:01.405341Z,PPGEEC / UNIVASF - Seleção para Alunos de Mestrado 2026.2 (Turma MINTER) - DOUTORADO EM ENGENHARIA ELÉTRICA,Inscrições abertas para o processo seletivo da UFBA de ingresso no curso: DOUTORADO EM ENGENHARIA ELÉTRICA. Vagas ofertadas: 20. Período de inscrições de 03/06/2026 a 29/06/2026. Consulte o edital completo no portal oficial da instituição.,UFBA,Doutorado Acadêmico,Engenharias e Exatas,20,2026-06-03T12:00:00Z,2026-06-29T12:00:00Z,https://sigaa.ufba.br/sigaa/public/processo_seletivo/lista.jsf?aba=p-processo&nivel=S,Encerrado,2026-06-03T12:00:00Z,UFBA SIGAA
2026-09-09T07:40:01.405341Z,Edital 2026.2 de Seleção para Doutorado do PPGMCF - DOUTORADO EM MULTICÊNTRICO EM CIÊNCIAS FISIOLÓGICAS,Inscrições abertas para o processo seletivo da UFBA de ingresso no curso: DOUTORADO EM MULTICÊNTRICO EM CIÊNCIAS FISIOLÓGICAS. Vagas ofertadas: 1. Período de inscrições de 21/05/2026 a 08/06/2026. Consulte o edital completo no portal oficial da instituição.,UFBA,Doutorado Acadêmico,Saúde e Biológicas,1,2026-05-21T12:00:00Z,2026-06-08T12:00:00Z,https://sigaa.ufba.br/sigaa/public/processo_seletivo/lista.jsf?aba=p-processo&nivel=S,Encerrado,2026-05-21T12:00:00Z,UFBA SIGAA
2026-09-09T07:40:01.405341Z,PPGEEC - Edital de Seleção para Alunos Regulares de Doutorado 2026.2 - DOUTORADO EM ENGENHARIA ELÉTRICA,Inscrições abertas para o processo seletivo da UFBA de ingresso no curso: DOUTORADO EM ENGENHARIA ELÉTRICA. Vagas ofertadas: 23. Período de inscrições de 19/05/2026 a 15/06/2026. Consulte o edital completo no portal oficial da instituição.,UFBA,Doutorado Acadêmico,Engenharias e Exatas,23,2026-05-19T12:00:00Z,2026-06-15T12:00:00Z,https://sigaa.ufba.br/sigaa/public/processo_seletivo/lista.jsf?aba=p-processo&nivel=S,Encerrado,2026-05-19T12:00:00Z,UFBA SIGAA
2026-09-09T07:40:01.405341Z,SELEÇÃO PARA INGRESSO NO DOUTORADO EM QUÍMICA 2026.2 - DOUTORADO EM QUÍMICA,Inscrições abertas para o processo seletivo da UFBA de ingresso no curso: DOUTORADO EM QUÍMICA. Vagas ofertadas: 20. Período de inscrições de 18/05/2026 a 21/06/2026. Consulte o edital completo no portal oficial da instituição.,UFBA,Doutorado Acadêmico,Engenharias e Exatas,20,2026-05-18T12:00:00Z,2026-06-21T12:00:00Z,https://sigaa.ufba.br/sigaa/public/processo_seletivo/lista.jsf?aba=p-processo&nivel=S,Encerrado,2026-05-18T12:00:00Z,UFBA SIGAA
2026-09-09T07:40:01.405341Z,EDITAL PEI/UFBA 04-2026 - SELEÇÃO PARA O DOUTORADO 2026.2 - DOUTORADO EM ENGENHARIA INDUSTRIAL,Inscrições abertas para o processo seletivo da UFBA de ingresso no curso: DOUTORADO EM ENGENHARIA INDUSTRIAL. Vagas ofertadas: 15. Período de inscrições de 15/05/2026 a 10/06/2026. Consulte o edital completo no portal oficial da instituição.,UFBA,Doutorado Acadêmico,Engenharias e Exatas,15,2026-05-15T12:00:00Z,2026-06-10T12:00:00Z,https://sigaa.ufba.br/sigaa/public/processo_seletivo/lista.jsf?aba=p-processo&nivel=S,Encerrado,2026-05-15T12:00:00Z,UFBA SIGAA
2026-09-09T07:40:01.405341Z,"Seleção para o Doutorado em Matemática, ingresso em 2026.2 - DOUTORADO EM MATEMÁTICA",Inscrições abertas para o processo seletivo da UFBA de ingresso no curso: DOUTORADO EM MATEMÁTICA. Vagas ofertadas: 10. Período de inscrições de 11/05/2026 a 07/06/2026. Consulte o edital completo no portal oficial da instituição.,UFBA,Doutorado Acadêmico,Engenharias e Exatas,10,2026-05-11T12:00:00Z,2026-06-07T12:00:00Z,https://sigaa.ufba.br/sigaa/public/processo_seletivo/lista.jsf?aba=p-processo&nivel=S,Encerrado,2026-05-11T12:00:00Z,UFBA SIGAA
2026-09-09T07:40:01.405341Z,DOUTORADO PROFISSIONAL EM MÚSICA. SELEÇÃO ALUNOS REGULARES 2026.2 - DOUTORADO PROFISSIONAL EM MÚSICA,Inscrições abertas para o processo seletivo da UFBA de ingresso no curso: DOUTORADO PROFISSIONAL EM MÚSICA. Vagas ofertadas: 5. Período de inscrições de 04/05/2026 a 14/06/2026. Consulte o edital completo no portal oficial da instituição.,UFBA,Doutorado Profissional,Comunicação e Artes,5,2026-05-04T12:00:00Z,2026-06-14T12:00:00Z,https://sigaa.ufba.br/sigaa/public/processo_seletivo/lista.jsf?aba=p-processo&nivel=S,Encerrado,2026-05-04T12:00:00Z,UFBA SIGAA
2026-09-09T07:40:01.405341Z,EDITAL 05/2026 - POSPETRO PROCESSO SELETIVO PARA DOUTORADO EM GEOQUÍMICA: PETRÓL - DOUTORADO EM GEOQUÍMICA: PETRÓLEO E MEIO AMBIENTE,Inscrições abertas para o processo seletivo da UFBA de ingresso no curso: DOUTORADO EM GEOQUÍMICA: PETRÓLEO E MEIO AMBIENTE. Vagas ofertadas: 3. Período de inscrições de 27/04/2026 a 16/06/2026. Consulte o edital completo no portal oficial da instituição.,UFBA,Doutorado Acadêmico,Agrárias e Ambientais,3,2026-04-27T12:00:00Z,2026-06-16T12:00:00Z,https://sigaa.ufba.br/sigaa/public/processo_seletivo/lista.jsf?aba=p-processo&nivel=S,Encerrado,2026-04-27T12:00:00Z,UFBA SIGAA
2026-09-09T07:40:01.405341Z,Processo Seletivo 2026.2 Doutorado - Aluno Regular - DOUTORADO EM MECATRÔNICA,Inscrições abertas para o processo seletivo da UFBA de ingresso no curso: DOUTORADO EM MECATRÔNICA. Vagas ofertadas: 16. Período de inscrições de 16/04/2026 a 14/06/2026. Consulte o edital completo no portal oficial da instituição.,UFBA,Doutorado Acadêmico,Saúde e Biológicas,16,2026-04-16T12:00:00Z,2026-06-14T12:00:00Z,https://sigaa.ufba.br/sigaa/public/processo_seletivo/lista.jsf?aba=p-processo&nivel=S,Encerrado,2026-04-16T12:00:00Z,UFBA SIGAA
2026-09-10T07:36:34.399431Z,EDITAL 03/2026 - DOUTORADO PROFISSIONAL EM SAÚDE COLETIVA - DOUTORADO PROFISSIONAL EM SAÚDE COLETIVA,Inscrições abertas para o processo seletivo da UFBA de ingresso no curso: DOUTORADO PROFISSIONAL EM SAÚDE COLETIVA. Vagas ofertadas: 10. Período de inscrições de 30/06/2026 a 20/07/2026. Consulte o edital completo no portal oficial da instituição.,UFBA,Doutorado Profissional,Saúde e Biológicas,10,2026-06-30T12:00:00Z,2026-07-20T12:00:00Z,https://sigaa.ufba.br/sigaa/public/processo_seletivo/lista.jsf?aba=p-processo&nivel=S,Encerrado,2026-06-30T12:00:00Z,UFBA SIGAA
2026-09-10T07:36:34.399431Z,PROCESSO SELETIVO DO DOUTORADO ACADÊMICO TURMA 2027-1 - DOUTORADO EM ARQUITETURA E URBANISMO,Inscrições abertas para o processo seletivo da UFBA de ingresso no curso: DOUTORADO EM ARQUITETURA E URBANISMO. Vagas ofertadas: 25. Período de inscrições de 15/06/2026 a 31/07/2026. Consulte o edital completo no portal oficial da instituição.,UFBA,Doutorado Acadêmico,Engenharias e Exatas,25,2026-06-15T12:00:00Z,2026-07-31T12:00:00Z,https://sigaa.ufba.br/sigaa/public/processo_seletivo/lista.jsf?aba=p-processo&nivel=S,Encerrado,2026-06-15T12:00:00Z,UFBA SIGAA
2026-09-10T07:36:34.399431Z,PPGEEC - Edital de Seleção para Alunos Especiais de Doutorado 2026.2 - DOUTORADO EM ENGENHARIA ELÉTRICA,Inscrições abertas para o processo seletivo da UFBA de ingresso no curso: DOUTORADO EM ENGENHARIA ELÉTRICA. Vagas ofertadas: 40. Período de inscrições de 15/06/2026 a 26/06/2026. Consulte o edital completo no portal oficial da instituição.,UFBA,Doutorado Acadêmico,Engenharias e Exatas,40,2026-06-15T12:00:00Z,2026-06-26T12:00:00Z,https://sigaa.ufba.br/sigaa/public/processo_seletivo/lista.jsf?aba=p-processo&nivel=S,Encerrado,2026-06-15T12:00:00Z,UFBA SIGAA
2026-09-10T07:36:34.399431Z,Processo Seletivo em Ciência de Alimentos (2026.2) - NÍVEL DOUTORADO - DOUTORADO EM CIÊNCIA DE ALIMENTOS,Inscrições abertas para o processo seletivo da UFBA de ingresso no curso: DOUTORADO EM CIÊNCIA DE ALIMENTOS. Vagas ofertadas: 22. Período de inscrições de 10/06/2026 a 28/06/2026. Consulte o edital completo no portal oficial da instituição.,UFBA,Doutorado Acadêmico,Saúde e Biológicas,22,2026-06-10T12:00:00Z,2026-06-28T12:00:00Z,https://sigaa.ufba.br/sigaa/public/processo_seletivo/lista.jsf?aba=p-processo&nivel=S,Encerrado,2026-06-10T12:00:00Z,UFBA SIGAA
2026-09-10T07:36:34.399431Z,EDITAL N.º003/2026 DOUTORADO - DOUTORADO EM FARMÁCIA,Inscrições abertas para o processo seletivo da UFBA de ingresso no curso: DOUTORADO EM FARMÁCIA. Vagas ofertadas: 12. Período de inscrições de 04/06/2026 a 30/06/2026. Consulte o edital completo no portal oficial da instituição.,UFBA,Doutorado Acadêmico,Saúde e Biológicas,12,2026-06-04T12:00:00Z,2026-06-30T12:00:00Z,https://sigaa.ufba.br/sigaa/public/processo_seletivo/lista.jsf?aba=p-processo&nivel=S,Encerrado,2026-06-04T12:00:00Z,UFBA SIGAA
2026-09-10T07:36:34.399431Z,PPGEEC / UNIVASF - Seleção para Alunos de Mestrado 2026.2 (Turma MINTER) - DOUTORADO EM ENGENHARIA ELÉTRICA,Inscrições abertas para o processo seletivo da UFBA de ingresso no curso: DOUTORADO EM ENGENHARIA ELÉTRICA. Vagas ofertadas: 20. Período de inscrições de 03/06/2026 a 29/06/2026. Consulte o edital completo no portal oficial da instituição.,UFBA,Doutorado Acadêmico,Engenharias e Exatas,20,2026-06-03T12:00:00Z,2026-06-29T12:00:00Z,https://sigaa.ufba.br/sigaa/public/processo_seletivo/lista.jsf?aba=p-processo&nivel=S,Encerrado,2026-06-03T12:00:00Z,UFBA SIGAA
2026-09-10T07:36:34.399431Z,Edital 2026.2 de Seleção para Doutorado do PPGMCF - DOUTORADO EM MULTICÊNTRICO EM CIÊNCIAS FISIOLÓGICAS,Inscrições abertas para o processo seletivo da UFBA de ingresso no curso: DOUTORADO EM MULTICÊNTRICO EM CIÊNCIAS FISIOLÓGICAS. Vagas ofertadas: 1. Período de inscrições de 21/05/2026 a 08/06/2026. Consulte o edital completo no portal oficial da instituição.,UFBA,Doutorado Acadêmico,Saúde e Biológicas,1,2026-05-21T12:00:00Z,2026-06-08T12:00:00Z,https://sigaa.ufba.br/sigaa/public/processo_seletivo/lista.jsf?aba=p-processo&nivel=S,Encerrado,2026-05-21T12:00:00Z,UFBA SIGAA
2026-09-10T07:36:34.399431Z,PPGEEC - Edital de Seleção para Alunos Regulares de Doutorado 2026.2 - DOUTORADO EM ENGENHARIA ELÉTRICA,Inscrições abertas para o processo seletivo da UFBA de ingresso no curso: DOUTORADO EM ENGENHARIA ELÉTRICA. Vagas ofertadas: 23. Período de inscrições de 19/05/2026 a 15/06/2026. Consulte o edital completo no portal oficial da instituição.,UFBA,Doutorado Acadêmico,Engenharias e Exatas,23,2026-05-19T12:00:00Z,2026-06-15T12:00:00Z,https://sigaa.ufba.br/sigaa/public/processo_seletivo/lista.jsf?aba=p-processo&nivel=S,Encerrado,2026-05-19T12:00:00Z,UFBA SIGAA
2026-09-10T07:36:34.399431Z,SELEÇÃO PARA INGRESSO NO DOUTORADO EM QUÍMICA 2026.2 - DOUTORADO EM QUÍMICA,Inscrições abertas para o processo seletivo da UFBA de ingresso no curso: DOUTORADO EM QUÍMICA. Vagas ofertadas: 20. Período de inscrições de 18/05/2026 a 21/06/2026. Consulte o edital completo no portal oficial da instituição.,UFBA,Doutorado Acadêmico,Engenharias e Exatas,20,2026-05-18T12:00:00Z,2026-06-21T12:00:00Z,https://sigaa.ufba.br/sigaa/public/processo_seletivo/lista.jsf?aba=p-processo&nivel=S,Encerrado,2026-05-18T12:00:00Z,UFBA SIGAA
2026-09-10T07:36:34.399431Z,EDITAL PEI/UFBA 04-2026 - SELEÇÃO PARA O DOUTORADO 2026.2 - DOUTORADO EM ENGENHARIA INDUSTRIAL,Inscrições abertas para o processo seletivo da UFBA de ingresso no curso: DOUTORADO EM ENGENHARIA INDUSTRIAL. Vagas ofertadas: 15. Período de inscrições de 15/05/2026 a 10/06/2026. Consulte o edital completo no portal oficial da instituição.,UFBA,Doutorado Acadêmico,Engenharias e Exatas,15,2026-05-15T12:00:00Z,2026-06-10T12:00:00Z,https://sigaa.ufba.br/sigaa/public/processo_seletivo/lista.jsf?aba=p-processo&nivel=S,Encerrado,2026-05-15T12:00:00Z,UFBA SIGAA
2026-09-10T07:36:34.399431Z,"Seleção para o Doutorado em Matemática, ingresso em 2026.2 - DOUTORADO EM MATEMÁTICA",Inscrições abertas para o processo seletivo da UFBA de ingresso no curso: DOUTORADO EM MATEMÁTICA. Vagas ofertadas: 10. Período de inscrições de 11/05/2026 a 07/06/2026. Consulte o edital completo no portal oficial da instituição.,UFBA,Doutorado Acadêmico,Engenharias e Exatas,10,2026-05-11T12:00:00Z,2026-06-07T12:00:00Z,https://sigaa.ufba.br/sigaa/public/processo_seletivo/lista.jsf?aba=p-processo&nivel=S,Encerrado,2026-05-11T12:00:00Z,UFBA SIGAA
2026-09-10T07:36:34.399431Z,DOUTORADO PROFISSIONAL EM MÚSICA. SELEÇÃO ALUNOS REGULARES 2026.2 - DOUTORADO PROFISSIONAL EM MÚSICA,Inscrições abertas para o processo seletivo da UFBA de ingresso no curso: DOUTORADO PROFISSIONAL EM MÚSICA. Vagas ofertadas: 5. Período de inscrições de 04/05/2026 a 14/06/2026. Consulte o edital completo no portal oficial da instituição.,UFBA,Doutorado Profissional,Comunicação e Artes,5,2026-05-04T12:00:00Z,2026-06-14T12:00:00Z,https://sigaa.ufba.br/sigaa/public/processo_seletivo/lista.jsf?aba=p-processo&nivel=S,Encerrado,2026-05-04T12:00:00Z,UFBA SIGAA
2026-09-10T07:36:34.399431Z,EDITAL 05/2026 - POSPETRO PROCESSO SELETIVO PARA DOUTORADO EM GEOQUÍMICA: PETRÓL - DOUTORADO EM GEOQUÍMICA: PETRÓLEO E MEIO AMBIENTE,Inscrições abertas para o processo seletivo da UFBA de ingresso no curso: DOUTORADO EM GEOQUÍMICA: PETRÓLEO E MEIO AMBIENTE. Vagas ofertadas: 3. Período de inscrições de 27/04/2026 a 16/06/2026. Consulte o edital completo no portal oficial da instituição.,UFBA,Doutorado Acadêmico,Agrárias e Ambientais,3,2026-04-27T12:00:00Z,2026-06-16T12:00:00Z,https://sigaa.ufba.br/sigaa/public/processo_seletivo/lista.jsf?aba=p-processo&nivel=S,Encerrado,2026-04-27T12:00:00Z,UFBA SIGAA
2026-09-10T07:36:34.399431Z,Processo Seletivo 2026.2 Doutorado - Aluno Regular - DOUTORADO EM MECATRÔNICA,Inscrições abertas para o processo seletivo da UFBA de ingresso no curso: DOUTORADO EM MECATRÔNICA. Vagas ofertadas: 16. Período de inscrições de 16/04/2026 a 14/06/2026. Consulte o edital completo no portal oficial da instituição.,UFBA,Doutorado Acadêmico,Saúde e Biológicas,16,2026-04-16T12:00:00Z,2026-06-14T12:00:00Z,https://sigaa.ufba.br/sigaa/public/processo_seletivo/lista.jsf?aba=p-processo&nivel=S,Encerrado,2026-04-16T12:00:00Z,UFBA SIGAA
2026-09-11T07:35:02.264192Z,EDITAL 03/2026 - DOUTORADO PROFISSIONAL EM SAÚDE COLETIVA - DOUTORADO PROFISSIONAL EM SAÚDE COLETIVA,Inscrições abertas para o processo seletivo da UFBA de ingresso no curso: DOUTORADO PROFISSIONAL EM SAÚDE COLETIVA. Vagas ofertadas: 10. Período de inscrições de 30/06/2026 a 20/07/2026. Consulte o edital completo no portal oficial da instituição.,UFBA,Doutorado Profissional,Saúde e Biológicas,10,2026-06-30T12:00:00Z,2026-07-20T12:00:00Z,https://sigaa.ufba.br/sigaa/public/processo_seletivo/lista.jsf?aba=p-processo&nivel=S,Encerrado,2026-06-30T12:00:00Z,UFBA SIGAA
2026-09-11T07:35:02.264192Z,PROCESSO SELETIVO DO DOUTORADO ACADÊMICO TURMA 2027-1 - DOUTORADO EM ARQUITETURA E URBANISMO,Inscrições abertas para o processo seletivo da UFBA de ingresso no curso: DOUTORADO EM ARQUITETURA E URBANISMO. Vagas ofertadas: 25. Período de inscrições de 15/06/2026 a 31/07/2026. Consulte o edital completo no portal oficial da instituição.,UFBA,Doutorado Acadêmico,Engenharias e Exatas,25,2026-06-15T12:00:00Z,2026-07-31T12:00:00Z,https://sigaa.ufba.br/sigaa/public/processo_seletivo/lista.jsf?aba=p-processo&nivel=S,Encerrado,2026-06-15T12:00:00Z,UFBA SIGAA
2026-09-11T07:35:02.264192Z,PPGEEC - Edital de Seleção para Alunos Especiais de Doutorado 2026.2 - DOUTORADO EM ENGENHARIA ELÉTRICA,Inscrições abertas para o processo seletivo da UFBA de ingresso no curso: DOUTORADO EM ENGENHARIA ELÉTRICA. Vagas ofertadas: 40. Período de inscrições de 15/06/2026 a 26/06/2026. Consulte o edital completo no portal oficial da instituição.,UFBA,Doutorado Acadêmico,Engenharias e Exatas,40,2026-06-15T12:00:00Z,2026-06-26T12:00:00Z,https://sigaa.ufba.br/sigaa/public/processo_seletivo/lista.jsf?aba=p-processo&nivel=S,Encerrado,2026-06-15T12:00:00Z,UFBA SIGAA
2026-09-11T07:35:02.264192Z,Processo Seletivo em Ciência de Alimentos (2026.2) - NÍVEL DOUTORADO - DOUTORADO EM CIÊNCIA DE ALIMENTOS,Inscrições abertas para o processo seletivo da UFBA de ingresso no curso: DOUTORADO EM CIÊNCIA DE ALIMENTOS. Vagas ofertadas: 22. Período de inscrições de 10/06/2026 a 28/06/2026. Consulte o edital completo no portal oficial da instituição.,UFBA,Doutorado Acadêmico,Saúde e Biológicas,22,2026-06-10T12:00:00Z,2026-06-28T12:00:00Z,https://sigaa.ufba.br/sigaa/public/processo_seletivo/lista.jsf?aba=p-processo&nivel=S,Encerrado,2026-06-10T12:00:00Z,UFBA SIGAA
2026-09-11T07:35:02.264192Z,EDITAL N.º003/2026 DOUTORADO - DOUTORADO EM FARMÁCIA,Inscrições abertas para o processo seletivo da UFBA de ingresso no curso: DOUTORADO EM FARMÁCIA. Vagas ofertadas: 12. Período de inscrições de 04/06/2026 a 30/06/2026. Consulte o edital completo no portal oficial da instituição.,UFBA,Doutorado Acadêmico,Saúde e Biológicas,12,2026-06-04T12:00:00Z,2026-06-30T12:00:00Z,https://sigaa.ufba.br/sigaa/public/processo_seletivo/lista.jsf?aba=p-processo&nivel=S,Encerrado,2026-06-04T12:00:00Z,UFBA SIGAA
2026-09-11T07:35:02.264192Z,PPGEEC / UNIVASF - Seleção para Alunos de Mestrado 2026.2 (Turma MINTER) - DOUTORADO EM ENGENHARIA ELÉTRICA,Inscrições abertas para o processo seletivo da UFBA de ingresso no curso: DOUTORADO EM ENGENHARIA ELÉTRICA. Vagas ofertadas: 20. Período de inscrições de 03/06/2026 a 29/06/2026. Consulte o edital completo no portal oficial da instituição.,UFBA,Doutorado Acadêmico,Engenharias e Exatas,20,2026-06-03T12:00:00Z,2026-06-29T12:00:00Z,https://sigaa.ufba.br/sigaa/public/processo_seletivo/lista.jsf?aba=p-processo&nivel=S,Encerrado,2026-06-03T12:00:00Z,UFBA SIGAA
2026-09-11T07:35:02.264192Z,Edital 2026.2 de Seleção para Doutorado do PPGMCF - DOUTORADO EM MULTICÊNTRICO EM CIÊNCIAS FISIOLÓGICAS,Inscrições abertas para o processo seletivo da UFBA de ingresso no curso: DOUTORADO EM MULTICÊNTRICO EM CIÊNCIAS FISIOLÓGICAS. Vagas ofertadas: 1. Período de inscrições de 21/05/2026 a 08/06/2026. Consulte o edital completo no portal oficial da instituição.,UFBA,Doutorado Acadêmico,Saúde e Biológicas,1,2026-05-21T12:00:00Z,2026-06-08T12:00:00Z,https://sigaa.ufba.br/sigaa/public/processo_seletivo/lista.jsf?aba=p-processo&nivel=S,Encerrado,2026-05-21T12:00:00Z,UFBA SIGAA
2026-09-11T07:35:02.264192Z,PPGEEC - Edital de Seleção para Alunos Regulares de Doutorado 2026.2 - DOUTORADO EM ENGENHARIA ELÉTRICA,Inscrições abertas para o processo seletivo da UFBA de ingresso no curso: DOUTORADO EM ENGENHARIA ELÉTRICA. Vagas ofertadas: 23. Período de inscrições de 19/05/2026 a 15/06/2026. Consulte o edital completo no portal oficial da instituição.,UFBA,Doutorado Acadêmico,Engenharias e Exatas,23,2026-05-19T12:00:00Z,2026-06-15T12:00:00Z,https://sigaa.ufba.br/sigaa/public/processo_seletivo/lista.jsf?aba=p-processo&nivel=S,Encerrado,2026-05-19T12:00:00Z,UFBA SIGAA
2026-09-11T07:35:02.264192Z,SELEÇÃO PARA INGRESSO NO DOUTORADO EM QUÍMICA 2026.2 - DOUTORADO EM QUÍMICA,Inscrições abertas para o processo seletivo da UFBA de ingresso no curso: DOUTORADO EM QUÍMICA. Vagas ofertadas: 20. Período de inscrições de 18/05/2026 a 21/06/2026. Consulte o edital completo no portal oficial da instituição.,UFBA,Doutorado Acadêmico,Engenharias e Exatas,20,2026-05-18T12:00:00Z,2026-06-21T12:00:00Z,https://sigaa.ufba.br/sigaa/public/processo_seletivo/lista.jsf?aba=p-processo&nivel=S,Encerrado,2026-05-18T12:00:00Z,UFBA SIGAA
2026-09-11T07:35:02.264192Z,EDITAL PEI/UFBA 04-2026 - SELEÇÃO PARA O DOUTORADO 2026.2 - DOUTORADO EM ENGENHARIA INDUSTRIAL,Inscrições abertas para o processo seletivo da UFBA de ingresso no curso: DOUTORADO EM ENGENHARIA INDUSTRIAL. Vagas ofertadas: 15. Período de inscrições de 15/05/2026 a 10/06/2026. Consulte o edital completo no portal oficial da instituição.,UFBA,Doutorado Acadêmico,Engenharias e Exatas,15,2026-05-15T12:00:00Z,2026-06-10T12:00:00Z,https://sigaa.ufba.br/sigaa/public/processo_seletivo/lista.jsf?aba=p-processo&nivel=S,Encerrado,2026-05-15T12:00:00Z,UFBA SIGAA
2026-09-11T07:35:02.264192Z,"Seleção para o Doutorado em Matemática, ingresso em 2026.2 - DOUTORADO EM MATEMÁTICA",Inscrições abertas para o processo seletivo da UFBA de ingresso no curso: DOUTORADO EM MATEMÁTICA. Vagas ofertadas: 10. Período de inscrições de 11/05/2026 a 07/06/2026. Consulte o edital completo no portal oficial da instituição.,UFBA,Doutorado Acadêmico,Engenharias e Exatas,10,2026-05-11T12:00:00Z,2026-06-07T12:00:00Z,https://sigaa.ufba.br/sigaa/public/processo_seletivo/lista.jsf?aba=p-processo&nivel=S,Encerrado,2026-05-11T12:00:00Z,UFBA SIGAA
2026-09-11T07:35:02.264192Z,DOUTORADO PROFISSIONAL EM MÚSICA. SELEÇÃO ALUNOS REGULARES 2026.2 - DOUTORADO PROFISSIONAL EM MÚSICA,Inscrições abertas para o processo seletivo da UFBA de ingresso no curso: DOUTORADO PROFISSIONAL EM MÚSICA. Vagas ofertadas: 5. Período de inscrições de 04/05/2026 a 14/06/2026. Consulte o edital completo no portal oficial da instituição.,UFBA,Doutorado Profissional,Comunicação e Artes,5,2026-05-04T12:00:00Z,2026-06-14T12:00:00Z,https://sigaa.ufba.br/sigaa/public/processo_seletivo/lista.jsf?aba=p-processo&nivel=S,Encerrado,2026-05-04T12:00:00Z,UFBA SIGAA
2026-09-11T07:35:02.264192Z,EDITAL 05/2026 - POSPETRO PROCESSO SELETIVO PARA DOUTORADO EM GEOQUÍMICA: PETRÓL - DOUTORADO EM GEOQUÍMICA: PETRÓLEO E MEIO AMBIENTE,Inscrições abertas para o processo seletivo da UFBA de ingresso no curso: DOUTORADO EM GEOQUÍMICA: PETRÓLEO E MEIO AMBIENTE. Vagas ofertadas: 3. Período de inscrições de 27/04/2026 a 16/06/2026. Consulte o edital completo no portal oficial da instituição.,UFBA,Doutorado Acadêmico,Agrárias e Ambientais,3,2026-04-27T12:00:00Z,2026-06-16T12:00:00Z,https://sigaa.ufba.br/sigaa/public/processo_seletivo/lista.jsf?aba=p-processo&nivel=S,Encerrado,2026-04-27T12:00:00Z,UFBA SIGAA
2026-09-11T07:35:02.264192Z,Processo Seletivo 2026.2 Doutorado - Aluno Regular - DOUTORADO EM MECATRÔNICA,Inscrições abertas para o processo seletivo da UFBA de ingresso no curso: DOUTORADO EM MECATRÔNICA. Vagas ofertadas: 16. Período de inscrições de 16/04/2026 a 14/06/2026. Consulte o edital completo no portal oficial da instituição.,UFBA,Doutorado Acadêmico,Saúde e Biológicas,16,2026-04-16T12:00:00Z,2026-06-14T12:00:00Z,https://sigaa.ufba.br/sigaa/public/processo_seletivo/lista.jsf?aba=p-processo&nivel=S,Encerrado,2026-04-16T12:00:00Z,UFBA SIGAA
2026-09-12T07:26:14.212538Z,EDITAL 03/2026 - DOUTORADO PROFISSIONAL EM SAÚDE COLETIVA - DOUTORADO PROFISSIONAL EM SAÚDE COLETIVA,Inscrições abertas para o processo seletivo da UFBA de ingresso no curso: DOUTORADO PROFISSIONAL EM SAÚDE COLETIVA. Vagas ofertadas: 10. Período de inscrições de 30/06/2026 a 20/07/2026. Consulte o edital completo no portal oficial da instituição.,UFBA,Doutorado Profissional,Saúde e Biológicas,10,2026-06-30T12:00:00Z,2026-07-20T12:00:00Z,https://sigaa.ufba.br/sigaa/public/processo_seletivo/lista.jsf?aba=p-processo&nivel=S,Encerrado,2026-06-30T12:00:00Z,UFBA SIGAA
2026-09-12T07:26:14.212538Z,PROCESSO SELETIVO DO DOUTORADO ACADÊMICO TURMA 2027-1 - DOUTORADO EM ARQUITETURA E URBANISMO,Inscrições abertas para o processo seletivo da UFBA de ingresso no curso: DOUTORADO EM ARQUITETURA E URBANISMO. Vagas ofertadas: 25. Período de inscrições de 15/06/2026 a 31/07/2026. Consulte o edital completo no portal oficial da instituição.,UFBA,Doutorado Acadêmico,Engenharias e Exatas,25,2026-06-15T12:00:00Z,2026-07-31T12:00:00Z,https://sigaa.ufba.br/sigaa/public/processo_seletivo/lista.jsf?aba=p-processo&nivel=S,Encerrado,2026-06-15T12:00:00Z,UFBA SIGAA
2026-09-12T07:26:14.212538Z,PPGEEC - Edital de Seleção para Alunos Especiais de Doutorado 2026.2 - DOUTORADO EM ENGENHARIA ELÉTRICA,Inscrições abertas para o processo seletivo da UFBA de ingresso no curso: DOUTORADO EM ENGENHARIA ELÉTRICA. Vagas ofertadas: 40. Período de inscrições de 15/06/2026 a 26/06/2026. Consulte o edital completo no portal oficial da instituição.,UFBA,Doutorado Acadêmico,Engenharias e Exatas,40,2026-06-15T12:00:00Z,2026-06-26T12:00:00Z,https://sigaa.ufba.br/sigaa/public/processo_seletivo/lista.jsf?aba=p-processo&nivel=S,Encerrado,2026-06-15T12:00:00Z,UFBA SIGAA
2026-09-12T07:26:14.212538Z,Processo Seletivo em Ciência de Alimentos (2026.2) - NÍVEL DOUTORADO - DOUTORADO EM CIÊNCIA DE ALIMENTOS,Inscrições abertas para o processo seletivo da UFBA de ingresso no curso: DOUTORADO EM CIÊNCIA DE ALIMENTOS. Vagas ofertadas: 22. Período de inscrições de 10/06/2026 a 28/06/2026. Consulte o edital completo no portal oficial da instituição.,UFBA,Doutorado Acadêmico,Saúde e Biológicas,22,2026-06-10T12:00:00Z,2026-06-28T12:00:00Z,https://sigaa.ufba.br/sigaa/public/processo_seletivo/lista.jsf?aba=p-processo&nivel=S,Encerrado,2026-06-10T12:00:00Z,UFBA SIGAA
2026-09-12T07:26:14.212538Z,EDITAL N.º003/2026 DOUTORADO - DOUTORADO EM FARMÁCIA,Inscrições abertas para o processo seletivo da UFBA de ingresso no curso: DOUTORADO EM FARMÁCIA. Vagas ofertadas: 12. Período de inscrições de 04/06/2026 a 30/06/2026. Consulte o edital completo no portal oficial da instituição.,UFBA,Doutorado Acadêmico,Saúde e Biológicas,12,2026-06-04T12:00:00Z,2026-06-30T12:00:00Z,https://sigaa.ufba.br/sigaa/public/processo_seletivo/lista.jsf?aba=p-processo&nivel=S,Encerrado,2026-06-04T12:00:00Z,UFBA SIGAA
2026-09-12T07:26:14.212538Z,PPGEEC / UNIVASF - Seleção para Alunos de Mestrado 2026.2 (Turma MINTER) - DOUTORADO EM ENGENHARIA ELÉTRICA,Inscrições abertas para o processo seletivo da UFBA de ingresso no curso: DOUTORADO EM ENGENHARIA ELÉTRICA. Vagas ofertadas: 20. Período de inscrições de 03/06/2026 a 29/06/2026. Consulte o edital completo no portal oficial da instituição.,UFBA,Doutorado Acadêmico,Engenharias e Exatas,20,2026-06-03T12:00:00Z,2026-06-29T12:00:00Z,https://sigaa.ufba.br/sigaa/public/processo_seletivo/lista.jsf?aba=p-processo&nivel=S,Encerrado,2026-06-03T12:00:00Z,UFBA SIGAA
2026-09-12T07:26:14.212538Z,Edital 2026.2 de Seleção para Doutorado do PPGMCF - DOUTORADO EM MULTICÊNTRICO EM CIÊNCIAS FISIOLÓGICAS,Inscrições abertas para o processo seletivo da UFBA de ingresso no curso: DOUTORADO EM MULTICÊNTRICO EM CIÊNCIAS FISIOLÓGICAS. Vagas ofertadas: 1. Período de inscrições de 21/05/2026 a 08/06/2026. Consulte o edital completo no portal oficial da instituição.,UFBA,Doutorado Acadêmico,Saúde e Biológicas,1,2026-05-21T12:00:00Z,2026-06-08T12:00:00Z,https://sigaa.ufba.br/sigaa/public/processo_seletivo/lista.jsf?aba=p-processo&nivel=S,Encerrado,2026-05-21T12:00:00Z,UFBA SIGAA
2026-09-12T07:26:14.212538Z,PPGEEC - Edital de Seleção para Alunos Regulares de Doutorado 2026.2 - DOUTORADO EM ENGENHARIA ELÉTRICA,Inscrições abertas para o processo seletivo da UFBA de ingresso no curso: DOUTORADO EM ENGENHARIA ELÉTRICA. Vagas ofertadas: 23. Período de inscrições de 19/05/2026 a 15/06/2026. Consulte o edital completo no portal oficial da instituição.,UFBA,Doutorado Acadêmico,Engenharias e Exatas,23,2026-05-19T12:00:00Z,2026-06-15T12:00:00Z,https://sigaa.ufba.br/sigaa/public/processo_seletivo/lista.jsf?aba=p-processo&nivel=S,Encerrado,2026-05-19T12:00:00Z,UFBA SIGAA
2026-09-12T07:26:14.212538Z,SELEÇÃO PARA INGRESSO NO DOUTORADO EM QUÍMICA 2026.2 - DOUTORADO EM QUÍMICA,Inscrições abertas para o processo seletivo da UFBA de ingresso no curso: DOUTORADO EM QUÍMICA. Vagas ofertadas: 20. Período de inscrições de 18/05/2026 a 21/06/2026. Consulte o edital completo no portal oficial da instituição.,UFBA,Doutorado Acadêmico,Engenharias e Exatas,20,2026-05-18T12:00:00Z,2026-06-21T12:00:00Z,https://sigaa.ufba.br/sigaa/public/processo_seletivo/lista.jsf?aba=p-processo&nivel=S,Encerrado,2026-05-18T12:00:00Z,UFBA SIGAA
2026-09-12T07:26:14.212538Z,EDITAL PEI/UFBA 04-2026 - SELEÇÃO PARA O DOUTORADO 2026.2 - DOUTORADO EM ENGENHARIA INDUSTRIAL,Inscrições abertas para o processo seletivo da UFBA de ingresso no curso: DOUTORADO EM ENGENHARIA INDUSTRIAL. Vagas ofertadas: 15. Período de inscrições de 15/05/2026 a 10/06/2026. Consulte o edital completo no portal oficial da instituição.,UFBA,Doutorado Acadêmico,Engenharias e Exatas,15,2026-05-15T12:00:00Z,2026-06-10T12:00:00Z,https://sigaa.ufba.br/sigaa/public/processo_seletivo/lista.jsf?aba=p-processo&nivel=S,Encerrado,2026-05-15T12:00:00Z,UFBA SIGAA
2026-09-12T07:26:14.212538Z,"Seleção para o Doutorado em Matemática, ingresso em 2026.2 - DOUTORADO EM MATEMÁTICA",Inscrições abertas para o processo seletivo da UFBA de ingresso no curso: DOUTORADO EM MATEMÁTICA. Vagas ofertadas: 10. Período de inscrições de 11/05/2026 a 07/06/2026. Consulte o edital completo no portal oficial da instituição.,UFBA,Doutorado Acadêmico,Engenharias e Exatas,10,2026-05-11T12:00:00Z,2026-06-07T12:00:00Z,https://sigaa.ufba.br/sigaa/public/processo_seletivo/lista.jsf?aba=p-processo&nivel=S,Encerrado,2026-05-11T12:00:00Z,UFBA SIGAA
2026-09-12T07:26:14.212538Z,DOUTORADO PROFISSIONAL EM MÚSICA. SELEÇÃO ALUNOS REGULARES 2026.2 - DOUTORADO PROFISSIONAL EM MÚSICA,Inscrições abertas para o processo seletivo da UFBA de ingresso no curso: DOUTORADO PROFISSIONAL EM MÚSICA. Vagas ofertadas: 5. Período de inscrições de 04/05/2026 a 14/06/2026. Consulte o edital completo no portal oficial da instituição.,UFBA,Doutorado Profissional,Comunicação e Artes,5,2026-05-04T12:00:00Z,2026-06-14T12:00:00Z,https://sigaa.ufba.br/sigaa/public/processo_seletivo/lista.jsf?aba=p-processo&nivel=S,Encerrado,2026-05-04T12:00:00Z,UFBA SIGAA
2026-09-12T07:26:14.212538Z,EDITAL 05/2026 - POSPETRO PROCESSO SELETIVO PARA DOUTORADO EM GEOQUÍMICA: PETRÓL - DOUTORADO EM GEOQUÍMICA: PETRÓLEO E MEIO AMBIENTE,Inscrições abertas para o processo seletivo da UFBA de ingresso no curso: DOUTORADO EM GEOQUÍMICA: PETRÓLEO E MEIO AMBIENTE. Vagas ofertadas: 3. Período de inscrições de 27/04/2026 a 16/06/2026. Consulte o edital completo no portal oficial da instituição.,UFBA,Doutorado Acadêmico,Agrárias e Ambientais,3,2026-04-27T12:00:00Z,2026-06-16T12:00:00Z,https://sigaa.ufba.br/sigaa/public/processo_seletivo/lista.jsf?aba=p-processo&nivel=S,Encerrado,2026-04-27T12:00:00Z,UFBA SIGAA
2026-09-12T07:26:14.212538Z,Processo Seletivo 2026.2 Doutorado - Aluno Regular - DOUTORADO EM MECATRÔNICA,Inscrições abertas para o processo seletivo da UFBA de ingresso no curso: DOUTORADO EM MECATRÔNICA. Vagas ofertadas: 16. Período de inscrições de 16/04/2026 a 14/06/2026. Consulte o edital completo no portal oficial da instituição.,UFBA,Doutorado Acadêmico,Saúde e Biológicas,16,2026-04-16T12:00:00Z,2026-06-14T12:00:00Z,https://sigaa.ufba.br/sigaa/public/processo_seletivo/lista.jsf?aba=p-processo&nivel=S,Encerrado,2026-04-16T12:00:00Z,UFBA SIGAA
2026-09-13T07:44:52.421814Z,EDITAL 03/2026 - DOUTORADO PROFISSIONAL EM SAÚDE COLETIVA - DOUTORADO PROFISSIONAL EM SAÚDE COLETIVA,Inscrições abertas para o processo seletivo da UFBA de ingresso no curso: DOUTORADO PROFISSIONAL EM SAÚDE COLETIVA. Vagas ofertadas: 10. Período de inscrições de 30/06/2026 a 20/07/2026. Consulte o edital completo no portal oficial da instituição.,UFBA,Doutorado Profissional,Saúde e Biológicas,10,2026-06-30T12:00:00Z,2026-07-20T12:00:00Z,https://sigaa.ufba.br/sigaa/public/processo_seletivo/lista.jsf?aba=p-processo&nivel=S,Encerrado,2026-06-30T12:00:00Z,UFBA SIGAA
2026-09-13T07:44:52.421814Z,PROCESSO SELETIVO DO DOUTORADO ACADÊMICO TURMA 2027-1 - DOUTORADO EM ARQUITETURA E URBANISMO,Inscrições abertas para o processo seletivo da UFBA de ingresso no curso: DOUTORADO EM ARQUITETURA E URBANISMO. Vagas ofertadas: 25. Período de inscrições de 15/06/2026 a 31/07/2026. Consulte o edital completo no portal oficial da instituição.,UFBA,Doutorado Acadêmico,Engenharias e Exatas,25,2026-06-15T12:00:00Z,2026-07-31T12:00:00Z,https://sigaa.ufba.br/sigaa/public/processo_seletivo/lista.jsf?aba=p-processo&nivel=S,Encerrado,2026-06-15T12:00:00Z,UFBA SIGAA
2026-09-13T07:44:52.421814Z,PPGEEC - Edital de Seleção para Alunos Especiais de Doutorado 2026.2 - DOUTORADO EM ENGENHARIA ELÉTRICA,Inscrições abertas para o processo seletivo da UFBA de ingresso no curso: DOUTORADO EM ENGENHARIA ELÉTRICA. Vagas ofertadas: 40. Período de inscrições de 15/06/2026 a 26/06/2026. Consulte o edital completo no portal oficial da instituição.,UFBA,Doutorado Acadêmico,Engenharias e Exatas,40,2026-06-15T12:00:00Z,2026-06-26T12:00:00Z,https://sigaa.ufba.br/sigaa/public/processo_seletivo/lista.jsf?aba=p-processo&nivel=S,Encerrado,2026-06-15T12:00:00Z,UFBA SIGAA
2026-09-13T07:44:52.421814Z,Processo Seletivo em Ciência de Alimentos (2026.2) - NÍVEL DOUTORADO - DOUTORADO EM CIÊNCIA DE ALIMENTOS,Inscrições abertas para o processo seletivo da UFBA de ingresso no curso: DOUTORADO EM CIÊNCIA DE ALIMENTOS. Vagas ofertadas: 22. Período de inscrições de 10/06/2026 a 28/06/2026. Consulte o edital completo no portal oficial da instituição.,UFBA,Doutorado Acadêmico,Saúde e Biológicas,22,2026-06-10T12:00:00Z,2026-06-28T12:00:00Z,https://sigaa.ufba.br/sigaa/public/processo_seletivo/lista.jsf?aba=p-processo&nivel=S,Encerrado,2026-06-10T12:00:00Z,UFBA SIGAA
2026-09-13T07:44:52.421814Z,EDITAL N.º003/2026 DOUTORADO - DOUTORADO EM FARMÁCIA,Inscrições abertas para o processo seletivo da UFBA de ingresso no curso: DOUTORADO EM FARMÁCIA. Vagas ofertadas: 12. Período de inscrições de 04/06/2026 a 30/06/2026. Consulte o edital completo no portal oficial da instituição.,UFBA,Doutorado Acadêmico,Saúde e Biológicas,12,2026-06-04T12:00:00Z,2026-06-30T12:00:00Z,https://sigaa.ufba.br/sigaa/public/processo_seletivo/lista.jsf?aba=p-processo&nivel=S,Encerrado,2026-06-04T12:00:00Z,UFBA SIGAA
2026-09-13T07:44:52.421814Z,PPGEEC / UNIVASF - Seleção para Alunos de Mestrado 2026.2 (Turma MINTER) - DOUTORADO EM ENGENHARIA ELÉTRICA,Inscrições abertas para o processo seletivo da UFBA de ingresso no curso: DOUTORADO EM ENGENHARIA ELÉTRICA. Vagas ofertadas: 20. Período de inscrições de 03/06/2026 a 29/06/2026. Consulte o edital completo no portal oficial da instituição.,UFBA,Doutorado Acadêmico,Engenharias e Exatas,20,2026-06-03T12:00:00Z,2026-06-29T12:00:00Z,https://sigaa.ufba.br/sigaa/public/processo_seletivo/lista.jsf?aba=p-processo&nivel=S,Encerrado,2026-06-03T12:00:00Z,UFBA SIGAA
2026-09-13T07:44:52.421814Z,Edital 2026.2 de Seleção para Doutorado do PPGMCF - DOUTORADO EM MULTICÊNTRICO EM CIÊNCIAS FISIOLÓGICAS,Inscrições abertas para o processo seletivo da UFBA de ingresso no curso: DOUTORADO EM MULTICÊNTRICO EM CIÊNCIAS FISIOLÓGICAS. Vagas ofertadas: 1. Período de inscrições de 21/05/2026 a 08/06/2026. Consulte o edital completo no portal oficial da instituição.,UFBA,Doutorado Acadêmico,Saúde e Biológicas,1,2026-05-21T12:00:00Z,2026-06-08T12:00:00Z,https://sigaa.ufba.br/sigaa/public/processo_seletivo/lista.jsf?aba=p-processo&nivel=S,Encerrado,2026-05-21T12:00:00Z,UFBA SIGAA
2026-09-13T07:44:52.421814Z,PPGEEC - Edital de Seleção para Alunos Regulares de Doutorado 2026.2 - DOUTORADO EM ENGENHARIA ELÉTRICA,Inscrições abertas para o processo seletivo da UFBA de ingresso no curso: DOUTORADO EM ENGENHARIA ELÉTRICA. Vagas ofertadas: 23. Período de inscrições de 19/05/2026 a 15/06/2026. Consulte o edital completo no portal oficial da instituição.,UFBA,Doutorado Acadêmico,Engenharias e Exatas,23,2026-05-19T12:00:00Z,2026-06-15T12:00:00Z,https://sigaa.ufba.br/sigaa/public/processo_seletivo/lista.jsf?aba=p-processo&nivel=S,Encerrado,2026-05-19T12:00:00Z,UFBA SIGAA
2026-09-13T07:44:52.421814Z,SELEÇÃO PARA INGRESSO NO DOUTORADO EM QUÍMICA 2026.2 - DOUTORADO EM QUÍMICA,Inscrições abertas para o processo seletivo da UFBA de ingresso no curso: DOUTORADO EM QUÍMICA. Vagas ofertadas: 20. Período de inscrições de 18/05/2026 a 21/06/2026. Consulte o edital completo no portal oficial da instituição.,UFBA,Doutorado Acadêmico,Engenharias e Exatas,20,2026-05-18T12:00:00Z,2026-06-21T12:00:00Z,https://sigaa.ufba.br/sigaa/public/processo_seletivo/lista.jsf?aba=p-processo&nivel=S,Encerrado,2026-05-18T12:00:00Z,UFBA SIGAA
2026-09-13T07:44:52.421814Z,EDITAL PEI/UFBA 04-2026 - SELEÇÃO PARA O DOUTORADO 2026.2 - DOUTORADO EM ENGENHARIA INDUSTRIAL,Inscrições abertas para o processo seletivo da UFBA de ingresso no curso: DOUTORADO EM ENGENHARIA INDUSTRIAL. Vagas ofertadas: 15. Período de inscrições de 15/05/2026 a 10/06/2026. Consulte o edital completo no portal oficial da instituição.,UFBA,Doutorado Acadêmico,Engenharias e Exatas,15,2026-05-15T12:00:00Z,2026-06-10T12:00:00Z,https://sigaa.ufba.br/sigaa/public/processo_seletivo/lista.jsf?aba=p-processo&nivel=S,Encerrado,2026-05-15T12:00:00Z,UFBA SIGAA
2026-09-13T07:44:52.421814Z,"Seleção para o Doutorado em Matemática, ingresso em 2026.2 - DOUTORADO EM MATEMÁTICA",Inscrições abertas para o processo seletivo da UFBA de ingresso no curso: DOUTORADO EM MATEMÁTICA. Vagas ofertadas: 10. Período de inscrições de 11/05/2026 a 07/06/2026. Consulte o edital completo no portal oficial da instituição.,UFBA,Doutorado Acadêmico,Engenharias e Exatas,10,2026-05-11T12:00:00Z,2026-06-07T12:00:00Z,https://sigaa.ufba.br/sigaa/public/processo_seletivo/lista.jsf?aba=p-processo&nivel=S,Encerrado,2026-05-11T12:00:00Z,UFBA SIGAA
2026-09-13T07:44:52.421814Z,DOUTORADO PROFISSIONAL EM MÚSICA. SELEÇÃO ALUNOS REGULARES 2026.2 - DOUTORADO PROFISSIONAL EM MÚSICA,Inscrições abertas para o processo seletivo da UFBA de ingresso no curso: DOUTORADO PROFISSIONAL EM MÚSICA. Vagas ofertadas: 5. Período de inscrições de 04/05/2026 a 14/06/2026. Consulte o edital completo no portal oficial da instituição.,UFBA,Doutorado Profissional,Comunicação e Artes,5,2026-05-04T12:00:00Z,2026-06-14T12:00:00Z,https://sigaa.ufba.br/sigaa/public/processo_seletivo/lista.jsf?aba=p-processo&nivel=S,Encerrado,2026-05-04T12:00:00Z,UFBA SIGAA
2026-09-13T07:44:52.421814Z,EDITAL 05/2026 - POSPETRO PROCESSO SELETIVO PARA DOUTORADO EM GEOQUÍMICA: PETRÓL - DOUTORADO EM GEOQUÍMICA: PETRÓLEO E MEIO AMBIENTE,Inscrições abertas para o processo seletivo da UFBA de ingresso no curso: DOUTORADO EM GEOQUÍMICA: PETRÓLEO E MEIO AMBIENTE. Vagas ofertadas: 3. Período de inscrições de 27/04/2026 a 16/06/2026. Consulte o edital completo no portal oficial da instituição.,UFBA,Doutorado Acadêmico,Agrárias e Ambientais,3,2026-04-27T12:00:00Z,2026-06-16T12:00:00Z,https://sigaa.ufba.br/sigaa/public/processo_seletivo/lista.jsf?aba=p-processo&nivel=S,Encerrado,2026-04-27T12:00:00Z,UFBA SIGAA
2026-09-13T07:44:52.421814Z,Processo Seletivo 2026.2 Doutorado - Aluno Regular - DOUTORADO EM MECATRÔNICA,Inscrições abertas para o processo seletivo da UFBA de ingresso no curso: DOUTORADO EM MECATRÔNICA. Vagas ofertadas: 16. Período de inscrições de 16/04/2026 a 14/06/2026. Consulte o edital completo no portal oficial da instituição.,UFBA,Doutorado Acadêmico,Saúde e Biológicas,16,2026-04-16T12:00:00Z,2026-06-14T12:00:00Z,https://sigaa.ufba.br/sigaa/public/processo_seletivo/lista.jsf?aba=p-processo&nivel=S,Encerrado,2026-04-16T12:00:00Z,UFBA SIGAA
2026-09-14T08:16:03.131186Z,EDITAL 03/2026 - DOUTORADO PROFISSIONAL EM SAÚDE COLETIVA - DOUTORADO PROFISSIONAL EM SAÚDE COLETIVA,Inscrições abertas para o processo seletivo da UFBA de ingresso no curso: DOUTORADO PROFISSIONAL EM SAÚDE COLETIVA. Vagas ofertadas: 10. Período de inscrições de 30/06/2026 a 20/07/2026. Consulte o edital completo no portal oficial da instituição.,UFBA,Doutorado Profissional,Saúde e Biológicas,10,2026-06-30T12:00:00Z,2026-07-20T12:00:00Z,https://sigaa.ufba.br/sigaa/public/processo_seletivo/lista.jsf?aba=p-processo&nivel=S,Encerrado,2026-06-30T12:00:00Z,UFBA SIGAA
2026-09-14T08:16:03.131186Z,PROCESSO SELETIVO DO DOUTORADO ACADÊMICO TURMA 2027-1 - DOUTORADO EM ARQUITETURA E URBANISMO,Inscrições abertas para o processo seletivo da UFBA de ingresso no curso: DOUTORADO EM ARQUITETURA E URBANISMO. Vagas ofertadas: 25. Período de inscrições de 15/06/2026 a 31/07/2026. Consulte o edital completo no portal oficial da instituição.,UFBA,Doutorado Acadêmico,Engenharias e Exatas,25,2026-06-15T12:00:00Z,2026-07-31T12:00:00Z,https://sigaa.ufba.br/sigaa/public/processo_seletivo/lista.jsf?aba=p-processo&nivel=S,Encerrado,2026-06-15T12:00:00Z,UFBA SIGAA
2026-09-14T08:16:03.131186Z,PPGEEC - Edital de Seleção para Alunos Especiais de Doutorado 2026.2 - DOUTORADO EM ENGENHARIA ELÉTRICA,Inscrições abertas para o processo seletivo da UFBA de ingresso no curso: DOUTORADO EM ENGENHARIA ELÉTRICA. Vagas ofertadas: 40. Período de inscrições de 15/06/2026 a 26/06/2026. Consulte o edital completo no portal oficial da instituição.,UFBA,Doutorado Acadêmico,Engenharias e Exatas,40,2026-06-15T12:00:00Z,2026-06-26T12:00:00Z,https://sigaa.ufba.br/sigaa/public/processo_seletivo/lista.jsf?aba=p-processo&nivel=S,Encerrado,2026-06-15T12:00:00Z,UFBA SIGAA
2026-09-14T08:16:03.131186Z,Processo Seletivo em Ciência de Alimentos (2026.2) - NÍVEL DOUTORADO - DOUTORADO EM CIÊNCIA DE ALIMENTOS,Inscrições abertas para o processo seletivo da UFBA de ingresso no curso: DOUTORADO EM CIÊNCIA DE ALIMENTOS. Vagas ofertadas: 22. Período de inscrições de 10/06/2026 a 28/06/2026. Consulte o edital completo no portal oficial da instituição.,UFBA,Doutorado Acadêmico,Saúde e Biológicas,22,2026-06-10T12:00:00Z,2026-06-28T12:00:00Z,https://sigaa.ufba.br/sigaa/public/processo_seletivo/lista.jsf?aba=p-processo&nivel=S,Encerrado,2026-06-10T12:00:00Z,UFBA SIGAA
2026-09-14T08:16:03.131186Z,EDITAL N.º003/2026 DOUTORADO - DOUTORADO EM FARMÁCIA,Inscrições abertas para o processo seletivo da UFBA de ingresso no curso: DOUTORADO EM FARMÁCIA. Vagas ofertadas: 12. Período de inscrições de 04/06/2026 a 30/06/2026. Consulte o edital completo no portal oficial da instituição.,UFBA,Doutorado Acadêmico,Saúde e Biológicas,12,2026-06-04T12:00:00Z,2026-06-30T12:00:00Z,https://sigaa.ufba.br/sigaa/public/processo_seletivo/lista.jsf?aba=p-processo&nivel=S,Encerrado,2026-06-04T12:00:00Z,UFBA SIGAA
2026-09-14T08:16:03.131186Z,PPGEEC / UNIVASF - Seleção para Alunos de Mestrado 2026.2 (Turma MINTER) - DOUTORADO EM ENGENHARIA ELÉTRICA,Inscrições abertas para o processo seletivo da UFBA de ingresso no curso: DOUTORADO EM ENGENHARIA ELÉTRICA. Vagas ofertadas: 20. Período de inscrições de 03/06/2026 a 29/06/2026. Consulte o edital completo no portal oficial da instituição.,UFBA,Doutorado Acadêmico,Engenharias e Exatas,20,2026-06-03T12:00:00Z,2026-06-29T12:00:00Z,https://sigaa.ufba.br/sigaa/public/processo_seletivo/lista.jsf?aba=p-processo&nivel=S,Encerrado,2026-06-03T12:00:00Z,UFBA SIGAA
2026-09-14T08:16:03.131186Z,Edital 2026.2 de Seleção para Doutorado do PPGMCF - DOUTORADO EM MULTICÊNTRICO EM CIÊNCIAS FISIOLÓGICAS,Inscrições abertas para o processo seletivo da UFBA de ingresso no curso: DOUTORADO EM MULTICÊNTRICO EM CIÊNCIAS FISIOLÓGICAS. Vagas ofertadas: 1. Período de inscrições de 21/05/2026 a 08/06/2026. Consulte o edital completo no portal oficial da instituição.,UFBA,Doutorado Acadêmico,Saúde e Biológicas,1,2026-05-21T12:00:00Z,2026-06-08T12:00:00Z,https://sigaa.ufba.br/sigaa/public/processo_seletivo/lista.jsf?aba=p-processo&nivel=S,Encerrado,2026-05-21T12:00:00Z,UFBA SIGAA
2026-09-14T08:16:03.131186Z,PPGEEC - Edital de Seleção para Alunos Regulares de Doutorado 2026.2 - DOUTORADO EM ENGENHARIA ELÉTRICA,Inscrições abertas para o processo seletivo da UFBA de ingresso no curso: DOUTORADO EM ENGENHARIA ELÉTRICA. Vagas ofertadas: 23. Período de inscrições de 19/05/2026 a 15/06/2026. Consulte o edital completo no portal oficial da instituição.,UFBA,Doutorado Acadêmico,Engenharias e Exatas,23,2026-05-19T12:00:00Z,2026-06-15T12:00:00Z,https://sigaa.ufba.br/sigaa/public/processo_seletivo/lista.jsf?aba=p-processo&nivel=S,Encerrado,2026-05-19T12:00:00Z,UFBA SIGAA
2026-09-14T08:16:03.131186Z,SELEÇÃO PARA INGRESSO NO DOUTORADO EM QUÍMICA 2026.2 - DOUTORADO EM QUÍMICA,Inscrições abertas para o processo seletivo da UFBA de ingresso no curso: DOUTORADO EM QUÍMICA. Vagas ofertadas: 20. Período de inscrições de 18/05/2026 a 21/06/2026. Consulte o edital completo no portal oficial da instituição.,UFBA,Doutorado Acadêmico,Engenharias e Exatas,20,2026-05-18T12:00:00Z,2026-06-21T12:00:00Z,https://sigaa.ufba.br/sigaa/public/processo_seletivo/lista.jsf?aba=p-processo&nivel=S,Encerrado,2026-05-18T12:00:00Z,UFBA SIGAA
2026-09-14T08:16:03.131186Z,EDITAL PEI/UFBA 04-2026 - SELEÇÃO PARA O DOUTORADO 2026.2 - DOUTORADO EM ENGENHARIA INDUSTRIAL,Inscrições abertas para o processo seletivo da UFBA de ingresso no curso: DOUTORADO EM ENGENHARIA INDUSTRIAL. Vagas ofertadas: 15. Período de inscrições de 15/05/2026 a 10/06/2026. Consulte o edital completo no portal oficial da instituição.,UFBA,Doutorado Acadêmico,Engenharias e Exatas,15,2026-05-15T12:00:00Z,2026-06-10T12:00:00Z,https://sigaa.ufba.br/sigaa/public/processo_seletivo/lista.jsf?aba=p-processo&nivel=S,Encerrado,2026-05-15T12:00:00Z,UFBA SIGAA
2026-09-14T08:16:03.131186Z,"Seleção para o Doutorado em Matemática, ingresso em 2026.2 - DOUTORADO EM MATEMÁTICA",Inscrições abertas para o processo seletivo da UFBA de ingresso no curso: DOUTORADO EM MATEMÁTICA. Vagas ofertadas: 10. Período de inscrições de 11/05/2026 a 07/06/2026. Consulte o edital completo no portal oficial da instituição.,UFBA,Doutorado Acadêmico,Engenharias e Exatas,10,2026-05-11T12:00:00Z,2026-06-07T12:00:00Z,https://sigaa.ufba.br/sigaa/public/processo_seletivo/lista.jsf?aba=p-processo&nivel=S,Encerrado,2026-05-11T12:00:00Z,UFBA SIGAA
2026-09-14T08:16:03.131186Z,DOUTORADO PROFISSIONAL EM MÚSICA. SELEÇÃO ALUNOS REGULARES 2026.2 - DOUTORADO PROFISSIONAL EM MÚSICA,Inscrições abertas para o processo seletivo da UFBA de ingresso no curso: DOUTORADO PROFISSIONAL EM MÚSICA. Vagas ofertadas: 5. Período de inscrições de 04/05/2026 a 14/06/2026. Consulte o edital completo no portal oficial da instituição.,UFBA,Doutorado Profissional,Comunicação e Artes,5,2026-05-04T12:00:00Z,2026-06-14T12:00:00Z,https://sigaa.ufba.br/sigaa/public/processo_seletivo/lista.jsf?aba=p-processo&nivel=S,Encerrado,2026-05-04T12:00:00Z,UFBA SIGAA
2026-09-14T08:16:03.131186Z,EDITAL 05/2026 - POSPETRO PROCESSO SELETIVO PARA DOUTORADO EM GEOQUÍMICA: PETRÓL - DOUTORADO EM GEOQUÍMICA: PETRÓLEO E MEIO AMBIENTE,Inscrições abertas para o processo seletivo da UFBA de ingresso no curso: DOUTORADO EM GEOQUÍMICA: PETRÓLEO E MEIO AMBIENTE. Vagas ofertadas: 3. Período de inscrições de 27/04/2026 a 16/06/2026. Consulte o edital completo no portal oficial da instituição.,UFBA,Doutorado Acadêmico,Agrárias e Ambientais,3,2026-04-27T12:00:00Z,2026-06-16T12:00:00Z,https://sigaa.ufba.br/sigaa/public/processo_seletivo/lista.jsf?aba=p-processo&nivel=S,Encerrado,2026-04-27T12:00:00Z,UFBA SIGAA
2026-09-14T08:16:03.131186Z,Processo Seletivo 2026.2 Doutorado - Aluno Regular - DOUTORADO EM MECATRÔNICA,Inscrições abertas para o processo seletivo da UFBA de ingresso no curso: DOUTORADO EM MECATRÔNICA. Vagas ofertadas: 16. Período de inscrições de 16/04/2026 a 14/06/2026. Consulte o edital completo no portal oficial da instituição.,UFBA,Doutorado Acadêmico,Saúde e Biológicas,16,2026-04-16T12:00:00Z,2026-06-14T12:00:00Z,https://sigaa.ufba.br/sigaa/public/processo_seletivo/lista.jsf?aba=p-processo&nivel=S,Encerrado,2026-04-16T12:00:00Z,UFBA SIGAA
2026-09-15T08:08:34.035327Z,EDITAL 03/2026 - DOUTORADO PROFISSIONAL EM SAÚDE COLETIVA - DOUTORADO PROFISSIONAL EM SAÚDE COLETIVA,Inscrições abertas para o processo seletivo da UFBA de ingresso no curso: DOUTORADO PROFISSIONAL EM SAÚDE COLETIVA. Vagas ofertadas: 10. Período de inscrições de 30/06/2026 a 20/07/2026. Consulte o edital completo no portal oficial da instituição.,UFBA,Doutorado Profissional,Saúde e Biológicas,10,2026-06-30T12:00:00Z,2026-07-20T12:00:00Z,https://sigaa.ufba.br/sigaa/public/processo_seletivo/lista.jsf?aba=p-processo&nivel=S,Encerrado,2026-06-30T12:00:00Z,UFBA SIGAA
2026-09-15T08:08:34.035327Z,PROCESSO SELETIVO DO DOUTORADO ACADÊMICO TURMA 2027-1 - DOUTORADO EM ARQUITETURA E URBANISMO,Inscrições abertas para o processo seletivo da UFBA de ingresso no curso: DOUTORADO EM ARQUITETURA E URBANISMO. Vagas ofertadas: 25. Período de inscrições de 15/06/2026 a 31/07/2026. Consulte o edital completo no portal oficial da instituição.,UFBA,Doutorado Acadêmico,Engenharias e Exatas,25,2026-06-15T12:00:00Z,2026-07-31T12:00:00Z,https://sigaa.ufba.br/sigaa/public/processo_seletivo/lista.jsf?aba=p-processo&nivel=S,Encerrado,2026-06-15T12:00:00Z,UFBA SIGAA
2026-09-15T08:08:34.035327Z,PPGEEC - Edital de Seleção para Alunos Especiais de Doutorado 2026.2 - DOUTORADO EM ENGENHARIA ELÉTRICA,Inscrições abertas para o processo seletivo da UFBA de ingresso no curso: DOUTORADO EM ENGENHARIA ELÉTRICA. Vagas ofertadas: 40. Período de inscrições de 15/06/2026 a 26/06/2026. Consulte o edital completo no portal oficial da instituição.,UFBA,Doutorado Acadêmico,Engenharias e Exatas,40,2026-06-15T12:00:00Z,2026-06-26T12:00:00Z,https://sigaa.ufba.br/sigaa/public/processo_seletivo/lista.jsf?aba=p-processo&nivel=S,Encerrado,2026-06-15T12:00:00Z,UFBA SIGAA
2026-09-15T08:08:34.035327Z,Processo Seletivo em Ciência de Alimentos (2026.2) - NÍVEL DOUTORADO - DOUTORADO EM CIÊNCIA DE ALIMENTOS,Inscrições abertas para o processo seletivo da UFBA de ingresso no curso: DOUTORADO EM CIÊNCIA DE ALIMENTOS. Vagas ofertadas: 22. Período de inscrições de 10/06/2026 a 28/06/2026. Consulte o edital completo no portal oficial da instituição.,UFBA,Doutorado Acadêmico,Saúde e Biológicas,22,2026-06-10T12:00:00Z,2026-06-28T12:00:00Z,https://sigaa.ufba.br/sigaa/public/processo_seletivo/lista.jsf?aba=p-processo&nivel=S,Encerrado,2026-06-10T12:00:00Z,UFBA SIGAA
2026-09-15T08:08:34.035327Z,EDITAL N.º003/2026 DOUTORADO - DOUTORADO EM FARMÁCIA,Inscrições abertas para o processo seletivo da UFBA de ingresso no curso: DOUTORADO EM FARMÁCIA. Vagas ofertadas: 12. Período de inscrições de 04/06/2026 a 30/06/2026. Consulte o edital completo no portal oficial da instituição.,UFBA,Doutorado Acadêmico,Saúde e Biológicas,12,2026-06-04T12:00:00Z,2026-06-30T12:00:00Z,https://sigaa.ufba.br/sigaa/public/processo_seletivo/lista.jsf?aba=p-processo&nivel=S,Encerrado,2026-06-04T12:00:00Z,UFBA SIGAA
2026-09-15T08:08:34.035327Z,PPGEEC / UNIVASF - Seleção para Alunos de Mestrado 2026.2 (Turma MINTER) - DOUTORADO EM ENGENHARIA ELÉTRICA,Inscrições abertas para o processo seletivo da UFBA de ingresso no curso: DOUTORADO EM ENGENHARIA ELÉTRICA. Vagas ofertadas: 20. Período de inscrições de 03/06/2026 a 29/06/2026. Consulte o edital completo no portal oficial da instituição.,UFBA,Doutorado Acadêmico,Engenharias e Exatas,20,2026-06-03T12:00:00Z,2026-06-29T12:00:00Z,https://sigaa.ufba.br/sigaa/public/processo_seletivo/lista.jsf?aba=p-processo&nivel=S,Encerrado,2026-06-03T12:00:00Z,UFBA SIGAA
2026-09-15T08:08:34.035327Z,Edital 2026.2 de Seleção para Doutorado do PPGMCF - DOUTORADO EM MULTICÊNTRICO EM CIÊNCIAS FISIOLÓGICAS,Inscrições abertas para o processo seletivo da UFBA de ingresso no curso: DOUTORADO EM MULTICÊNTRICO EM CIÊNCIAS FISIOLÓGICAS. Vagas ofertadas: 1. Período de inscrições de 21/05/2026 a 08/06/2026. Consulte o edital completo no portal oficial da instituição.,UFBA,Doutorado Acadêmico,Saúde e Biológicas,1,2026-05-21T12:00:00Z,2026-06-08T12:00:00Z,https://sigaa.ufba.br/sigaa/public/processo_seletivo/lista.jsf?aba=p-processo&nivel=S,Encerrado,2026-05-21T12:00:00Z,UFBA SIGAA
2026-09-15T08:08:34.035327Z,PPGEEC - Edital de Seleção para Alunos Regulares de Doutorado 2026.2 - DOUTORADO EM ENGENHARIA ELÉTRICA,Inscrições abertas para o processo seletivo da UFBA de ingresso no curso: DOUTORADO EM ENGENHARIA ELÉTRICA. Vagas ofertadas: 23. Período de inscrições de 19/05/2026 a 15/06/2026. Consulte o edital completo no portal oficial da instituição.,UFBA,Doutorado Acadêmico,Engenharias e Exatas,23,2026-05-19T12:00:00Z,2026-06-15T12:00:00Z,https://sigaa.ufba.br/sigaa/public/processo_seletivo/lista.jsf?aba=p-processo&nivel=S,Encerrado,2026-05-19T12:00:00Z,UFBA SIGAA
2026-09-15T08:08:34.035327Z,SELEÇÃO PARA INGRESSO NO DOUTORADO EM QUÍMICA 2026.2 - DOUTORADO EM QUÍMICA,Inscrições abertas para o processo seletivo da UFBA de ingresso no curso: DOUTORADO EM QUÍMICA. Vagas ofertadas: 20. Período de inscrições de 18/05/2026 a 21/06/2026. Consulte o edital completo no portal oficial da instituição.,UFBA,Doutorado Acadêmico,Engenharias e Exatas,20,2026-05-18T12:00:00Z,2026-06-21T12:00:00Z,https://sigaa.ufba.br/sigaa/public/processo_seletivo/lista.jsf?aba=p-processo&nivel=S,Encerrado,2026-05-18T12:00:00Z,UFBA SIGAA
2026-09-15T08:08:34.035327Z,EDITAL PEI/UFBA 04-2026 - SELEÇÃO PARA O DOUTORADO 2026.2 - DOUTORADO EM ENGENHARIA INDUSTRIAL,Inscrições abertas para o processo seletivo da UFBA de ingresso no curso: DOUTORADO EM ENGENHARIA INDUSTRIAL. Vagas ofertadas: 15. Período de inscrições de 15/05/2026 a 10/06/2026. Consulte o edital completo no portal oficial da instituição.,UFBA,Doutorado Acadêmico,Engenharias e Exatas,15,2026-05-15T12:00:00Z,2026-06-10T12:00:00Z,https://sigaa.ufba.br/sigaa/public/processo_seletivo/lista.jsf?aba=p-processo&nivel=S,Encerrado,2026-05-15T12:00:00Z,UFBA SIGAA
2026-09-15T08:08:34.035327Z,"Seleção para o Doutorado em Matemática, ingresso em 2026.2 - DOUTORADO EM MATEMÁTICA",Inscrições abertas para o processo seletivo da UFBA de ingresso no curso: DOUTORADO EM MATEMÁTICA. Vagas ofertadas: 10. Período de inscrições de 11/05/2026 a 07/06/2026. Consulte o edital completo no portal oficial da instituição.,UFBA,Doutorado Acadêmico,Engenharias e Exatas,10,2026-05-11T12:00:00Z,2026-06-07T12:00:00Z,https://sigaa.ufba.br/sigaa/public/processo_seletivo/lista.jsf?aba=p-processo&nivel=S,Encerrado,2026-05-11T12:00:00Z,UFBA SIGAA
2026-09-15T08:08:34.035327Z,DOUTORADO PROFISSIONAL EM MÚSICA. SELEÇÃO ALUNOS REGULARES 2026.2 - DOUTORADO PROFISSIONAL EM MÚSICA,Inscrições abertas para o processo seletivo da UFBA de ingresso no curso: DOUTORADO PROFISSIONAL EM MÚSICA. Vagas ofertadas: 5. Período de inscrições de 04/05/2026 a 14/06/2026. Consulte o edital completo no portal oficial da instituição.,UFBA,Doutorado Profissional,Comunicação e Artes,5,2026-05-04T12:00:00Z,2026-06-14T12:00:00Z,https://sigaa.ufba.br/sigaa/public/processo_seletivo/lista.jsf?aba=p-processo&nivel=S,Encerrado,2026-05-04T12:00:00Z,UFBA SIGAA
2026-09-15T08:08:34.035327Z,EDITAL 05/2026 - POSPETRO PROCESSO SELETIVO PARA DOUTORADO EM GEOQUÍMICA: PETRÓL - DOUTORADO EM GEOQUÍMICA: PETRÓLEO E MEIO AMBIENTE,Inscrições abertas para o processo seletivo da UFBA de ingresso no curso: DOUTORADO EM GEOQUÍMICA: PETRÓLEO E MEIO AMBIENTE. Vagas ofertadas: 3. Período de inscrições de 27/04/2026 a 16/06/2026. Consulte o edital completo no portal oficial da instituição.,UFBA,Doutorado Acadêmico,Agrárias e Ambientais,3,2026-04-27T12:00:00Z,2026-06-16T12:00:00Z,https://sigaa.ufba.br/sigaa/public/processo_seletivo/lista.jsf?aba=p-processo&nivel=S,Encerrado,2026-04-27T12:00:00Z,UFBA SIGAA
2026-09-15T08:08:34.035327Z,Processo Seletivo 2026.2 Doutorado - Aluno Regular - DOUTORADO EM MECATRÔNICA,Inscrições abertas para o processo seletivo da UFBA de ingresso no curso: DOUTORADO EM MECATRÔNICA. Vagas ofertadas: 16. Período de inscrições de 16/04/2026 a 14/06/2026. Consulte o edital completo no portal oficial da instituição.,UFBA,Doutorado Acadêmico,Saúde e Biológicas,16,2026-04-16T12:00:00Z,2026-06-14T12:00:00Z,https://sigaa.ufba.br/sigaa/public/processo_seletivo/lista.jsf?aba=p-processo&nivel=S,Encerrado,2026-04-16T12:00:00Z,UFBA SIGAA
2026-09-16T08:02:20.384167Z,EDITAL 03/2026 - DOUTORADO PROFISSIONAL EM SAÚDE COLETIVA - DOUTORADO PROFISSIONAL EM SAÚDE COLETIVA,Inscrições abertas para o processo seletivo da UFBA de ingresso no curso: DOUTORADO PROFISSIONAL EM SAÚDE COLETIVA. Vagas ofertadas: 10. Período de inscrições de 30/06/2026 a 20/07/2026. Consulte o edital completo no portal oficial da instituição.,UFBA,Doutorado Profissional,Saúde e Biológicas,10,2026-06-30T12:00:00Z,2026-07-20T12:00:00Z,https://sigaa.ufba.br/sigaa/public/processo_seletivo/lista.jsf?aba=p-processo&nivel=S,Encerrado,2026-06-30T12:00:00Z,UFBA SIGAA
2026-09-16T08:02:20.384167Z,PROCESSO SELETIVO DO DOUTORADO ACADÊMICO TURMA 2027-1 - DOUTORADO EM ARQUITETURA E URBANISMO,Inscrições abertas para o processo seletivo da UFBA de ingresso no curso: DOUTORADO EM ARQUITETURA E URBANISMO. Vagas ofertadas: 25. Período de inscrições de 15/06/2026 a 31/07/2026. Consulte o edital completo no portal oficial da instituição.,UFBA,Doutorado Acadêmico,Engenharias e Exatas,25,2026-06-15T12:00:00Z,2026-07-31T12:00:00Z,https://sigaa.ufba.br/sigaa/public/processo_seletivo/lista.jsf?aba=p-processo&nivel=S,Encerrado,2026-06-15T12:00:00Z,UFBA SIGAA
2026-09-16T08:02:20.384167Z,PPGEEC - Edital de Seleção para Alunos Especiais de Doutorado 2026.2 - DOUTORADO EM ENGENHARIA ELÉTRICA,Inscrições abertas para o processo seletivo da UFBA de ingresso no curso: DOUTORADO EM ENGENHARIA ELÉTRICA. Vagas ofertadas: 40. Período de inscrições de 15/06/2026 a 26/06/2026. Consulte o edital completo no portal oficial da instituição.,UFBA,Doutorado Acadêmico,Engenharias e Exatas,40,2026-06-15T12:00:00Z,2026-06-26T12:00:00Z,https://sigaa.ufba.br/sigaa/public/processo_seletivo/lista.jsf?aba=p-processo&nivel=S,Encerrado,2026-06-15T12:00:00Z,UFBA SIGAA
2026-09-16T08:02:20.384167Z,Processo Seletivo em Ciência de Alimentos (2026.2) - NÍVEL DOUTORADO - DOUTORADO EM CIÊNCIA DE ALIMENTOS,Inscrições abertas para o processo seletivo da UFBA de ingresso no curso: DOUTORADO EM CIÊNCIA DE ALIMENTOS. Vagas ofertadas: 22. Período de inscrições de 10/06/2026 a 28/06/2026. Consulte o edital completo no portal oficial da instituição.,UFBA,Doutorado Acadêmico,Saúde e Biológicas,22,2026-06-10T12:00:00Z,2026-06-28T12:00:00Z,https://sigaa.ufba.br/sigaa/public/processo_seletivo/lista.jsf?aba=p-processo&nivel=S,Encerrado,2026-06-10T12:00:00Z,UFBA SIGAA
2026-09-16T08:02:20.384167Z,EDITAL N.º003/2026 DOUTORADO - DOUTORADO EM FARMÁCIA,Inscrições abertas para o processo seletivo da UFBA de ingresso no curso: DOUTORADO EM FARMÁCIA. Vagas ofertadas: 12. Período de inscrições de 04/06/2026 a 30/06/2026. Consulte o edital completo no portal oficial da instituição.,UFBA,Doutorado Acadêmico,Saúde e Biológicas,12,2026-06-04T12:00:00Z,2026-06-30T12:00:00Z,https://sigaa.ufba.br/sigaa/public/processo_seletivo/lista.jsf?aba=p-processo&nivel=S,Encerrado,2026-06-04T12:00:00Z,UFBA SIGAA
2026-09-16T08:02:20.384167Z,PPGEEC / UNIVASF - Seleção para Alunos de Mestrado 2026.2 (Turma MINTER) - DOUTORADO EM ENGENHARIA ELÉTRICA,Inscrições abertas para o processo seletivo da UFBA de ingresso no curso: DOUTORADO EM ENGENHARIA ELÉTRICA. Vagas ofertadas: 20. Período de inscrições de 03/06/2026 a 29/06/2026. Consulte o edital completo no portal oficial da instituição.,UFBA,Doutorado Acadêmico,Engenharias e Exatas,20,2026-06-03T12:00:00Z,2026-06-29T12:00:00Z,https://sigaa.ufba.br/sigaa/public/processo_seletivo/lista.jsf?aba=p-processo&nivel=S,Encerrado,2026-06-03T12:00:00Z,UFBA SIGAA
2026-09-16T08:02:20.384167Z,Edital 2026.2 de Seleção para Doutorado do PPGMCF - DOUTORADO EM MULTICÊNTRICO EM CIÊNCIAS FISIOLÓGICAS,Inscrições abertas para o processo seletivo da UFBA de ingresso no curso: DOUTORADO EM MULTICÊNTRICO EM CIÊNCIAS FISIOLÓGICAS. Vagas ofertadas: 1. Período de inscrições de 21/05/2026 a 08/06/2026. Consulte o edital completo no portal oficial da instituição.,UFBA,Doutorado Acadêmico,Saúde e Biológicas,1,2026-05-21T12:00:00Z,2026-06-08T12:00:00Z,https://sigaa.ufba.br/sigaa/public/processo_seletivo/lista.jsf?aba=p-processo&nivel=S,Encerrado,2026-05-21T12:00:00Z,UFBA SIGAA
2026-09-16T08:02:20.384167Z,PPGEEC - Edital de Seleção para Alunos Regulares de Doutorado 2026.2 - DOUTORADO EM ENGENHARIA ELÉTRICA,Inscrições abertas para o processo seletivo da UFBA de ingresso no curso: DOUTORADO EM ENGENHARIA ELÉTRICA. Vagas ofertadas: 23. Período de inscrições de 19/05/2026 a 15/06/2026. Consulte o edital completo no portal oficial da instituição.,UFBA,Doutorado Acadêmico,Engenharias e Exatas,23,2026-05-19T12:00:00Z,2026-06-15T12:00:00Z,https://sigaa.ufba.br/sigaa/public/processo_seletivo/lista.jsf?aba=p-processo&nivel=S,Encerrado,2026-05-19T12:00:00Z,UFBA SIGAA
2026-09-16T08:02:20.384167Z,SELEÇÃO PARA INGRESSO NO DOUTORADO EM QUÍMICA 2026.2 - DOUTORADO EM QUÍMICA,Inscrições abertas para o processo seletivo da UFBA de ingresso no curso: DOUTORADO EM QUÍMICA. Vagas ofertadas: 20. Período de inscrições de 18/05/2026 a 21/06/2026. Consulte o edital completo no portal oficial da instituição.,UFBA,Doutorado Acadêmico,Engenharias e Exatas,20,2026-05-18T12:00:00Z,2026-06-21T12:00:00Z,https://sigaa.ufba.br/sigaa/public/processo_seletivo/lista.jsf?aba=p-processo&nivel=S,Encerrado,2026-05-18T12:00:00Z,UFBA SIGAA
2026-09-16T08:02:20.384167Z,EDITAL PEI/UFBA 04-2026 - SELEÇÃO PARA O DOUTORADO 2026.2 - DOUTORADO EM ENGENHARIA INDUSTRIAL,Inscrições abertas para o processo seletivo da UFBA de ingresso no curso: DOUTORADO EM ENGENHARIA INDUSTRIAL. Vagas ofertadas: 15. Período de inscrições de 15/05/2026 a 10/06/2026. Consulte o edital completo no portal oficial da instituição.,UFBA,Doutorado Acadêmico,Engenharias e Exatas,15,2026-05-15T12:00:00Z,2026-06-10T12:00:00Z,https://sigaa.ufba.br/sigaa/public/processo_seletivo/lista.jsf?aba=p-processo&nivel=S,Encerrado,2026-05-15T12:00:00Z,UFBA SIGAA
2026-09-16T08:02:20.384167Z,"Seleção para o Doutorado em Matemática, ingresso em 2026.2 - DOUTORADO EM MATEMÁTICA",Inscrições abertas para o processo seletivo da UFBA de ingresso no curso: DOUTORADO EM MATEMÁTICA. Vagas ofertadas: 10. Período de inscrições de 11/05/2026 a 07/06/2026. Consulte o edital completo no portal oficial da instituição.,UFBA,Doutorado Acadêmico,Engenharias e Exatas,10,2026-05-11T12:00:00Z,2026-06-07T12:00:00Z,https://sigaa.ufba.br/sigaa/public/processo_seletivo/lista.jsf?aba=p-processo&nivel=S,Encerrado,2026-05-11T12:00:00Z,UFBA SIGAA
2026-09-16T08:02:20.384167Z,DOUTORADO PROFISSIONAL EM MÚSICA. SELEÇÃO ALUNOS REGULARES 2026.2 - DOUTORADO PROFISSIONAL EM MÚSICA,Inscrições abertas para o processo seletivo da UFBA de ingresso no curso: DOUTORADO PROFISSIONAL EM MÚSICA. Vagas ofertadas: 5. Período de inscrições de 04/05/2026 a 14/06/2026. Consulte o edital completo no portal oficial da instituição.,UFBA,Doutorado Profissional,Comunicação e Artes,5,2026-05-04T12:00:00Z,2026-06-14T12:00:00Z,https://sigaa.ufba.br/sigaa/public/processo_seletivo/lista.jsf?aba=p-processo&nivel=S,Encerrado,2026-05-04T12:00:00Z,UFBA SIGAA
2026-09-16T08:02:20.384167Z,EDITAL 05/2026 - POSPETRO PROCESSO SELETIVO PARA DOUTORADO EM GEOQUÍMICA: PETRÓL - DOUTORADO EM GEOQUÍMICA: PETRÓLEO E MEIO AMBIENTE,Inscrições abertas para o processo seletivo da UFBA de ingresso no curso: DOUTORADO EM GEOQUÍMICA: PETRÓLEO E MEIO AMBIENTE. Vagas ofertadas: 3. Período de inscrições de 27/04/2026 a 16/06/2026. Consulte o edital completo no portal oficial da instituição.,UFBA,Doutorado Acadêmico,Agrárias e Ambientais,3,2026-04-27T12:00:00Z,2026-06-16T12:00:00Z,https://sigaa.ufba.br/sigaa/public/processo_seletivo/lista.jsf?aba=p-processo&nivel=S,Encerrado,2026-04-27T12:00:00Z,UFBA SIGAA
2026-09-16T08:02:20.384167Z,Processo Seletivo 2026.2 Doutorado - Aluno Regular - DOUTORADO EM MECATRÔNICA,Inscrições abertas para o processo seletivo da UFBA de ingresso no curso: DOUTORADO EM MECATRÔNICA. Vagas ofertadas: 16. Período de inscrições de 16/04/2026 a 14/06/2026. Consulte o edital completo no portal oficial da instituição.,UFBA,Doutorado Acadêmico,Saúde e Biológicas,16,2026-04-16T12:00:00Z,2026-06-14T12:00:00Z,https://sigaa.ufba.br/sigaa/public/processo_seletivo/lista.jsf?aba=p-processo&nivel=S,Encerrado,2026-04-16T12:00:00Z,UFBA SIGAA
2026-09-17T08:08:34.685314Z,EDITAL 03/2026 - DOUTORADO PROFISSIONAL EM SAÚDE COLETIVA - DOUTORADO PROFISSIONAL EM SAÚDE COLETIVA,Inscrições abertas para o processo seletivo da UFBA de ingresso no curso: DOUTORADO PROFISSIONAL EM SAÚDE COLETIVA. Vagas ofertadas: 10. Período de inscrições de 30/06/2026 a 20/07/2026. Consulte o edital completo no portal oficial da instituição.,UFBA,Doutorado Profissional,Saúde e Biológicas,10,2026-06-30T12:00:00Z,2026-07-20T12:00:00Z,https://sigaa.ufba.br/sigaa/public/processo_seletivo/lista.jsf?aba=p-processo&nivel=S,Encerrado,2026-06-30T12:00:00Z,UFBA SIGAA
2026-09-17T08:08:34.685314Z,PROCESSO SELETIVO DO DOUTORADO ACADÊMICO TURMA 2027-1 - DOUTORADO EM ARQUITETURA E URBANISMO,Inscrições abertas para o processo seletivo da UFBA de ingresso no curso: DOUTORADO EM ARQUITETURA E URBANISMO. Vagas ofertadas: 25. Período de inscrições de 15/06/2026 a 31/07/2026. Consulte o edital completo no portal oficial da instituição.,UFBA,Doutorado Acadêmico,Engenharias e Exatas,25,2026-06-15T12:00:00Z,2026-07-31T12:00:00Z,https://sigaa.ufba.br/sigaa/public/processo_seletivo/lista.jsf?aba=p-processo&nivel=S,Encerrado,2026-06-15T12:00:00Z,UFBA SIGAA
2026-09-17T08:08:34.685314Z,PPGEEC - Edital de Seleção para Alunos Especiais de Doutorado 2026.2 - DOUTORADO EM ENGENHARIA ELÉTRICA,Inscrições abertas para o processo seletivo da UFBA de ingresso no curso: DOUTORADO EM ENGENHARIA ELÉTRICA. Vagas ofertadas: 40. Período de inscrições de 15/06/2026 a 26/06/2026. Consulte o edital completo no portal oficial da instituição.,UFBA,Doutorado Acadêmico,Engenharias e Exatas,40,2026-06-15T12:00:00Z,2026-06-26T12:00:00Z,https://sigaa.ufba.br/sigaa/public/processo_seletivo/lista.jsf?aba=p-processo&nivel=S,Encerrado,2026-06-15T12:00:00Z,UFBA SIGAA
2026-09-17T08:08:34.685314Z,Processo Seletivo em Ciência de Alimentos (2026.2) - NÍVEL DOUTORADO - DOUTORADO EM CIÊNCIA DE ALIMENTOS,Inscrições abertas para o processo seletivo da UFBA de ingresso no curso: DOUTORADO EM CIÊNCIA DE ALIMENTOS. Vagas ofertadas: 22. Período de inscrições de 10/06/2026 a 28/06/2026. Consulte o edital completo no portal oficial da instituição.,UFBA,Doutorado Acadêmico,Saúde e Biológicas,22,2026-06-10T12:00:00Z,2026-06-28T12:00:00Z,https://sigaa.ufba.br/sigaa/public/processo_seletivo/lista.jsf?aba=p-processo&nivel=S,Encerrado,2026-06-10T12:00:00Z,UFBA SIGAA
2026-09-17T08:08:34.685314Z,EDITAL N.º003/2026 DOUTORADO - DOUTORADO EM FARMÁCIA,Inscrições abertas para o processo seletivo da UFBA de ingresso no curso: DOUTORADO EM FARMÁCIA. Vagas ofertadas: 12. Período de inscrições de 04/06/2026 a 30/06/2026. Consulte o edital completo no portal oficial da instituição.,UFBA,Doutorado Acadêmico,Saúde e Biológicas,12,2026-06-04T12:00:00Z,2026-06-30T12:00:00Z,https://sigaa.ufba.br/sigaa/public/processo_seletivo/lista.jsf?aba=p-processo&nivel=S,Encerrado,2026-06-04T12:00:00Z,UFBA SIGAA
2026-09-17T08:08:34.685314Z,PPGEEC / UNIVASF - Seleção para Alunos de Mestrado 2026.2 (Turma MINTER) - DOUTORADO EM ENGENHARIA ELÉTRICA,Inscrições abertas para o processo seletivo da UFBA de ingresso no curso: DOUTORADO EM ENGENHARIA ELÉTRICA. Vagas ofertadas: 20. Período de inscrições de 03/06/2026 a 29/06/2026. Consulte o edital completo no portal oficial da instituição.,UFBA,Doutorado Acadêmico,Engenharias e Exatas,20,2026-06-03T12:00:00Z,2026-06-29T12:00:00Z,https://sigaa.ufba.br/sigaa/public/processo_seletivo/lista.jsf?aba=p-processo&nivel=S,Encerrado,2026-06-03T12:00:00Z,UFBA SIGAA
2026-09-17T08:08:34.685314Z,Edital 2026.2 de Seleção para Doutorado do PPGMCF - DOUTORADO EM MULTICÊNTRICO EM CIÊNCIAS FISIOLÓGICAS,Inscrições abertas para o processo seletivo da UFBA de ingresso no curso: DOUTORADO EM MULTICÊNTRICO EM CIÊNCIAS FISIOLÓGICAS. Vagas ofertadas: 1. Período de inscrições de 21/05/2026 a 08/06/2026. Consulte o edital completo no portal oficial da instituição.,UFBA,Doutorado Acadêmico,Saúde e Biológicas,1,2026-05-21T12:00:00Z,2026-06-08T12:00:00Z,https://sigaa.ufba.br/sigaa/public/processo_seletivo/lista.jsf?aba=p-processo&nivel=S,Encerrado,2026-05-21T12:00:00Z,UFBA SIGAA
2026-09-17T08:08:34.685314Z,PPGEEC - Edital de Seleção para Alunos Regulares de Doutorado 2026.2 - DOUTORADO EM ENGENHARIA ELÉTRICA,Inscrições abertas para o processo seletivo da UFBA de ingresso no curso: DOUTORADO EM ENGENHARIA ELÉTRICA. Vagas ofertadas: 23. Período de inscrições de 19/05/2026 a 15/06/2026. Consulte o edital completo no portal oficial da instituição.,UFBA,Doutorado Acadêmico,Engenharias e Exatas,23,2026-05-19T12:00:00Z,2026-06-15T12:00:00Z,https://sigaa.ufba.br/sigaa/public/processo_seletivo/lista.jsf?aba=p-processo&nivel=S,Encerrado,2026-05-19T12:00:00Z,UFBA SIGAA
2026-09-17T08:08:34.685314Z,SELEÇÃO PARA INGRESSO NO DOUTORADO EM QUÍMICA 2026.2 - DOUTORADO EM QUÍMICA,Inscrições abertas para o processo seletivo da UFBA de ingresso no curso: DOUTORADO EM QUÍMICA. Vagas ofertadas: 20. Período de inscrições de 18/05/2026 a 21/06/2026. Consulte o edital completo no portal oficial da instituição.,UFBA,Doutorado Acadêmico,Engenharias e Exatas,20,2026-05-18T12:00:00Z,2026-06-21T12:00:00Z,https://sigaa.ufba.br/sigaa/public/processo_seletivo/lista.jsf?aba=p-processo&nivel=S,Encerrado,2026-05-18T12:00:00Z,UFBA SIGAA
2026-09-17T08:08:34.685314Z,EDITAL PEI/UFBA 04-2026 - SELEÇÃO PARA O DOUTORADO 2026.2 - DOUTORADO EM ENGENHARIA INDUSTRIAL,Inscrições abertas para o processo seletivo da UFBA de ingresso no curso: DOUTORADO EM ENGENHARIA INDUSTRIAL. Vagas ofertadas: 15. Período de inscrições de 15/05/2026 a 10/06/2026. Consulte o edital completo no portal oficial da instituição.,UFBA,Doutorado Acadêmico,Engenharias e Exatas,15,2026-05-15T12:00:00Z,2026-06-10T12:00:00Z,https://sigaa.ufba.br/sigaa/public/processo_seletivo/lista.jsf?aba=p-processo&nivel=S,Encerrado,2026-05-15T12:00:00Z,UFBA SIGAA
2026-09-17T08:08:34.685314Z,"Seleção para o Doutorado em Matemática, ingresso em 2026.2 - DOUTORADO EM MATEMÁTICA",Inscrições abertas para o processo seletivo da UFBA de ingresso no curso: DOUTORADO EM MATEMÁTICA. Vagas ofertadas: 10. Período de inscrições de 11/05/2026 a 07/06/2026. Consulte o edital completo no portal oficial da instituição.,UFBA,Doutorado Acadêmico,Engenharias e Exatas,10,2026-05-11T12:00:00Z,2026-06-07T12:00:00Z,https://sigaa.ufba.br/sigaa/public/processo_seletivo/lista.jsf?aba=p-processo&nivel=S,Encerrado,2026-05-11T12:00:00Z,UFBA SIGAA
2026-09-17T08:08:34.685314Z,DOUTORADO PROFISSIONAL EM MÚSICA. SELEÇÃO ALUNOS REGULARES 2026.2 - DOUTORADO PROFISSIONAL EM MÚSICA,Inscrições abertas para o processo seletivo da UFBA de ingresso no curso: DOUTORADO PROFISSIONAL EM MÚSICA. Vagas ofertadas: 5. Período de inscrições de 04/05/2026 a 14/06/2026. Consulte o edital completo no portal oficial da instituição.,UFBA,Doutorado Profissional,Comunicação e Artes,5,2026-05-04T12:00:00Z,2026-06-14T12:00:00Z,https://sigaa.ufba.br/sigaa/public/processo_seletivo/lista.jsf?aba=p-processo&nivel=S,Encerrado,2026-05-04T12:00:00Z,UFBA SIGAA
2026-09-17T08:08:34.685314Z,EDITAL 05/2026 - POSPETRO PROCESSO SELETIVO PARA DOUTORADO EM GEOQUÍMICA: PETRÓL - DOUTORADO EM GEOQUÍMICA: PETRÓLEO E MEIO AMBIENTE,Inscrições abertas para o processo seletivo da UFBA de ingresso no curso: DOUTORADO EM GEOQUÍMICA: PETRÓLEO E MEIO AMBIENTE. Vagas ofertadas: 3. Período de inscrições de 27/04/2026 a 16/06/2026. Consulte o edital completo no portal oficial da instituição.,UFBA,Doutorado Acadêmico,Agrárias e Ambientais,3,2026-04-27T12:00:00Z,2026-06-16T12:00:00Z,https://sigaa.ufba.br/sigaa/public/processo_seletivo/lista.jsf?aba=p-processo&nivel=S,Encerrado,2026-04-27T12:00:00Z,UFBA SIGAA
2026-09-17T08:08:34.685314Z,Processo Seletivo 2026.2 Doutorado - Aluno Regular - DOUTORADO EM MECATRÔNICA,Inscrições abertas para o processo seletivo da UFBA de ingresso no curso: DOUTORADO EM MECATRÔNICA. Vagas ofertadas: 16. Período de inscrições de 16/04/2026 a 14/06/2026. Consulte o edital completo no portal oficial da instituição.,UFBA,Doutorado Acadêmico,Saúde e Biológicas,16,2026-04-16T12:00:00Z,2026-06-14T12:00:00Z,https://sigaa.ufba.br/sigaa/public/processo_seletivo/lista.jsf?aba=p-processo&nivel=S,Encerrado,2026-04-16T12:00:00Z,UFBA SIGAA
2026-09-18T07:43:34.171295Z,EDITAL 03/2026 - DOUTORADO PROFISSIONAL EM SAÚDE COLETIVA - DOUTORADO PROFISSIONAL EM SAÚDE COLETIVA,Inscrições abertas para o processo seletivo da UFBA de ingresso no curso: DOUTORADO PROFISSIONAL EM SAÚDE COLETIVA. Vagas ofertadas: 10. Período de inscrições de 30/06/2026 a 20/07/2026. Consulte o edital completo no portal oficial da instituição.,UFBA,Doutorado Profissional,Saúde e Biológicas,10,2026-06-30T12:00:00Z,2026-07-20T12:00:00Z,https://sigaa.ufba.br/sigaa/public/processo_seletivo/lista.jsf?aba=p-processo&nivel=S,Encerrado,2026-06-30T12:00:00Z,UFBA SIGAA
2026-09-18T07:43:34.171295Z,PROCESSO SELETIVO DO DOUTORADO ACADÊMICO TURMA 2027-1 - DOUTORADO EM ARQUITETURA E URBANISMO,Inscrições abertas para o processo seletivo da UFBA de ingresso no curso: DOUTORADO EM ARQUITETURA E URBANISMO. Vagas ofertadas: 25. Período de inscrições de 15/06/2026 a 31/07/2026. Consulte o edital completo no portal oficial da instituição.,UFBA,Doutorado Acadêmico,Engenharias e Exatas,25,2026-06-15T12:00:00Z,2026-07-31T12:00:00Z,https://sigaa.ufba.br/sigaa/public/processo_seletivo/lista.jsf?aba=p-processo&nivel=S,Encerrado,2026-06-15T12:00:00Z,UFBA SIGAA
2026-09-18T07:43:34.171295Z,PPGEEC - Edital de Seleção para Alunos Especiais de Doutorado 2026.2 - DOUTORADO EM ENGENHARIA ELÉTRICA,Inscrições abertas para o processo seletivo da UFBA de ingresso no curso: DOUTORADO EM ENGENHARIA ELÉTRICA. Vagas ofertadas: 40. Período de inscrições de 15/06/2026 a 26/06/2026. Consulte o edital completo no portal oficial da instituição.,UFBA,Doutorado Acadêmico,Engenharias e Exatas,40,2026-06-15T12:00:00Z,2026-06-26T12:00:00Z,https://sigaa.ufba.br/sigaa/public/processo_seletivo/lista.jsf?aba=p-processo&nivel=S,Encerrado,2026-06-15T12:00:00Z,UFBA SIGAA
2026-09-18T07:43:34.171295Z,Processo Seletivo em Ciência de Alimentos (2026.2) - NÍVEL DOUTORADO - DOUTORADO EM CIÊNCIA DE ALIMENTOS,Inscrições abertas para o processo seletivo da UFBA de ingresso no curso: DOUTORADO EM CIÊNCIA DE ALIMENTOS. Vagas ofertadas: 22. Período de inscrições de 10/06/2026 a 28/06/2026. Consulte o edital completo no portal oficial da instituição.,UFBA,Doutorado Acadêmico,Saúde e Biológicas,22,2026-06-10T12:00:00Z,2026-06-28T12:00:00Z,https://sigaa.ufba.br/sigaa/public/processo_seletivo/lista.jsf?aba=p-processo&nivel=S,Encerrado,2026-06-10T12:00:00Z,UFBA SIGAA
2026-09-18T07:43:34.171295Z,EDITAL N.º003/2026 DOUTORADO - DOUTORADO EM FARMÁCIA,Inscrições abertas para o processo seletivo da UFBA de ingresso no curso: DOUTORADO EM FARMÁCIA. Vagas ofertadas: 12. Período de inscrições de 04/06/2026 a 30/06/2026. Consulte o edital completo no portal oficial da instituição.,UFBA,Doutorado Acadêmico,Saúde e Biológicas,12,2026-06-04T12:00:00Z,2026-06-30T12:00:00Z,https://sigaa.ufba.br/sigaa/public/processo_seletivo/lista.jsf?aba=p-processo&nivel=S,Encerrado,2026-06-04T12:00:00Z,UFBA SIGAA
2026-09-18T07:43:34.171295Z,PPGEEC / UNIVASF - Seleção para Alunos de Mestrado 2026.2 (Turma MINTER) - DOUTORADO EM ENGENHARIA ELÉTRICA,Inscrições abertas para o processo seletivo da UFBA de ingresso no curso: DOUTORADO EM ENGENHARIA ELÉTRICA. Vagas ofertadas: 20. Período de inscrições de 03/06/2026 a 29/06/2026. Consulte o edital completo no portal oficial da instituição.,UFBA,Doutorado Acadêmico,Engenharias e Exatas,20,2026-06-03T12:00:00Z,2026-06-29T12:00:00Z,https://sigaa.ufba.br/sigaa/public/processo_seletivo/lista.jsf?aba=p-processo&nivel=S,Encerrado,2026-06-03T12:00:00Z,UFBA SIGAA
2026-09-18T07:43:34.171295Z,Edital 2026.2 de Seleção para Doutorado do PPGMCF - DOUTORADO EM MULTICÊNTRICO EM CIÊNCIAS FISIOLÓGICAS,Inscrições abertas para o processo seletivo da UFBA de ingresso no curso: DOUTORADO EM MULTICÊNTRICO EM CIÊNCIAS FISIOLÓGICAS. Vagas ofertadas: 1. Período de inscrições de 21/05/2026 a 08/06/2026. Consulte o edital completo no portal oficial da instituição.,UFBA,Doutorado Acadêmico,Saúde e Biológicas,1,2026-05-21T12:00:00Z,2026-06-08T12:00:00Z,https://sigaa.ufba.br/sigaa/public/processo_seletivo/lista.jsf?aba=p-processo&nivel=S,Encerrado,2026-05-21T12:00:00Z,UFBA SIGAA
2026-09-18T07:43:34.171295Z,PPGEEC - Edital de Seleção para Alunos Regulares de Doutorado 2026.2 - DOUTORADO EM ENGENHARIA ELÉTRICA,Inscrições abertas para o processo seletivo da UFBA de ingresso no curso: DOUTORADO EM ENGENHARIA ELÉTRICA. Vagas ofertadas: 23. Período de inscrições de 19/05/2026 a 15/06/2026. Consulte o edital completo no portal oficial da instituição.,UFBA,Doutorado Acadêmico,Engenharias e Exatas,23,2026-05-19T12:00:00Z,2026-06-15T12:00:00Z,https://sigaa.ufba.br/sigaa/public/processo_seletivo/lista.jsf?aba=p-processo&nivel=S,Encerrado,2026-05-19T12:00:00Z,UFBA SIGAA
2026-09-18T07:43:34.171295Z,SELEÇÃO PARA INGRESSO NO DOUTORADO EM QUÍMICA 2026.2 - DOUTORADO EM QUÍMICA,Inscrições abertas para o processo seletivo da UFBA de ingresso no curso: DOUTORADO EM QUÍMICA. Vagas ofertadas: 20. Período de inscrições de 18/05/2026 a 21/06/2026. Consulte o edital completo no portal oficial da instituição.,UFBA,Doutorado Acadêmico,Engenharias e Exatas,20,2026-05-18T12:00:00Z,2026-06-21T12:00:00Z,https://sigaa.ufba.br/sigaa/public/processo_seletivo/lista.jsf?aba=p-processo&nivel=S,Encerrado,2026-05-18T12:00:00Z,UFBA SIGAA
2026-09-18T07:43:34.171295Z,EDITAL PEI/UFBA 04-2026 - SELEÇÃO PARA O DOUTORADO 2026.2 - DOUTORADO EM ENGENHARIA INDUSTRIAL,Inscrições abertas para o processo seletivo da UFBA de ingresso no curso: DOUTORADO EM ENGENHARIA INDUSTRIAL. Vagas ofertadas: 15. Período de inscrições de 15/05/2026 a 10/06/2026. Consulte o edital completo no portal oficial da instituição.,UFBA,Doutorado Acadêmico,Engenharias e Exatas,15,2026-05-15T12:00:00Z,2026-06-10T12:00:00Z,https://sigaa.ufba.br/sigaa/public/processo_seletivo/lista.jsf?aba=p-processo&nivel=S,Encerrado,2026-05-15T12:00:00Z,UFBA SIGAA
2026-09-18T07:43:34.171295Z,"Seleção para o Doutorado em Matemática, ingresso em 2026.2 - DOUTORADO EM MATEMÁTICA",Inscrições abertas para o processo seletivo da UFBA de ingresso no curso: DOUTORADO EM MATEMÁTICA. Vagas ofertadas: 10. Período de inscrições de 11/05/2026 a 07/06/2026. Consulte o edital completo no portal oficial da instituição.,UFBA,Doutorado Acadêmico,Engenharias e Exatas,10,2026-05-11T12:00:00Z,2026-06-07T12:00:00Z,https://sigaa.ufba.br/sigaa/public/processo_seletivo/lista.jsf?aba=p-processo&nivel=S,Encerrado,2026-05-11T12:00:00Z,UFBA SIGAA
2026-09-18T07:43:34.171295Z,DOUTORADO PROFISSIONAL EM MÚSICA. SELEÇÃO ALUNOS REGULARES 2026.2 - DOUTORADO PROFISSIONAL EM MÚSICA,Inscrições abertas para o processo seletivo da UFBA de ingresso no curso: DOUTORADO PROFISSIONAL EM MÚSICA. Vagas ofertadas: 5. Período de inscrições de 04/05/2026 a 14/06/2026. Consulte o edital completo no portal oficial da instituição.,UFBA,Doutorado Profissional,Comunicação e Artes,5,2026-05-04T12:00:00Z,2026-06-14T12:00:00Z,https://sigaa.ufba.br/sigaa/public/processo_seletivo/lista.jsf?aba=p-processo&nivel=S,Encerrado,2026-05-04T12:00:00Z,UFBA SIGAA
2026-09-18T07:43:34.171295Z,EDITAL 05/2026 - POSPETRO PROCESSO SELETIVO PARA DOUTORADO EM GEOQUÍMICA: PETRÓL - DOUTORADO EM GEOQUÍMICA: PETRÓLEO E MEIO AMBIENTE,Inscrições abertas para o processo seletivo da UFBA de ingresso no curso: DOUTORADO EM GEOQUÍMICA: PETRÓLEO E MEIO AMBIENTE. Vagas ofertadas: 3. Período de inscrições de 27/04/2026 a 16/06/2026. Consulte o edital completo no portal oficial da instituição.,UFBA,Doutorado Acadêmico,Agrárias e Ambientais,3,2026-04-27T12:00:00Z,2026-06-16T12:00:00Z,https://sigaa.ufba.br/sigaa/public/processo_seletivo/lista.jsf?aba=p-processo&nivel=S,Encerrado,2026-04-27T12:00:00Z,UFBA SIGAA
2026-09-18T07:43:34.171295Z,Processo Seletivo 2026.2 Doutorado - Aluno Regular - DOUTORADO EM MECATRÔNICA,Inscrições abertas para o processo seletivo da UFBA de ingresso no curso: DOUTORADO EM MECATRÔNICA. Vagas ofertadas: 16. Período de inscrições de 16/04/2026 a 14/06/2026. Consulte o edital completo no portal oficial da instituição.,UFBA,Doutorado Acadêmico,Saúde e Biológicas,16,2026-04-16T12:00:00Z,2026-06-14T12:00:00Z,https://sigaa.ufba.br/sigaa/public/processo_seletivo/lista.jsf?aba=p-processo&nivel=S,Encerrado,2026-04-16T12:00:00Z,UFBA SIGAA
2026-09-19T07:39:04.918554Z,EDITAL 03/2026 - DOUTORADO PROFISSIONAL EM SAÚDE COLETIVA - DOUTORADO PROFISSIONAL EM SAÚDE COLETIVA,Inscrições abertas para o processo seletivo da UFBA de ingresso no curso: DOUTORADO PROFISSIONAL EM SAÚDE COLETIVA. Vagas ofertadas: 10. Período de inscrições de 30/06/2026 a 20/07/2026. Consulte o edital completo no portal oficial da instituição.,UFBA,Doutorado Profissional,Saúde e Biológicas,10,2026-06-30T12:00:00Z,2026-07-20T12:00:00Z,https://sigaa.ufba.br/sigaa/public/processo_seletivo/lista.jsf?aba=p-processo&nivel=S,Encerrado,2026-06-30T12:00:00Z,UFBA SIGAA
2026-09-19T07:39:04.918554Z,PROCESSO SELETIVO DO DOUTORADO ACADÊMICO TURMA 2027-1 - DOUTORADO EM ARQUITETURA E URBANISMO,Inscrições abertas para o processo seletivo da UFBA de ingresso no curso: DOUTORADO EM ARQUITETURA E URBANISMO. Vagas ofertadas: 25. Período de inscrições de 15/06/2026 a 31/07/2026. Consulte o edital completo no portal oficial da instituição.,UFBA,Doutorado Acadêmico,Engenharias e Exatas,25,2026-06-15T12:00:00Z,2026-07-31T12:00:00Z,https://sigaa.ufba.br/sigaa/public/processo_seletivo/lista.jsf?aba=p-processo&nivel=S,Encerrado,2026-06-15T12:00:00Z,UFBA SIGAA
2026-09-19T07:39:04.918554Z,PPGEEC - Edital de Seleção para Alunos Especiais de Doutorado 2026.2 - DOUTORADO EM ENGENHARIA ELÉTRICA,Inscrições abertas para o processo seletivo da UFBA de ingresso no curso: DOUTORADO EM ENGENHARIA ELÉTRICA. Vagas ofertadas: 40. Período de inscrições de 15/06/2026 a 26/06/2026. Consulte o edital completo no portal oficial da instituição.,UFBA,Doutorado Acadêmico,Engenharias e Exatas,40,2026-06-15T12:00:00Z,2026-06-26T12:00:00Z,https://sigaa.ufba.br/sigaa/public/processo_seletivo/lista.jsf?aba=p-processo&nivel=S,Encerrado,2026-06-15T12:00:00Z,UFBA SIGAA
2026-09-19T07:39:04.918554Z,Processo Seletivo em Ciência de Alimentos (2026.2) - NÍVEL DOUTORADO - DOUTORADO EM CIÊNCIA DE ALIMENTOS,Inscrições abertas para o processo seletivo da UFBA de ingresso no curso: DOUTORADO EM CIÊNCIA DE ALIMENTOS. Vagas ofertadas: 22. Período de inscrições de 10/06/2026 a 28/06/2026. Consulte o edital completo no portal oficial da instituição.,UFBA,Doutorado Acadêmico,Saúde e Biológicas,22,2026-06-10T12:00:00Z,2026-06-28T12:00:00Z,https://sigaa.ufba.br/sigaa/public/processo_seletivo/lista.jsf?aba=p-processo&nivel=S,Encerrado,2026-06-10T12:00:00Z,UFBA SIGAA
2026-09-19T07:39:04.918554Z,EDITAL N.º003/2026 DOUTORADO - DOUTORADO EM FARMÁCIA,Inscrições abertas para o processo seletivo da UFBA de ingresso no curso: DOUTORADO EM FARMÁCIA. Vagas ofertadas: 12. Período de inscrições de 04/06/2026 a 30/06/2026. Consulte o edital completo no portal oficial da instituição.,UFBA,Doutorado Acadêmico,Saúde e Biológicas,12,2026-06-04T12:00:00Z,2026-06-30T12:00:00Z,https://sigaa.ufba.br/sigaa/public/processo_seletivo/lista.jsf?aba=p-processo&nivel=S,Encerrado,2026-06-04T12:00:00Z,UFBA SIGAA
2026-09-19T07:39:04.918554Z,PPGEEC / UNIVASF - Seleção para Alunos de Mestrado 2026.2 (Turma MINTER) - DOUTORADO EM ENGENHARIA ELÉTRICA,Inscrições abertas para o processo seletivo da UFBA de ingresso no curso: DOUTORADO EM ENGENHARIA ELÉTRICA. Vagas ofertadas: 20. Período de inscrições de 03/06/2026 a 29/06/2026. Consulte o edital completo no portal oficial da instituição.,UFBA,Doutorado Acadêmico,Engenharias e Exatas,20,2026-06-03T12:00:00Z,2026-06-29T12:00:00Z,https://sigaa.ufba.br/sigaa/public/processo_seletivo/lista.jsf?aba=p-processo&nivel=S,Encerrado,2026-06-03T12:00:00Z,UFBA SIGAA
2026-09-19T07:39:04.918554Z,Edital 2026.2 de Seleção para Doutorado do PPGMCF - DOUTORADO EM MULTICÊNTRICO EM CIÊNCIAS FISIOLÓGICAS,Inscrições abertas para o processo seletivo da UFBA de ingresso no curso: DOUTORADO EM MULTICÊNTRICO EM CIÊNCIAS FISIOLÓGICAS. Vagas ofertadas: 1. Período de inscrições de 21/05/2026 a 08/06/2026. Consulte o edital completo no portal oficial da instituição.,UFBA,Doutorado Acadêmico,Saúde e Biológicas,1,2026-05-21T12:00:00Z,2026-06-08T12:00:00Z,https://sigaa.ufba.br/sigaa/public/processo_seletivo/lista.jsf?aba=p-processo&nivel=S,Encerrado,2026-05-21T12:00:00Z,UFBA SIGAA
2026-09-19T07:39:04.918554Z,PPGEEC - Edital de Seleção para Alunos Regulares de Doutorado 2026.2 - DOUTORADO EM ENGENHARIA ELÉTRICA,Inscrições abertas para o processo seletivo da UFBA de ingresso no curso: DOUTORADO EM ENGENHARIA ELÉTRICA. Vagas ofertadas: 23. Período de inscrições de 19/05/2026 a 15/06/2026. Consulte o edital completo no portal oficial da instituição.,UFBA,Doutorado Acadêmico,Engenharias e Exatas,23,2026-05-19T12:00:00Z,2026-06-15T12:00:00Z,https://sigaa.ufba.br/sigaa/public/processo_seletivo/lista.jsf?aba=p-processo&nivel=S,Encerrado,2026-05-19T12:00:00Z,UFBA SIGAA
2026-09-19T07:39:04.918554Z,SELEÇÃO PARA INGRESSO NO DOUTORADO EM QUÍMICA 2026.2 - DOUTORADO EM QUÍMICA,Inscrições abertas para o processo seletivo da UFBA de ingresso no curso: DOUTORADO EM QUÍMICA. Vagas ofertadas: 20. Período de inscrições de 18/05/2026 a 21/06/2026. Consulte o edital completo no portal oficial da instituição.,UFBA,Doutorado Acadêmico,Engenharias e Exatas,20,2026-05-18T12:00:00Z,2026-06-21T12:00:00Z,https://sigaa.ufba.br/sigaa/public/processo_seletivo/lista.jsf?aba=p-processo&nivel=S,Encerrado,2026-05-18T12:00:00Z,UFBA SIGAA
2026-09-19T07:39:04.918554Z,EDITAL PEI/UFBA 04-2026 - SELEÇÃO PARA O DOUTORADO 2026.2 - DOUTORADO EM ENGENHARIA INDUSTRIAL,Inscrições abertas para o processo seletivo da UFBA de ingresso no curso: DOUTORADO EM ENGENHARIA INDUSTRIAL. Vagas ofertadas: 15. Período de inscrições de 15/05/2026 a 10/06/2026. Consulte o edital completo no portal oficial da instituição.,UFBA,Doutorado Acadêmico,Engenharias e Exatas,15,2026-05-15T12:00:00Z,2026-06-10T12:00:00Z,https://sigaa.ufba.br/sigaa/public/processo_seletivo/lista.jsf?aba=p-processo&nivel=S,Encerrado,2026-05-15T12:00:00Z,UFBA SIGAA
2026-09-19T07:39:04.918554Z,"Seleção para o Doutorado em Matemática, ingresso em 2026.2 - DOUTORADO EM MATEMÁTICA",Inscrições abertas para o processo seletivo da UFBA de ingresso no curso: DOUTORADO EM MATEMÁTICA. Vagas ofertadas: 10. Período de inscrições de 11/05/2026 a 07/06/2026. Consulte o edital completo no portal oficial da instituição.,UFBA,Doutorado Acadêmico,Engenharias e Exatas,10,2026-05-11T12:00:00Z,2026-06-07T12:00:00Z,https://sigaa.ufba.br/sigaa/public/processo_seletivo/lista.jsf?aba=p-processo&nivel=S,Encerrado,2026-05-11T12:00:00Z,UFBA SIGAA
2026-09-19T07:39:04.918554Z,DOUTORADO PROFISSIONAL EM MÚSICA. SELEÇÃO ALUNOS REGULARES 2026.2 - DOUTORADO PROFISSIONAL EM MÚSICA,Inscrições abertas para o processo seletivo da UFBA de ingresso no curso: DOUTORADO PROFISSIONAL EM MÚSICA. Vagas ofertadas: 5. Período de inscrições de 04/05/2026 a 14/06/2026. Consulte o edital completo no portal oficial da instituição.,UFBA,Doutorado Profissional,Comunicação e Artes,5,2026-05-04T12:00:00Z,2026-06-14T12:00:00Z,https://sigaa.ufba.br/sigaa/public/processo_seletivo/lista.jsf?aba=p-processo&nivel=S,Encerrado,2026-05-04T12:00:00Z,UFBA SIGAA
2026-09-19T07:39:04.918554Z,EDITAL 05/2026 - POSPETRO PROCESSO SELETIVO PARA DOUTORADO EM GEOQUÍMICA: PETRÓL - DOUTORADO EM GEOQUÍMICA: PETRÓLEO E MEIO AMBIENTE,Inscrições abertas para o processo seletivo da UFBA de ingresso no curso: DOUTORADO EM GEOQUÍMICA: PETRÓLEO E MEIO AMBIENTE. Vagas ofertadas: 3. Período de inscrições de 27/04/2026 a 16/06/2026. Consulte o edital completo no portal oficial da instituição.,UFBA,Doutorado Acadêmico,Agrárias e Ambientais,3,2026-04-27T12:00:00Z,2026-06-16T12:00:00Z,https://sigaa.ufba.br/sigaa/public/processo_seletivo/lista.jsf?aba=p-processo&nivel=S,Encerrado,2026-04-27T12:00:00Z,UFBA SIGAA
2026-09-19T07:39:04.918554Z,Processo Seletivo 2026.2 Doutorado - Aluno Regular - DOUTORADO EM MECATRÔNICA,Inscrições abertas para o processo seletivo da UFBA de ingresso no curso: DOUTORADO EM MECATRÔNICA. Vagas ofertadas: 16. Período de inscrições de 16/04/2026 a 14/06/2026. Consulte o edital completo no portal oficial da instituição.,UFBA,Doutorado Acadêmico,Saúde e Biológicas,16,2026-04-16T12:00:00Z,2026-06-14T12:00:00Z,https://sigaa.ufba.br/sigaa/public/processo_seletivo/lista.jsf?aba=p-processo&nivel=S,Encerrado,2026-04-16T12:00:00Z,UFBA SIGAA
2026-09-20T08:02:26.113287Z,EDITAL 03/2026 - DOUTORADO PROFISSIONAL EM SAÚDE COLETIVA - DOUTORADO PROFISSIONAL EM SAÚDE COLETIVA,Inscrições abertas para o processo seletivo da UFBA de ingresso no curso: DOUTORADO PROFISSIONAL EM SAÚDE COLETIVA. Vagas ofertadas: 10. Período de inscrições de 30/06/2026 a 20/07/2026. Consulte o edital completo no portal oficial da instituição.,UFBA,Doutorado Profissional,Saúde e Biológicas,10,2026-06-30T12:00:00Z,2026-07-20T12:00:00Z,https://sigaa.ufba.br/sigaa/public/processo_seletivo/lista.jsf?aba=p-processo&nivel=S,Encerrado,2026-06-30T12:00:00Z,UFBA SIGAA
2026-09-20T08:02:26.113287Z,PROCESSO SELETIVO DO DOUTORADO ACADÊMICO TURMA 2027-1 - DOUTORADO EM ARQUITETURA E URBANISMO,Inscrições abertas para o processo seletivo da UFBA de ingresso no curso: DOUTORADO EM ARQUITETURA E URBANISMO. Vagas ofertadas: 25. Período de inscrições de 15/06/2026 a 31/07/2026. Consulte o edital completo no portal oficial da instituição.,UFBA,Doutorado Acadêmico,Engenharias e Exatas,25,2026-06-15T12:00:00Z,2026-07-31T12:00:00Z,https://sigaa.ufba.br/sigaa/public/processo_seletivo/lista.jsf?aba=p-processo&nivel=S,Encerrado,2026-06-15T12:00:00Z,UFBA SIGAA
2026-09-20T08:02:26.113287Z,PPGEEC - Edital de Seleção para Alunos Especiais de Doutorado 2026.2 - DOUTORADO EM ENGENHARIA ELÉTRICA,Inscrições abertas para o processo seletivo da UFBA de ingresso no curso: DOUTORADO EM ENGENHARIA ELÉTRICA. Vagas ofertadas: 40. Período de inscrições de 15/06/2026 a 26/06/2026. Consulte o edital completo no portal oficial da instituição.,UFBA,Doutorado Acadêmico,Engenharias e Exatas,40,2026-06-15T12:00:00Z,2026-06-26T12:00:00Z,https://sigaa.ufba.br/sigaa/public/processo_seletivo/lista.jsf?aba=p-processo&nivel=S,Encerrado,2026-06-15T12:00:00Z,UFBA SIGAA
2026-09-20T08:02:26.113287Z,Processo Seletivo em Ciência de Alimentos (2026.2) - NÍVEL DOUTORADO - DOUTORADO EM CIÊNCIA DE ALIMENTOS,Inscrições abertas para o processo seletivo da UFBA de ingresso no curso: DOUTORADO EM CIÊNCIA DE ALIMENTOS. Vagas ofertadas: 22. Período de inscrições de 10/06/2026 a 28/06/2026. Consulte o edital completo no portal oficial da instituição.,UFBA,Doutorado Acadêmico,Saúde e Biológicas,22,2026-06-10T12:00:00Z,2026-06-28T12:00:00Z,https://sigaa.ufba.br/sigaa/public/processo_seletivo/lista.jsf?aba=p-processo&nivel=S,Encerrado,2026-06-10T12:00:00Z,UFBA SIGAA
2026-09-20T08:02:26.113287Z,EDITAL N.º003/2026 DOUTORADO - DOUTORADO EM FARMÁCIA,Inscrições abertas para o processo seletivo da UFBA de ingresso no curso: DOUTORADO EM FARMÁCIA. Vagas ofertadas: 12. Período de inscrições de 04/06/2026 a 30/06/2026. Consulte o edital completo no portal oficial da instituição.,UFBA,Doutorado Acadêmico,Saúde e Biológicas,12,2026-06-04T12:00:00Z,2026-06-30T12:00:00Z,https://sigaa.ufba.br/sigaa/public/processo_seletivo/lista.jsf?aba=p-processo&nivel=S,Encerrado,2026-06-04T12:00:00Z,UFBA SIGAA
2026-09-20T08:02:26.113287Z,PPGEEC / UNIVASF - Seleção para Alunos de Mestrado 2026.2 (Turma MINTER) - DOUTORADO EM ENGENHARIA ELÉTRICA,Inscrições abertas para o processo seletivo da UFBA de ingresso no curso: DOUTORADO EM ENGENHARIA ELÉTRICA. Vagas ofertadas: 20. Período de inscrições de 03/06/2026 a 29/06/2026. Consulte o edital completo no portal oficial da instituição.,UFBA,Doutorado Acadêmico,Engenharias e Exatas,20,2026-06-03T12:00:00Z,2026-06-29T12:00:00Z,https://sigaa.ufba.br/sigaa/public/processo_seletivo/lista.jsf?aba=p-processo&nivel=S,Encerrado,2026-06-03T12:00:00Z,UFBA SIGAA
2026-09-20T08:02:26.113287Z,Edital 2026.2 de Seleção para Doutorado do PPGMCF - DOUTORADO EM MULTICÊNTRICO EM CIÊNCIAS FISIOLÓGICAS,Inscrições abertas para o processo seletivo da UFBA de ingresso no curso: DOUTORADO EM MULTICÊNTRICO EM CIÊNCIAS FISIOLÓGICAS. Vagas ofertadas: 1. Período de inscrições de 21/05/2026 a 08/06/2026. Consulte o edital completo no portal oficial da instituição.,UFBA,Doutorado Acadêmico,Saúde e Biológicas,1,2026-05-21T12:00:00Z,2026-06-08T12:00:00Z,https://sigaa.ufba.br/sigaa/public/processo_seletivo/lista.jsf?aba=p-processo&nivel=S,Encerrado,2026-05-21T12:00:00Z,UFBA SIGAA
2026-09-20T08:02:26.113287Z,PPGEEC - Edital de Seleção para Alunos Regulares de Doutorado 2026.2 - DOUTORADO EM ENGENHARIA ELÉTRICA,Inscrições abertas para o processo seletivo da UFBA de ingresso no curso: DOUTORADO EM ENGENHARIA ELÉTRICA. Vagas ofertadas: 23. Período de inscrições de 19/05/2026 a 15/06/2026. Consulte o edital completo no portal oficial da instituição.,UFBA,Doutorado Acadêmico,Engenharias e Exatas,23,2026-05-19T12:00:00Z,2026-06-15T12:00:00Z,https://sigaa.ufba.br/sigaa/public/processo_seletivo/lista.jsf?aba=p-processo&nivel=S,Encerrado,2026-05-19T12:00:00Z,UFBA SIGAA
2026-09-20T08:02:26.113287Z,SELEÇÃO PARA INGRESSO NO DOUTORADO EM QUÍMICA 2026.2 - DOUTORADO EM QUÍMICA,Inscrições abertas para o processo seletivo da UFBA de ingresso no curso: DOUTORADO EM QUÍMICA. Vagas ofertadas: 20. Período de inscrições de 18/05/2026 a 21/06/2026. Consulte o edital completo no portal oficial da instituição.,UFBA,Doutorado Acadêmico,Engenharias e Exatas,20,2026-05-18T12:00:00Z,2026-06-21T12:00:00Z,https://sigaa.ufba.br/sigaa/public/processo_seletivo/lista.jsf?aba=p-processo&nivel=S,Encerrado,2026-05-18T12:00:00Z,UFBA SIGAA
2026-09-20T08:02:26.113287Z,EDITAL PEI/UFBA 04-2026 - SELEÇÃO PARA O DOUTORADO 2026.2 - DOUTORADO EM ENGENHARIA INDUSTRIAL,Inscrições abertas para o processo seletivo da UFBA de ingresso no curso: DOUTORADO EM ENGENHARIA INDUSTRIAL. Vagas ofertadas: 15. Período de inscrições de 15/05/2026 a 10/06/2026. Consulte o edital completo no portal oficial da instituição.,UFBA,Doutorado Acadêmico,Engenharias e Exatas,15,2026-05-15T12:00:00Z,2026-06-10T12:00:00Z,https://sigaa.ufba.br/sigaa/public/processo_seletivo/lista.jsf?aba=p-processo&nivel=S,Encerrado,2026-05-15T12:00:00Z,UFBA SIGAA
2026-09-20T08:02:26.113287Z,"Seleção para o Doutorado em Matemática, ingresso em 2026.2 - DOUTORADO EM MATEMÁTICA",Inscrições abertas para o processo seletivo da UFBA de ingresso no curso: DOUTORADO EM MATEMÁTICA. Vagas ofertadas: 10. Período de inscrições de 11/05/2026 a 07/06/2026. Consulte o edital completo no portal oficial da instituição.,UFBA,Doutorado Acadêmico,Engenharias e Exatas,10,2026-05-11T12:00:00Z,2026-06-07T12:00:00Z,https://sigaa.ufba.br/sigaa/public/processo_seletivo/lista.jsf?aba=p-processo&nivel=S,Encerrado,2026-05-11T12:00:00Z,UFBA SIGAA
2026-09-20T08:02:26.113287Z,DOUTORADO PROFISSIONAL EM MÚSICA. SELEÇÃO ALUNOS REGULARES 2026.2 - DOUTORADO PROFISSIONAL EM MÚSICA,Inscrições abertas para o processo seletivo da UFBA de ingresso no curso: DOUTORADO PROFISSIONAL EM MÚSICA. Vagas ofertadas: 5. Período de inscrições de 04/05/2026 a 14/06/2026. Consulte o edital completo no portal oficial da instituição.,UFBA,Doutorado Profissional,Comunicação e Artes,5,2026-05-04T12:00:00Z,2026-06-14T12:00:00Z,https://sigaa.ufba.br/sigaa/public/processo_seletivo/lista.jsf?aba=p-processo&nivel=S,Encerrado,2026-05-04T12:00:00Z,UFBA SIGAA
2026-09-20T08:02:26.113287Z,EDITAL 05/2026 - POSPETRO PROCESSO SELETIVO PARA DOUTORADO EM GEOQUÍMICA: PETRÓL - DOUTORADO EM GEOQUÍMICA: PETRÓLEO E MEIO AMBIENTE,Inscrições abertas para o processo seletivo da UFBA de ingresso no curso: DOUTORADO EM GEOQUÍMICA: PETRÓLEO E MEIO AMBIENTE. Vagas ofertadas: 3. Período de inscrições de 27/04/2026 a 16/06/2026. Consulte o edital completo no portal oficial da instituição.,UFBA,Doutorado Acadêmico,Agrárias e Ambientais,3,2026-04-27T12:00:00Z,2026-06-16T12:00:00Z,https://sigaa.ufba.br/sigaa/public/processo_seletivo/lista.jsf?aba=p-processo&nivel=S,Encerrado,2026-04-27T12:00:00Z,UFBA SIGAA
2026-09-20T08:02:26.113287Z,Processo Seletivo 2026.2 Doutorado - Aluno Regular - DOUTORADO EM MECATRÔNICA,Inscrições abertas para o processo seletivo da UFBA de ingresso no curso: DOUTORADO EM MECATRÔNICA. Vagas ofertadas: 16. Período de inscrições de 16/04/2026 a 14/06/2026. Consulte o edital completo no portal oficial da instituição.,UFBA,Doutorado Acadêmico,Saúde e Biológicas,16,2026-04-16T12:00:00Z,2026-06-14T12:00:00Z,https://sigaa.ufba.br/sigaa/public/processo_seletivo/lista.jsf?aba=p-processo&nivel=S,Encerrado,2026-04-16T12:00:00Z,UFBA SIGAA
2026-09-21T08:20:39.728177Z,EDITAL 03/2026 - DOUTORADO PROFISSIONAL EM SAÚDE COLETIVA - DOUTORADO PROFISSIONAL EM SAÚDE COLETIVA,Inscrições abertas para o processo seletivo da UFBA de ingresso no curso: DOUTORADO PROFISSIONAL EM SAÚDE COLETIVA. Vagas ofertadas: 10. Período de inscrições de 30/06/2026 a 20/07/2026. Consulte o edital completo no portal oficial da instituição.,UFBA,Doutorado Profissional,Saúde e Biológicas,10,2026-06-30T12:00:00Z,2026-07-20T12:00:00Z,https://sigaa.ufba.br/sigaa/public/processo_seletivo/lista.jsf?aba=p-processo&nivel=S,Encerrado,2026-06-30T12:00:00Z,UFBA SIGAA
2026-09-21T08:20:39.728177Z,PROCESSO SELETIVO DO DOUTORADO ACADÊMICO TURMA 2027-1 - DOUTORADO EM ARQUITETURA E URBANISMO,Inscrições abertas para o processo seletivo da UFBA de ingresso no curso: DOUTORADO EM ARQUITETURA E URBANISMO. Vagas ofertadas: 25. Período de inscrições de 15/06/2026 a 31/07/2026. Consulte o edital completo no portal oficial da instituição.,UFBA,Doutorado Acadêmico,Engenharias e Exatas,25,2026-06-15T12:00:00Z,2026-07-31T12:00:00Z,https://sigaa.ufba.br/sigaa/public/processo_seletivo/lista.jsf?aba=p-processo&nivel=S,Encerrado,2026-06-15T12:00:00Z,UFBA SIGAA
2026-09-21T08:20:39.728177Z,PPGEEC - Edital de Seleção para Alunos Especiais de Doutorado 2026.2 - DOUTORADO EM ENGENHARIA ELÉTRICA,Inscrições abertas para o processo seletivo da UFBA de ingresso no curso: DOUTORADO EM ENGENHARIA ELÉTRICA. Vagas ofertadas: 40. Período de inscrições de 15/06/2026 a 26/06/2026. Consulte o edital completo no portal oficial da instituição.,UFBA,Doutorado Acadêmico,Engenharias e Exatas,40,2026-06-15T12:00:00Z,2026-06-26T12:00:00Z,https://sigaa.ufba.br/sigaa/public/processo_seletivo/lista.jsf?aba=p-processo&nivel=S,Encerrado,2026-06-15T12:00:00Z,UFBA SIGAA
2026-09-21T08:20:39.728177Z,Processo Seletivo em Ciência de Alimentos (2026.2) - NÍVEL DOUTORADO - DOUTORADO EM CIÊNCIA DE ALIMENTOS,Inscrições abertas para o processo seletivo da UFBA de ingresso no curso: DOUTORADO EM CIÊNCIA DE ALIMENTOS. Vagas ofertadas: 22. Período de inscrições de 10/06/2026 a 28/06/2026. Consulte o edital completo no portal oficial da instituição.,UFBA,Doutorado Acadêmico,Saúde e Biológicas,22,2026-06-10T12:00:00Z,2026-06-28T12:00:00Z,https://sigaa.ufba.br/sigaa/public/processo_seletivo/lista.jsf?aba=p-processo&nivel=S,Encerrado,2026-06-10T12:00:00Z,UFBA SIGAA
2026-09-21T08:20:39.728177Z,EDITAL N.º003/2026 DOUTORADO - DOUTORADO EM FARMÁCIA,Inscrições abertas para o processo seletivo da UFBA de ingresso no curso: DOUTORADO EM FARMÁCIA. Vagas ofertadas: 12. Período de inscrições de 04/06/2026 a 30/06/2026. Consulte o edital completo no portal oficial da instituição.,UFBA,Doutorado Acadêmico,Saúde e Biológicas,12,2026-06-04T12:00:00Z,2026-06-30T12:00:00Z,https://sigaa.ufba.br/sigaa/public/processo_seletivo/lista.jsf?aba=p-processo&nivel=S,Encerrado,2026-06-04T12:00:00Z,UFBA SIGAA
2026-09-21T08:20:39.728177Z,PPGEEC / UNIVASF - Seleção para Alunos de Mestrado 2026.2 (Turma MINTER) - DOUTORADO EM ENGENHARIA ELÉTRICA,Inscrições abertas para o processo seletivo da UFBA de ingresso no curso: DOUTORADO EM ENGENHARIA ELÉTRICA. Vagas ofertadas: 20. Período de inscrições de 03/06/2026 a 29/06/2026. Consulte o edital completo no portal oficial da instituição.,UFBA,Doutorado Acadêmico,Engenharias e Exatas,20,2026-06-03T12:00:00Z,2026-06-29T12:00:00Z,https://sigaa.ufba.br/sigaa/public/processo_seletivo/lista.jsf?aba=p-processo&nivel=S,Encerrado,2026-06-03T12:00:00Z,UFBA SIGAA
2026-09-21T08:20:39.728177Z,Edital 2026.2 de Seleção para Doutorado do PPGMCF - DOUTORADO EM MULTICÊNTRICO EM CIÊNCIAS FISIOLÓGICAS,Inscrições abertas para o processo seletivo da UFBA de ingresso no curso: DOUTORADO EM MULTICÊNTRICO EM CIÊNCIAS FISIOLÓGICAS. Vagas ofertadas: 1. Período de inscrições de 21/05/2026 a 08/06/2026. Consulte o edital completo no portal oficial da instituição.,UFBA,Doutorado Acadêmico,Saúde e Biológicas,1,2026-05-21T12:00:00Z,2026-06-08T12:00:00Z,https://sigaa.ufba.br/sigaa/public/processo_seletivo/lista.jsf?aba=p-processo&nivel=S,Encerrado,2026-05-21T12:00:00Z,UFBA SIGAA
2026-09-21T08:20:39.728177Z,PPGEEC - Edital de Seleção para Alunos Regulares de Doutorado 2026.2 - DOUTORADO EM ENGENHARIA ELÉTRICA,Inscrições abertas para o processo seletivo da UFBA de ingresso no curso: DOUTORADO EM ENGENHARIA ELÉTRICA. Vagas ofertadas: 23. Período de inscrições de 19/05/2026 a 15/06/2026. Consulte o edital completo no portal oficial da instituição.,UFBA,Doutorado Acadêmico,Engenharias e Exatas,23,2026-05-19T12:00:00Z,2026-06-15T12:00:00Z,https://sigaa.ufba.br/sigaa/public/processo_seletivo/lista.jsf?aba=p-processo&nivel=S,Encerrado,2026-05-19T12:00:00Z,UFBA SIGAA
2026-09-21T08:20:39.728177Z,SELEÇÃO PARA INGRESSO NO DOUTORADO EM QUÍMICA 2026.2 - DOUTORADO EM QUÍMICA,Inscrições abertas para o processo seletivo da UFBA de ingresso no curso: DOUTORADO EM QUÍMICA. Vagas ofertadas: 20. Período de inscrições de 18/05/2026 a 21/06/2026. Consulte o edital completo no portal oficial da instituição.,UFBA,Doutorado Acadêmico,Engenharias e Exatas,20,2026-05-18T12:00:00Z,2026-06-21T12:00:00Z,https://sigaa.ufba.br/sigaa/public/processo_seletivo/lista.jsf?aba=p-processo&nivel=S,Encerrado,2026-05-18T12:00:00Z,UFBA SIGAA
2026-09-21T08:20:39.728177Z,EDITAL PEI/UFBA 04-2026 - SELEÇÃO PARA O DOUTORADO 2026.2 - DOUTORADO EM ENGENHARIA INDUSTRIAL,Inscrições abertas para o processo seletivo da UFBA de ingresso no curso: DOUTORADO EM ENGENHARIA INDUSTRIAL. Vagas ofertadas: 15. Período de inscrições de 15/05/2026 a 10/06/2026. Consulte o edital completo no portal oficial da instituição.,UFBA,Doutorado Acadêmico,Engenharias e Exatas,15,2026-05-15T12:00:00Z,2026-06-10T12:00:00Z,https://sigaa.ufba.br/sigaa/public/processo_seletivo/lista.jsf?aba=p-processo&nivel=S,Encerrado,2026-05-15T12:00:00Z,UFBA SIGAA
2026-09-21T08:20:39.728177Z,"Seleção para o Doutorado em Matemática, ingresso em 2026.2 - DOUTORADO EM MATEMÁTICA",Inscrições abertas para o processo seletivo da UFBA de ingresso no curso: DOUTORADO EM MATEMÁTICA. Vagas ofertadas: 10. Período de inscrições de 11/05/2026 a 07/06/2026. Consulte o edital completo no portal oficial da instituição.,UFBA,Doutorado Acadêmico,Engenharias e Exatas,10,2026-05-11T12:00:00Z,2026-06-07T12:00:00Z,https://sigaa.ufba.br/sigaa/public/processo_seletivo/lista.jsf?aba=p-processo&nivel=S,Encerrado,2026-05-11T12:00:00Z,UFBA SIGAA
2026-09-21T08:20:39.728177Z,DOUTORADO PROFISSIONAL EM MÚSICA. SELEÇÃO ALUNOS REGULARES 2026.2 - DOUTORADO PROFISSIONAL EM MÚSICA,Inscrições abertas para o processo seletivo da UFBA de ingresso no curso: DOUTORADO PROFISSIONAL EM MÚSICA. Vagas ofertadas: 5. Período de inscrições de 04/05/2026 a 14/06/2026. Consulte o edital completo no portal oficial da instituição.,UFBA,Doutorado Profissional,Comunicação e Artes,5,2026-05-04T12:00:00Z,2026-06-14T12:00:00Z,https://sigaa.ufba.br/sigaa/public/processo_seletivo/lista.jsf?aba=p-processo&nivel=S,Encerrado,2026-05-04T12:00:00Z,UFBA SIGAA
2026-09-21T08:20:39.728177Z,EDITAL 05/2026 - POSPETRO PROCESSO SELETIVO PARA DOUTORADO EM GEOQUÍMICA: PETRÓL - DOUTORADO EM GEOQUÍMICA: PETRÓLEO E MEIO AMBIENTE,Inscrições abertas para o processo seletivo da UFBA de ingresso no curso: DOUTORADO EM GEOQUÍMICA: PETRÓLEO E MEIO AMBIENTE. Vagas ofertadas: 3. Período de inscrições de 27/04/2026 a 16/06/2026. Consulte o edital completo no portal oficial da instituição.,UFBA,Doutorado Acadêmico,Agrárias e Ambientais,3,2026-04-27T12:00:00Z,2026-06-16T12:00:00Z,https://sigaa.ufba.br/sigaa/public/processo_seletivo/lista.jsf?aba=p-processo&nivel=S,Encerrado,2026-04-27T12:00:00Z,UFBA SIGAA
2026-09-21T08:20:39.728177Z,Processo Seletivo 2026.2 Doutorado - Aluno Regular - DOUTORADO EM MECATRÔNICA,Inscrições abertas para o processo seletivo da UFBA de ingresso no curso: DOUTORADO EM MECATRÔNICA. Vagas ofertadas: 16. Período de inscrições de 16/04/2026 a 14/06/2026. Consulte o edital completo no portal oficial da instituição.,UFBA,Doutorado Acadêmico,Saúde e Biológicas,16,2026-04-16T12:00:00Z,2026-06-14T12:00:00Z,https://sigaa.ufba.br/sigaa/public/processo_seletivo/lista.jsf?aba=p-processo&nivel=S,Encerrado,2026-04-16T12:00:00Z,UFBA SIGAA
2026-09-22T08:02:58.745883Z,EDITAL 03/2026 - DOUTORADO PROFISSIONAL EM SAÚDE COLETIVA - DOUTORADO PROFISSIONAL EM SAÚDE COLETIVA,Inscrições abertas para o processo seletivo da UFBA de ingresso no curso: DOUTORADO PROFISSIONAL EM SAÚDE COLETIVA. Vagas ofertadas: 10. Período de inscrições de 30/06/2026 a 20/07/2026. Consulte o edital completo no portal oficial da instituição.,UFBA,Doutorado Profissional,Saúde e Biológicas,10,2026-06-30T12:00:00Z,2026-07-20T12:00:00Z,https://sigaa.ufba.br/sigaa/public/processo_seletivo/lista.jsf?aba=p-processo&nivel=S,Encerrado,2026-06-30T12:00:00Z,UFBA SIGAA
2026-09-22T08:02:58.745883Z,PROCESSO SELETIVO DO DOUTORADO ACADÊMICO TURMA 2027-1 - DOUTORADO EM ARQUITETURA E URBANISMO,Inscrições abertas para o processo seletivo da UFBA de ingresso no curso: DOUTORADO EM ARQUITETURA E URBANISMO. Vagas ofertadas: 25. Período de inscrições de 15/06/2026 a 31/07/2026. Consulte o edital completo no portal oficial da instituição.,UFBA,Doutorado Acadêmico,Engenharias e Exatas,25,2026-06-15T12:00:00Z,2026-07-31T12:00:00Z,https://sigaa.ufba.br/sigaa/public/processo_seletivo/lista.jsf?aba=p-processo&nivel=S,Encerrado,2026-06-15T12:00:00Z,UFBA SIGAA
2026-09-22T08:02:58.745883Z,PPGEEC - Edital de Seleção para Alunos Especiais de Doutorado 2026.2 - DOUTORADO EM ENGENHARIA ELÉTRICA,Inscrições abertas para o processo seletivo da UFBA de ingresso no curso: DOUTORADO EM ENGENHARIA ELÉTRICA. Vagas ofertadas: 40. Período de inscrições de 15/06/2026 a 26/06/2026. Consulte o edital completo no portal oficial da instituição.,UFBA,Doutorado Acadêmico,Engenharias e Exatas,40,2026-06-15T12:00:00Z,2026-06-26T12:00:00Z,https://sigaa.ufba.br/sigaa/public/processo_seletivo/lista.jsf?aba=p-processo&nivel=S,Encerrado,2026-06-15T12:00:00Z,UFBA SIGAA
2026-09-22T08:02:58.745883Z,Processo Seletivo em Ciência de Alimentos (2026.2) - NÍVEL DOUTORADO - DOUTORADO EM CIÊNCIA DE ALIMENTOS,Inscrições abertas para o processo seletivo da UFBA de ingresso no curso: DOUTORADO EM CIÊNCIA DE ALIMENTOS. Vagas ofertadas: 22. Período de inscrições de 10/06/2026 a 28/06/2026. Consulte o edital completo no portal oficial da instituição.,UFBA,Doutorado Acadêmico,Saúde e Biológicas,22,2026-06-10T12:00:00Z,2026-06-28T12:00:00Z,https://sigaa.ufba.br/sigaa/public/processo_seletivo/lista.jsf?aba=p-processo&nivel=S,Encerrado,2026-06-10T12:00:00Z,UFBA SIGAA
2026-09-22T08:02:58.745883Z,EDITAL N.º003/2026 DOUTORADO - DOUTORADO EM FARMÁCIA,Inscrições abertas para o processo seletivo da UFBA de ingresso no curso: DOUTORADO EM FARMÁCIA. Vagas ofertadas: 12. Período de inscrições de 04/06/2026 a 30/06/2026. Consulte o edital completo no portal oficial da instituição.,UFBA,Doutorado Acadêmico,Saúde e Biológicas,12,2026-06-04T12:00:00Z,2026-06-30T12:00:00Z,https://sigaa.ufba.br/sigaa/public/processo_seletivo/lista.jsf?aba=p-processo&nivel=S,Encerrado,2026-06-04T12:00:00Z,UFBA SIGAA
2026-09-22T08:02:58.745883Z,PPGEEC / UNIVASF - Seleção para Alunos de Mestrado 2026.2 (Turma MINTER) - DOUTORADO EM ENGENHARIA ELÉTRICA,Inscrições abertas para o processo seletivo da UFBA de ingresso no curso: DOUTORADO EM ENGENHARIA ELÉTRICA. Vagas ofertadas: 20. Período de inscrições de 03/06/2026 a 29/06/2026. Consulte o edital completo no portal oficial da instituição.,UFBA,Doutorado Acadêmico,Engenharias e Exatas,20,2026-06-03T12:00:00Z,2026-06-29T12:00:00Z,https://sigaa.ufba.br/sigaa/public/processo_seletivo/lista.jsf?aba=p-processo&nivel=S,Encerrado,2026-06-03T12:00:00Z,UFBA SIGAA
2026-09-22T08:02:58.745883Z,Edital 2026.2 de Seleção para Doutorado do PPGMCF - DOUTORADO EM MULTICÊNTRICO EM CIÊNCIAS FISIOLÓGICAS,Inscrições abertas para o processo seletivo da UFBA de ingresso no curso: DOUTORADO EM MULTICÊNTRICO EM CIÊNCIAS FISIOLÓGICAS. Vagas ofertadas: 1. Período de inscrições de 21/05/2026 a 08/06/2026. Consulte o edital completo no portal oficial da instituição.,UFBA,Doutorado Acadêmico,Saúde e Biológicas,1,2026-05-21T12:00:00Z,2026-06-08T12:00:00Z,https://sigaa.ufba.br/sigaa/public/processo_seletivo/lista.jsf?aba=p-processo&nivel=S,Encerrado,2026-05-21T12:00:00Z,UFBA SIGAA
2026-09-22T08:02:58.745883Z,PPGEEC - Edital de Seleção para Alunos Regulares de Doutorado 2026.2 - DOUTORADO EM ENGENHARIA ELÉTRICA,Inscrições abertas para o processo seletivo da UFBA de ingresso no curso: DOUTORADO EM ENGENHARIA ELÉTRICA. Vagas ofertadas: 23. Período de inscrições de 19/05/2026 a 15/06/2026. Consulte o edital completo no portal oficial da instituição.,UFBA,Doutorado Acadêmico,Engenharias e Exatas,23,2026-05-19T12:00:00Z,2026-06-15T12:00:00Z,https://sigaa.ufba.br/sigaa/public/processo_seletivo/lista.jsf?aba=p-processo&nivel=S,Encerrado,2026-05-19T12:00:00Z,UFBA SIGAA
2026-09-22T08:02:58.745883Z,SELEÇÃO PARA INGRESSO NO DOUTORADO EM QUÍMICA 2026.2 - DOUTORADO EM QUÍMICA,Inscrições abertas para o processo seletivo da UFBA de ingresso no curso: DOUTORADO EM QUÍMICA. Vagas ofertadas: 20. Período de inscrições de 18/05/2026 a 21/06/2026. Consulte o edital completo no portal oficial da instituição.,UFBA,Doutorado Acadêmico,Engenharias e Exatas,20,2026-05-18T12:00:00Z,2026-06-21T12:00:00Z,https://sigaa.ufba.br/sigaa/public/processo_seletivo/lista.jsf?aba=p-processo&nivel=S,Encerrado,2026-05-18T12:00:00Z,UFBA SIGAA
2026-09-22T08:02:58.745883Z,EDITAL PEI/UFBA 04-2026 - SELEÇÃO PARA O DOUTORADO 2026.2 - DOUTORADO EM ENGENHARIA INDUSTRIAL,Inscrições abertas para o processo seletivo da UFBA de ingresso no curso: DOUTORADO EM ENGENHARIA INDUSTRIAL. Vagas ofertadas: 15. Período de inscrições de 15/05/2026 a 10/06/2026. Consulte o edital completo no portal oficial da instituição.,UFBA,Doutorado Acadêmico,Engenharias e Exatas,15,2026-05-15T12:00:00Z,2026-06-10T12:00:00Z,https://sigaa.ufba.br/sigaa/public/processo_seletivo/lista.jsf?aba=p-processo&nivel=S,Encerrado,2026-05-15T12:00:00Z,UFBA SIGAA
2026-09-22T08:02:58.745883Z,"Seleção para o Doutorado em Matemática, ingresso em 2026.2 - DOUTORADO EM MATEMÁTICA",Inscrições abertas para o processo seletivo da UFBA de ingresso no curso: DOUTORADO EM MATEMÁTICA. Vagas ofertadas: 10. Período de inscrições de 11/05/2026 a 07/06/2026. Consulte o edital completo no portal oficial da instituição.,UFBA,Doutorado Acadêmico,Engenharias e Exatas,10,2026-05-11T12:00:00Z,2026-06-07T12:00:00Z,https://sigaa.ufba.br/sigaa/public/processo_seletivo/lista.jsf?aba=p-processo&nivel=S,Encerrado,2026-05-11T12:00:00Z,UFBA SIGAA
2026-09-22T08:02:58.745883Z,DOUTORADO PROFISSIONAL EM MÚSICA. SELEÇÃO ALUNOS REGULARES 2026.2 - DOUTORADO PROFISSIONAL EM MÚSICA,Inscrições abertas para o processo seletivo da UFBA de ingresso no curso: DOUTORADO PROFISSIONAL EM MÚSICA. Vagas ofertadas: 5. Período de inscrições de 04/05/2026 a 14/06/2026. Consulte o edital completo no portal oficial da instituição.,UFBA,Doutorado Profissional,Comunicação e Artes,5,2026-05-04T12:00:00Z,2026-06-14T12:00:00Z,https://sigaa.ufba.br/sigaa/public/processo_seletivo/lista.jsf?aba=p-processo&nivel=S,Encerrado,2026-05-04T12:00:00Z,UFBA SIGAA
2026-09-22T08:02:58.745883Z,EDITAL 05/2026 - POSPETRO PROCESSO SELETIVO PARA DOUTORADO EM GEOQUÍMICA: PETRÓL - DOUTORADO EM GEOQUÍMICA: PETRÓLEO E MEIO AMBIENTE,Inscrições abertas para o processo seletivo da UFBA de ingresso no curso: DOUTORADO EM GEOQUÍMICA: PETRÓLEO E MEIO AMBIENTE. Vagas ofertadas: 3. Período de inscrições de 27/04/2026 a 16/06/2026. Consulte o edital completo no portal oficial da instituição.,UFBA,Doutorado Acadêmico,Agrárias e Ambientais,3,2026-04-27T12:00:00Z,2026-06-16T12:00:00Z,https://sigaa.ufba.br/sigaa/public/processo_seletivo/lista.jsf?aba=p-processo&nivel=S,Encerrado,2026-04-27T12:00:00Z,UFBA SIGAA
2026-09-22T08:02:58.745883Z,Processo Seletivo 2026.2 Doutorado - Aluno Regular - DOUTORADO EM MECATRÔNICA,Inscrições abertas para o processo seletivo da UFBA de ingresso no curso: DOUTORADO EM MECATRÔNICA. Vagas ofertadas: 16. Período de inscrições de 16/04/2026 a 14/06/2026. Consulte o edital completo no portal oficial da instituição.,UFBA,Doutorado Acadêmico,Saúde e Biológicas,16,2026-04-16T12:00:00Z,2026-06-14T12:00:00Z,https://sigaa.ufba.br/sigaa/public/processo_seletivo/lista.jsf?aba=p-processo&nivel=S,Encerrado,2026-04-16T12:00:00Z,UFBA SIGAA
2026-09-23T08:05:32.499190Z,EDITAL 03/2026 - DOUTORADO PROFISSIONAL EM SAÚDE COLETIVA - DOUTORADO PROFISSIONAL EM SAÚDE COLETIVA,Inscrições abertas para o processo seletivo da UFBA de ingresso no curso: DOUTORADO PROFISSIONAL EM SAÚDE COLETIVA. Vagas ofertadas: 10. Período de inscrições de 30/06/2026 a 20/07/2026. Consulte o edital completo no portal oficial da instituição.,UFBA,Doutorado Profissional,Saúde e Biológicas,10,2026-06-30T12:00:00Z,2026-07-20T12:00:00Z,https://sigaa.ufba.br/sigaa/public/processo_seletivo/lista.jsf?aba=p-processo&nivel=S,Encerrado,2026-06-30T12:00:00Z,UFBA SIGAA
2026-09-23T08:05:32.499190Z,PROCESSO SELETIVO DO DOUTORADO ACADÊMICO TURMA 2027-1 - DOUTORADO EM ARQUITETURA E URBANISMO,Inscrições abertas para o processo seletivo da UFBA de ingresso no curso: DOUTORADO EM ARQUITETURA E URBANISMO. Vagas ofertadas: 25. Período de inscrições de 15/06/2026 a 31/07/2026. Consulte o edital completo no portal oficial da instituição.,UFBA,Doutorado Acadêmico,Engenharias e Exatas,25,2026-06-15T12:00:00Z,2026-07-31T12:00:00Z,https://sigaa.ufba.br/sigaa/public/processo_seletivo/lista.jsf?aba=p-processo&nivel=S,Encerrado,2026-06-15T12:00:00Z,UFBA SIGAA
2026-09-23T08:05:32.499190Z,PPGEEC - Edital de Seleção para Alunos Especiais de Doutorado 2026.2 - DOUTORADO EM ENGENHARIA ELÉTRICA,Inscrições abertas para o processo seletivo da UFBA de ingresso no curso: DOUTORADO EM ENGENHARIA ELÉTRICA. Vagas ofertadas: 40. Período de inscrições de 15/06/2026 a 26/06/2026. Consulte o edital completo no portal oficial da instituição.,UFBA,Doutorado Acadêmico,Engenharias e Exatas,40,2026-06-15T12:00:00Z,2026-06-26T12:00:00Z,https://sigaa.ufba.br/sigaa/public/processo_seletivo/lista.jsf?aba=p-processo&nivel=S,Encerrado,2026-06-15T12:00:00Z,UFBA SIGAA
2026-09-23T08:05:32.499190Z,Processo Seletivo em Ciência de Alimentos (2026.2) - NÍVEL DOUTORADO - DOUTORADO EM CIÊNCIA DE ALIMENTOS,Inscrições abertas para o processo seletivo da UFBA de ingresso no curso: DOUTORADO EM CIÊNCIA DE ALIMENTOS. Vagas ofertadas: 22. Período de inscrições de 10/06/2026 a 28/06/2026. Consulte o edital completo no portal oficial da instituição.,UFBA,Doutorado Acadêmico,Saúde e Biológicas,22,2026-06-10T12:00:00Z,2026-06-28T12:00:00Z,https://sigaa.ufba.br/sigaa/public/processo_seletivo/lista.jsf?aba=p-processo&nivel=S,Encerrado,2026-06-10T12:00:00Z,UFBA SIGAA
2026-09-23T08:05:32.499190Z,EDITAL N.º003/2026 DOUTORADO - DOUTORADO EM FARMÁCIA,Inscrições abertas para o processo seletivo da UFBA de ingresso no curso: DOUTORADO EM FARMÁCIA. Vagas ofertadas: 12. Período de inscrições de 04/06/2026 a 30/06/2026. Consulte o edital completo no portal oficial da instituição.,UFBA,Doutorado Acadêmico,Saúde e Biológicas,12,2026-06-04T12:00:00Z,2026-06-30T12:00:00Z,https://sigaa.ufba.br/sigaa/public/processo_seletivo/lista.jsf?aba=p-processo&nivel=S,Encerrado,2026-06-04T12:00:00Z,UFBA SIGAA
2026-09-23T08:05:32.499190Z,PPGEEC / UNIVASF - Seleção para Alunos de Mestrado 2026.2 (Turma MINTER) - DOUTORADO EM ENGENHARIA ELÉTRICA,Inscrições abertas para o processo seletivo da UFBA de ingresso no curso: DOUTORADO EM ENGENHARIA ELÉTRICA. Vagas ofertadas: 20. Período de inscrições de 03/06/2026 a 29/06/2026. Consulte o edital completo no portal oficial da instituição.,UFBA,Doutorado Acadêmico,Engenharias e Exatas,20,2026-06-03T12:00:00Z,2026-06-29T12:00:00Z,https://sigaa.ufba.br/sigaa/public/processo_seletivo/lista.jsf?aba=p-processo&nivel=S,Encerrado,2026-06-03T12:00:00Z,UFBA SIGAA
2026-09-23T08:05:32.499190Z,Edital 2026.2 de Seleção para Doutorado do PPGMCF - DOUTORADO EM MULTICÊNTRICO EM CIÊNCIAS FISIOLÓGICAS,Inscrições abertas para o processo seletivo da UFBA de ingresso no curso: DOUTORADO EM MULTICÊNTRICO EM CIÊNCIAS FISIOLÓGICAS. Vagas ofertadas: 1. Período de inscrições de 21/05/2026 a 08/06/2026. Consulte o edital completo no portal oficial da instituição.,UFBA,Doutorado Acadêmico,Saúde e Biológicas,1,2026-05-21T12:00:00Z,2026-06-08T12:00:00Z,https://sigaa.ufba.br/sigaa/public/processo_seletivo/lista.jsf?aba=p-processo&nivel=S,Encerrado,2026-05-21T12:00:00Z,UFBA SIGAA
2026-09-23T08:05:32.499190Z,PPGEEC - Edital de Seleção para Alunos Regulares de Doutorado 2026.2 - DOUTORADO EM ENGENHARIA ELÉTRICA,Inscrições abertas para o processo seletivo da UFBA de ingresso no curso: DOUTORADO EM ENGENHARIA ELÉTRICA. Vagas ofertadas: 23. Período de inscrições de 19/05/2026 a 15/06/2026. Consulte o edital completo no portal oficial da instituição.,UFBA,Doutorado Acadêmico,Engenharias e Exatas,23,2026-05-19T12:00:00Z,2026-06-15T12:00:00Z,https://sigaa.ufba.br/sigaa/public/processo_seletivo/lista.jsf?aba=p-processo&nivel=S,Encerrado,2026-05-19T12:00:00Z,UFBA SIGAA
2026-09-23T08:05:32.499190Z,SELEÇÃO PARA INGRESSO NO DOUTORADO EM QUÍMICA 2026.2 - DOUTORADO EM QUÍMICA,Inscrições abertas para o processo seletivo da UFBA de ingresso no curso: DOUTORADO EM QUÍMICA. Vagas ofertadas: 20. Período de inscrições de 18/05/2026 a 21/06/2026. Consulte o edital completo no portal oficial da instituição.,UFBA,Doutorado Acadêmico,Engenharias e Exatas,20,2026-05-18T12:00:00Z,2026-06-21T12:00:00Z,https://sigaa.ufba.br/sigaa/public/processo_seletivo/lista.jsf?aba=p-processo&nivel=S,Encerrado,2026-05-18T12:00:00Z,UFBA SIGAA
2026-09-23T08:05:32.499190Z,EDITAL PEI/UFBA 04-2026 - SELEÇÃO PARA O DOUTORADO 2026.2 - DOUTORADO EM ENGENHARIA INDUSTRIAL,Inscrições abertas para o processo seletivo da UFBA de ingresso no curso: DOUTORADO EM ENGENHARIA INDUSTRIAL. Vagas ofertadas: 15. Período de inscrições de 15/05/2026 a 10/06/2026. Consulte o edital completo no portal oficial da instituição.,UFBA,Doutorado Acadêmico,Engenharias e Exatas,15,2026-05-15T12:00:00Z,2026-06-10T12:00:00Z,https://sigaa.ufba.br/sigaa/public/processo_seletivo/lista.jsf?aba=p-processo&nivel=S,Encerrado,2026-05-15T12:00:00Z,UFBA SIGAA
2026-09-23T08:05:32.499190Z,"Seleção para o Doutorado em Matemática, ingresso em 2026.2 - DOUTORADO EM MATEMÁTICA",Inscrições abertas para o processo seletivo da UFBA de ingresso no curso: DOUTORADO EM MATEMÁTICA. Vagas ofertadas: 10. Período de inscrições de 11/05/2026 a 07/06/2026. Consulte o edital completo no portal oficial da instituição.,UFBA,Doutorado Acadêmico,Engenharias e Exatas,10,2026-05-11T12:00:00Z,2026-06-07T12:00:00Z,https://sigaa.ufba.br/sigaa/public/processo_seletivo/lista.jsf?aba=p-processo&nivel=S,Encerrado,2026-05-11T12:00:00Z,UFBA SIGAA
2026-09-23T08:05:32.499190Z,DOUTORADO PROFISSIONAL EM MÚSICA. SELEÇÃO ALUNOS REGULARES 2026.2 - DOUTORADO PROFISSIONAL EM MÚSICA,Inscrições abertas para o processo seletivo da UFBA de ingresso no curso: DOUTORADO PROFISSIONAL EM MÚSICA. Vagas ofertadas: 5. Período de inscrições de 04/05/2026 a 14/06/2026. Consulte o edital completo no portal oficial da instituição.,UFBA,Doutorado Profissional,Comunicação e Artes,5,2026-05-04T12:00:00Z,2026-06-14T12:00:00Z,https://sigaa.ufba.br/sigaa/public/processo_seletivo/lista.jsf?aba=p-processo&nivel=S,Encerrado,2026-05-04T12:00:00Z,UFBA SIGAA
2026-09-23T08:05:32.499190Z,EDITAL 05/2026 - POSPETRO PROCESSO SELETIVO PARA DOUTORADO EM GEOQUÍMICA: PETRÓL - DOUTORADO EM GEOQUÍMICA: PETRÓLEO E MEIO AMBIENTE,Inscrições abertas para o processo seletivo da UFBA de ingresso no curso: DOUTORADO EM GEOQUÍMICA: PETRÓLEO E MEIO AMBIENTE. Vagas ofertadas: 3. Período de inscrições de 27/04/2026 a 16/06/2026. Consulte o edital completo no portal oficial da instituição.,UFBA,Doutorado Acadêmico,Agrárias e Ambientais,3,2026-04-27T12:00:00Z,2026-06-16T12:00:00Z,https://sigaa.ufba.br/sigaa/public/processo_seletivo/lista.jsf?aba=p-processo&nivel=S,Encerrado,2026-04-27T12:00:00Z,UFBA SIGAA
2026-09-23T08:05:32.499190Z,Processo Seletivo 2026.2 Doutorado - Aluno Regular - DOUTORADO EM MECATRÔNICA,Inscrições abertas para o processo seletivo da UFBA de ingresso no curso: DOUTORADO EM MECATRÔNICA. Vagas ofertadas: 16. Período de inscrições de 16/04/2026 a 14/06/2026. Consulte o edital completo no portal oficial da instituição.,UFBA,Doutorado Acadêmico,Saúde e Biológicas,16,2026-04-16T12:00:00Z,2026-06-14T12:00:00Z,https://sigaa.ufba.br/sigaa/public/processo_seletivo/lista.jsf?aba=p-processo&nivel=S,Encerrado,2026-04-16T12:00:00Z,UFBA SIGAA
2026-09-24T07:56:15.952630Z,EDITAL 03/2026 - DOUTORADO PROFISSIONAL EM SAÚDE COLETIVA - DOUTORADO PROFISSIONAL EM SAÚDE COLETIVA,Inscrições abertas para o processo seletivo da UFBA de ingresso no curso: DOUTORADO PROFISSIONAL EM SAÚDE COLETIVA. Vagas ofertadas: 10. Período de inscrições de 30/06/2026 a 20/07/2026. Consulte o edital completo no portal oficial da instituição.,UFBA,Doutorado Profissional,Saúde e Biológicas,10,2026-06-30T12:00:00Z,2026-07-20T12:00:00Z,https://sigaa.ufba.br/sigaa/public/processo_seletivo/lista.jsf?aba=p-processo&nivel=S,Encerrado,2026-06-30T12:00:00Z,UFBA SIGAA
2026-09-24T07:56:15.952630Z,PROCESSO SELETIVO DO DOUTORADO ACADÊMICO TURMA 2027-1 - DOUTORADO EM ARQUITETURA E URBANISMO,Inscrições abertas para o processo seletivo da UFBA de ingresso no curso: DOUTORADO EM ARQUITETURA E URBANISMO. Vagas ofertadas: 25. Período de inscrições de 15/06/2026 a 31/07/2026. Consulte o edital completo no portal oficial da instituição.,UFBA,Doutorado Acadêmico,Engenharias e Exatas,25,2026-06-15T12:00:00Z,2026-07-31T12:00:00Z,https://sigaa.ufba.br/sigaa/public/processo_seletivo/lista.jsf?aba=p-processo&nivel=S,Encerrado,2026-06-15T12:00:00Z,UFBA SIGAA
2026-09-24T07:56:15.952630Z,PPGEEC - Edital de Seleção para Alunos Especiais de Doutorado 2026.2 - DOUTORADO EM ENGENHARIA ELÉTRICA,Inscrições abertas para o processo seletivo da UFBA de ingresso no curso: DOUTORADO EM ENGENHARIA ELÉTRICA. Vagas ofertadas: 40. Período de inscrições de 15/06/2026 a 26/06/2026. Consulte o edital completo no portal oficial da instituição.,UFBA,Doutorado Acadêmico,Engenharias e Exatas,40,2026-06-15T12:00:00Z,2026-06-26T12:00:00Z,https://sigaa.ufba.br/sigaa/public/processo_seletivo/lista.jsf?aba=p-processo&nivel=S,Encerrado,2026-06-15T12:00:00Z,UFBA SIGAA
2026-09-24T07:56:15.952630Z,Processo Seletivo em Ciência de Alimentos (2026.2) - NÍVEL DOUTORADO - DOUTORADO EM CIÊNCIA DE ALIMENTOS,Inscrições abertas para o processo seletivo da UFBA de ingresso no curso: DOUTORADO EM CIÊNCIA DE ALIMENTOS. Vagas ofertadas: 22. Período de inscrições de 10/06/2026 a 28/06/2026. Consulte o edital completo no portal oficial da instituição.,UFBA,Doutorado Acadêmico,Saúde e Biológicas,22,2026-06-10T12:00:00Z,2026-06-28T12:00:00Z,https://sigaa.ufba.br/sigaa/public/processo_seletivo/lista.jsf?aba=p-processo&nivel=S,Encerrado,2026-06-10T12:00:00Z,UFBA SIGAA
2026-09-24T07:56:15.952630Z,EDITAL N.º003/2026 DOUTORADO - DOUTORADO EM FARMÁCIA,Inscrições abertas para o processo seletivo da UFBA de ingresso no curso: DOUTORADO EM FARMÁCIA. Vagas ofertadas: 12. Período de inscrições de 04/06/2026 a 30/06/2026. Consulte o edital completo no portal oficial da instituição.,UFBA,Doutorado Acadêmico,Saúde e Biológicas,12,2026-06-04T12:00:00Z,2026-06-30T12:00:00Z,https://sigaa.ufba.br/sigaa/public/processo_seletivo/lista.jsf?aba=p-processo&nivel=S,Encerrado,2026-06-04T12:00:00Z,UFBA SIGAA
2026-09-24T07:56:15.952630Z,PPGEEC / UNIVASF - Seleção para Alunos de Mestrado 2026.2 (Turma MINTER) - DOUTORADO EM ENGENHARIA ELÉTRICA,Inscrições abertas para o processo seletivo da UFBA de ingresso no curso: DOUTORADO EM ENGENHARIA ELÉTRICA. Vagas ofertadas: 20. Período de inscrições de 03/06/2026 a 29/06/2026. Consulte o edital completo no portal oficial da instituição.,UFBA,Doutorado Acadêmico,Engenharias e Exatas,20,2026-06-03T12:00:00Z,2026-06-29T12:00:00Z,https://sigaa.ufba.br/sigaa/public/processo_seletivo/lista.jsf?aba=p-processo&nivel=S,Encerrado,2026-06-03T12:00:00Z,UFBA SIGAA
2026-09-24T07:56:15.952630Z,Edital 2026.2 de Seleção para Doutorado do PPGMCF - DOUTORADO EM MULTICÊNTRICO EM CIÊNCIAS FISIOLÓGICAS,Inscrições abertas para o processo seletivo da UFBA de ingresso no curso: DOUTORADO EM MULTICÊNTRICO EM CIÊNCIAS FISIOLÓGICAS. Vagas ofertadas: 1. Período de inscrições de 21/05/2026 a 08/06/2026. Consulte o edital completo no portal oficial da instituição.,UFBA,Doutorado Acadêmico,Saúde e Biológicas,1,2026-05-21T12:00:00Z,2026-06-08T12:00:00Z,https://sigaa.ufba.br/sigaa/public/processo_seletivo/lista.jsf?aba=p-processo&nivel=S,Encerrado,2026-05-21T12:00:00Z,UFBA SIGAA
2026-09-24T07:56:15.952630Z,PPGEEC - Edital de Seleção para Alunos Regulares de Doutorado 2026.2 - DOUTORADO EM ENGENHARIA ELÉTRICA,Inscrições abertas para o processo seletivo da UFBA de ingresso no curso: DOUTORADO EM ENGENHARIA ELÉTRICA. Vagas ofertadas: 23. Período de inscrições de 19/05/2026 a 15/06/2026. Consulte o edital completo no portal oficial da instituição.,UFBA,Doutorado Acadêmico,Engenharias e Exatas,23,2026-05-19T12:00:00Z,2026-06-15T12:00:00Z,https://sigaa.ufba.br/sigaa/public/processo_seletivo/lista.jsf?aba=p-processo&nivel=S,Encerrado,2026-05-19T12:00:00Z,UFBA SIGAA
2026-09-24T07:56:15.952630Z,SELEÇÃO PARA INGRESSO NO DOUTORADO EM QUÍMICA 2026.2 - DOUTORADO EM QUÍMICA,Inscrições abertas para o processo seletivo da UFBA de ingresso no curso: DOUTORADO EM QUÍMICA. Vagas ofertadas: 20. Período de inscrições de 18/05/2026 a 21/06/2026. Consulte o edital completo no portal oficial da instituição.,UFBA,Doutorado Acadêmico,Engenharias e Exatas,20,2026-05-18T12:00:00Z,2026-06-21T12:00:00Z,https://sigaa.ufba.br/sigaa/public/processo_seletivo/lista.jsf?aba=p-processo&nivel=S,Encerrado,2026-05-18T12:00:00Z,UFBA SIGAA
2026-09-24T07:56:15.952630Z,EDITAL PEI/UFBA 04-2026 - SELEÇÃO PARA O DOUTORADO 2026.2 - DOUTORADO EM ENGENHARIA INDUSTRIAL,Inscrições abertas para o processo seletivo da UFBA de ingresso no curso: DOUTORADO EM ENGENHARIA INDUSTRIAL. Vagas ofertadas: 15. Período de inscrições de 15/05/2026 a 10/06/2026. Consulte o edital completo no portal oficial da instituição.,UFBA,Doutorado Acadêmico,Engenharias e Exatas,15,2026-05-15T12:00:00Z,2026-06-10T12:00:00Z,https://sigaa.ufba.br/sigaa/public/processo_seletivo/lista.jsf?aba=p-processo&nivel=S,Encerrado,2026-05-15T12:00:00Z,UFBA SIGAA
2026-09-24T07:56:15.952630Z,"Seleção para o Doutorado em Matemática, ingresso em 2026.2 - DOUTORADO EM MATEMÁTICA",Inscrições abertas para o processo seletivo da UFBA de ingresso no curso: DOUTORADO EM MATEMÁTICA. Vagas ofertadas: 10. Período de inscrições de 11/05/2026 a 07/06/2026. Consulte o edital completo no portal oficial da instituição.,UFBA,Doutorado Acadêmico,Engenharias e Exatas,10,2026-05-11T12:00:00Z,2026-06-07T12:00:00Z,https://sigaa.ufba.br/sigaa/public/processo_seletivo/lista.jsf?aba=p-processo&nivel=S,Encerrado,2026-05-11T12:00:00Z,UFBA SIGAA
2026-09-24T07:56:15.952630Z,DOUTORADO PROFISSIONAL EM MÚSICA. SELEÇÃO ALUNOS REGULARES 2026.2 - DOUTORADO PROFISSIONAL EM MÚSICA,Inscrições abertas para o processo seletivo da UFBA de ingresso no curso: DOUTORADO PROFISSIONAL EM MÚSICA. Vagas ofertadas: 5. Período de inscrições de 04/05/2026 a 14/06/2026. Consulte o edital completo no portal oficial da instituição.,UFBA,Doutorado Profissional,Comunicação e Artes,5,2026-05-04T12:00:00Z,2026-06-14T12:00:00Z,https://sigaa.ufba.br/sigaa/public/processo_seletivo/lista.jsf?aba=p-processo&nivel=S,Encerrado,2026-05-04T12:00:00Z,UFBA SIGAA
2026-09-24T07:56:15.952630Z,EDITAL 05/2026 - POSPETRO PROCESSO SELETIVO PARA DOUTORADO EM GEOQUÍMICA: PETRÓL - DOUTORADO EM GEOQUÍMICA: PETRÓLEO E MEIO AMBIENTE,Inscrições abertas para o processo seletivo da UFBA de ingresso no curso: DOUTORADO EM GEOQUÍMICA: PETRÓLEO E MEIO AMBIENTE. Vagas ofertadas: 3. Período de inscrições de 27/04/2026 a 16/06/2026. Consulte o edital completo no portal oficial da instituição.,UFBA,Doutorado Acadêmico,Agrárias e Ambientais,3,2026-04-27T12:00:00Z,2026-06-16T12:00:00Z,https://sigaa.ufba.br/sigaa/public/processo_seletivo/lista.jsf?aba=p-processo&nivel=S,Encerrado,2026-04-27T12:00:00Z,UFBA SIGAA
2026-09-24T07:56:15.952630Z,Processo Seletivo 2026.2 Doutorado - Aluno Regular - DOUTORADO EM MECATRÔNICA,Inscrições abertas para o processo seletivo da UFBA de ingresso no curso: DOUTORADO EM MECATRÔNICA. Vagas ofertadas: 16. Período de inscrições de 16/04/2026 a 14/06/2026. Consulte o edital completo no portal oficial da instituição.,UFBA,Doutorado Acadêmico,Saúde e Biológicas,16,2026-04-16T12:00:00Z,2026-06-14T12:00:00Z,https://sigaa.ufba.br/sigaa/public/processo_seletivo/lista.jsf?aba=p-processo&nivel=S,Encerrado,2026-04-16T12:00:00Z,UFBA SIGAA
2026-09-25T08:19:08.834810Z,EDITAL 03/2026 - DOUTORADO PROFISSIONAL EM SAÚDE COLETIVA - DOUTORADO PROFISSIONAL EM SAÚDE COLETIVA,Inscrições abertas para o processo seletivo da UFBA de ingresso no curso: DOUTORADO PROFISSIONAL EM SAÚDE COLETIVA. Vagas ofertadas: 10. Período de inscrições de 30/06/2026 a 20/07/2026. Consulte o edital completo no portal oficial da instituição.,UFBA,Doutorado Profissional,Saúde e Biológicas,10,2026-06-30T12:00:00Z,2026-07-20T12:00:00Z,https://sigaa.ufba.br/sigaa/public/processo_seletivo/lista.jsf?aba=p-processo&nivel=S,Encerrado,2026-06-30T12:00:00Z,UFBA SIGAA
2026-09-25T08:19:08.834810Z,PROCESSO SELETIVO DO DOUTORADO ACADÊMICO TURMA 2027-1 - DOUTORADO EM ARQUITETURA E URBANISMO,Inscrições abertas para o processo seletivo da UFBA de ingresso no curso: DOUTORADO EM ARQUITETURA E URBANISMO. Vagas ofertadas: 25. Período de inscrições de 15/06/2026 a 31/07/2026. Consulte o edital completo no portal oficial da instituição.,UFBA,Doutorado Acadêmico,Engenharias e Exatas,25,2026-06-15T12:00:00Z,2026-07-31T12:00:00Z,https://sigaa.ufba.br/sigaa/public/processo_seletivo/lista.jsf?aba=p-processo&nivel=S,Encerrado,2026-06-15T12:00:00Z,UFBA SIGAA
2026-09-25T08:19:08.834810Z,PPGEEC - Edital de Seleção para Alunos Especiais de Doutorado 2026.2 - DOUTORADO EM ENGENHARIA ELÉTRICA,Inscrições abertas para o processo seletivo da UFBA de ingresso no curso: DOUTORADO EM ENGENHARIA ELÉTRICA. Vagas ofertadas: 40. Período de inscrições de 15/06/2026 a 26/06/2026. Consulte o edital completo no portal oficial da instituição.,UFBA,Doutorado Acadêmico,Engenharias e Exatas,40,2026-06-15T12:00:00Z,2026-06-26T12:00:00Z,https://sigaa.ufba.br/sigaa/public/processo_seletivo/lista.jsf?aba=p-processo&nivel=S,Encerrado,2026-06-15T12:00:00Z,UFBA SIGAA
2026-09-25T08:19:08.834810Z,Processo Seletivo em Ciência de Alimentos (2026.2) - NÍVEL DOUTORADO - DOUTORADO EM CIÊNCIA DE ALIMENTOS,Inscrições abertas para o processo seletivo da UFBA de ingresso no curso: DOUTORADO EM CIÊNCIA DE ALIMENTOS. Vagas ofertadas: 22. Período de inscrições de 10/06/2026 a 28/06/2026. Consulte o edital completo no portal oficial da instituição.,UFBA,Doutorado Acadêmico,Saúde e Biológicas,22,2026-06-10T12:00:00Z,2026-06-28T12:00:00Z,https://sigaa.ufba.br/sigaa/public/processo_seletivo/lista.jsf?aba=p-processo&nivel=S,Encerrado,2026-06-10T12:00:00Z,UFBA SIGAA
2026-09-25T08:19:08.834810Z,EDITAL N.º003/2026 DOUTORADO - DOUTORADO EM FARMÁCIA,Inscrições abertas para o processo seletivo da UFBA de ingresso no curso: DOUTORADO EM FARMÁCIA. Vagas ofertadas: 12. Período de inscrições de 04/06/2026 a 30/06/2026. Consulte o edital completo no portal oficial da instituição.,UFBA,Doutorado Acadêmico,Saúde e Biológicas,12,2026-06-04T12:00:00Z,2026-06-30T12:00:00Z,https://sigaa.ufba.br/sigaa/public/processo_seletivo/lista.jsf?aba=p-processo&nivel=S,Encerrado,2026-06-04T12:00:00Z,UFBA SIGAA
2026-09-25T08:19:08.834810Z,PPGEEC / UNIVASF - Seleção para Alunos de Mestrado 2026.2 (Turma MINTER) - DOUTORADO EM ENGENHARIA ELÉTRICA,Inscrições abertas para o processo seletivo da UFBA de ingresso no curso: DOUTORADO EM ENGENHARIA ELÉTRICA. Vagas ofertadas: 20. Período de inscrições de 03/06/2026 a 29/06/2026. Consulte o edital completo no portal oficial da instituição.,UFBA,Doutorado Acadêmico,Engenharias e Exatas,20,2026-06-03T12:00:00Z,2026-06-29T12:00:00Z,https://sigaa.ufba.br/sigaa/public/processo_seletivo/lista.jsf?aba=p-processo&nivel=S,Encerrado,2026-06-03T12:00:00Z,UFBA SIGAA
2026-09-25T08:19:08.834810Z,Edital 2026.2 de Seleção para Doutorado do PPGMCF - DOUTORADO EM MULTICÊNTRICO EM CIÊNCIAS FISIOLÓGICAS,Inscrições abertas para o processo seletivo da UFBA de ingresso no curso: DOUTORADO EM MULTICÊNTRICO EM CIÊNCIAS FISIOLÓGICAS. Vagas ofertadas: 1. Período de inscrições de 21/05/2026 a 08/06/2026. Consulte o edital completo no portal oficial da instituição.,UFBA,Doutorado Acadêmico,Saúde e Biológicas,1,2026-05-21T12:00:00Z,2026-06-08T12:00:00Z,https://sigaa.ufba.br/sigaa/public/processo_seletivo/lista.jsf?aba=p-processo&nivel=S,Encerrado,2026-05-21T12:00:00Z,UFBA SIGAA
2026-09-25T08:19:08.834810Z,PPGEEC - Edital de Seleção para Alunos Regulares de Doutorado 2026.2 - DOUTORADO EM ENGENHARIA ELÉTRICA,Inscrições abertas para o processo seletivo da UFBA de ingresso no curso: DOUTORADO EM ENGENHARIA ELÉTRICA. Vagas ofertadas: 23. Período de inscrições de 19/05/2026 a 15/06/2026. Consulte o edital completo no portal oficial da instituição.,UFBA,Doutorado Acadêmico,Engenharias e Exatas,23,2026-05-19T12:00:00Z,2026-06-15T12:00:00Z,https://sigaa.ufba.br/sigaa/public/processo_seletivo/lista.jsf?aba=p-processo&nivel=S,Encerrado,2026-05-19T12:00:00Z,UFBA SIGAA
2026-09-25T08:19:08.834810Z,SELEÇÃO PARA INGRESSO NO DOUTORADO EM QUÍMICA 2026.2 - DOUTORADO EM QUÍMICA,Inscrições abertas para o processo seletivo da UFBA de ingresso no curso: DOUTORADO EM QUÍMICA. Vagas ofertadas: 20. Período de inscrições de 18/05/2026 a 21/06/2026. Consulte o edital completo no portal oficial da instituição.,UFBA,Doutorado Acadêmico,Engenharias e Exatas,20,2026-05-18T12:00:00Z,2026-06-21T12:00:00Z,https://sigaa.ufba.br/sigaa/public/processo_seletivo/lista.jsf?aba=p-processo&nivel=S,Encerrado,2026-05-18T12:00:00Z,UFBA SIGAA
2026-09-25T08:19:08.834810Z,EDITAL PEI/UFBA 04-2026 - SELEÇÃO PARA O DOUTORADO 2026.2 - DOUTORADO EM ENGENHARIA INDUSTRIAL,Inscrições abertas para o processo seletivo da UFBA de ingresso no curso: DOUTORADO EM ENGENHARIA INDUSTRIAL. Vagas ofertadas: 15. Período de inscrições de 15/05/2026 a 10/06/2026. Consulte o edital completo no portal oficial da instituição.,UFBA,Doutorado Acadêmico,Engenharias e Exatas,15,2026-05-15T12:00:00Z,2026-06-10T12:00:00Z,https://sigaa.ufba.br/sigaa/public/processo_seletivo/lista.jsf?aba=p-processo&nivel=S,Encerrado,2026-05-15T12:00:00Z,UFBA SIGAA
2026-09-25T08:19:08.834810Z,"Seleção para o Doutorado em Matemática, ingresso em 2026.2 - DOUTORADO EM MATEMÁTICA",Inscrições abertas para o processo seletivo da UFBA de ingresso no curso: DOUTORADO EM MATEMÁTICA. Vagas ofertadas: 10. Período de inscrições de 11/05/2026 a 07/06/2026. Consulte o edital completo no portal oficial da instituição.,UFBA,Doutorado Acadêmico,Engenharias e Exatas,10,2026-05-11T12:00:00Z,2026-06-07T12:00:00Z,https://sigaa.ufba.br/sigaa/public/processo_seletivo/lista.jsf?aba=p-processo&nivel=S,Encerrado,2026-05-11T12:00:00Z,UFBA SIGAA
2026-09-25T08:19:08.834810Z,DOUTORADO PROFISSIONAL EM MÚSICA. SELEÇÃO ALUNOS REGULARES 2026.2 - DOUTORADO PROFISSIONAL EM MÚSICA,Inscrições abertas para o processo seletivo da UFBA de ingresso no curso: DOUTORADO PROFISSIONAL EM MÚSICA. Vagas ofertadas: 5. Período de inscrições de 04/05/2026 a 14/06/2026. Consulte o edital completo no portal oficial da instituição.,UFBA,Doutorado Profissional,Comunicação e Artes,5,2026-05-04T12:00:00Z,2026-06-14T12:00:00Z,https://sigaa.ufba.br/sigaa/public/processo_seletivo/lista.jsf?aba=p-processo&nivel=S,Encerrado,2026-05-04T12:00:00Z,UFBA SIGAA
2026-09-25T08:19:08.834810Z,EDITAL 05/2026 - POSPETRO PROCESSO SELETIVO PARA DOUTORADO EM GEOQUÍMICA: PETRÓL - DOUTORADO EM GEOQUÍMICA: PETRÓLEO E MEIO AMBIENTE,Inscrições abertas para o processo seletivo da UFBA de ingresso no curso: DOUTORADO EM GEOQUÍMICA: PETRÓLEO E MEIO AMBIENTE. Vagas ofertadas: 3. Período de inscrições de 27/04/2026 a 16/06/2026. Consulte o edital completo no portal oficial da instituição.,UFBA,Doutorado Acadêmico,Agrárias e Ambientais,3,2026-04-27T12:00:00Z,2026-06-16T12:00:00Z,https://sigaa.ufba.br/sigaa/public/processo_seletivo/lista.jsf?aba=p-processo&nivel=S,Encerrado,2026-04-27T12:00:00Z,UFBA SIGAA
2026-09-25T08:19:08.834810Z,Processo Seletivo 2026.2 Doutorado - Aluno Regular - DOUTORADO EM MECATRÔNICA,Inscrições abertas para o processo seletivo da UFBA de ingresso no curso: DOUTORADO EM MECATRÔNICA. Vagas ofertadas: 16. Período de inscrições de 16/04/2026 a 14/06/2026. Consulte o edital completo no portal oficial da instituição.,UFBA,Doutorado Acadêmico,Saúde e Biológicas,16,2026-04-16T12:00:00Z,2026-06-14T12:00:00Z,https://sigaa.ufba.br/sigaa/public/processo_seletivo/lista.jsf?aba=p-processo&nivel=S,Encerrado,2026-04-16T12:00:00Z,UFBA SIGAA
